908 HP-BIO-EBSS/cac_ui
389 HP-BIO-KPMC/KPIF-ON/KPMCGSU/Velocity/cac_bff_ms
221 HP-BIO-EBSS/ManagePayments_Final_Regression_QA/cac_ui
219 CS-IT/RADA/RADAADFPipeline
206 HP-BIO-EBSS/CCPE/Velocity/ebss-plancoverage-bff
202 HP-BIO-EBSS/ebss/development/ebsspclientui
145 HP-BIO-EBSS/ebss/development/transactionhistoryui
129 HP-BIO-KPMC/KPIF-ON/SelfService/Velocity/ssindvdatasrvc
123 CDTS/Insight Driven/Azure_Data_Factory
116 HP-BIO/HP-MKTG-MEDICARE-SYS-CFMP/cfmp-patient-encounter-service
113 HP-BIO-KPMC/KPIF-ON/KPMCGSU/Velocity/cac_ui
111 NCAP/NCAP-Az/AZDF/NCAP AzDF Multibranch
111 HP-BIO-KPMC/KPIF-ON/KPMCGSU/Velocity/cac_request_ms
110 HP-BIO-EBSS/ManagePayments_Final_Regression_QA/commercialbilling/Development/documentsclientui
108 HP-BIO-EBSS/ebss/development/member_maintain
105 NCAP/NCAP-Az/NCAP_Synapse_01/NCAP-Synapse-MultiBranch
105 HP-BIO-KPMC/KPMCIntLayer/Devops_Release/il-ms-groupupdate-transformer
99 HP-SALES-MKTG-SYS-SMU/Az-SMU/smu-bff
94 CS-IT/ASD/ATSE/Master Reference/Azure Data Factory/MR AzDF Multibranch
93 HP-BIO/HP-MKTG-MEDICARE-SYS-CFMP/cfmp-file-exporter-service
93 HP-BIO-EBSS/ebss/development/ebssbff
91 KPInterchange/aks-samples/kpconfig-tidelift
91 CS-IT/ASD/ATSE/Master Reference/Synapse/se_synapse_02
90 HP-BIO-EBSS/gusto_cpa/Development/ssautomator
88 KP-digital-chatbots/BCP/chatbot/kp-ehpe-bot-svc-v5
88 BCP/chatbot/kp-ehpe-bot-svc-v5
87 HP-BIO-KPMC/KPIF-ON/il-fw-splunk-logclient/SelfService/Development/ssindvmbrsrch
86 HP-BIO-EBSS/ManagePayments_Final_Regression_QA/ebss/development/transactionhistoryui
86 HP-BIO-EBSS/ManagePayments_Final_Regression_QA/ebss/development/member_maintain
84 HP-BIO-EBSS/ebss/development/transactionreporting
84 HP-BIO-EBSS/ManagePayments_Final_Regression_QA/ebss/development/ebssbff
81 HP-BIO-EBSS/gusto_cpa/Development/ssmemberroster
81 CTO-EA-SOI/CTO-EA-SOI-Infrastructure/SOI-KPD-MemberService-Service2
81 CS-IT/ASD/MMT/MMT_AZ_DF
80 HP-BIO-EBSS/medicare/Velocity/mrnassignmentuibff
79 HP-BIO-EBSS/ebss/devops_release/groupinformation
78 HP-BIO-EBSS/ebss/devops_release/member_maintain
77 KPInterchange/aks-samples/aks-uc1
77 HP-BIO-EBSS/ebss/devops_release/ebssbff
76 KPInterchange/kp-cloud/kp-cloud4java-configserver
75 HP-BIO-EBSS/ManagePayments_Final_Regression_QA/EBSS-Utilities/azure-service-management_v3
75 HP-BIO-EBSS/EBSS-Utilities/azure-service-management_v3
74 HP-BIO-KPMC/KPIF-ON/KPMCIntLayer/Development/il-ms-memberupdate-processor
74 HP-BIO-KPMC/KPIF-ON/KPMCIntLayer/Development/docker-image-test
74 HP-BIO-EBSS/commercialbilling/Development/documentsclientui
73 HP-BIO/HP-MKTG-MEDICARE-SYS-CFMP/cfmp-survey-aggregator-service
73 HP-BIO-KPMC/KPIF-ON/KPMCIntLayer/Development/il-ms-memberupdate-transformer
73 HP-BIO-EBSS/medicare/development/ssindvmbrsrch
73 HP-BIO-EBSS/gusto_cpa/Development/ssmembertransactionstatus
73 HP-BIO-EBSS/commercialbilling/Development/cb-ms-billandpay-bff
72 HP-BIO-KPMC/KPIF-ON/KPMCIntLayer/Development/il-ms-groupupdate-transformer
72 HP-BIO-KPMC/KPIF-ON/KPMCIntLayer/Development/il-ms-adpt-ormb
71 HP-BIO-KPMC/KPIF-ON/KPMCGSU/Velocity/cac_plan_ms
71 HP-BIO-KPMC/KPIF-ON/KPMCGSU/Velocity/cac_contact_ms
70 HP-SALES-MKTG-SYS-SMU/Az-SMU/smu-user-profile-service
70 HP-BIO-EBSS/gusto_cpa/Development/ssgrpsrvc
68 HP-BIO-EBSS/ebss/development/groupinformation
67 HP-BIO-EBSS/ebss/development/mbrshputility
65 HP-BIO-EBSS/ManagePayments_Final_Regression_QA/ebss/development/groupinformation
65 CS-IT/ASD/ATSE/SE_GRPR_DBX
64 HP-BIO-KPMC/KPIF-ON/KPMCGSU/Velocity/cac_contract_ms
64 HP-BIO-EBSS/ebss/devops_release/membersearch
64 HP-BIO-EBSS/ebss/devops_release/enrollmentworkflow
64 HP-BIO-EBSS/commercialbilling/Development/cb-ms-kickout-retry-services
64 CTO-EA-SOI/CTO-EA-SOI-Framework/HDI4-Framework-Components/KP-AKS-ChatBox/KP-ADF-KPD-VICSVC
63 HP-SALES-MKTG-SYS-SMU/Az-SMU/smu-application-audit-kafka-consumer
63 HP-BIO-EBSS/commercialbilling/Development/cb-ms-reporting-services
63 CTO-EA-SOI/CTO-EA-SOI-Framework/HDI4-Framework-Components/KP-AKS-ChatBox/VICSVC-MTLS-Test
62 HP-SALES-MKTG-SYS-SMU/Az-SMU/smu-application-cars-kafka-consumer
62 HP-SALES-MKTG-SYS-SMU/Az-SMU/smu-amt-retry-service
62 HP-BIO-KPMC/KPIF-ON/KPMCIntLayer/Development/il-batch-inbound-filevalidator
62 HP-BIO-KPMC/KPIF-ON/KPMCIntLayer/Development/Il-ms-medicare-change-transformer
62 HP-BIO-EBSS/ebss/development/membersearch
61 NCAP/NCAP-Az/Azure Deployer/Storage Containers/tdm_adlsg2
61 HP-SALES-MKTG-SYS-SMU/Az-SMU/smu-application-mnp-kafka-consumer
61 HP-BIO-KPMC/KPIF-ON/il-fw-splunk-logclient/KPMCIntLayer/Development/il-ms-memberupdate-transformer
61 HP-BIO-KPMC/KPIF-ON/il-fw-splunk-logclient/KPMCIntLayer/Development/il-ms-memberupdate-processor
61 HP-BIO-KPMC/KPIF-ON/il-fw-splunk-logclient/KPMCIntLayer/DevOps_Release/il-ms-memberupdate-transformer
61 HP-BIO-KPMC/KPIF-ON/il-fw-splunk-logclient/KPMCIntLayer/DevOps_Release/il-ms-memberupdate-processor
61 HP-BIO-KPMC/KPIF-ON/KPMCGSU/Velocity/cac_rule_ms
61 HP-BIO-EBSS/ebss/devops_release/userprofile
61 HP-BIO-EBSS/ManagePayments_Final_Regression_QA/ebss/development/transactionreporting
61 HP-BIO-EBSS/ManagePayments_Final_Regression_QA/commercialbilling/Development/cb-ms-reporting-services
60 HP-BIO-EBSS/ebss/devops_release/mbrshputility
60 HP-BIO-EBSS/ManagePayments_Final_Regression_QA/commercialbilling/Development/cb-ms-transaction-history
59 HP-SALES-MKTG-SYS-SMU/Az-SMU/smu-message-service
59 HP-SALES-MKTG-SYS-SMU/Az-SMU/smu-applicationsubmitconsumer
59 HP-BIO-KPMC/KPIF-ON/KPMCIntLayer/Development/il-ms-groupupdate-processor
59 HP-BIO-KPMC/KPIF-ON/KPMCIntLayer/Development/Il-ms-medicare-change-inbound
59 HP-BIO-EBSS/commercialbilling/Development/cb-ms-transaction-history
58 HP-BIO-EBSS/ebss/devops_release/ebssmassenrollment
58 HP-BIO-EBSS/ManagePayments_Final_Regression_QA/ebss/development/mbrshputility
58 HP-BIO-EBSS/ManagePayments_Final_Regression_QA/commercialbilling/Development/cb-ms-kickout-retry-services
57 KPD-DAIP/KPD-DAIP-Framework/ClickToChat/ClickToChat_BFF
57 HP-SALES-MKTG-SYS-SMU/Az-SMU/smu-county-service
57 HP-BIO-KPMC/KPIF-ON/il-fw-splunk-logclient/SelfService/Development/ssindvbinderpaymentpaynow
57 HP-BIO-EBSS/ebss/development/userprofile
57 CTO-EA-SOI/CTO-EA-SOI-Framework/HDI4-Framework-Components/KP-AKS-ChatBox/KPD-DAIP-CONSUMER-INTERACTIONS
57 CS-IT/ASD/DIAS/NatOps/NatOps_Synapse
56 HP-SALES-MKTG-SYS-SMU/Az-SMU/consumer-iam-services
56 HP-BIO-KPMC/KPIF-ON/il-fw-splunk-logclient/SelfService/Development/ssindvbinderpaymentth
56 HP-BIO-KPMC/KPIF-ON/KPMCIntLayer/DevOps_Release/il-ms-medicare-change-transformer
56 HP-BIO-EBSS/commercialbilling/Devops_Release/cb-ms-billandpay-bff
55 HP-BIO-KPMC/KPIF-ON/il-fw-splunk-logclient/KPMCIntLayer/Development/il-ms-groupupdate-processor
55 HP-BIO-KPMC/KPIF-ON/il-fw-splunk-logclient/KPMCIntLayer/DevOps_Release/il-ms-groupupdate-processor
55 HP-BIO-KPMC/AutoSQLDeployment/dm-db-scripts_release
55 HP-BIO-EBSS/ManagePayments_Final_Regression_QA/ebss/development/enrollmentworkflow
54 KPInterchange/aks-samples/anusha-test-app/aks-uc1
54 HP-BIO-KPMC/KPIF-ON/il-fw-splunk-logclient/SelfService/Development/ssindvbff
54 HP-BIO-KPMC/KPIF-ON/il-fw-splunk-logclient/KPMCIntLayer/Development/il-ms-groupupdate-transformer
54 HP-BIO-KPMC/KPIF-ON/il-fw-splunk-logclient/KPMCIntLayer/Development/Il-ms-medicare-change-transformer
54 HP-BIO-KPMC/KPIF-ON/il-fw-splunk-logclient/KPMCIntLayer/DevOps_Release/il-ms-medicare-change-transformer
54 HP-BIO-KPMC/KPIF-ON/il-fw-splunk-logclient/KPMCIntLayer/DevOps_Release/il-ms-groupupdate-transformer
54 HP-BIO-KPMC/KPIF-ON/KPMCDMS/Development/dm-dafe-extractprocess
54 HP-BIO-KPMC/AutoSQLDeployment/dm-db-scripts_sandbox
54 HP-BIO-EBSS/ebss/development/transactiontrackingbff
54 HP-BIO-EBSS/ebss/development/enrollmentworkflow
54 HP-BIO-EBSS/ManagePayments_Final_Regression_QA/ebss/development/ebsspclientui
53 HP-BIO/HP-SALES-MKTG-SYS-SEE/see-kpifplans-service-automation
53 HP-BIO-KPMC/KPIF-ON/il-fw-splunk-logclient/KPMCIntLayer/Development/Il-ms-medicare-change-inbound
53 HP-BIO-KPMC/KPIF-ON/il-fw-splunk-logclient/KPMCIntLayer/DevOps_Release/il-ms-medicare-change-inbound
53 HP-BIO-KPMC/KPIF-ON/KPMCIntLayer/Development/il-batch-inbound-fileprocessor
52 KPInterchange/aks-samples/kp-cloud4java-configserver
52 HP-BIO-KPMC/KPIF-ON/il-fw-splunk-logclient/SelfService/Development/ssindvbinderdcrypt
52 HP-BIO-KPMC/KPIF-ON/il-fw-splunk-logclient/KPMCIntLayer/Development/il-ms-adpt-ormb
52 HP-BIO-EBSS/ebss/development/transactionretry
52 HP-BIO-EBSS/commercialbilling/Development/hp-ss-userauthorization
51 HP-BIO-KPMC/KPIF-ON/KPMCIntLayer/DevOps_Release/il-ms-memberupdate-processor
51 HP-BIO-EBSS/ManagePayments_Final_Regression_QA/commercialbilling/Development/hp-ss-userauthorization
50 HP-BIO-KPMC/KPIF-ON/il-fw-splunk-logclient/KPMCIntLayer/DevOps_Release/il-ms-adpt-ormb
50 HP-BIO-KPMC/KPIF-ON/KPMCDMS/Development/docmgmt-ui-deapi_cluster
49 KPInterchange/kp-cloud/kp-cloud4js-actuator
49 HP-BIO-KPMC/KPMCIntLayer/Devops_Release/il-ms-memberupdate-processor
49 HP-BIO-KPMC/KPIF-ON/KPMCIntLayer/DevOps_Release/il-ms-adpt-ormb
49 HP-BIO-EBSS/ebss/devops_release/dwnldmbrlist
48 KPInterchange/aks-samples/kp-cloud4java-configserver-smoketest
48 HP-SALES-MKTG-SYS-SMU/Az-SMU/smu-application-service
48 HP-BIO-KPMC/KPIF-ON/il-fw-splunk-logclient/KPMCDMS/DevOps_Release/dm-dafe-extractprocess
48 HP-BIO-EBSS/ebss/development/dwnldmbrlist
47 HP-BIO-KPMC/KPIF-ON/il-fw-splunk-logclient/KPMCDMS/Development/dm-dafe-extractprocess
47 HP-BIO-KPMC/KPIF-ON/il-fw-splunk-logclient/KPMCDMS/DevOps_Release/docmgmt-ui-deapi_cluster
47 HP-BIO-EBSS/gusto_cpa/Velocity/ssmanagecpui
47 HP-BIO-EBSS/ManagePayments_Final_Regression_QA/ebss/development/transactionretry
47 HP-BIO-EBSS/ManagePayments_Final_Regression_QA/ebss/development/membersearch
47 HP-BIO-EBSS/ManagePayments_Final_Regression_QA/ebss/development/dwnldmbrlist
46 HP-BIO-KPMC/KPMCIntLayer/Devops_Release/Il-ms-medicare-change-transformer
46 HP-BIO-KPMC/KPMCIntLayer/Development/Il-ms-medicare-change-inbound-obsolete
46 HP-BIO-KPMC/KPIF-ON/il-fw-splunk-logclient/KPMCDMS/Development/docmgmt-ui-deapi_cluster
46 HP-BIO-EBSS/ebss/devops_release/ebssdocumentarchive
46 CTO-EA-SOI/CTO-EA-SOI-Framework/HDI4-Framework-Components/KP-AKS-ChatBox/KPD-DAIP-EMAIL-CLASSIFIER
45 KPInterchange/kpcloudstarter
45 KPInterchange/kp-cloud4java-aks-scheduler
45 HP-BIO-KPMC/KPMCIntLayer/Devops_Release/il-ms-groupupdate-processor
45 HP-BIO-KPMC/KPMCDMS/Development/docmgmt-ui-deapi-obsolete
45 HP-BIO-KPMC/KPIF-ON/SelfService/Velocity/ssindvmbrsrch
45 HP-BIO-KPMC/KPIF-ON/KPMCDMS/Development/dm-de-pbletter
45 HP-BIO-EBSS/commercialbilling/Development/cb-ms-groupinformation
44 KPInterchange/kp-cloud/kp-cloud-app-initializer-web
44 HP-BIO-KPMC/KPMCIntLayer/Devops_Release/il-ms-memberupdate-transformer
44 HP-BIO-KPMC/KPMCIntLayer/Development/Il-ms-medicare-change-transformer-obsolete
44 HP-BIO-KPMC/KPIF-ON/KPMCIntLayer/Development/il-ms-mbrchgpub-cano-ormb-transformer
43 KPInterchange/kp-cloud/kp-cloud4java-logger
43 KP-digital-chatbots/BCP/chatbot/kp-facility-finder-chatbot-svc
43 HP-BIO-KPMC/KPMCIntLayer/Devops_Release/Il-ms-medicare-change-inbound
43 HP-BIO-KPMC/KPMCIntLayer/Development/il-ms-groupupdate-processor-obsolete
43 HP-BIO-KPMC/KPIF-ON/SelfService/Development/ssindvbinderpaymentpaynow
43 HP-BIO-KPMC/KPIF-ON/KPMCIntLayer/DevOps_Release/il-ms-mbrchgpub-inbound-processor
43 HP-BIO-KPMC/AutoSQLDeployment/il-db-kpifon-ormb_release
43 HP-BIO-EBSS/medicare/Velocity/mmssbff
43 HP-BIO-EBSS/commercialbilling/Development/cb-ms-documentsBFF
43 BCP/chatbot/kp-facility-finder-chatbot-svc
42 HP-BIO-KPMC/KPMCUserAuth/DevOps_Release/il-ms-fw-quickview-bff
42 HP-BIO-KPMC/KPIF-ON/il-fw-splunk-logclient/KPMCUserAuth/DevOps_Release/il-ms-fw-quickview-bff
42 HP-BIO-KPMC/KPIF-ON/KPMCDMS/Development/dm-sftp-statusconsumer
42 HP-BIO-KPMC/AutoSQLDeployment/kpmc-datahub-sandbox
42 HP-BIO-EBSS/ebss/development/ebssmassenrollment
42 HP-BIO-EBSS/ManagePayments_Final_Regression_QA/ebss/development/ebssmassenrollment
42 HP-BIO-EBSS/ManagePayments_Final_Regression_QA/commercialbilling/Devops_Release/cb-ms-billandpay-bff
42 CS-IT/RADA/RADA_DBX
41 HP-BIO-KPMC/KPIF-ON/il-fw-splunk-logclient/KPMCDMS/DevOps_Release/dm-de-pbletter
41 HP-BIO-EBSS/medicare/development/ssindvormbbff
41 HP-BIO-EBSS/ebss/development/ebssdocumentarchive
40 HP-BIO-KPMC/KPMCIntLayer/Development/il-ms-memberupdate-processor-obsolete
40 HP-BIO-KPMC/KPMCIntLayer/Development/il-ms-groupupdate-transformer-obsolete
40 HP-BIO-KPMC/KPIF-ON/KPMCIntLayer/Development/il-ms-mbrchgpub-binder-ormb-transformer
40 HP-BIO-EBSS/medicare/development/ssindvdatasrvc
40 HP-BIO-EBSS/ebss/devops_release/groupchangemqpull
40 CNOE/BOT_Enhancement/bot-aks-java-test
39 KPInterchange/kp-cloud/kp-cloud4js-config
39 KPInterchange/aks-samples/aks-uc3
39 HPTS-TAS/IDP-HPTS-POC/KP-IDP-APP
39 HP-BIO-KPMC/KPMCIntLayer/Development/il-ms-memberupdate-transformer-obsolete
39 HP-BIO-KPMC/KPIF-ON/il-fw-splunk-logclient/KPMCDMS/Development/dm-de-pbletter
39 HP-BIO-KPMC/KPIF-ON/KPMCIntLayer/Development/il-ms-mbrchgpub-inbound-processor
39 HP-BIO-KPMC/KPIF-ON/KPMCIntLayer/DevOps_Release/il-ms-medicare-change-inbound
39 HP-BIO-KPMC/KPIF-ON/KPMCIntLayer/DevOps_Release/il-ms-groupupdate-processor
39 HP-BIO-KPMC/KPIF-ON/KPMCDMS/DevOps_Release/dm-dafe-extractprocess
39 HP-BIO-EBSS/ebss/devops_release/membermrnsearchv2
39 HP-BIO-EBSS/ebss/devops_release/memberappsaveretrieve
39 HP-BIO-EBSS/ebss/devops_release/ebsspclientui
39 HP-BIO-EBSS/ManagePayments_Final_Regression_QA/commercialbilling/Development/transactionhistoryui
39 HP-BIO-EBSS/ManagePayments_Final_Regression_QA/commercialbilling/Development/financialactivityclientui
39 CS-IT/CPXSKILLNET/DevOpsTesting/DevOps-Ansible
39 ASG-RAS/SupportPlus/SupportPlusUiOCP
38 NCAP/NCAP-Az/AZDF/NCAP_BWG AzDF Multibranch
38 KPInterchange/puni/aks-uc2
38 HP-BIO-KPMC/KPIF-ON/il-fw-splunk-logclient/utilities/test-new-changes
38 HP-BIO-KPMC/KPIF-ON/il-fw-splunk-logclient/KPMCDMS/Development/dm-sftp-statusconsumer
38 HP-BIO-KPMC/KPIF-ON/il-fw-splunk-logclient/KPMCDMS/DevOps_Release/dm-sftp-statusconsumer
38 HP-BIO-KPMC/KPIF-ON/KPMCIntLayer/Development/il-ms-mbrchgpub-empi-adaptor
38 HP-BIO-EBSS/ebss/development/wmsmembererrorworkflow
38 ASG-RAS/SupportPlus/SupportPlusFrontEnd
37 NCAP/NCAP-Az/NCAP_Synapse_01/BWG NCAP Synapse
37 KPInterchange/sudhakar/aks-uc2
37 KPInterchange/kp-cloud/kp-cloud4java-postgres-sample
37 HP-SALES-MKTG-SYS-SMU/Az-SMU/onprem-smucloud-client-ui
37 HP-BIO-KPMC/KPMCDMS/Development/dm-mft-statusconsumer-obsolete
37 HP-BIO-KPMC/KPIF-ON/il-fw-splunk-logclient/KPMCIntLayer/Development/il-ms-mbrchgpub-cano-ormb-transformer
37 HP-BIO-KPMC/KPIF-ON/il-fw-splunk-logclient/KPMCIntLayer/DevOps_Release/il-ms-mbrchgpub-cano-ormb-transformer
37 HP-BIO-KPMC/KPIF-ON/KPMCUserAuth/Development/il-ui-quickview
37 HP-BIO-KPMC/KPIF-ON/KPMCIntLayer/Development/il-ms-fs-addressvalidation
37 HP-BIO-KPMC/KPIF-ON/KPMCGSU/Development/cac_ui
37 HP-BIO-EBSS/gusto_cpa/Development/ssmembermaintain
37 HP-BIO-EBSS/ebss/devops_release/wmsmembererrorworkflow
37 HP-BIO-EBSS/commercialbilling/Development/cb-ms-transaction-history-bff
37 HP-BIO-EBSS/commercialbilling/Development/cb-ms-payments
37 HP-BIO-EBSS/commercialbilling/Development/cb-ms-faaccountdetails
37 HP-BIO-EBSS/ManagePayments_Final_Regression_QA/commercialbilling/Development/cb-ms-billandpay-bff
37 CTO-EA-SOI/CTO-EA-SOI-Infrastructure/SOI-KPD-MemberService-Service-Prod
36 KPInterchange/kp-cloud/kp-cloud4java-actuator
36 HPTS-TAS/IDP-HPTS-POC/idp-il-ms-cac-emws-msgstransform
36 HP-BIO-KPMC/KPMCIntLayer/Development/Il-ms-adpt-ormb-obsolete
36 HP-BIO-KPMC/KPMCDMS/Development/dm-de-prdr-obsolete
36 HP-BIO-KPMC/KPMCCAM/DevOps_Release/cam-batch-incr-ca-sh
36 HP-BIO-KPMC/KPIF-ON/il-fw-splunk-logclient/KPMCDMS/DevOps_Release/dm-de-penrletter
36 HP-BIO-KPMC/KPIF-ON/KPMCIntLayer/Development/il-ms-mbrchgpub-transformer
36 HP-BIO-KPMC/KPIF-ON/KPMCDMS/Development/dm-de-pginvoice
36 HP-BIO-KPMC/AutoSQLDeployment/il-fw-tams-config_release
36 HP-BIO-EBSS/commercialbilling/Devops_Release/cb-ms-documentsBFF
36 HP-BIO-EBSS/commercialbilling/Development/transactionhistoryui
36 HP-BIO-EBSS/ManagePayments_Final_Regression_QA/ebss/development/userprofile
36 HP-BIO-EBSS/ManagePayments_Final_Regression_QA/ebss/development/transactiontrackingbff
36 HP-BIO-EBSS/ManagePayments_Final_Regression_QA/commercialbilling/Development/cb-ms-transaction-history-bff
36 HP-BIO-DMS/ICE/Azure-QA/QA1-ICEWS
36 HP-BIO-CMS/apps/cms-formulary-recon-provider
36 HP-BIO-CMS/apps/cms-apn-recon
36 CTO-EA-SOI/CTO-EA-SOI-Framework/ADF-NonProd-PROD-Pipeline/KP-ADF-SOI-INSIGHT_DRIVEN/ID-MGMT-VELOCITY
35 KPInterchange/aks-samples/kp-cloud4java-aks-scheduler-smoketest
35 KPInterchange/aks-samples/kp-cloud-app-initializer-web
35 HP-SALES-MKTG-SYS-SMU/Az-SMU/smu-plan-service
35 HP-BIO-KPMC/KPMCDMS/Development/dm-de-lstmnt-obsolete
35 HP-BIO-KPMC/KPIF-ON/il-fw-splunk-logclient/KPMCDMS/Development/dm-de-penrletter
35 HP-BIO-KPMC/KPIF-ON/KPMCIntLayer/Development/il-ms-ene-bndr-pymt-fulfill-prcssr
35 HP-BIO-EBSS/gusto_cpa/Development/ssmemberenrollment
35 HP-BIO-CMS/apps/cms-fmas
35 CS-IT/ASD/DIAS/NatOps/EMI_NatOps_DBX/DBX ETL pipelines
35 CS-IT/ASD/ATSE/SE_EBX_App
34 HP-BIO-KPMC/KPMCDMS/Development/dm-de-pminvoice-obsolete
34 HP-BIO-KPMC/KPMCDMS/Development/dm-de-pbletter-obsolete
34 HP-BIO-KPMC/KPMCDMS/Development/dm-de-lbill-obsolete
34 HP-BIO-KPMC/KPMCDMS/Development/dm-dafe-extractprocess-obsolete
34 HP-BIO-KPMC/KPIF-ON/KPMCIntLayer/Development/il-ms-tdeadaptor
34 HP-BIO-KPMC/KPIF-ON/KPMCIntLayer/DevOps_Release/il-ms-memberupdate-transformer
34 HP-BIO-KPMC/KPIF-ON/KPMCIntLayer/DevOps_Release/il-ms-ene-bndr-pymt-fulfill-prcssr
34 HP-BIO-EBSS/medicare/Velocity/documentretrieval
34 HP-BIO-EBSS/ManagePayments_Final_Regression_QA/commercialbilling/Development/cb-ms-documentsBFF
33 KPInterchange/kp-cloud/kp-cloud4java-aks-scheduler
33 HP-SALES-MKTG-SYS-SMU/Az-SMU/smu-validation-service
33 HP-BIO-KPMC/KPMCDMS/Development/dm-de-pginvoice-obsolete
33 HP-BIO-KPMC/KPIF-ON/KPMCDMS/DevOps_Release/dm-de-pginvoice
33 HP-BIO-EBSS/ebss/Velocity/ebssbff
33 HP-BIO-EBSS/ManagePayments_Final_Regression_QA/commercialbilling/Development/cb-ms-groupinformation
33 HP-BIO-CMS/apps/cms-formulary-adapter
33 CS-IT/ASD/MMT/Synapse
32 KPInterchange/kp-cloud/kp-cloud4js-logger
32 KPInterchange/aks-samples/anusha-test-app/aks-uc3
32 HP-BIO/HP-SALES-MKTG-SYS-SEE/see-azure-servicearea
32 HP-BIO-KPMC/KPMCIntLayer/Devops_Release/Il-ms-adpt-ormb
32 HP-BIO-KPMC/KPMCDMS/Development/dm-de-lblettertrigger-obsolete
32 HP-BIO-KPMC/KPIF-ON/KPMCUserAuth/DevOps_Release/il-ui-quickview
32 HP-BIO-KPMC/AutoSQLDeployment/il-db-crosswalk_release
32 HP-BIO-EBSS/medicare/Velocity/mmssmedicaresearch
32 HP-BIO-EBSS/medicare/Velocity/mmssmedicareload
32 HP-BIO-EBSS/gusto_cpa/Development/ssmemberinquiry
32 HP-BIO-EBSS/ebss/development/membermrnsearchv2
32 HP-BIO-EBSS/ManagePayments_Final_Regression_QA/commercialbilling/Development/cb-ms-faaccountdetails
32 HP-BIO-EBSS/CCPE/Velocity/ssindvbrkrlstsvcbff
32 CTO-EA-SOI/CTO-EA-SOI-Framework/ADF-NonProd-PROD-Pipeline/KP-ADF-SOI-MODEL-MANAGER-NEW-CLUSTER
32 CS-IT/ASD/ATSE/Master Reference/Azure Data Factory/demo/MR AzDF Multibranch
31 HP-BIO-KPMC/KPMCIntLayer/Development/il-db-crosswalk-obsolete
31 HP-BIO-KPMC/KPMCDMS/Development/dm-de-dbcore-obsolete
31 HP-BIO-KPMC/KPIF-ON/il-fw-splunk-logclient/KPMCIntLayer/Development/il-ms-mbrchgpub-inbound-processor
31 HP-BIO-KPMC/KPIF-ON/il-fw-splunk-logclient/KPMCIntLayer/Development/il-ms-mbrchgpub-empi-adaptor
31 HP-BIO-KPMC/KPIF-ON/il-fw-splunk-logclient/KPMCIntLayer/DevOps_Release/il-ms-mbrchgpub-inbound-processor
31 HP-BIO-KPMC/KPIF-ON/il-fw-splunk-logclient/KPMCIntLayer/DevOps_Release/il-ms-mbrchgpub-empi-adaptor
31 HP-BIO-KPMC/KPIF-ON/KPMCDMS/Development/dm-de-lenrlettertrigger
31 HP-BIO-KPMC/KPIF-ON/KPMCDMS/Development/dm-dafe-importprocess
31 HP-BIO-EBSS/medicare/development/mmssmedicareload
31 HP-BIO-EBSS/ManagePayments_Final_Regression_QA/ebss/development/memberappsaveretrieve
31 HP-BIO-EBSS/ManagePayments_Final_Regression_QA/commercialbilling/Devops_Release/cb-ms-documentsBFF
31 HP-BIO-DMS/ICE/Azure-PERF/ICE-WEB-PERF-env
31 CTO-EA-SOI/CTO-EA-SOI-Framework/ADF-NonProd-PROD-Pipeline/KPD-DAIP-ProducerManifest-svc
31 CS-IT/CPXPAYMENTCORE/cpx-pmtcore-extlpmtbff
30 HP-SALES-MKTG-SYS-SMU/Az-SMU/smu-quote-service
30 HP-BIO/HP-SALES-MKTG-SYS-SEE/see-azure-planbenefits
30 HP-BIO-KPMC/KPMCDMS/Development/docmgmt-ui-deapi_cluster-obsolete
30 HP-BIO-KPMC/KPIF-ON/SelfService/Development/ssindvmbrsrch
30 HP-BIO-KPMC/KPIF-ON/KPMCUserAuth/Development/il-test
30 HP-BIO-KPMC/KPIF-ON/IBM-Demo/bb-il-ms-config-azure-key-vault
30 HP-BIO-DMS/ICE/Azure-QA/QA1-ICEAPP
30 HP-BIO-CMS/Libraries/cms-audit-util
30 CTO-EA-SOI/CTO-EA-SOI-Infrastructure/SOI-KPD-Valri-WebUI
30 CS-IT/ASD/ATSE/SE_Encounters_DBX
29 KPInterchange/Komal-Work/aks-uc1
29 HP-BIO-KPMC/KPMCIntLayer/Development/cam-batch-incr-ca-hub-db-obsolete
29 HP-BIO-KPMC/KPIF-ON/il-fw-splunk-logclient/KPMCIntLayer/Development/il-ms-mbrchgpub-transformer
29 HP-BIO-KPMC/KPIF-ON/il-fw-splunk-logclient/KPMCIntLayer/Development/il-ms-fs-addressvalidation
29 HP-BIO-KPMC/KPIF-ON/il-fw-splunk-logclient/KPMCIntLayer/Development/il-ms-ene-bndr-pymt-fulfill-prcssr
29 HP-BIO-KPMC/KPIF-ON/il-fw-splunk-logclient/KPMCIntLayer/DevOps_Release/il-ms-mbrchgpub-transformer
29 HP-BIO-KPMC/KPIF-ON/il-fw-splunk-logclient/KPMCIntLayer/DevOps_Release/il-ms-fs-addressvalidation
29 HP-BIO-KPMC/KPIF-ON/il-fw-splunk-logclient/KPMCIntLayer/DevOps_Release/il-ms-ene-bndr-pymt-fulfill-prcssr
29 HP-BIO-KPMC/KPIF-ON/KPMCIntLayer/Development/il-batch-outbound-aciextract
29 HP-BIO-KPMC/KPIF-ON/KPMCDMS/Development/dm-de-lblettertrigger
29 HP-BIO-KPMC/KPIF-ON/KPMCDMS/Development/dm-dafe-ackprocess_cluster
29 HP-BIO-EBSS/medicare/development/ssindvbff
29 HP-BIO-EBSS/ManagePayments_Final_Regression_QA/ebss/development/ebssdocumentarchive
29 CS-IT/CPXSKILLNET/cpx-xstore-storehub
28 KPInterchange/sudhakar/aks-uc1
28 HPTS-TAS/IDP-HPTS-POC/idp-il-ms-cac-epictransformer
28 HP-BIO-KPMC/KPMCGSU/DevOps_Release/cac_ui
28 HP-BIO-KPMC/KPIF-ON/il-fw-splunk-logclient/SelfService/Development/ssindvdocumentsrvc
28 HP-BIO-KPMC/KPIF-ON/il-fw-splunk-logclient/KPMCIntLayer/Development/il-ms-mbrchgpub-binder-ormb-transformer
28 HP-BIO-KPMC/KPIF-ON/il-fw-splunk-logclient/KPMCIntLayer/DevOps_Release/il-ms-mbrchgpub-binder-ormb-transformer
28 HP-BIO-KPMC/KPIF-ON/il-fw-splunk-logclient/KPMCDMS/DevOps_Release/dm-de-pginvoice
28 HP-BIO-KPMC/KPIF-ON/SelfService/Velocity/ssindvbinderpaymentth
28 HP-BIO-KPMC/KPIF-ON/KPMCGSU/Development/cac_bff_ms
28 HP-BIO-KPMC/KPIF-ON/KPMCGSU/DevOps_Release/cac_bff_ms
28 HP-BIO-KPMC/KPIF-ON/KPMCDMS/Development/dm-cc-annual
28 HP-BIO-EBSS/ManagePayments_Final_Regression_QA/ebss/development/membermrnsearchv2
28 HP-BIO-EBSS/ManagePayments_Final_Regression_QA/COVID-21/Development/mrnassignmenttranshist
28 HP-BIO-EBSS/COVID-21/Development/mrnassignmenttranshist
28 HP-BIO-DMS/ICE/Azure-DEV/DEV3-ICEWS
27 KPInterchange/puni/aks-uc4
27 KPInterchange/niranjan-test/aks-uc1
27 KPInterchange/kp-cloud/kp-cloud4python-flaskblog
27 KPInterchange/kp-cloud/kp-cloud4java-apigee-ri
27 HP-BIO/HP-SALES-MKTG-SYS-SEE/see-azure-quote
27 HP-BIO-KPMC/KPMCUserAuth/DevOps_Release/il-ui-fw-userauth
27 HP-BIO-KPMC/KPIF-ON/il-fw-splunk-logclient/KPMCIntLayer/Development/il-ms-tdeadaptor
27 HP-BIO-KPMC/KPIF-ON/il-fw-splunk-logclient/KPMCGSU/Development/cac_bff_ms
27 HP-BIO-KPMC/KPIF-ON/il-fw-splunk-logclient/KPMCDMS/Development/dm-de-pginvoice
27 HP-BIO-KPMC/KPIF-ON/il-fw-splunk-logclient/KPMCDMS/DevOps_Release/dm-de-lenrlettertrigger
27 HP-BIO-KPMC/KPIF-ON/il-fw-splunk-logclient/KPMCDMS/DevOps_Release/dm-dafe-importprocess
27 HP-BIO-KPMC/KPIF-ON/KPMCIntLayer/Development/il-ms-adpt-ormb-kpif
27 HP-BIO-KPMC/KPIF-ON/KPMCIntLayer/DevOps_Release/il-ms-fs-addressvalidation
27 HP-BIO-EBSS/gusto_cpa/Development/ssusermanagement
27 HP-BIO-EBSS/ebss/devops_release/mbrshperrorworkflow
27 HP-BIO-EBSS/ebss/development/memberappsaveretrieve
27 HP-BIO-EBSS/ebss/Velocity/batchmembermrnsearchv2
27 HP-BIO-EBSS/commercialbilling/Development/financialactivityclientui
27 HP-BIO-EBSS/ManagePayments_Final_Regression_QA/ebss/development/mbrshperrorworkflow
27 HP-BIO-EBSS/ManagePayments_Final_Regression_QA/COVID-21/Development/mrnassignmentandnotification
27 HP-BIO-CMS/apps/cms-ancillary-adapter
27 CTO-EIS/Az-NextGen/nextgenui
27 CTO-EA-SOI/CTO-EA-SOI-Framework/HDI4-Framework-Components/KP-AKS-ChatBox/KP-ADF-KPD-AGENTHUBDASHBOARD
27 CS-IT/CPXPAYMENTCORE/pmttxnbff
26 KPInterchange/kp-cloud/kp-java-logger
26 KPInterchange/aks-samples/aks-uc2
26 HP-BIO-KPMC/KPIF-ON/il-fw-splunk-logclient/KPMCUserAuth/Development/il-ui-quickview
26 HP-BIO-KPMC/KPIF-ON/il-fw-splunk-logclient/KPMCIntLayer/DevOps_Release/il-ms-tdeadaptor
26 HP-BIO-KPMC/KPIF-ON/il-fw-splunk-logclient/KPMCDMS/Development/dm-de-lenrlettertrigger
26 HP-BIO-KPMC/KPIF-ON/il-fw-splunk-logclient/KPMCDMS/Development/dm-dafe-importprocess
26 HP-BIO-KPMC/KPIF-ON/il-fw-splunk-logclient/KPMCDMS/DevOps_Release/dm-de-lblettertrigger
26 HP-BIO-KPMC/KPIF-ON/il-fw-splunk-logclient/KPMCDMS/DevOps_Release/dm-dafe-ackprocess_cluster
26 HP-BIO-KPMC/KPIF-ON/SelfService/Velocity/ssindvbff
26 HP-BIO-KPMC/KPIF-ON/KPMCDMS/Development/dm-eoc-jbprocess
26 HP-BIO-KPMC/KPIF-ON/KPMCDMS/Development/dm-de-lbill
26 HP-BIO-KPMC/KPIF-ON/KPMCDMS/Development/dm-de-enrletter-dbcore
26 HP-BIO-KPMC/KPIF-ON/KPMCDMS/Development/dm-cc-actuarialequivalence
26 HP-BIO-EBSS/medicare/Velocity/mrnassignmenttranshist
26 HP-BIO-EBSS/ebss/development/mbrshperrorworkflow
26 HP-BIO-EBSS/ebss/Velocity/mbrshputility
26 HP-BIO-EBSS/ManagePayments_Final_Regression_QA/ebss/development/groupchangemqpull
26 HP-BIO-DMS/ICE/Azure-UAT/ICEAPP-UAT-DRN
26 CS-IT/ASD/ATSE/SE_Master_Reference_DBX
25 KPInterchange/puni/aks-uc1
25 KPInterchange/kp-cloud/kp-cloud4js-oauth2
25 HP-BIO-KPMC/KPMCUserAuth/DevOps_Release/il-ms-fw-userauth-ldapaccess
25 HP-BIO-KPMC/KPIF-ON/il-fw-splunk-logclient/KPMCUserAuth/Development/il-ms-fw-quickview-bff
25 HP-BIO-KPMC/KPIF-ON/il-fw-splunk-logclient/KPMCIntLayer/Development/il-ms-adpt-ormb-kpif
25 HP-BIO-KPMC/KPIF-ON/il-fw-splunk-logclient/KPMCIntLayer/DevOps_Release/il-ms-adpt-ormb-kpif
25 HP-BIO-KPMC/KPIF-ON/il-fw-splunk-logclient/KPMCGSU/Development/cac_ui
25 HP-BIO-KPMC/KPIF-ON/il-fw-splunk-logclient/KPMCDMS/Development/dm-de-lblettertrigger
25 HP-BIO-KPMC/KPIF-ON/il-fw-splunk-logclient/KPMCDMS/Development/dm-dafe-ackprocess_cluster
25 HP-BIO-KPMC/KPIF-ON/SelfService/Velocity/ssindvbinderpaymentpaynow
25 HP-BIO-KPMC/KPIF-ON/SelfService/Development/ssindvbinderdcrypt
25 HP-BIO-KPMC/KPIF-ON/KPMCIntLayer/Development/il-ms-extract-ene-full-carrier-audit-file-generator
25 HP-BIO-KPMC/KPIF-ON/KPMCGSU/Development/cac_request_ms
25 HP-BIO-KPMC/KPIF-ON/KPMCDMS/DevOps_Release/dm-de-pbletter
25 HP-BIO-EBSS/medicare/development/mmssmedicarepurge
25 HP-BIO-EBSS/ebss/development/groupchangemqpull
25 HP-BIO-EBSS/ManagePayments_Final_Regression_QA/commercialbilling/Devops_Release/cb-ms-reporting-services
25 HP-BIO-DMS/ICE/Azure-UAT/Training-ICEWS
25 HP-BIO-DMS/ICE-PROD/Azure-Migration/ice-web
25 HP-BIO-CMS/apps/cms-cdw-eob-recon
25 CS-IT/CPXPAYMENTCORE/test-pmttxnbff
24 KPInterchange/aks-samples/anusha-test-app/kp-cloud4java-postgres-sample
24 KPInterchange/aks-samples/UC2_test
24 HP-BIO-KPMC/KPMCIntLayer/Development/ il-batch-inbound-filelistener-obsolete
24 HP-BIO-KPMC/KPMCGSU/DevOps_Release/cac_contact_ms
24 HP-BIO-KPMC/KPMCDMS/Development/dm-de-lrdr-obsolete
24 HP-BIO-KPMC/KPIF-ON/il-fw-splunk-logclient/KPMCIntLayer/Development/il-ms-adpt-sftp
24 HP-BIO-KPMC/KPIF-ON/il-fw-splunk-logclient/KPMCIntLayer/DevOps_Release/il-ms-adpt-sftp
24 HP-BIO-KPMC/KPIF-ON/il-fw-splunk-logclient/KPMCGSU/DevOps_Release/cac_ui
24 HP-BIO-KPMC/KPIF-ON/il-fw-splunk-logclient/KPMCDMS/Development/dm-cc-annual
24 HP-BIO-KPMC/KPIF-ON/il-fw-splunk-logclient/KPMCDMS/DevOps_Release/dm-de-enrletter-dbcore
24 HP-BIO-KPMC/KPIF-ON/il-fw-splunk-logclient/KPMCDMS/DevOps_Release/dm-cc-annual
24 HP-BIO-KPMC/KPIF-ON/SelfService/Development/ssindvbinderpaymentth
24 HP-BIO-KPMC/KPIF-ON/KPMCIntLayer/DevOps_Release/il-ms-mbrchgpub-transformer
24 HP-BIO-KPMC/KPIF-ON/KPMCGSU/Velocity/cac_customer_ms
24 HP-BIO-KPMC/KPIF-ON/KPMCDMS/Development/dm-de-bletter-dbcore
24 HP-BIO-KPMC/KPIF-ON/KPMCDMS/Development/dm-dafe-dbcore
24 HP-BIO-EBSS/medicare/development/medicaredocumentretrieve
24 HP-BIO-EBSS/gusto_cpa/Velocity/ssmemberroster
24 HP-BIO-EBSS/ebss/devops_release/ebsswls
24 HP-BIO-EBSS/commercialbilling/Velocity/cb-ms-transaction-history
24 HP-BIO-EBSS/commercialbilling/Devops_Release/cb-ms-reporting-services
24 HP-BIO-EBSS/ManagePayments_Final_Regression_QA/COVID-21/Development/capersonmrnassignment
24 HP-BIO-EBSS/COVID-21/Development/mrnassignmentandnotification
24 HP-BIO-DMS/ICE/Azure-QA/QA2-ICEAPP
24 HP-BIO-CMS/apps/fds-recon
24 HP-BIO-CMS/Libraries/cms-app-config-util
24 DEVOPS/apan-multipipeline-webhook
24 CTO-EA-SOI/CTO-EA-SOI-Infrastructure/SOI-KPD-Valri-Root
24 CTO-EA-SOI/CTO-EA-SOI-Framework/HDI4-Framework-Components/ADF_SELF_SERVICE_PIPELINES/Astronomer/ADF-SOI-AstroRegistry
24 CS-IT/ASD/MMT/MMT_Services
23 KPInterchange/aks-samples/kp-cloud4java-apigee-ri
23 KPD-DAIP/KPD-DAIP-Framework/DataBricks/DataBricks_WorkFlow_Migration_Pipeline
23 HP-BIO-KPMC/KPMCIntLayer/Development/il-fw-inbound-file-validator-obsolete
23 HP-BIO-KPMC/KPMCDMS/Development/dm-de-minvoice-dbcore-obsolete
23 HP-BIO-KPMC/KPMCDMS/Development/dm-dafe-importprocess-obsolete
23 HP-BIO-KPMC/KPMCDMS/Development/dm-dafe-ackprocess-obsolete
23 HP-BIO-KPMC/KPIF-ON/il-fw-splunk-logclient/KPMCUserAuth/DevOps_Release/il-ui-quickview
23 HP-BIO-KPMC/KPIF-ON/il-fw-splunk-logclient/KPMCDMS/Development/dm-de-ginvoice-dbcore
23 HP-BIO-KPMC/KPIF-ON/il-fw-splunk-logclient/KPMCDMS/Development/dm-de-enrletter-dbcore
23 HP-BIO-KPMC/KPIF-ON/il-fw-splunk-logclient/KPMCDMS/DevOps_Release/dm-de-lstmnt
23 HP-BIO-KPMC/KPIF-ON/il-fw-splunk-logclient/KPMCDMS/DevOps_Release/dm-de-lbill
23 HP-BIO-KPMC/KPIF-ON/il-fw-splunk-logclient/KPMCDMS/DevOps_Release/dm-de-ginvoice-dbcore
23 HP-BIO-KPMC/KPIF-ON/KPMCIntLayer/Development/il-batch-outbound-cpcbillextract-ormb
23 HP-BIO-KPMC/KPIF-ON/KPMCDMS/Development/docmgmt-ui-eocapi
23 HP-BIO-KPMC/KPIF-ON/KPMCDMS/Development/dm-eoc-iqeprocess
23 HP-BIO-EBSS/medicare/devops_release/mmssmedicareload
23 HP-BIO-EBSS/gusto_cpa/devops_release/ssmembermaintain
23 HP-BIO-EBSS/gusto_cpa/Development/ssmanagecpui
23 HP-BIO-EBSS/gusto_cpa/Development/ssenrollment-core
23 HP-BIO-DMS/ICE/Azure-UAT/QA1-ICEAPP
23 CTO-EIS/Az-NextGen/encountersvc
23 CS-IT/CPXPAYMENTCORE/cpx-pmtcore-azservices
23 CS-IT/ASD/ATSE/Master Reference/SE_Services
22 KPInterchange/kp-cloud/kp-cloud4java-configui
22 HP-BIO-KPMC/KPMCUserAuth/DevOps_Release/Il-ms-fw-userauth-massupdates
22 HP-BIO-KPMC/KPMCIntLayer/Devops_Release/il-batch-inbound-filelistener
22 HP-BIO-KPMC/KPMCDMS/DevOps_Release/dm-dafe-ackprocess_cluster
22 HP-BIO-KPMC/KPIF-ON/il-fw-splunk-logclient/KPMCDMS/Development/dm-de-lstmnt
22 HP-BIO-KPMC/KPIF-ON/il-fw-splunk-logclient/KPMCDMS/Development/dm-de-lbill
22 HP-BIO-KPMC/KPIF-ON/il-fw-splunk-logclient/KPMCDMS/Development/dm-dafe-dbcore
22 HP-BIO-KPMC/KPIF-ON/il-fw-splunk-logclient/KPMCDMS/Development/dm-cc-actuarialequivalence
22 HP-BIO-KPMC/KPIF-ON/il-fw-splunk-logclient/KPMCDMS/DevOps_Release/dm-dafe-dbcore
22 HP-BIO-KPMC/KPIF-ON/il-fw-splunk-logclient/KPMCDMS/DevOps_Release/dm-cc-actuarialequivalence
22 HP-BIO-KPMC/KPIF-ON/SelfService/Velocity/ssindvormbbff
22 HP-BIO-KPMC/KPIF-ON/SelfService/Development/ssindvdocumentsrvc
22 HP-BIO-KPMC/KPIF-ON/KPMCIntLayer/Development/il-ms-acipaymentreversal-transformer
22 HP-BIO-KPMC/KPIF-ON/KPMCIntLayer/DevOps_Release/il-ms-mbrchgpub-binder-ormb-transformer
22 HP-BIO-KPMC/KPIF-ON/KPMCDMS/Development/dm-de-prdr
22 HP-BIO-KPMC/KPIF-ON/KPMCDMS/Development/dm-de-ginvoice-dbcore
22 HP-BIO-EBSS/medicare/Velocity/mrnassignmentandnotification
22 HP-BIO-EBSS/gusto_cpa/devops_release/ssmembertransactionstatus
22 HP-BIO-EBSS/ManagePayments_Final_Regression_QA/commercialbilling/Devops_Release/transactiontrackingbff
22 HP-BIO-EBSS/COVID-21/Development/capersonmrnassignment
22 HP-BIO-DMS/ICE/Azure-DEV/DEV1-ICEWS
22 HP-BIO-DMP/AZ-Migration DMP/DMP-API
22 HP-BIO-CMS/apps/cms-fds-adapter
22 CS-IT/CPXPAYMENTCORE/cpx-pmtcore-secret-mgmt
22 CS-IT/CPXPAYMENTCORE/admin-portal-test
22 CNOE/VivSharedLibrary/AppServicePlan/appsvcplan
21 KPD-DAIP/KPD-DAIP-Framework/RISANT/RSNT-VBCG-Web-UI
21 HP-SALES-MKTG-SYS-SMU/smucloud-client-ui
21 HP-BIO-KPMC/KPIF-ON/il-fw-splunk-logclient/KPMCGSU/DevOps_Release/cac_bff_ms
21 HP-BIO-KPMC/KPIF-ON/il-fw-splunk-logclient/KPMCDMS/Development/docmgmt-ui-eocapi
21 HP-BIO-KPMC/KPIF-ON/il-fw-splunk-logclient/KPMCDMS/DevOps_Release/docmgmt-ui-eocapi
21 HP-BIO-KPMC/KPIF-ON/il-fw-splunk-logclient/KPMCDMS/DevOps_Release/dm-de-prdr
21 HP-BIO-KPMC/KPIF-ON/KPMCIntLayer/Velocity/il-ui-landingpage
21 HP-BIO-KPMC/KPIF-ON/KPMCIntLayer/Development/il-batch-outbound-cpcbilltransformer-ormb
21 HP-BIO-KPMC/KPIF-ON/KPMCGSU/DevOps_Release/cac_request_ms
21 HP-BIO-KPMC/AutoSQLDeployment/il-ms-extract-config_release
21 HP-BIO-EBSS/gusto_cpa/devops_release/ssmemberenrollment
21 HP-BIO-EBSS/gusto_cpa/Development/ssglobalheaderbff
21 HP-BIO-EBSS/ebss/devops_release/transactiontrackingbff
21 HP-BIO-EBSS/ManagePayments_Final_Regression_QA/commercialbilling/Devops_Release/cb-ms-kickout-retry-services
21 HP-BIO-EBSS/ManagePayments_Final_Regression_QA/commercialbilling/Devops_Release/cb-ms-groupinformation
21 HP-BIO-EBSS/ManagePayments_Final_Regression_QA/COVID-21/DevOps_Release/capersonmrnassignment
21 HP-BIO-EBSS/CCPE/Velocity/ssindvbrkrmbrlkup
21 Data-Analytics/DA-Security/DBX-Access-Security
21 CTO-EIS/Az-NextGen/realtimeeventpush
21 CTO-EA-SOI/CTO-EA-SOI-Infrastructure/SOI-KPD-Athena-Root
21 CS-IT/ASD/MMT/MMT_Databricks
21 CS-IT/ASD/DBX-Access-Security
20 KPInterchange/aks-samples/kp-cloud4java-postgres-sample
20 KPInterchange/aks-samples/aks-uc4
20 HP-BIO-KPMC/KPMCIntLayer/Development/il-ms-dpamanagement-processor_cluster-obsolete
20 HP-BIO-KPMC/KPIF-ON/il-fw-splunk-logclient/KPMCIntLayer/Development/il-ms-fw-kafka-restproxy
20 HP-BIO-KPMC/KPIF-ON/il-fw-splunk-logclient/KPMCIntLayer/DevOps_Release/il-ms-fw-kafka-restproxy
20 HP-BIO-KPMC/KPIF-ON/il-fw-splunk-logclient/KPMCGSU/Development/cac_customer_ms
20 HP-BIO-KPMC/KPIF-ON/il-fw-splunk-logclient/KPMCDMS/Development/dm-de-prdr
20 HP-BIO-KPMC/KPIF-ON/il-fw-splunk-logclient/KPMCDMS/Development/dm-de-bletter-dbcore
20 HP-BIO-KPMC/KPIF-ON/il-fw-splunk-logclient/KPMCDMS/DevOps_Release/dm-de-bletter-dbcore
20 HP-BIO-KPMC/KPIF-ON/SelfService/Development/ssindvbff
20 HP-BIO-KPMC/KPIF-ON/KPMCIntLayer/Development/il-ms-fw-kafka-restproxy
20 HP-BIO-KPMC/KPIF-ON/KPMCIntLayer/Development/il-batch-outbound-cpcextract
20 HP-BIO-KPMC/KPIF-ON/KPMCIntLayer/DevOps_Release/il-ms-groupupdate-transformer
20 HP-BIO-KPMC/KPIF-ON/KPMCGSU/Development/cac_customer_ms
20 HP-BIO-EBSS/medicare/devops_release/nccsservices
20 HP-BIO-EBSS/medicare/development/mmssmedicaresearch
20 HP-BIO-EBSS/ebss/Velocity/membermaintain
20 HP-BIO-EBSS/commercialbilling/Devops_Release/transactiontrackingbff
20 HP-BIO-EBSS/commercialbilling/Devops_Release/cb-ms-faaccountdetails
20 HP-BIO-EBSS/commercialbilling/Development/cb-ms-paymentreversalrefunds
20 HP-BIO-EBSS/ManagePayments_Final_Regression_QA/commercialbilling/Devops_Release/cb-ms-faaccountdetails
20 HP-BIO-DMS/ICE/Azure-DEV/DEV3-ICEAPP
20 CTO-EIS/Az-NextGen/ssapptbff
20 CS-IT/CPXPAYMENTCORE/Test-Teja
19 KPInterchange/aks-samples/kp-cloud4python-flaskblog
19 HP-BIO-KPMC/KPMCIntLayer/Devops_Release/il-ms-error
19 HP-BIO-KPMC/KPMCGSU/Development/cac_batch-obsolete
19 HP-BIO-KPMC/KPIF-ON/il-fw-splunk-logclient/SelfService/Development/ssindvdatasrvc
19 HP-BIO-KPMC/KPIF-ON/il-fw-splunk-logclient/KPMCIntLayer/Development/il-ms-extract-ene-full-carrier-audit-file-generator
19 HP-BIO-KPMC/KPIF-ON/il-fw-splunk-logclient/KPMCIntLayer/Development/il-fw-kbsql-extract-core
19 HP-BIO-KPMC/KPIF-ON/il-fw-splunk-logclient/KPMCIntLayer/DevOps_Release/il-ms-extract-ene-full-carrier-audit-file-generator
19 HP-BIO-KPMC/KPIF-ON/il-fw-splunk-logclient/KPMCIntLayer/DevOps_Release/il-fw-kbsql-extract-core
19 HP-BIO-KPMC/KPIF-ON/il-fw-splunk-logclient/KPMCGSU/Development/cac_rule_ms
19 HP-BIO-KPMC/KPIF-ON/il-fw-splunk-logclient/KPMCGSU/Development/cac_request_ms
19 HP-BIO-KPMC/KPIF-ON/il-fw-splunk-logclient/KPMCGSU/DevOps_Release/cac_customer_ms
19 HP-BIO-KPMC/KPIF-ON/il-fw-splunk-logclient/KPMCDMS/DevOps_Release/docmgmt-ui-de-bff
19 HP-BIO-KPMC/KPIF-ON/KPMCSS/Development/il-ms-referencetypes-bff
19 HP-BIO-KPMC/KPIF-ON/KPMCSS/DevOps_Release/il-ms-referencetypes-bff
19 HP-BIO-KPMC/KPIF-ON/KPMCIntLayer/Development/il-ms-mbrchgpub-hl7-adaptor
19 HP-BIO-KPMC/KPIF-ON/KPMCIntLayer/Development/il-ms-landingpage
19 HP-BIO-KPMC/KPIF-ON/KPMCIntLayer/Development/il-fw-kbsql-extract-persistence
19 HP-BIO-KPMC/KPIF-ON/KPMCGSU/Development/cac_rule_ms
19 HP-BIO-KPMC/KPIF-ON/KPMCDMS/Development/dm-de-lrdr
19 HP-BIO-KPMC/AutoSQLDeployment/ods-batch-db_release
19 HP-BIO-EBSS/ebss/devops_release/transactionhistoryui
19 HP-BIO-EBSS/ebss/Velocity/userprofile
19 HP-BIO-EBSS/commercialbilling/Devops_Release/cb-ms-kickout-retry-services
19 HP-BIO-EBSS/commercialbilling/Devops_Release/cb-ms-groupinformation
19 HP-BIO-EBSS/ManagePayments_Final_Regression_QA/ebss/development/wmsmembererrorworkflow
19 HP-BIO-EBSS/ManagePayments_Final_Regression_QA/commercialbilling/Development/cb-ms-payments
19 HP-BIO-EBSS/ManagePayments_Final_Regression_QA/commercialbilling/Development/cb-ms-paymentreversalrefunds
19 HP-BIO-DMP/AZ-Migration DMP/DMP-UI
19 CTO-EA-SOI/CTO-EA-SOI-Framework/ADF-NonProd-PROD-Pipeline/kp-kpd-benefit-loader
19 CS-IT/ASD/ENCRI/ENCRI_Services
19 CDTS/CDTS-ASD-AE/Azure-MDCal/MDCAdminService
18 KPInterchange/sudhakar/aks-uc3
18 KPInterchange/postgres-java
18 HP-BIO/HP-SALES-MKTG-SYS-SEE/see-azure-dataloader
18 HP-BIO-KPMC/KPMCIntLayer/Development/Il-batch-payinstructions-transformer-obsolete
18 HP-BIO-KPMC/KPMCDMS/Development/dafe-ackweb-obsolete
18 HP-BIO-KPMC/KPMCDMS/DevOps_Release/dm-de-util
18 HP-BIO-KPMC/KPMCDMS/DevOps_Release/dm-de-minvoice-dbcore
18 HP-BIO-KPMC/KPIF-ON/il-fw-splunk-logclient/KPMCIntLayer/Development/il-ms-coverage
18 HP-BIO-KPMC/KPIF-ON/il-fw-splunk-logclient/KPMCIntLayer/Development/il-fw-kbsql-extract-persistence
18 HP-BIO-KPMC/KPIF-ON/il-fw-splunk-logclient/KPMCIntLayer/DevOps_Release/il-ms-coverage
18 HP-BIO-KPMC/KPIF-ON/il-fw-splunk-logclient/KPMCIntLayer/DevOps_Release/il-fw-kbsql-extract-persistence
18 HP-BIO-KPMC/KPIF-ON/il-fw-splunk-logclient/KPMCGSU/Development/cac_plan_ms
18 HP-BIO-KPMC/KPIF-ON/il-fw-splunk-logclient/KPMCGSU/Development/cac_contract_ms
18 HP-BIO-KPMC/KPIF-ON/il-fw-splunk-logclient/KPMCGSU/Development/cac_contact_ms
18 HP-BIO-KPMC/KPIF-ON/il-fw-splunk-logclient/KPMCGSU/Development/cac_batch
18 HP-BIO-KPMC/KPIF-ON/il-fw-splunk-logclient/KPMCGSU/DevOps_Release/cac_rule_ms
18 HP-BIO-KPMC/KPIF-ON/il-fw-splunk-logclient/KPMCGSU/DevOps_Release/cac_request_ms
18 HP-BIO-KPMC/KPIF-ON/il-fw-splunk-logclient/KPMCDMS/Development/dm-ne-dafe-statusackprocess
18 HP-BIO-KPMC/KPIF-ON/il-fw-splunk-logclient/KPMCDMS/DevOps_Release/dm-ne-dafe-statusackprocess
18 HP-BIO-KPMC/KPIF-ON/il-fw-splunk-logclient/KPMCDMS/DevOps_Release/dm-de-pminvoice
18 HP-BIO-KPMC/KPIF-ON/SelfService/Development/ssindvdatasrvc
18 HP-BIO-KPMC/KPIF-ON/SelfService/DevOps_Release/ssindvbff
18 HP-BIO-KPMC/KPIF-ON/KPMCUserAuth/Velocity/Il-ui-fw-userauth
18 HP-BIO-KPMC/KPIF-ON/KPMCIntLayer/Development/il-ms-aciautopay-transformer
18 HP-BIO-KPMC/KPIF-ON/KPMCIntLayer/DevOps_Release/il-ms-mbrchgpub-empi-adaptor
18 HP-BIO-KPMC/KPIF-ON/KPMCIntLayer/DevOps_Release/il-ms-mbrchgpub-cano-ormb-transformer
18 HP-BIO-KPMC/KPIF-ON/KPMCGSU/Development/cac_plan_ms
18 HP-BIO-KPMC/KPIF-ON/KPMCGSU/Development/cac_contract_ms
18 HP-BIO-KPMC/KPIF-ON/KPMCGSU/Development/cac_contact_ms
18 HP-BIO-KPMC/KPIF-ON/KPMCGSU/DevOps_Release/cac_ui
18 HP-BIO-KPMC/KPIF-ON/KPMCDMS/Development/dm-de-util
18 HP-BIO-EBSS/gusto_cpa/devops_release/ssusermanagement
18 HP-BIO-EBSS/ebss/development/nccsservices
18 HP-BIO-EBSS/ebss/Velocity/dwnldmbrlist
18 HP-BIO-EBSS/commercialbilling/Velocity/cb-ms-reporting-services
18 HP-BIO-EBSS/ManagePayments_Final_Regression_QA/commercialbilling/Devops_Release/transactionhistoryui
18 HP-BIO-EBSS/ManagePayments_Final_Regression_QA/commercialbilling/Devops_Release/hp-ss-userauthorization
18 HP-BIO-EBSS/ManagePayments_Final_Regression_QA/COVID-21/DevOps_Release/mrnassignmenttranshist
18 HP-BIO-EBSS/ManagePayments_Final_Regression_QA/COVID-21/DevOps_Release/mrnassignmentandnotification
18 HP-BIO-EBSS/COVID-21/DevOps_Release/mrnassignmenttranshist
18 CTO-EIS/Ignite Kafka Config Management/ignite-kafka-kpcc-demo2
18 CTO-EA-SOI/CTO-EA-SOI-Framework/ADF-NonProd-PROD-Pipeline/KPD-FS-CONSUMER-MANIFEST-NEW
18 CS-IT/CPXENVIRONMENT/CPX_PrePilot/pmttxnbff
18 CS-IT/ASD/MMT/MMT2_Covid
18 CS-IT/ASD/Liquibase/ASD Liquibase POC
18 CNOE/kp-devsecops-prod-scheduler
18 ASG-RAS/SupportPlus/SupportPlusBackendOCP
17 NCAP/NCAP-Az/Liquidbase DBX/ASDdbxliquidbase
17 KPInterchange/puni/aks-uc3
17 KPInterchange/aks-samples/anusha-test-app/aks-uc4
17 HP-BIO-KPMC/KPMCDMS/Development/dm-dafe-ackprocess_cluster-obsolete
17 HP-BIO-KPMC/KPMCDMS/DevOps_Release/docmgmt-ui-de-bff
17 HP-BIO-KPMC/KPIF-ON/il-fw-splunk-logclient/SelfService/Development/ssindvbinderpaymentbff
17 HP-BIO-KPMC/KPIF-ON/il-fw-splunk-logclient/KPMCUserAuth/Development/il-ms-fw-userauth-userprofiles
17 HP-BIO-KPMC/KPIF-ON/il-fw-splunk-logclient/KPMCUserAuth/Development/Il-ms-fw-userauth-bff
17 HP-BIO-KPMC/KPIF-ON/il-fw-splunk-logclient/KPMCIntLayer/Development/il-ms-member-delinquency-processor
17 HP-BIO-KPMC/KPIF-ON/il-fw-splunk-logclient/KPMCIntLayer/DevOps_Release/il-ms-member-delinquency-processor
17 HP-BIO-KPMC/KPIF-ON/il-fw-splunk-logclient/KPMCGSU/Development/cac_publish_ms
17 HP-BIO-KPMC/KPIF-ON/il-fw-splunk-logclient/KPMCGSU/DevOps_Release/cac_plan_ms
17 HP-BIO-KPMC/KPIF-ON/il-fw-splunk-logclient/KPMCGSU/DevOps_Release/cac_contract_ms
17 HP-BIO-KPMC/KPIF-ON/il-fw-splunk-logclient/KPMCGSU/DevOps_Release/cac_contact_ms
17 HP-BIO-KPMC/KPIF-ON/il-fw-splunk-logclient/KPMCGSU/DevOps_Release/cac_batch
17 HP-BIO-KPMC/KPIF-ON/il-fw-splunk-logclient/KPMCDMS/Development/docmgmt-ui-de-bff
17 HP-BIO-KPMC/KPIF-ON/il-fw-splunk-logclient/KPMCDMS/Development/dm-de-pminvoice
17 HP-BIO-KPMC/KPIF-ON/SelfService/Development/ssindvbinderpaymentbff
17 HP-BIO-KPMC/KPIF-ON/KPMCUserAuth/Development/il-ms-fw-userauth-userprofiles
17 HP-BIO-KPMC/KPIF-ON/KPMCUserAuth/DevOps_Release/il-ms-fw-quickview-bff
17 HP-BIO-KPMC/KPIF-ON/KPMCIntLayer/Development/il-ms-datahub-models
17 HP-BIO-KPMC/KPIF-ON/KPMCGSU/Development/cac_publish_ms
17 HP-BIO-EBSS/medicare/development/mmssbff
17 HP-BIO-EBSS/gusto_cpa/devops_release/ssgrpsrvc
17 HP-BIO-EBSS/ebss/development/nccsui
17 HP-BIO-EBSS/commercialbilling/Devops_Release/hp-ss-userauthorization
17 HP-BIO-EBSS/commercialbilling/Development/cb-ms-fileprocessing
17 HP-BIO-EBSS/ManagePayments_Final_Regression_QA/ebss/development/batchmembermrnsearchv2
17 HP-BIO-EBSS/ManagePayments_Final_Regression_QA/commercialbilling/Development/cb-ms-fileprocessing
17 HP-BIO-EBSS/ManagePayments_Final_Regression_QA/COVID-21/Development/mrnassignmenttransstatus
17 HP-BIO-EBSS/COVID-21/DevOps_Release/mrnassignmentandnotification
17 Data-Analytics/DA-DataOps/DBX-Initial-Load
17 CS-IT/ASD/ENCRI/enc-wls
17 CS-IT/ASD/ATSE/SE_Master_Reference_Databricks
16 NCAP/NCAP-Az/NCAP_Synapse_01/Synapse Branches by Month/Feb 2022 Synapse
16 KP-digital-chatbots/BCP/chatbot/KP-ICN-Chatbot-SVC
16 HP-BIO/HP-BIO-National Electronic Imaging and Workflow System/PI-Alerts-API
16 HP-BIO-KPMC/KPMCIntLayer/Development/il-ms-dpamanagement-processor-obsolete
16 HP-BIO-KPMC/KPMCIntLayer/Development/il-batch-inbound-fileprocessor-obsolete
16 HP-BIO-KPMC/KPMCGSU/Development/cac_bff_ms-obsolete
16 HP-BIO-KPMC/KPMCDMS/Development/dm-de-ginvoice-dbcore-obsolete
16 HP-BIO-KPMC/KPIF-ON/il-fw-splunk-logclient/KPMCUserAuth/Development/il-ui-fw-userauth
16 HP-BIO-KPMC/KPIF-ON/il-fw-splunk-logclient/KPMCUserAuth/DevOps_Release/il-ms-fw-userauth-userprofiles
16 HP-BIO-KPMC/KPIF-ON/il-fw-splunk-logclient/KPMCUserAuth/DevOps_Release/Il-ms-fw-userauth-bff
16 HP-BIO-KPMC/KPIF-ON/il-fw-splunk-logclient/KPMCIntLayer/Development/testSmoke
16 HP-BIO-KPMC/KPIF-ON/il-fw-splunk-logclient/KPMCIntLayer/Development/il-ms-acipaymentreversal-transformer
16 HP-BIO-KPMC/KPIF-ON/il-fw-splunk-logclient/KPMCIntLayer/DevOps_Release/testSomke
16 HP-BIO-KPMC/KPIF-ON/il-fw-splunk-logclient/KPMCGSU/DevOps_Release/cac_publish_ms
16 HP-BIO-KPMC/KPIF-ON/il-fw-splunk-logclient/KPMCDMS/Development/dm-de-lrdr
16 HP-BIO-KPMC/KPIF-ON/il-fw-splunk-logclient/KPMCDMS/DevOps_Release/dm-de-lrdr
16 HP-BIO-KPMC/KPIF-ON/KPMCUserAuth/Development/il-ui-fw-userauth
16 HP-BIO-KPMC/KPIF-ON/KPMCIntLayer/Development/il-ms-mbrchgpub-outbound-processor
16 HP-BIO-KPMC/KPIF-ON/KPMCIntLayer/Development/il-ms-mbrchgpub-common
16 HP-BIO-KPMC/KPIF-ON/KPMCIntLayer/Development/il-ms-mbrchgpub-cm-demographics-adaptor-hi
16 HP-BIO-KPMC/KPIF-ON/KPMCIntLayer/Development/il-ms-mbrchgpub-cm-demographics-adaptor
16 HP-BIO-KPMC/KPIF-ON/KPMCIntLayer/Development/il-ms-mbrchgpub-cm-classic-adaptor
16 HP-BIO-KPMC/KPIF-ON/KPMCIntLayer/Development/il-ms-cano-bprs
16 HP-BIO-KPMC/KPIF-ON/KPMCIntLayer/Development/il-batch-inbound-filelistener
16 HP-BIO-KPMC/KPIF-ON/KPMCGSU/Development/cacwls
16 HP-BIO-KPMC/KPIF-ON/KPMCDMS/Development/dm-idce-pidcardh
16 HP-BIO-KPMC/KPIF-ON/KPMCDMS/Development/dm-idce-lidcardh
16 HP-BIO-KPMC/KPIF-ON/KPMCDMS/DevOps_Release/dm-de-lstmnt
16 HP-BIO-EBSS/gusto_cpa/devops_release/ssmemberinquiry
16 HP-BIO-EBSS/COVID-21/DevOps_Release/capersonmrnassignment
16 HP-BIO-DMS/ICE/Azure-DEV/DEV2-ICEWS
16 HP-BIO-DMS/ICE/Azure-DEV/DEV2-ICEAPP
16 CTO-EA-SOI/CTO-EA-SOI-Infrastructure/SOI-KPD-Memberservice-UI
16 CTO-EA-SOI/CTO-EA-SOI-Framework/AKSDeployments/snorkel/SnorkelAI
16 CDTS/CDTS-ASD-AE/Azure-MDCal/MDCAdminClient
16 BCP/chatbot/KP-ICN-Chatbot-SVC
16 ASG-RAS/SupportPlus/SupportPlusBatchJob
15 NCAP/NCAP-Az/NCAP_DBX
15 KPInterchange/aks-samples/test folder/kp-cloud4js-config
15 HP-BIO/HP-MKTG-MEDICARE-SYS-CFMP/cfmp-workload-scheduler
15 HP-BIO-KPMC/KPMCIntLayer/Devops_Release/il-fw-inbound-file-validator
15 HP-BIO-KPMC/KPMCIntLayer/Devops_Release/il-batch-inbound-fileprocessor
15 HP-BIO-KPMC/KPMCGSU/Development/cac_contract_ms-obsolete
15 HP-BIO-KPMC/KPMCDMS/Development/dm-dafe-dbcore-obsolete
15 HP-BIO-KPMC/KPMC-Utilities/postgres-higher-level/CAC-REQUEST-LIQUIBASE-DB
15 HP-BIO-KPMC/KPMC-Utilities/postgres-higher-level/CAC-CUSTOMER-LIQUIBASE-DB
15 HP-BIO-KPMC/KPIF-ON/il-fw-splunk-logclient/KPMCSS/DevOps_Release/il-ms-referencetypes-bff
15 HP-BIO-KPMC/KPIF-ON/il-fw-splunk-logclient/KPMCIntLayer/Development/il-ms-referencetypes-bff
15 HP-BIO-KPMC/KPIF-ON/il-fw-splunk-logclient/KPMCIntLayer/Development/il-ms-aciautopay-transformer
15 HP-BIO-KPMC/KPIF-ON/il-fw-splunk-logclient/KPMCIntLayer/DevOps_Release/testAZ
15 HP-BIO-KPMC/KPIF-ON/il-fw-splunk-logclient/KPMCIntLayer/DevOps_Release/il-ms-referencetypes-bff
15 HP-BIO-KPMC/KPIF-ON/SelfService/Development/ssindvormbbff
15 HP-BIO-KPMC/KPIF-ON/KPMCUserAuth/Velocity/Il-ms-fw-userauth-bff
15 HP-BIO-KPMC/KPIF-ON/KPMCUserAuth/Development/il-ms-fw-userauth-rolecapabilities
15 HP-BIO-KPMC/KPIF-ON/KPMCIntLayer/Development/il-ui-landingpage
15 HP-BIO-KPMC/KPIF-ON/KPMCIntLayer/Development/il-ms-referencetypes-bff
15 HP-BIO-KPMC/KPIF-ON/KPMCIntLayer/Development/il-ms-mbrchgpub-classic-inbound-processor
15 HP-BIO-KPMC/KPIF-ON/KPMCIntLayer/Development/il-batch-payinstructions-transformer
15 HP-BIO-KPMC/KPIF-ON/KPMCIntLayer/DevOps_Release/il-ms-tdeadaptor
15 HP-BIO-KPMC/KPIF-ON/KPMCGSU/DevOps_Release/cacwls
15 HP-BIO-KPMC/KPIF-OFF/KPMCIntLayer/Devops_Release/il-ms-memberinquiry-v2m2
15 HP-BIO-EBSS/medicare/devops_release/mmssmedicaresearch
15 HP-BIO-EBSS/medicare/development/ssindvbinderdcrypt
15 HP-BIO-EBSS/gusto_cpa/devops_release/ssmemberroster
15 HP-BIO-EBSS/ebss/development/batchmembermrnsearchv2
15 HP-BIO-EBSS/commercialbilling/Devops_Release/transactionhistoryui
15 HP-BIO-EBSS/ManagePayments_Final_Regression_QA/ebss/devops_release/batchmembermrnsearchv2
15 HP-BIO-EBSS/ManagePayments_Final_Regression_QA/commercialbilling/Devops_Release/documentsclientui
15 HP-BIO-EBSS/ManagePayments_Final_Regression_QA/commercialbilling/Development/fabillgroups
15 HP-BIO-EBSS/ManagePayments_Final_Regression_QA/COVID-21/DevOps_Release/mrnassignmenttransstatus
15 HP-BIO-CMS/apps/cms-api-usage-report
15 HP-BIO-CMS/Libraries/cms-incident-util
15 HP-BIO-CMS/Libraries/cms-formulary-common
15 CTO-KPX/kpx-cms-service-orchestrator
15 CTO-EA-SOI/CTO-EA-SOI-Infrastructure/SOI-KPD-Valri-Appointment
15 CTO-EA-SOI/CTO-EA-SOI-Framework/ADF-NonProd-PROD-Pipeline/kpd-daip-feature-store-backend
15 CSIT-DA/DSP/ClientApp/clientdeploy
15 CSIT-DA/DSP-SharedTenant/DSP-Dashboard/DSP-Dashboard-Pipeline
15 CS-IT/CPXPAYMENTCORE/cpx-pmtcore-data-model
15 CS-IT/CPXPAYMENTCORE/caching-repository
14 KPInterchange/kp-cloud/kp-cloud4js-messagehub
14 KPInterchange/kp-cloud/kp-cloud4java-redis-sample
14 KPInterchange/aks-samples/test folder/kp-cloud4js-logger
14 KPInterchange/aks-samples/kp-cloud4java-redis-sample
14 KPInterchange/aks-samples/UC3_Test1
14 HP-BIO/HP-BIO-NCCS/nccsservices
14 HP-BIO-KPMC/KPMCUserAuth/DevOps_Release/il-ui-quickview
14 HP-BIO-KPMC/KPMCGSU/Development/cac_ui-obsolete
14 HP-BIO-KPMC/KPMCGSU/Development/cac_customer_ms-obsolete
14 HP-BIO-KPMC/KPMCGSU/Development/cac_contact_ms-obsolete
14 HP-BIO-KPMC/KPMC-Utilities/postgres-higher-level/CAC-PLAN-LIQUIBASE-DB
14 HP-BIO-KPMC/KPMC-Utilities/azure-service-management
14 HP-BIO-KPMC/KPIF-ON/utilities/kpconfig-updates-dev-cam
14 HP-BIO-KPMC/KPIF-ON/il-fw-splunk-logclient/SelfService/Development/ssindvormbbff
14 HP-BIO-KPMC/KPIF-ON/il-fw-splunk-logclient/KPMCUserAuth/Development/il-ms-fw-userauth-rolecapabilities
14 HP-BIO-KPMC/KPIF-ON/il-fw-splunk-logclient/KPMCUserAuth/Development/il-ms-fw-userauth-massupdates
14 HP-BIO-KPMC/KPIF-ON/il-fw-splunk-logclient/KPMCUserAuth/DevOps_Release/il-ms-fw-userauth-massupdates
14 HP-BIO-KPMC/KPIF-ON/il-fw-splunk-logclient/KPMCSS/Development/il-ms-referencetypes-bff
14 HP-BIO-KPMC/KPIF-ON/il-fw-splunk-logclient/KPMCIntLayer/Development/il-ms-fs-contract-resubmit
14 HP-BIO-KPMC/KPIF-ON/il-fw-splunk-logclient/KPMCIntLayer/Development/il-ms-error
14 HP-BIO-KPMC/KPIF-ON/il-fw-splunk-logclient/KPMCIntLayer/DevOps_Release/il-ms-kpmcmrnsearch
14 HP-BIO-KPMC/KPIF-ON/il-fw-splunk-logclient/KPMCIntLayer/DevOps_Release/il-ms-fs-contract-resubmit
14 HP-BIO-KPMC/KPIF-ON/il-fw-splunk-logclient/KPMCIntLayer/DevOps_Release/il-ms-error
14 HP-BIO-KPMC/KPIF-ON/KPMCUserAuth/Velocity/Il-ms-fw-userauth-userprofiles
14 HP-BIO-KPMC/KPIF-ON/KPMCUserAuth/DevOps_Release/il-ms-fw-userauth-userprofiles
14 HP-BIO-KPMC/KPIF-ON/KPMCUserAuth/DevOps_Release/il-ms-fw-userauth-massupdates
14 HP-BIO-KPMC/KPIF-ON/KPMCIntLayer/Development/il-ms-memberinquiry-v2m2
14 HP-BIO-KPMC/KPIF-ON/KPMCIntLayer/Development/il-ms-kbsql-cvg-add-extract
14 HP-BIO-KPMC/KPIF-ON/KPMCIntLayer/Development/il-ms-cpcautopay-processor
14 HP-BIO-KPMC/KPIF-ON/KPMCIntLayer/Development/il-ms-classic-inquiry
14 HP-BIO-KPMC/KPIF-ON/KPMCIntLayer/Development/il-ms-broker
14 HP-BIO-KPMC/KPIF-ON/KPMCIntLayer/Development/il-ms-adpt-tapmem
14 HP-BIO-KPMC/KPIF-ON/KPMCIntLayer/Development/il-batch-acibinderpay-releasefilewriter
14 HP-BIO-KPMC/KPIF-ON/KPMCIntLayer/DevOps_Release/il-ms-landingpage
14 HP-BIO-KPMC/KPIF-ON/KPMCIntLayer/DevOps_Release/il-ms-cano-bprs
14 HP-BIO-KPMC/KPIF-ON/KPMCIntLayer/DevOps_Release/il-ms-adpt-ormb-kpif
14 HP-BIO-KPMC/KPIF-ON/KPMCGSU/Development/cac_plan_common
14 HP-BIO-KPMC/KPIF-ON/KPMCGSU/DevOps_Release/cac_customer_ms
14 HP-BIO-KPMC/KPIF-ON/KPMCDMS/Development/dm-de-minvoice-dbcore
14 HP-BIO-KPMC/KPIF-ON/KPMCDMS/DevOps_Release/docmgmt-ui-deapi_cluster
14 HP-BIO-KPMC/KPIF-ON/KPMCCAM/Development/cam-ms-router-bff
14 HP-BIO-KPMC/KPIF-ON/KPMCCAM/DevOps_Release/cam-ms-router-bff
14 HP-BIO-KPMC/AutoSQLDeployment/devops-liquibase-sandbox
14 HP-BIO-EBSS/gusto_cpa/Velocity/ssautomator
14 HP-BIO-EBSS/ebss/devops_release/batchmembermrnsearchv2
14 HP-BIO-EBSS/ManagePayments_Final_Regression_QA/ebss/development/nccsui
14 HP-BIO-EBSS/ManagePayments_Final_Regression_QA/ebss/development/nccsservices
14 HP-BIO-EBSS/ManagePayments_Final_Regression_QA/commercialbilling/Devops_Release/fabillgroups
14 HP-BIO-EBSS/ManagePayments_Final_Regression_QA/COVID-21/Development/batchmrnassignmentandnotification
14 HP-BIO-EBSS/COVID-21/Development/mrnassignmenttransstatus
14 HP-BIO-DMS/ICE/Azure-DEV/DEV1-ICEAPP
14 CTO-EA-SOI/CTO-EA-SOI-Framework/ADF-NonProd-PROD-Pipeline/KP-KPD-Astronomer
14 CS-IT/CPXPAYMENTCORE/cpx-pmtcore-data-jpa
14 CS-IT/ASD/ATSE/SE_Groupers_DBX
14 CDTS/CDTS-ASD-AE/Azure-MDCal/MDCSchedulerService
13 NCAP/NCAP-Az/NCAP_Databricks
13 KPInterchange/aks-samples/test folder/kp-cloud4js-messagehub
13 KPInterchange/aks-samples/test folder/Sample_JavaPipeline
13 HP-SALES-MKTG-SYS/broker-service-kpifon-collector
13 HP-SALES-MKTG-SYS/HP-SALES-AND-MKTG-SYS-JENKINS-JOBS/broker-service-lookup
13 HP-BIO/HP-BIO-National Electronic Imaging and Workflow System/pushNotificationServices
13 HP-BIO-KPMC/KPMCIntLayer/Development/systemconsoleui-obsolete
13 HP-BIO-KPMC/KPMCGSU/Development/cac_request_ms-obsolete
13 HP-BIO-KPMC/KPMCDMS/Development/docmgmt-ui-de-bff-obsolete
13 HP-BIO-KPMC/KPMCDMS/Development/dm-de-rdr-dbcore-obsolete
13 HP-BIO-KPMC/KPMCCAM/DevOps_Release/cam-batch-idl-dbutil
13 HP-BIO-KPMC/KPMC-Utilities/postgres-higher-level/CAC-RULE-LIQUIBASE-DB
13 HP-BIO-KPMC/KPMC-Utilities/postgres-higher-level/CAC-CONTRACT-LIQUIBASE-DB
13 HP-BIO-KPMC/KPMC-Utilities/postgres-higher-level/CAC-CONTACT-LIQUIBASE-DB
13 HP-BIO-KPMC/KPIF-ON/il-fw-splunk-logclient/KPMCUserAuth/DevOps_Release/il-ui-fw-userauth
13 HP-BIO-KPMC/KPIF-ON/il-fw-splunk-logclient/KPMCUserAuth/DevOps_Release/il-ms-fw-userauth-rolecapabilities
13 HP-BIO-KPMC/KPIF-ON/il-fw-splunk-logclient/KPMCIntLayer/Development/il-ms-kpmcmrnsearch
13 HP-BIO-KPMC/KPIF-ON/il-fw-splunk-logclient/KPMCIntLayer/Development/il-fw-tams-manager
13 HP-BIO-KPMC/KPIF-ON/il-fw-splunk-logclient/KPMCIntLayer/Development/il-batch-outbound-aciextract
13 HP-BIO-KPMC/KPIF-ON/il-fw-splunk-logclient/KPMCIntLayer/Development/il-batch-aciextract-adhoc-dummybuidconvreport
13 HP-BIO-KPMC/KPIF-ON/il-fw-splunk-logclient/KPMCIntLayer/DevOps_Release/il-ms-landingpage
13 HP-BIO-KPMC/KPIF-ON/il-fw-splunk-logclient/KPMCIntLayer/DevOps_Release/il-fw-tams-manager
13 HP-BIO-KPMC/KPIF-ON/il-fw-splunk-logclient/KPMCGSU/Development/cac_plan_common
13 HP-BIO-KPMC/KPIF-ON/il-fw-splunk-logclient/KPMCDMS/Development/dm-de-util
13 HP-BIO-KPMC/KPIF-ON/il-fw-splunk-logclient/KPMCDMS/DevOps_Release/dm-de-util
13 HP-BIO-KPMC/KPIF-ON/il-fw-splunk-logclient/KPMCDMS/DevOps_Release/dm-de-dbcore
13 HP-BIO-KPMC/KPIF-ON/SelfService/Velocity/ssindvbinderdcrypt
13 HP-BIO-KPMC/KPIF-ON/KPMCUserAuth/Development/il-ms-fw-userauth-massupdates
13 HP-BIO-KPMC/KPIF-ON/KPMCUserAuth/DevOps_Release/il-ms-fw-userauth-rolecapabilities
13 HP-BIO-KPMC/KPIF-ON/KPMCIntLayer/Development/il-ms-member-delinquency-processor
13 HP-BIO-KPMC/KPIF-ON/KPMCIntLayer/Development/il-ms-kbsql-ept-cvg-extract
13 HP-BIO-KPMC/KPIF-ON/KPMCIntLayer/Development/il-ms-fs-contract-resubmit
13 HP-BIO-KPMC/KPIF-ON/KPMCIntLayer/Development/il-ms-error
13 HP-BIO-KPMC/KPIF-ON/KPMCIntLayer/Development/il-fw-tams-manager
13 HP-BIO-KPMC/KPIF-ON/KPMCIntLayer/DevOps_Release/il-ms-referencetypes-bff
13 HP-BIO-KPMC/KPIF-ON/KPMCIntLayer/DevOps_Release/il-ms-member-delinquency-processor
13 HP-BIO-KPMC/KPIF-ON/KPMCIntLayer/DevOps_Release/il-ms-mbrchgpub-cm-classic-adaptor
13 HP-BIO-KPMC/KPIF-ON/KPMCIntLayer/DevOps_Release/il-ms-fw-kafka-restproxy
13 HP-BIO-KPMC/KPIF-ON/KPMCIntLayer/DevOps_Release/il-ms-adpt-sftp
13 HP-BIO-KPMC/KPIF-ON/KPMCGSU/Development/cac_rule_common
13 HP-BIO-KPMC/KPIF-ON/KPMCGSU/Development/cac_contract_common
13 HP-BIO-KPMC/KPIF-ON/KPMCGSU/DevOps_Release/cac_rule_ms
13 HP-BIO-KPMC/KPIF-ON/KPMCDMS/Velocity/docmgmt-ui-de-bff
13 HP-BIO-KPMC/KPIF-ON/KPMCDMS/Development/dm-ne-dafe-statusackprocess
13 HP-BIO-KPMC/KPIF-ON/KPMCDMS/Development/dm-eoc-dbcore
13 HP-BIO-EBSS/medicare/development/ssindvbinderpayui_main(config+ui)
13 HP-BIO-EBSS/gusto_cpa/Velocity/ssmemberenrollment
13 HP-BIO-EBSS/ebss/Velocity/mbrshperrorworkflow
13 HP-BIO-EBSS/commercialbilling/Velocity/cb-ms-faaccountdetails
13 HP-BIO-EBSS/commercialbilling/Velocity/cb-ms-billandpay-bff
13 HP-BIO-EBSS/commercialbilling/Devops_Release/fabillgroups
13 HP-BIO-EBSS/commercialbilling/Development/fabillgroups
13 HP-BIO-EBSS/commercialbilling/Development/cb-ms-schedule-payments
13 HP-BIO-EBSS/COVID-21/Velocity/capersonmrnassignment
13 HP-BIO-EBSS/COVID-21/DevOps_Release/mrnassignmenttransstatus
13 CTO-EIS/nextgensvc-apigee
13 CTO-EA-SOI/CTO-EA-SOI-Framework/ADF-NonProd-PROD-Pipeline/kpd-daip-feature-store-ui
13 CS-IT/CPXPAYMENTCORE/cpx-audit-client
12 KPInterchange/niranjan-test/aks-uc2
12 KPInterchange/kp-cloud/kp-cloud4java-scheduler
12 KPInterchange/aks-samples/test folder/kp-cloud4js-oauth2
12 KPInterchange/aks-samples/aks-dotnet-sample
12 KPD-DAIP/KPD-DAIP-Framework/BenefitLoader/kp-kpd-benefit-loader
12 HP-SALES-MKTG-SYS/broker-service-lookup
12 HP-SALES-MKTG-SYS-SMU/smu-plan-service
12 HP-SALES-MKTG-SYS-SMU/Az-SMU/smucloud-client-ui
12 HP-SALES-MKTG-SYS-SMU/Az-SMU/smu-exception-service
12 HP-BIO-KPMC/KPMCUserAuth/Development/il-ui-fw-userauth-obsolete
12 HP-BIO-KPMC/KPMCIntLayer/Development/il-ms-paymentupdate-transformer-obsolete
12 HP-BIO-KPMC/KPMCIntLayer/Development/il-ms-fs-addressvalidation_cluster-obsolete
12 HP-BIO-KPMC/KPMCIntLayer/Development/il-batch-outbound-cpcbilltransformer-obsolete
12 HP-BIO-KPMC/KPMCGSU/Development/cac_rule_ms-obsolete
12 HP-BIO-KPMC/KPMCGSU/Development/cac_plan_ms-obsolete
12 HP-BIO-KPMC/KPMCDMS/Development/dm-de-bletter-dbcore-obsolete
12 HP-BIO-KPMC/KPMCDMS/Development/dm-dafe-ackweb_cluster-obsolete
12 HP-BIO-KPMC/KPMCCAM/DevOps_Release/cam-ms-router-bff
12 HP-BIO-KPMC/KPMCCAM/DevOps_Release/cam-batch-idl-fsdeactivationack
12 HP-BIO-KPMC/KPMCCAM/DevOps_Release/cam-batch-idl-customer
12 HP-BIO-KPMC/KPIF-ON/il-fw-splunk-logclient/SelfService/DevOps_Release/ssindvbff
12 HP-BIO-KPMC/KPIF-ON/il-fw-splunk-logclient/KPMCSS/Development/il-ms-crosswalk
12 HP-BIO-KPMC/KPIF-ON/il-fw-splunk-logclient/KPMCIntLayer/Development/il-ui-console
12 HP-BIO-KPMC/KPIF-ON/il-fw-splunk-logclient/KPMCIntLayer/Development/il-ms-landingpage
12 HP-BIO-KPMC/KPIF-ON/il-fw-splunk-logclient/KPMCIntLayer/Development/il-ms-kbsql-ept-add-extract
12 HP-BIO-KPMC/KPIF-ON/il-fw-splunk-logclient/KPMCIntLayer/Development/il-ms-extract-fw-sor-filewriter
12 HP-BIO-KPMC/KPIF-ON/il-fw-splunk-logclient/KPMCIntLayer/Development/il-ms-extract-demcvgwa-transformer
12 HP-BIO-KPMC/KPIF-ON/il-fw-splunk-logclient/KPMCIntLayer/DevOps_Release/il-ms-kbsql-ept-add-extract
12 HP-BIO-KPMC/KPIF-ON/il-fw-splunk-logclient/KPMCIntLayer/DevOps_Release/il-ms-extract-fw-sor-filewriter
12 HP-BIO-KPMC/KPIF-ON/il-fw-splunk-logclient/KPMCGSU/Development/cac_rule_common
12 HP-BIO-KPMC/KPIF-ON/il-fw-splunk-logclient/KPMCGSU/Development/cac_contract_common
12 HP-BIO-KPMC/KPIF-ON/il-fw-splunk-logclient/KPMCGSU/DevOps_Release/cac_plan_common
12 HP-BIO-KPMC/KPIF-ON/il-fw-splunk-logclient/KPMCDMS/Development/dm-softheon-lhcorres
12 HP-BIO-KPMC/KPIF-ON/il-fw-splunk-logclient/KPMCDMS/Development/dm-idce-pidcardh
12 HP-BIO-KPMC/KPIF-ON/il-fw-splunk-logclient/KPMCDMS/Development/dm-idce-lidcardh
12 HP-BIO-KPMC/KPIF-ON/il-fw-splunk-logclient/KPMCDMS/Development/dm-de-dbcore
12 HP-BIO-KPMC/KPIF-ON/il-fw-splunk-logclient/KPMCDMS/DevOps_Release/dm-softheon-lhcorres
12 HP-BIO-KPMC/KPIF-ON/il-fw-splunk-logclient/KPMCDMS/DevOps_Release/dm-idce-pidcardh
12 HP-BIO-KPMC/KPIF-ON/il-fw-splunk-logclient/KPMCDMS/DevOps_Release/dm-idce-lidcardh
12 HP-BIO-KPMC/KPIF-ON/il-fw-splunk-logclient/KPMCCAM/Development/cam-ms-router-bff
12 HP-BIO-KPMC/KPIF-ON/il-fw-splunk-logclient/KPMCCAM/DevOps_Release/cam-ms-router-bff
12 HP-BIO-KPMC/KPIF-ON/SelfService/Velocity/ssindvdocumentsrvc
12 HP-BIO-KPMC/KPIF-ON/KPMCUserAuth/DevOps_Release/il-ui-fw-userauth
12 HP-BIO-KPMC/KPIF-ON/KPMCIntLayer/Development/il-ms-kbsql-ept-dem-extract
12 HP-BIO-KPMC/KPIF-ON/KPMCIntLayer/Development/il-ms-kbsql-ept-add-extract
12 HP-BIO-KPMC/KPIF-ON/KPMCIntLayer/Development/il-ms-extract-fw-sor-filewriter
12 HP-BIO-KPMC/KPIF-ON/KPMCIntLayer/Development/il-ms-acirefund-requestor
12 HP-BIO-KPMC/KPIF-ON/KPMCIntLayer/Development/Il-batch-payinstructions-filewriter
12 HP-BIO-KPMC/KPIF-ON/KPMCIntLayer/DevOps_Release/il-ms-error
12 HP-BIO-KPMC/KPIF-ON/KPMCIntLayer/DevOps_Release/il-ms-console-bff
12 HP-BIO-KPMC/KPIF-ON/KPMCGSU/Development/kp_common_util
12 HP-BIO-KPMC/KPIF-ON/KPMCGSU/Development/cac_request_common
12 HP-BIO-KPMC/KPIF-ON/KPMCGSU/Development/cac_contact_common
12 HP-BIO-KPMC/KPIF-ON/KPMCGSU/DevOps_Release/cac_plan_ms
12 HP-BIO-KPMC/KPIF-ON/KPMCGSU/DevOps_Release/cac_contract_ms
12 HP-BIO-KPMC/KPIF-ON/KPMCGSU/DevOps_Release/cac_contact_ms
12 HP-BIO-KPMC/KPIF-ON/KPMCGSU/DevOps_Release/cac_batch
12 HP-BIO-KPMC/KPIF-ON/KPMCDMS/Development/docmgmt-ui-idceapi
12 HP-BIO-KPMC/KPIF-ON/KPMCCAM/Development/cam-batch-idl-kpifbill-pricing-dh-kpif-on
12 HP-BIO-EBSS/commercialbilling/Velocity/cb-ms-documentsBFF
12 HP-BIO-EBSS/COVID-21/Development/batchmrnassignmentandnotification
12 HP-BIO-CMS/Libraries/cms-parent
12 CSIT-DA/DSP-SharedTenant/DSP-API/DSP-API-Pipeline
12 CS-IT/NFST/KPRB/bc-rquest
12 CS-IT/NFST/KPRB/bc-insights
12 CS-IT/ASD/ENCRI/enc-modeltool
12 ASG-RAS/SupportPlus/DigitalStoreFrontEnd
11 KPInterchange/kp-cloud/kp-cloud4js-eventhub-kafka
11 KPInterchange/aks-samples/test folder/sts-configs
11 HP-SALES-MKTG-SYS/broker-service-kpifon-reporter
11 HP-SALES-MKTG-SYS/broker-service-kpif-lookup
11 HP-BIO-KPMC/KPMCUserAuth/DevOps_Release/il-ms-fw-userauth-bff
11 HP-BIO-KPMC/KPMCUserAuth/DevOps_Release/Il-ms-fw-userauth-userprofiles
11 HP-BIO-KPMC/KPMCIntLayer/Devops_Release/il-batch-outbound-cpcbillextract-consolidated
11 HP-BIO-KPMC/KPMCIntLayer/Development/il-batch-outbound-cpcbilltransformer-consolidated-obsolete
11 HP-BIO-KPMC/KPMCIntLayer/Development/il-batch-aprefund-transformer-obsolete
11 HP-BIO-KPMC/KPMCIntLayer/Development/il-batch-aprefund-fsextractor-obsolete
11 HP-BIO-KPMC/KPMCGSU/Development/cac_publish_ms-obsolete
11 HP-BIO-KPMC/KPMCCAM/DevOps_Release/cam-batch-idl-account
11 HP-BIO-KPMC/KPMC-Utilities/postgres-higher-level/CAC-BATCH-LIQUIBASE-HIGHER-LEVEL-DB
11 HP-BIO-KPMC/KPMC-Utilities/db_sql_automation
11 HP-BIO-KPMC/KPIF-ON/il-fw-splunk-logclient/KPMCUserAuth/Development/il-ms-fw-userauth-ldapaccess
11 HP-BIO-KPMC/KPIF-ON/il-fw-splunk-logclient/KPMCSS/DevOps_Release/il-ms-crosswalk
11 HP-BIO-KPMC/KPIF-ON/il-fw-splunk-logclient/KPMCIntLayer/Development/il-ui-landingpage
11 HP-BIO-KPMC/KPIF-ON/il-fw-splunk-logclient/KPMCIntLayer/Development/il-ms-search
11 HP-BIO-KPMC/KPIF-ON/il-fw-splunk-logclient/KPMCIntLayer/Development/il-ms-mastercode
11 HP-BIO-KPMC/KPIF-ON/il-fw-splunk-logclient/KPMCIntLayer/Development/il-ms-kbsql-nur-extract
11 HP-BIO-KPMC/KPIF-ON/il-fw-splunk-logclient/KPMCIntLayer/Development/il-ms-kbsql-nsc-extract
11 HP-BIO-KPMC/KPIF-ON/il-fw-splunk-logclient/KPMCIntLayer/Development/il-ms-kbsql-cvg-add-extract
11 HP-BIO-KPMC/KPIF-ON/il-fw-splunk-logclient/KPMCIntLayer/Development/il-ms-fw-console-bff
11 HP-BIO-KPMC/KPIF-ON/il-fw-splunk-logclient/KPMCIntLayer/Development/il-fw-tams-server
11 HP-BIO-KPMC/KPIF-ON/il-fw-splunk-logclient/KPMCIntLayer/DevOps_Release/il-ms-search
11 HP-BIO-KPMC/KPIF-ON/il-fw-splunk-logclient/KPMCIntLayer/DevOps_Release/il-ms-kbsql-nur-extract
11 HP-BIO-KPMC/KPIF-ON/il-fw-splunk-logclient/KPMCIntLayer/DevOps_Release/il-ms-kbsql-nsc-extract
11 HP-BIO-KPMC/KPIF-ON/il-fw-splunk-logclient/KPMCIntLayer/DevOps_Release/il-ms-kbsql-cvg-add-extract
11 HP-BIO-KPMC/KPIF-ON/il-fw-splunk-logclient/KPMCIntLayer/DevOps_Release/il-ms-fw-console-bff
11 HP-BIO-KPMC/KPIF-ON/il-fw-splunk-logclient/KPMCIntLayer/DevOps_Release/il-ms-extract-fw-sor-filereader
11 HP-BIO-KPMC/KPIF-ON/il-fw-splunk-logclient/KPMCIntLayer/DevOps_Release/il-ms-extract-demcvgwa-transformer
11 HP-BIO-KPMC/KPIF-ON/il-fw-splunk-logclient/KPMCIntLayer/DevOps_Release/il-ms-console-bff
11 HP-BIO-KPMC/KPIF-ON/il-fw-splunk-logclient/KPMCIntLayer/DevOps_Release/il-fw-tams-server
11 HP-BIO-KPMC/KPIF-ON/il-fw-splunk-logclient/KPMCGSU/Development/cacwls
11 HP-BIO-KPMC/KPIF-ON/il-fw-splunk-logclient/KPMCGSU/Development/cac_request_common
11 HP-BIO-KPMC/KPIF-ON/il-fw-splunk-logclient/KPMCGSU/Development/cac_contact_common
11 HP-BIO-KPMC/KPIF-ON/il-fw-splunk-logclient/KPMCGSU/DevOps_Release/cac_rule_common
11 HP-BIO-KPMC/KPIF-ON/il-fw-splunk-logclient/KPMCGSU/DevOps_Release/cac_contract_common
11 HP-BIO-KPMC/KPIF-ON/il-fw-splunk-logclient/KPMCDMS/Development/docmgmt-ui-idceapi
11 HP-BIO-KPMC/KPIF-ON/il-fw-splunk-logclient/KPMCDMS/DevOps_Release/docmgmt-ui-idceapi
11 HP-BIO-KPMC/KPIF-ON/il-fw-splunk-logclient/KPMCDMS/DevOps_Release/dm-de-rdr-dbcore
11 HP-BIO-KPMC/KPIF-ON/il-fw-splunk-logclient/KPMCCAM/Development/Il-ui-fw-camrouting
11 HP-BIO-KPMC/KPIF-ON/KPMCUserAuth/Development/Il-ms-fw-userauth-bff
11 HP-BIO-KPMC/KPIF-ON/KPMCIntLayer/Development/il-ms-landingpage-bff
11 HP-BIO-KPMC/KPIF-ON/KPMCIntLayer/Development/il-ms-kbsql-nur-extract
11 HP-BIO-KPMC/KPIF-ON/KPMCIntLayer/Development/il-ms-kbsql-nsc-extract
11 HP-BIO-KPMC/KPIF-ON/KPMCIntLayer/Development/il-ms-kbsql-cvg-rid-extract
11 HP-BIO-KPMC/KPIF-ON/KPMCIntLayer/Development/il-ms-fw-console-bff
11 HP-BIO-KPMC/KPIF-ON/KPMCIntLayer/Development/il-ms-extract-fw-stager
11 HP-BIO-KPMC/KPIF-ON/KPMCIntLayer/Development/il-ms-extract-fw-sor-filereader
11 HP-BIO-KPMC/KPIF-ON/KPMCIntLayer/Development/il-ms-extract-demcvgwa-transformer
11 HP-BIO-KPMC/KPIF-ON/KPMCIntLayer/Development/il-fw-tams-server
11 HP-BIO-KPMC/KPIF-ON/KPMCIntLayer/Development/il-batch-aciextract-filewriter
11 HP-BIO-KPMC/KPIF-ON/KPMCIntLayer/DevOps_Release/il-ms-mbrchgpub-cm-demographics-adaptor-hi
11 HP-BIO-KPMC/KPIF-ON/KPMCIntLayer/DevOps_Release/il-ms-mastercode
11 HP-BIO-KPMC/KPIF-ON/KPMCIntLayer/DevOps_Release/il-ms-landingpage-bff
11 HP-BIO-KPMC/KPIF-ON/KPMCGSU/Development/cac_customer_common
11 HP-BIO-KPMC/KPIF-ON/KPMCGSU/DevOps_Release/cac_publish_ms
11 HP-BIO-KPMC/KPIF-ON/KPMCDMS/Development/dm-idce-idcard-dbcore
11 HP-BIO-KPMC/KPIF-ON/KPMCDMS/Development/dm-de-rdr-dbcore
11 HP-BIO-KPMC/KPIF-ON/KPMCDMS/DevOps_Release/dm-sftp-statusconsumer
11 HP-BIO-KPMC/KPIF-ON/KPMCCAM/Development/Il-ui-fw-camrouting
11 HP-BIO-KPMC/KPIF-ON/KPMCCAM/DevOps_Release/cam-batch-idl-kpifbill-pricing-dh-kpif-on
11 HP-BIO-KPMC/AutoSQLDeployment/cam-db-load-base-data-scripts
11 HP-BIO-EBSS/medicare/devops_release/ssindvbinderdcrypt
11 HP-BIO-EBSS/medicare/devops_release/mmssmedicareui
11 HP-BIO-EBSS/medicare/devops_release/mmssbff
11 HP-BIO-EBSS/gusto_cpa/devops_release/ssautomator
11 HP-BIO-EBSS/gusto_cpa/Velocity/ssgrpsrvc
11 HP-BIO-EBSS/ebss/Velocity/groupchangemqpull
11 HP-BIO-EBSS/commercialbilling/Devops_Release/documentsclientui
11 HP-BIO-EBSS/commercialbilling/Development/cb-ms-accountsummary
11 HP-BIO-EBSS/ManagePayments_Final_Regression_QA/COVID-21/Development/indvmbrshputil
11 HP-BIO-EBSS/COVID-21/Velocity/bulkmrnprocess
11 Data-Analytics/DA-KEAPCDF/keap-cdf-test
11 CTO-EA-SOI/CTO-EA-SOI-Framework/HDI4-Framework-Components/KP-AKS-ChatBox/kp-kpd-benefits-loader-api
11 CTO-EA-SOI/CTO-EA-SOI-Framework/ADF-NonProd-PROD-Pipeline/KP-KPD-DUFSVC
11 CTO-EA-SOI/CTO-EA-SOI-Framework/ADF-NonProd-PROD-Pipeline/KP-KPD-DAUSVC
11 CTO-EA-SOI/CTO-EA-SOI-Framework/ADF-NonProd-PROD-Pipeline/ADF-SOI-ModelOps-AKSdeploy
11 CS-IT/NFST/KPRB/SAS-Vendorflow
11 CS-IT/CPXQATESTING/cpx-pcs-epims-adapter-qa-automation-new
11 CS-IT/CPCMPCPIE/cpx-pmtcore-mpcpie
11 CS-IT/ASD/A20 Audit and Monitor/Azure Data Factory
11 CDTS/Insight Driven/IDVN_Services
10 KPInterchange/kp-cloud/kp-cloud4py-sample
10 KPInterchange/kp-cloud/kp-cloud4js-postgres-sample
10 KPInterchange/kp-cloud/kp-cloud4java-filetransfer
10 KPInterchange/kp-cloud/kp-cloud4java-cosmosdb-sqlapi-sample
10 KPInterchange/aks-samples/test folder/kp-cloud4java-scheduler
10 KPD-DAIP/KPD-DAIP-Infrastructure/Trino/KP-KPD-Starburst-Presto
10 HPDT/MEPDR/HPDT_MEPDR_DBX_DEPLOYMENT
10 HP-BIO-KPMC/KPMCUserAuth/Development/il-ms-fw-userauth-massupdates-obsolete
10 HP-BIO-KPMC/KPMCIntLayer/Devops_Release/ods-batch-shell
10 HP-BIO-KPMC/KPMCIntLayer/Devops_Release/il-batch-aprefund-transformer
10 HP-BIO-KPMC/KPMCIntLayer/Devops_Release/Il-batch-payinstructions-transformer
10 HP-BIO-KPMC/KPMCDMS/Development/dm-de-util-obsolete
10 HP-BIO-KPMC/KPMCDMS/DevOps_Release/dm-de-ginvoice-dbcore
10 HP-BIO-KPMC/KPMCDMS/DevOps_Release/dm-dafe-dbcore
10 HP-BIO-KPMC/KPMC-Utilities/kpmc-configuration-management-job-copy
10 HP-BIO-KPMC/KPIF-ON/il-fw-splunk-logclient/KPMCIntLayer/Development/il-ms-ormbtokpbanks-transformer
10 HP-BIO-KPMC/KPIF-ON/il-fw-splunk-logclient/KPMCIntLayer/Development/il-ms-memberlookup
10 HP-BIO-KPMC/KPIF-ON/il-fw-splunk-logclient/KPMCIntLayer/Development/il-ms-mbrchgpub-common
10 HP-BIO-KPMC/KPIF-ON/il-fw-splunk-logclient/KPMCIntLayer/Development/il-ms-mbrchgpub-cm-demographics-router
10 HP-BIO-KPMC/KPIF-ON/il-fw-splunk-logclient/KPMCIntLayer/Development/il-ms-kbsql-ept-cvg-extract
10 HP-BIO-KPMC/KPIF-ON/il-fw-splunk-logclient/KPMCIntLayer/Development/il-ms-kbsql-dpg-del-extract
10 HP-BIO-KPMC/KPIF-ON/il-fw-splunk-logclient/KPMCIntLayer/Development/il-ms-kbsql-cvg-extract
10 HP-BIO-KPMC/KPIF-ON/il-fw-splunk-logclient/KPMCIntLayer/Development/il-ms-extract-fw-sor-filereader
10 HP-BIO-KPMC/KPIF-ON/il-fw-splunk-logclient/KPMCIntLayer/Development/il-ms-extract-fw-filewriter
10 HP-BIO-KPMC/KPIF-ON/il-fw-splunk-logclient/KPMCIntLayer/Development/il-ms-extract-demcvgwa-dqr
10 HP-BIO-KPMC/KPIF-ON/il-fw-splunk-logclient/KPMCIntLayer/Development/il-ms-cpcautopay-processor
10 HP-BIO-KPMC/KPIF-ON/il-fw-splunk-logclient/KPMCIntLayer/Development/il-ms-cac-epicschema
10 HP-BIO-KPMC/KPIF-ON/il-fw-splunk-logclient/KPMCIntLayer/Development/il-ms-batch-dbdataload
10 HP-BIO-KPMC/KPIF-ON/il-fw-splunk-logclient/KPMCIntLayer/DevOps_Release/il-ui-landingpage
10 HP-BIO-KPMC/KPIF-ON/il-fw-splunk-logclient/KPMCIntLayer/DevOps_Release/il-ui-console
10 HP-BIO-KPMC/KPIF-ON/il-fw-splunk-logclient/KPMCIntLayer/DevOps_Release/il-ms-ormbtokpbanks-transformer
10 HP-BIO-KPMC/KPIF-ON/il-fw-splunk-logclient/KPMCIntLayer/DevOps_Release/il-ms-mbrchgpub-common
10 HP-BIO-KPMC/KPIF-ON/il-fw-splunk-logclient/KPMCIntLayer/DevOps_Release/il-ms-mbrchgpub-cm-demographics-router
10 HP-BIO-KPMC/KPIF-ON/il-fw-splunk-logclient/KPMCIntLayer/DevOps_Release/il-ms-landingpage-bff
10 HP-BIO-KPMC/KPIF-ON/il-fw-splunk-logclient/KPMCIntLayer/DevOps_Release/il-ms-kbsql-ept-cvg-extract
10 HP-BIO-KPMC/KPIF-ON/il-fw-splunk-logclient/KPMCIntLayer/DevOps_Release/il-ms-kbsql-cvg-extract
10 HP-BIO-KPMC/KPIF-ON/il-fw-splunk-logclient/KPMCIntLayer/DevOps_Release/il-ms-extract-demcvgwa-dqr
10 HP-BIO-KPMC/KPIF-ON/il-fw-splunk-logclient/KPMCIntLayer/DevOps_Release/il-ms-cpcautopay-processor
10 HP-BIO-KPMC/KPIF-ON/il-fw-splunk-logclient/KPMCIntLayer/DevOps_Release/il-ms-batch-dbdataload
10 HP-BIO-KPMC/KPIF-ON/il-fw-splunk-logclient/KPMCIntLayer/DevOps_Release/il-batch-payinstructions-transformer
10 HP-BIO-KPMC/KPIF-ON/il-fw-splunk-logclient/KPMCIntLayer/DevOps_Release/il-batch-outbound-aciextract
10 HP-BIO-KPMC/KPIF-ON/il-fw-splunk-logclient/KPMCGSU/Development/kp_common_util
10 HP-BIO-KPMC/KPIF-ON/il-fw-splunk-logclient/KPMCGSU/Development/cac_customer_common
10 HP-BIO-KPMC/KPIF-ON/il-fw-splunk-logclient/KPMCGSU/DevOps_Release/cacwls
10 HP-BIO-KPMC/KPIF-ON/il-fw-splunk-logclient/KPMCGSU/DevOps_Release/cac_request_common
10 HP-BIO-KPMC/KPIF-ON/il-fw-splunk-logclient/KPMCGSU/DevOps_Release/cac_customer_common
10 HP-BIO-KPMC/KPIF-ON/il-fw-splunk-logclient/KPMCGSU/DevOps_Release/cac_contact_common
10 HP-BIO-KPMC/KPIF-ON/il-fw-splunk-logclient/KPMCDMS/Development/dm-idce-cpidcard
10 HP-BIO-KPMC/KPIF-ON/il-fw-splunk-logclient/KPMCDMS/Development/dm-de-rdr-dbcore
10 HP-BIO-KPMC/KPIF-ON/il-fw-splunk-logclient/KPMCDMS/DevOps_Release/dm-idce-cpidcard
10 HP-BIO-KPMC/KPIF-ON/il-fw-splunk-logclient/KPMCDMS/DevOps_Release/dm-eoc-dbcore
10 HP-BIO-KPMC/KPIF-ON/il-fw-splunk-logclient/KPMCCAM/Development/cam-batch-idl-dbutil
10 HP-BIO-KPMC/KPIF-ON/il-fw-splunk-logclient/KPMCCAM/DevOps_Release/il-ms-batch-dbdataload
10 HP-BIO-KPMC/KPIF-ON/SelfService/DevOps_Release/ssindvdatasrvc
10 HP-BIO-KPMC/KPIF-ON/SelfService/DevOps_Release/ssindvbinderpaymentth
10 HP-BIO-KPMC/KPIF-ON/KPMCSS/Development/il-ms-crosswalk
10 HP-BIO-KPMC/KPIF-ON/KPMCSS/DevOps_Release/il-ms-crosswalk
10 HP-BIO-KPMC/KPIF-ON/KPMCIntLayer/Development/il-ms-ormbtokpbanks-transformer
10 HP-BIO-KPMC/KPIF-ON/KPMCIntLayer/Development/il-ms-mastercode
10 HP-BIO-KPMC/KPIF-ON/KPMCIntLayer/Development/il-ms-kbsql-ept-extract
10 HP-BIO-KPMC/KPIF-ON/KPMCIntLayer/Development/il-ms-kbsql-cvg-out-extract
10 HP-BIO-KPMC/KPIF-ON/KPMCIntLayer/Development/il-ms-kbsql-cvg-extract
10 HP-BIO-KPMC/KPIF-ON/KPMCIntLayer/Development/il-ms-extract-fw-filewriter
10 HP-BIO-KPMC/KPIF-ON/KPMCIntLayer/Development/il-ms-extract-dmss-emws-returned-mail-publisher
10 HP-BIO-KPMC/KPIF-ON/KPMCIntLayer/Development/il-ms-extract-demcvgwa-dqr
10 HP-BIO-KPMC/KPIF-ON/KPMCIntLayer/Development/il-ms-cac-epictransformer
10 HP-BIO-KPMC/KPIF-ON/KPMCIntLayer/Development/il-ms-cac-epicschema
10 HP-BIO-KPMC/KPIF-ON/KPMCIntLayer/Development/il-ms-benefits
10 HP-BIO-KPMC/KPIF-ON/KPMCIntLayer/Development/il-ms-batch-dbdataload
10 HP-BIO-KPMC/KPIF-ON/KPMCIntLayer/Development/il-batch-cpcextract-filewriter
10 HP-BIO-KPMC/KPIF-ON/KPMCIntLayer/DevOps_Release/il-ui-landingpage
10 HP-BIO-KPMC/KPIF-ON/KPMCIntLayer/DevOps_Release/il-ms-memberinquiry-v2m2
10 HP-BIO-KPMC/KPIF-ON/KPMCIntLayer/DevOps_Release/il-ms-mbrchgpub-cm-demographics-adaptor
10 HP-BIO-KPMC/KPIF-ON/KPMCIntLayer/DevOps_Release/il-ms-fw-console-bff
10 HP-BIO-KPMC/KPIF-ON/KPMCIntLayer/DevOps_Release/docker-image-test
10 HP-BIO-KPMC/KPIF-ON/KPMCGSU/Velocity/cac_publish_ms
10 HP-BIO-KPMC/KPIF-ON/KPMCGSU/Velocity/cac_batch_ms
10 HP-BIO-KPMC/KPIF-ON/KPMCDMS/Development/dm-softheon-lhcorres
10 HP-BIO-KPMC/KPIF-ON/KPMCDMS/Development/dm-de-dbcore
10 HP-BIO-KPMC/KPIF-ON/KPMCDMS/Development/dm-dafe-ackweb_cluster
10 HP-BIO-KPMC/KPIF-ON/KPMCDMS/DevOps_Release/dm-de-lbill
10 HP-BIO-KPMC/KPIF-ON/KPMCDMS/DevOps_Release/dm-de-ginvoice-dbcore
10 HP-BIO-KPMC/KPIF-ON/KPMCCAM/DevOps_Release/Il-ui-fw-camrouting
10 HP-BIO-EBSS/medicare/devops_release/mmsswls
10 HP-BIO-EBSS/medicare/devops_release/mmssmedicarepurge
10 HP-BIO-EBSS/ManagePayments_Final_Regression_QA/commercialbilling/Development/cb-ms-schedule-payments
10 HP-BIO-EBSS/ManagePayments_Final_Regression_QA/commercialbilling/Development/cb-ms-accountsummary
10 HP-BIO-DMS/ICE/Azure-Utilities/New-Automation-Pipelines/ICE-PDF Deploy - Automation
10 CTO-EA-SOI/CTO-EA-SOI-Framework/ADF-NonProd-PROD-Pipeline/kp-kpd-benefit-loader-NEW
10 CTO-EA-SOI/CTO-EA-SOI-Framework/ADF-NonProd-PROD-Pipeline/KP-KPD-DUFUI
10 CSIT-DA/DSP/DSP-API/serverdeploy
10 CS-IT/NFST/KPRB/bc-link
10 CS-IT/CPXSKILLNET/CPX_ALTERNATE
10 CS-IT/CPXPAYMENTCORE/cpx-pmtcore-pr-test
10 CS-IT/CPXPAYMENTCORE/cpx-pmtcore-ewallet-data-model
10 CS-IT/CPXPAYMENTCORE/cpx-pmtcore-cardtxn
10 CS-IT/ASD/MMT/MMT_NLRF_DBX
10 CNOE/DevSecOps-Liquibase-Automation
10 CNOE/AzureSamples/Promotion_pipelines/jenkins_service
10 CNOE/AzureSamples/Promotion_pipelines/eventhubs/az_eventhub_standard
10 CNOE/AzureSamples/Promotion_pipelines/cosmosdb/azure_master_cosomodb_mongo_api
10 CAS-Paas/Azure-CLI/JenkinSharedLibrary/Playground/josh/resource-deployments/kp-azure-josh
9 KPInterchange/kp-cloud/kp-cloud4py-events-processor
9 KPInterchange/aks-samples/Threat Modeler
9 HP-SALES-MKTG-SYS/broker-service-kpifon-rocprcsr
9 HP-BIO/HP-SALES-MKTG-SYS-SEE/see-liquibase
9 HP-BIO/HP-SALES-MKTG-SYS-SEE/Bluemix/see-dataloader-service
9 HP-BIO/HP-MKTG-MEDICARE-SYS-CFMP/cfmp_patientencounter_RE_automation
9 HP-BIO-KPMC/KPMCUserAuth/DevOps_Release/il-ms-fw-userauth-rolecapabilities
9 HP-BIO-KPMC/KPMCSS/DevOps_Release/il-ms-referencetypes-bff
9 HP-BIO-KPMC/KPMCIntLayer/Devops_Release/il-batch-outbound-cpcbillextract-consolidated-ormb
9 HP-BIO-KPMC/KPMCIntLayer/Development/ods-batch-shell-obsolete
9 HP-BIO-KPMC/KPMCIntLayer/Development/il-batch-fmeextract-transformer-obsolete
9 HP-BIO-KPMC/KPMCDMS/DevOps_Release/dm-de-bletter-dbcore
9 HP-BIO-KPMC/KPMCDMS/DevOps_Release/dm-dafe-importprocess
9 HP-BIO-KPMC/KPMCCAM/Development/cam-ms-router-customerconfig-obsolete
9 HP-BIO-KPMC/KPMCCAM/Development/cam-batch-idl-dbutil-obsolete
9 HP-BIO-KPMC/KPMC-Utilities/db-liquibase-poc
9 HP-BIO-KPMC/KPIF-ON/il-fw-splunk-logclient/utilities/kpconfig-updates-dev-cam
9 HP-BIO-KPMC/KPIF-ON/il-fw-splunk-logclient/SelfService/DevOps_Release/ssindvormbbff
9 HP-BIO-KPMC/KPIF-ON/il-fw-splunk-logclient/KPMCIntLayer/Development/il-ms-phiaccess-audit
9 HP-BIO-KPMC/KPIF-ON/il-fw-splunk-logclient/KPMCIntLayer/Development/il-ms-mbrchgpub-outbound-processor
9 HP-BIO-KPMC/KPIF-ON/il-fw-splunk-logclient/KPMCIntLayer/Development/il-ms-mbrchgpub-hl7-adaptor
9 HP-BIO-KPMC/KPIF-ON/il-fw-splunk-logclient/KPMCIntLayer/Development/il-ms-mbrchgpub-cm-demographics-adaptor-hi
9 HP-BIO-KPMC/KPIF-ON/il-fw-splunk-logclient/KPMCIntLayer/Development/il-ms-mbrchgpub-cm-classic-adaptor
9 HP-BIO-KPMC/KPIF-ON/il-fw-splunk-logclient/KPMCIntLayer/Development/il-ms-mbrchgpub-classic-inbound-processor
9 HP-BIO-KPMC/KPIF-ON/il-fw-splunk-logclient/KPMCIntLayer/Development/il-ms-landingpage-bff
9 HP-BIO-KPMC/KPIF-ON/il-fw-splunk-logclient/KPMCIntLayer/Development/il-ms-kbsql-ppg-extract
9 HP-BIO-KPMC/KPIF-ON/il-fw-splunk-logclient/KPMCIntLayer/Development/il-ms-kbsql-ept-extract
9 HP-BIO-KPMC/KPIF-ON/il-fw-splunk-logclient/KPMCIntLayer/Development/il-ms-kbsql-ept-eml-extract
9 HP-BIO-KPMC/KPIF-ON/il-fw-splunk-logclient/KPMCIntLayer/Development/il-ms-kbsql-ept-dem-extract
9 HP-BIO-KPMC/KPIF-ON/il-fw-splunk-logclient/KPMCIntLayer/Development/il-ms-kbsql-epp-extract
9 HP-BIO-KPMC/KPIF-ON/il-fw-splunk-logclient/KPMCIntLayer/Development/il-ms-extract-dmss-emws-returned-mail-publisher
9 HP-BIO-KPMC/KPIF-ON/il-fw-splunk-logclient/KPMCIntLayer/Development/il-ms-demographics
9 HP-BIO-KPMC/KPIF-ON/il-fw-splunk-logclient/KPMCIntLayer/Development/il-ms-datahubms
9 HP-BIO-KPMC/KPIF-ON/il-fw-splunk-logclient/KPMCIntLayer/Development/il-ms-datahub-models
9 HP-BIO-KPMC/KPIF-ON/il-fw-splunk-logclient/KPMCIntLayer/Development/il-ms-customer
9 HP-BIO-KPMC/KPIF-ON/il-fw-splunk-logclient/KPMCIntLayer/Development/il-ms-cano-bprs
9 HP-BIO-KPMC/KPIF-ON/il-fw-splunk-logclient/KPMCIntLayer/Development/il-ms-cac-ormb-transformer
9 HP-BIO-KPMC/KPIF-ON/il-fw-splunk-logclient/KPMCIntLayer/Development/il-ms-cac-epictransformer
9 HP-BIO-KPMC/KPIF-ON/il-fw-splunk-logclient/KPMCIntLayer/Development/il-ms-cac-canonicalschema
9 HP-BIO-KPMC/KPIF-ON/il-fw-splunk-logclient/KPMCIntLayer/Development/il-ms-broker
9 HP-BIO-KPMC/KPIF-ON/il-fw-splunk-logclient/KPMCIntLayer/Development/il-ms-boalockboxpayment-transformer
9 HP-BIO-KPMC/KPIF-ON/il-fw-splunk-logclient/KPMCIntLayer/Development/il-ms-bnymellonlockboxpayment-transformer
9 HP-BIO-KPMC/KPIF-ON/il-fw-splunk-logclient/KPMCIntLayer/Development/il-ms-benefits
9 HP-BIO-KPMC/KPIF-ON/il-fw-splunk-logclient/KPMCIntLayer/Development/il-ms-adpt-tapmem
9 HP-BIO-KPMC/KPIF-ON/il-fw-splunk-logclient/KPMCIntLayer/Development/il-datahub-load-benefitrollup
9 HP-BIO-KPMC/KPIF-ON/il-fw-splunk-logclient/KPMCIntLayer/Development/il-batch-payinstructions-transformer
9 HP-BIO-KPMC/KPIF-ON/il-fw-splunk-logclient/KPMCIntLayer/Development/il-batch-outbound-cpcextract
9 HP-BIO-KPMC/KPIF-ON/il-fw-splunk-logclient/KPMCIntLayer/Development/il-batch-aprefund-transformer
9 HP-BIO-KPMC/KPIF-ON/il-fw-splunk-logclient/KPMCIntLayer/Development/il-batch-aciextract-filewriter
9 HP-BIO-KPMC/KPIF-ON/il-fw-splunk-logclient/KPMCIntLayer/DevOps_Release/il-ms-phiaccess-audit
9 HP-BIO-KPMC/KPIF-ON/il-fw-splunk-logclient/KPMCIntLayer/DevOps_Release/il-ms-memberlookup
9 HP-BIO-KPMC/KPIF-ON/il-fw-splunk-logclient/KPMCIntLayer/DevOps_Release/il-ms-mbrchgpub-outbound-processor
9 HP-BIO-KPMC/KPIF-ON/il-fw-splunk-logclient/KPMCIntLayer/DevOps_Release/il-ms-mbrchgpub-hl7-adaptor
9 HP-BIO-KPMC/KPIF-ON/il-fw-splunk-logclient/KPMCIntLayer/DevOps_Release/il-ms-mbrchgpub-cm-demographics-adaptor-hi
9 HP-BIO-KPMC/KPIF-ON/il-fw-splunk-logclient/KPMCIntLayer/DevOps_Release/il-ms-mbrchgpub-cm-classic-adaptor
9 HP-BIO-KPMC/KPIF-ON/il-fw-splunk-logclient/KPMCIntLayer/DevOps_Release/il-ms-mbrchgpub-classic-inbound-processor
9 HP-BIO-KPMC/KPIF-ON/il-fw-splunk-logclient/KPMCIntLayer/DevOps_Release/il-ms-mastercode
9 HP-BIO-KPMC/KPIF-ON/il-fw-splunk-logclient/KPMCIntLayer/DevOps_Release/il-ms-kbsql-ppg-extract
9 HP-BIO-KPMC/KPIF-ON/il-fw-splunk-logclient/KPMCIntLayer/DevOps_Release/il-ms-kbsql-ept-extract
9 HP-BIO-KPMC/KPIF-ON/il-fw-splunk-logclient/KPMCIntLayer/DevOps_Release/il-ms-kbsql-ept-eml-extract
9 HP-BIO-KPMC/KPIF-ON/il-fw-splunk-logclient/KPMCIntLayer/DevOps_Release/il-ms-kbsql-ept-dem-extract
9 HP-BIO-KPMC/KPIF-ON/il-fw-splunk-logclient/KPMCIntLayer/DevOps_Release/il-ms-extract-dmss-emws-returned-mail-publisher
9 HP-BIO-KPMC/KPIF-ON/il-fw-splunk-logclient/KPMCIntLayer/DevOps_Release/il-ms-datahub-models
9 HP-BIO-KPMC/KPIF-ON/il-fw-splunk-logclient/KPMCIntLayer/DevOps_Release/il-ms-customer
9 HP-BIO-KPMC/KPIF-ON/il-fw-splunk-logclient/KPMCIntLayer/DevOps_Release/il-ms-crm-message-publisher
9 HP-BIO-KPMC/KPIF-ON/il-fw-splunk-logclient/KPMCIntLayer/DevOps_Release/il-ms-cano-bprs
9 HP-BIO-KPMC/KPIF-ON/il-fw-splunk-logclient/KPMCIntLayer/DevOps_Release/il-ms-cac-ormb-transformer
9 HP-BIO-KPMC/KPIF-ON/il-fw-splunk-logclient/KPMCIntLayer/DevOps_Release/il-ms-boalockboxpayment-transformer
9 HP-BIO-KPMC/KPIF-ON/il-fw-splunk-logclient/KPMCIntLayer/DevOps_Release/il-ms-bnymellonlockboxpayment-transformer
9 HP-BIO-KPMC/KPIF-ON/il-fw-splunk-logclient/KPMCIntLayer/DevOps_Release/il-ms-adpt-tapmem
9 HP-BIO-KPMC/KPIF-ON/il-fw-splunk-logclient/KPMCIntLayer/DevOps_Release/il-datahub-load-benefitrollup
9 HP-BIO-KPMC/KPIF-ON/il-fw-splunk-logclient/KPMCIntLayer/DevOps_Release/il-batch-outbound-cpcextract
9 HP-BIO-KPMC/KPIF-ON/il-fw-splunk-logclient/KPMCIntLayer/DevOps_Release/il-batch-aprefund-transformer
9 HP-BIO-KPMC/KPIF-ON/il-fw-splunk-logclient/KPMCGSU/DevOps_Release/kp_common_util
9 HP-BIO-KPMC/KPIF-ON/il-fw-splunk-logclient/KPMCDMS/Development/dm-idce-idcard-dbcore
9 HP-BIO-KPMC/KPIF-ON/il-fw-splunk-logclient/KPMCDMS/Development/dm-eoc-dbcore
9 HP-BIO-KPMC/KPIF-ON/il-fw-splunk-logclient/KPMCDMS/Development/dm-de-minvoice-dbcore
9 HP-BIO-KPMC/KPIF-ON/il-fw-splunk-logclient/KPMCDMS/Development/dm-dafe-ackweb_cluster
9 HP-BIO-KPMC/KPIF-ON/il-fw-splunk-logclient/KPMCDMS/DevOps_Release/dm-idce-idcard-dbcore
9 HP-BIO-KPMC/KPIF-ON/il-fw-splunk-logclient/KPMCDMS/DevOps_Release/dm-eoc-jbprocess
9 HP-BIO-KPMC/KPIF-ON/il-fw-splunk-logclient/KPMCDMS/DevOps_Release/dm-eoc-iqeprocess
9 HP-BIO-KPMC/KPIF-ON/il-fw-splunk-logclient/KPMCDMS/DevOps_Release/dm-de-minvoice-dbcore
9 HP-BIO-KPMC/KPIF-ON/il-fw-splunk-logclient/KPMCDMS/DevOps_Release/dm-dafe-ackweb_cluster
9 HP-BIO-KPMC/KPIF-ON/il-fw-splunk-logclient/KPMCCAM/Development/il-ms-batch-dbdataload
9 HP-BIO-KPMC/KPIF-ON/SelfService/DevOps_Release/ssindvormbbff
9 HP-BIO-KPMC/KPIF-ON/SelfService/DevOps_Release/ssindvbinderdcrypt
9 HP-BIO-KPMC/KPIF-ON/KPMCUserAuth/Velocity/il-ms-fw-userauth-massupdates
9 HP-BIO-KPMC/KPIF-ON/KPMCUserAuth/DevOps_Release/Il-ms-fw-userauth-bff
9 HP-BIO-KPMC/KPIF-ON/KPMCIntLayer/Development/il-ms-phiaccess-audit
9 HP-BIO-KPMC/KPIF-ON/KPMCIntLayer/Development/il-ms-mbrchgpub-cm-demographics-adaptor-co
9 HP-BIO-KPMC/KPIF-ON/KPMCIntLayer/Development/il-ms-kbsql-ppg-extract
9 HP-BIO-KPMC/KPIF-ON/KPMCIntLayer/Development/il-ms-kbsql-ept-eml-extract
9 HP-BIO-KPMC/KPIF-ON/KPMCIntLayer/Development/il-ms-kbsql-dpg-del-extract
9 HP-BIO-KPMC/KPIF-ON/KPMCIntLayer/Development/il-ms-kbsql-cpg-del-extract
9 HP-BIO-KPMC/KPIF-ON/KPMCIntLayer/Development/il-ms-identity
9 HP-BIO-KPMC/KPIF-ON/KPMCIntLayer/Development/il-ms-extract-ene-dispute-disposition-response-transformer
9 HP-BIO-KPMC/KPIF-ON/KPMCIntLayer/Development/il-ms-extract-dmss-emws-returned-mail-transformer
9 HP-BIO-KPMC/KPIF-ON/KPMCIntLayer/Development/il-ms-cpcautopay-transformer
9 HP-BIO-KPMC/KPIF-ON/KPMCIntLayer/Development/il-ms-cac-ormb-transformer
9 HP-BIO-KPMC/KPIF-ON/KPMCIntLayer/Development/il-ms-cac-canonicalschema
9 HP-BIO-KPMC/KPIF-ON/KPMCIntLayer/Development/il-ms-boalockboxpayment-transformer
9 HP-BIO-KPMC/KPIF-ON/KPMCIntLayer/Development/il-ms-bnymellonlockboxpayment-transformer
9 HP-BIO-KPMC/KPIF-ON/KPMCIntLayer/Development/il-ms-adpt-sftp
9 HP-BIO-KPMC/KPIF-ON/KPMCIntLayer/Development/il-datahub-load-benefitrollup
9 HP-BIO-KPMC/KPIF-ON/KPMCIntLayer/Development/il-batch-aprefund-transformer
9 HP-BIO-KPMC/KPIF-ON/KPMCIntLayer/DevOps_Release/il-ms-phiaccess-audit
9 HP-BIO-KPMC/KPIF-ON/KPMCIntLayer/DevOps_Release/il-batch-payinstructions-transformer
9 HP-BIO-KPMC/KPIF-ON/KPMCDMS/Development/dm-idce-cpidcard
9 HP-BIO-KPMC/KPIF-ON/KPMCDMS/DevOps_Release/docmgmt-ui-de-bff
9 HP-BIO-KPMC/KPIF-ON/KPMCDMS/DevOps_Release/dm-idce-idcard-dbcore
9 HP-BIO-KPMC/KPIF-ON/KPMCDMS/DevOps_Release/dm-de-prdr
9 HP-BIO-KPMC/KPIF-ON/KPMCCAM/Development/cam-batch-idl-dbutil
9 HP-BIO-KPMC/KPIF-OFF/KPMCCAM/Development/cam-ms-router-auditconfig-obsolete
9 HP-BIO-EBSS/medicare/devops_release/medicaredocumentretrieve
9 HP-BIO-EBSS/gusto_cpa/Development/kpcfgcmp
9 HP-BIO-EBSS/ebss/devops_release/nccsui
9 HP-BIO-EBSS/ebss/Velocity/ebssdocumentarchive
9 HP-BIO-EBSS/ManagePayments_Final_Regression_QA/ebss/devops_release/dwnldmbrlist
9 HP-BIO-EBSS/ManagePayments_Final_Regression_QA/COVID-21/DevOps_Release/batchmrnassignmentandnotification
9 HP-BIO-DMP/AZ Migration TDM/TDM KPMC LOAD
9 HP-BIO-CMS/Libraries/cms-scheduler-util
9 CTO-EA-SOI/CTO-EA-SOI-Framework/HDI4-Framework-Components/KP-AKS-ChatBox/KPD-DAIP-FACILITY-SEARCH
9 CTO-EA-SOI/CTO-EA-SOI-Framework/ADF-NonProd-PROD-Pipeline/KP-KPD-DAUUI
9 CS-IT/CPXPAYMENTCORE/cpx-pmtcore-pdiadpt
9 CS-IT/CPXPAYMENTCORE/cpx-pmtcore-blobstorage
9 CNOE/chandrapipelines/az_postgres_standalone
9 CNOE/AzureSamples/Promotion_pipelines/postGresJobs/az_postgres_standalone
9 CNOE/AzureSamples/Promotion_pipelines/cosmosdb/az_cosmosdb
8 KPInterchange/kp-cloud/kp-cloud4java-logback
8 KPD-DAIP/KPD-DAIP-Framework/kpd-benefit-recommender
8 KPD-DAIP/KPD-DAIP-Framework/NEW_MKT/Build_Publish_EPP
8 HP-SALES-MKTG-SYS/BPRS/BPRS_2024
8 HP-BIO-KPMC/KPMCIntLayer/Devops_Release/il-ms-phiaccess-audit
8 HP-BIO-KPMC/KPMCIntLayer/Devops_Release/il-ms-dpamanagement-processor_cluster
8 HP-BIO-KPMC/KPMCIntLayer/Devops_Release/il-ms-acipaymentupdate-transformer
8 HP-BIO-KPMC/KPMCIntLayer/Devops_Release/il-batch-outbound-cpcbilltransformer-consolidated-ormb
8 HP-BIO-KPMC/KPMCIntLayer/Devops_Release/il-batch-outbound-cpcbilltransformer-consolidated
8 HP-BIO-KPMC/KPMCIntLayer/Devops_Release/il-batch-outbound-cpcbilltransformer
8 HP-BIO-KPMC/KPMCIntLayer/Devops_Release/il-batch-outbound-cpcbillextract-ormb
8 HP-BIO-KPMC/KPMCIntLayer/Devops_Release/il-batch-outbound-cpcbillextract
8 HP-BIO-KPMC/KPMCIntLayer/Devops_Release/il-batch-aprefund-fsextractor
8 HP-BIO-KPMC/KPMCIntLayer/Development/il-ms-groupmanagement-transformer-obsolete
8 HP-BIO-KPMC/KPMCIntLayer/Development/il-fw-tams-manager-obsolete
8 HP-BIO-KPMC/KPMCIntLayer/Development/il-db-ormb-obsolete
8 HP-BIO-KPMC/KPMCIntLayer/Development/il-batch-outbound-cpcbillextract-obsolete
8 HP-BIO-KPMC/KPMCGSU/Development/cac_rule_common-obsolete
8 HP-BIO-KPMC/KPMCCAM/DevOps_Release/cam-ms-router-customerconfig_cluster
8 HP-BIO-KPMC/KPMC-Utilities/testHPTS/db-liquibase-poc
8 HP-BIO-KPMC/KPIF-ON/utilities/kpconfig-updates-dev-di-billing
8 HP-BIO-KPMC/KPIF-ON/il-fw-splunk-logclient/SelfService/DevOps_Release/ssindvmbrsrch
8 HP-BIO-KPMC/KPIF-ON/il-fw-splunk-logclient/SelfService/DevOps_Release/ssindvdatasrvc
8 HP-BIO-KPMC/KPIF-ON/il-fw-splunk-logclient/SelfService/DevOps_Release/ssindvbinderpaymentth
8 HP-BIO-KPMC/KPIF-ON/il-fw-splunk-logclient/SelfService/DevOps_Release/ssindvbinderpaymentpaynow
8 HP-BIO-KPMC/KPIF-ON/il-fw-splunk-logclient/KPMCUserAuth/DevOps_Release/il-ms-fw-userauth-ldapaccess
8 HP-BIO-KPMC/KPIF-ON/il-fw-splunk-logclient/KPMCIntLayer/Development/il-ms-products
8 HP-BIO-KPMC/KPIF-ON/il-fw-splunk-logclient/KPMCIntLayer/Development/il-ms-mbrchgpub-cm-demographics-adaptor
8 HP-BIO-KPMC/KPIF-ON/il-fw-splunk-logclient/KPMCIntLayer/Development/il-ms-kbsql-nsc-aff-extract
8 HP-BIO-KPMC/KPIF-ON/il-fw-splunk-logclient/KPMCIntLayer/Development/il-ms-kbsql-hno-ref-extract
8 HP-BIO-KPMC/KPIF-ON/il-fw-splunk-logclient/KPMCIntLayer/Development/il-ms-kbsql-ept-obs-extract
8 HP-BIO-KPMC/KPIF-ON/il-fw-splunk-logclient/KPMCIntLayer/Development/il-ms-kbsql-cvg-rid-extract
8 HP-BIO-KPMC/KPIF-ON/il-fw-splunk-logclient/KPMCIntLayer/Development/il-ms-kbsql-cvg-his-extract
8 HP-BIO-KPMC/KPIF-ON/il-fw-splunk-logclient/KPMCIntLayer/Development/il-ms-kbsql-cpg-del-extract
8 HP-BIO-KPMC/KPIF-ON/il-fw-splunk-logclient/KPMCIntLayer/Development/il-ms-identity
8 HP-BIO-KPMC/KPIF-ON/il-fw-splunk-logclient/KPMCIntLayer/Development/il-ms-extract-dmss-emws-returned-mail-transformer
8 HP-BIO-KPMC/KPIF-ON/il-fw-splunk-logclient/KPMCIntLayer/Development/il-ms-custeligibhierarchy
8 HP-BIO-KPMC/KPIF-ON/il-fw-splunk-logclient/KPMCIntLayer/Development/il-ms-crm-message-publisher
8 HP-BIO-KPMC/KPIF-ON/il-fw-splunk-logclient/KPMCIntLayer/Development/il-ms-cac-emws-msgstransform
8 HP-BIO-KPMC/KPIF-ON/il-fw-splunk-logclient/KPMCIntLayer/Development/il-datahub-load-lockbox-boa
8 HP-BIO-KPMC/KPIF-ON/il-fw-splunk-logclient/KPMCIntLayer/Development/il-batch-outbound-cpcbilltransformer-ormb
8 HP-BIO-KPMC/KPIF-ON/il-fw-splunk-logclient/KPMCIntLayer/DevOps_Release/il-ms-products
8 HP-BIO-KPMC/KPIF-ON/il-fw-splunk-logclient/KPMCIntLayer/DevOps_Release/il-ms-mbrchgpub-cm-demographics-adaptor
8 HP-BIO-KPMC/KPIF-ON/il-fw-splunk-logclient/KPMCIntLayer/DevOps_Release/il-ms-kbsql-nsc-aff-extract
8 HP-BIO-KPMC/KPIF-ON/il-fw-splunk-logclient/KPMCIntLayer/DevOps_Release/il-ms-kbsql-ept-obs-extract
8 HP-BIO-KPMC/KPIF-ON/il-fw-splunk-logclient/KPMCIntLayer/DevOps_Release/il-ms-kbsql-dpg-del-extract
8 HP-BIO-KPMC/KPIF-ON/il-fw-splunk-logclient/KPMCIntLayer/DevOps_Release/il-ms-kbsql-cvg-rid-extract
8 HP-BIO-KPMC/KPIF-ON/il-fw-splunk-logclient/KPMCIntLayer/DevOps_Release/il-ms-kbsql-cvg-his-extract
8 HP-BIO-KPMC/KPIF-ON/il-fw-splunk-logclient/KPMCIntLayer/DevOps_Release/il-ms-kbsql-cpg-del-extract
8 HP-BIO-KPMC/KPIF-ON/il-fw-splunk-logclient/KPMCIntLayer/DevOps_Release/il-ms-extract-fw-filewriter
8 HP-BIO-KPMC/KPIF-ON/il-fw-splunk-logclient/KPMCIntLayer/DevOps_Release/il-ms-extract-dmss-emws-returned-mail-transformer
8 HP-BIO-KPMC/KPIF-ON/il-fw-splunk-logclient/KPMCIntLayer/DevOps_Release/il-ms-demographics
8 HP-BIO-KPMC/KPIF-ON/il-fw-splunk-logclient/KPMCIntLayer/DevOps_Release/il-ms-datahubms
8 HP-BIO-KPMC/KPIF-ON/il-fw-splunk-logclient/KPMCIntLayer/DevOps_Release/il-ms-cac-epictransformer
8 HP-BIO-KPMC/KPIF-ON/il-fw-splunk-logclient/KPMCIntLayer/DevOps_Release/il-ms-cac-epicschema
8 HP-BIO-KPMC/KPIF-ON/il-fw-splunk-logclient/KPMCIntLayer/DevOps_Release/il-ms-cac-emws-msgstransform
8 HP-BIO-KPMC/KPIF-ON/il-fw-splunk-logclient/KPMCIntLayer/DevOps_Release/il-ms-broker
8 HP-BIO-KPMC/KPIF-ON/il-fw-splunk-logclient/KPMCIntLayer/DevOps_Release/il-ms-benefits
8 HP-BIO-KPMC/KPIF-ON/il-fw-splunk-logclient/KPMCIntLayer/DevOps_Release/il-ms-acipaymentreversal-transformer
8 HP-BIO-KPMC/KPIF-ON/il-fw-splunk-logclient/KPMCIntLayer/DevOps_Release/il-datahub-load-lockbox-boa
8 HP-BIO-KPMC/KPIF-ON/il-fw-splunk-logclient/KPMCIntLayer/DevOps_Release/il-batch-outbound-cpcbilltransformer-ormb
8 HP-BIO-KPMC/KPIF-ON/il-fw-splunk-logclient/KPMCIntLayer/DevOps_Release/il-batch-fmeextract-transformer
8 HP-BIO-KPMC/KPIF-ON/il-fw-splunk-logclient/KPMCDMS/Development/dm-eoc-jbprocess
8 HP-BIO-KPMC/KPIF-ON/il-fw-splunk-logclient/KPMCDMS/Development/dm-eoc-iqeprocess
8 HP-BIO-KPMC/KPIF-ON/SelfService/DevOps_Release/ssindvbinderpaymentpaynow
8 HP-BIO-KPMC/KPIF-ON/KPMCUserAuth/Velocity/il-ms-fw-userauth-ldapaccess
8 HP-BIO-KPMC/KPIF-ON/KPMCUserAuth/Velocity/Il-ms-fw-userauth-rolecapabilities
8 HP-BIO-KPMC/KPIF-ON/KPMCUserAuth/Development/il-ms-fw-userauth-ldapaccess
8 HP-BIO-KPMC/KPIF-ON/KPMCUserAuth/Development/il-ms-emwscasehistory
8 HP-BIO-KPMC/KPIF-ON/KPMCIntLayer/Development/il-ui-console
8 HP-BIO-KPMC/KPIF-ON/KPMCIntLayer/Development/il-ms-ormb-ws-schema
8 HP-BIO-KPMC/KPIF-ON/KPMCIntLayer/Development/il-ms-kpmcmrnsearch
8 HP-BIO-KPMC/KPIF-ON/KPMCIntLayer/Development/il-ms-kbsql-nsc-aff-extract
8 HP-BIO-KPMC/KPIF-ON/KPMCIntLayer/Development/il-ms-kbsql-ept-obs-extract
8 HP-BIO-KPMC/KPIF-ON/KPMCIntLayer/Development/il-ms-kbsql-epp-extract
8 HP-BIO-KPMC/KPIF-ON/KPMCIntLayer/Development/il-ms-kbsql-cvg-his-extract
8 HP-BIO-KPMC/KPIF-ON/KPMCIntLayer/Development/il-ms-datahub-load-dmss-emws-returned-mail
8 HP-BIO-KPMC/KPIF-ON/KPMCIntLayer/Development/il-ms-custeligibhierarchy
8 HP-BIO-KPMC/KPIF-ON/KPMCIntLayer/Development/il-ms-crm-message-publisher
8 HP-BIO-KPMC/KPIF-ON/KPMCIntLayer/Development/il-ms-cac-emws-msgstransform
8 HP-BIO-KPMC/KPIF-ON/KPMCIntLayer/Development/il-ms-billing-inquiry
8 HP-BIO-KPMC/KPIF-ON/KPMCIntLayer/Development/il-batch-fmeextract-transformer
8 HP-BIO-KPMC/KPIF-ON/KPMCIntLayer/DevOps_Release/il-ui-console
8 HP-BIO-KPMC/KPIF-ON/KPMCIntLayer/DevOps_Release/il-ms-mbrchgpub-hl7-adaptor
8 HP-BIO-KPMC/KPIF-ON/KPMCIntLayer/DevOps_Release/il-ms-fs-contract-resubmit
8 HP-BIO-KPMC/KPIF-ON/KPMCIntLayer/DevOps_Release/il-ms-datahubms
8 HP-BIO-KPMC/KPIF-ON/KPMCIntLayer/DevOps_Release/il-ms-coverage
8 HP-BIO-KPMC/KPIF-ON/KPMCIntLayer/DevOps_Release/il-batch-inbound-filevalidator
8 HP-BIO-KPMC/KPIF-ON/KPMCDMS/DevOps_Release/dm-dafe-ackprocess_cluster
8 HP-BIO-EBSS/gusto_cpa/devops_release/ssmanagecpui
8 HP-BIO-EBSS/gusto_cpa/devops_release/ssglobalheaderbff
8 HP-BIO-EBSS/commercialbilling/Velocity/cb-ms-fabillgroups
8 HP-BIO-EBSS/commercialbilling/Devops_Release/cb-ms-schedule-payments
8 HP-BIO-EBSS/commercialbilling/Devops_Release/cb-ms-payments
8 HP-BIO-EBSS/ManagePayments_Final_Regression_QA/commercialbilling/Devops_Release/cb-ms-payments
8 HP-BIO-EBSS/ManagePayments_Final_Regression_QA/commercialbilling/Devops_Release/cb-ms-paymentreversalrefunds
8 HP-BIO-EBSS/ManagePayments_Final_Regression_QA/COVID-21/DevOps_Release/indvmbrshputil
8 HP-BIO-EBSS/COVID-21/Development/indvmbrshputil
8 HP-BIO-EBSS/COVID-21/DevOps_Release/batchmrnassignmentandnotification
8 HP-BIO-DMS/ICE-PROD/Azure-Migration/PROD_ICE-PDF Deploy - Automation
8 HP-BIO-CMS/apps/cms-interceptor-provider-formulary
8 HP-BIO-CMS/apps/cms-interceptor-eob
8 Data-Analytics/DA-KEAPCDF/KEAP-CDF-DBX
8 Data-Analytics/DA-KEAPCDF/KEAP
8 CTO-EA-SOI/CTO-EA-SOI-Framework/HDI4-Framework-Components/KP-AKS-ChatBox/KP-ADF-KPD-EventConsumerSvc
8 CTO-EA-SOI/CTO-EA-SOI-Framework/ADF-NonProd-PROD-Pipeline/testing-devops
8 CTO-EA-SOI/CTO-EA-SOI-Framework/ADF-NonProd-PROD-Pipeline/kp-kpd-eppmarketo-ws-client
8 CTO-EA-SOI/CTO-EA-SOI-Framework/ADF-NonProd-PROD-Pipeline/ADF-SOI-AKSdeploy
8 CS-IT/CPXPAYMENTCORE/cpx-pmtcore-api-model
8 CS-IT/ASD/HPDT/hpdt_services
8 CS-IT/ASD/DIAS/NatOps/EMI_NatOps_DBX/ASD_demo-databricks
8 CS-IT/ASD/ATSE/SE_MR_DBX
8 CNOE/AzureSamples/Promotion_pipelines/StorageAccountJobs/storage_v2/jenkins_all_services
8 CNOE/AzureSamples/Promotion_pipelines/KeyVault
7 KPInterchange/kp-cloud/kp-cloud4java-eventhub-sample
7 KPInterchange/aks-samples/UC4_Tidelift
7 HPTS-TAS/SNAP/Liquibase-Oracle-PO
7 HPDT/MSB/HPDT_MSB_DBX_Migration
7 HP-SALES-MKTG-SYS/broker-service-kpifon-caprcsr
7 HP-BIO-KPMC/KPMCUserAuth/Development/il-ui-quickview-obsolete
7 HP-BIO-KPMC/KPMCUserAuth/Development/Il-ms-fw-userauth-rolecapabilities_test-obsolete
7 HP-BIO-KPMC/KPMCIntLayer/Devops_Release/il-ms-ormbtokpbanks-transformer
7 HP-BIO-KPMC/KPMCIntLayer/Devops_Release/il-ms-gljournal-transformer
7 HP-BIO-KPMC/KPMCIntLayer/Devops_Release/il-ms-boalockboxpayment-transformer
7 HP-BIO-KPMC/KPMCIntLayer/Devops_Release/il-ms-bnymellonlockboxpayment-transformer
7 HP-BIO-KPMC/KPMCIntLayer/Devops_Release/il-batch-outbound-cpcbilltransformer-ormb
7 HP-BIO-KPMC/KPMCIntLayer/Devops_Release/il-batch-outbound-aciextract
7 HP-BIO-KPMC/KPMCIntLayer/Development/il-ms-gljournal-transformer-obsolete
7 HP-BIO-KPMC/KPMCIntLayer/Development/il-ms-gljournal-fsextractor-obsolete
7 HP-BIO-KPMC/KPMCIntLayer/Development/Il-fw-error-obsolete
7 HP-BIO-KPMC/KPMCGSU/Development/cac_request_common-obsolete
7 HP-BIO-KPMC/KPMCDMS/DevOps_Release/dm-de-rdr-dbcore
7 HP-BIO-KPMC/KPMCCAM/Development/cam-ms-router-customerconfig_cluster-obsolete
7 HP-BIO-KPMC/KPIF-ON/utilities/test-new-changes
7 HP-BIO-KPMC/KPIF-ON/utilities/kpconfig-updates-dev-aci
7 HP-BIO-KPMC/KPIF-ON/il-fw-splunk-logclient/SelfService/DevOps_Release/ssindvbinderdcrypt
7 HP-BIO-KPMC/KPIF-ON/il-fw-splunk-logclient/SelfService/DevOps_Release/indvdlslfsrvc_main(Config+UI)
7 HP-BIO-KPMC/KPIF-ON/il-fw-splunk-logclient/SelfService/DevOps_Release/indvdlslfsrvc_main
7 HP-BIO-KPMC/KPIF-ON/il-fw-splunk-logclient/KPMCUserAuth/Development/il-ms-emwscasehistory
7 HP-BIO-KPMC/KPIF-ON/il-fw-splunk-logclient/KPMCIntLayer/Development/il-ms-ormb-ws-schema
7 HP-BIO-KPMC/KPIF-ON/il-fw-splunk-logclient/KPMCIntLayer/Development/il-ms-member-update
7 HP-BIO-KPMC/KPIF-ON/il-fw-splunk-logclient/KPMCIntLayer/Development/il-ms-kbsql-reg-sup-extract
7 HP-BIO-KPMC/KPIF-ON/il-fw-splunk-logclient/KPMCIntLayer/Development/il-ms-kbsql-ppg-epp-extract
7 HP-BIO-KPMC/KPIF-ON/il-fw-splunk-logclient/KPMCIntLayer/Development/il-ms-kbsql-hno-extract
7 HP-BIO-KPMC/KPIF-ON/il-fw-splunk-logclient/KPMCIntLayer/Development/il-ms-kbsql-epp-del-extract
7 HP-BIO-KPMC/KPIF-ON/il-fw-splunk-logclient/KPMCIntLayer/Development/il-ms-kbsql-ecl-poi-extract
7 HP-BIO-KPMC/KPIF-ON/il-fw-splunk-logclient/KPMCIntLayer/Development/il-ms-kbsql-cvg-tpa-extract
7 HP-BIO-KPMC/KPIF-ON/il-fw-splunk-logclient/KPMCIntLayer/Development/il-ms-kbsql-cvg-out-extract
7 HP-BIO-KPMC/KPIF-ON/il-fw-splunk-logclient/KPMCIntLayer/Development/il-ms-kbsql-cvg-del-extract
7 HP-BIO-KPMC/KPIF-ON/il-fw-splunk-logclient/KPMCIntLayer/Development/il-ms-kbsql-cvg-att-extract
7 HP-BIO-KPMC/KPIF-ON/il-fw-splunk-logclient/KPMCIntLayer/Development/il-ms-groupreinstate-fsextractor
7 HP-BIO-KPMC/KPIF-ON/il-fw-splunk-logclient/KPMCIntLayer/Development/il-ms-extract-fw-stager
7 HP-BIO-KPMC/KPIF-ON/il-fw-splunk-logclient/KPMCIntLayer/Development/il-ms-datahub-load-dmss-emws-returned-mail
7 HP-BIO-KPMC/KPIF-ON/il-fw-splunk-logclient/KPMCIntLayer/Development/il-ms-acipaymentupdate-transformer
7 HP-BIO-KPMC/KPIF-ON/il-fw-splunk-logclient/KPMCIntLayer/Development/il-fw-tams-batch-coordinator
7 HP-BIO-KPMC/KPIF-ON/il-fw-splunk-logclient/KPMCIntLayer/Development/il-fw-jsonschemavalidator
7 HP-BIO-KPMC/KPIF-ON/il-fw-splunk-logclient/KPMCIntLayer/Development/il-fw-error-client
7 HP-BIO-KPMC/KPIF-ON/il-fw-splunk-logclient/KPMCIntLayer/Development/il-batch-outbound-cpcbillextract-ormb
7 HP-BIO-KPMC/KPIF-ON/il-fw-splunk-logclient/KPMCIntLayer/Development/il-batch-outbound-cpcbillextract-consolidated-ormb
7 HP-BIO-KPMC/KPIF-ON/il-fw-splunk-logclient/KPMCIntLayer/Development/il-batch-outbound-bcsbaseerror
7 HP-BIO-KPMC/KPIF-ON/il-fw-splunk-logclient/KPMCIntLayer/Development/il-batch-grouptermination-fsextractor
7 HP-BIO-KPMC/KPIF-ON/il-fw-splunk-logclient/KPMCIntLayer/Development/il-batch-fmeextract-transformer
7 HP-BIO-KPMC/KPIF-ON/il-fw-splunk-logclient/KPMCIntLayer/Development/il-batch-aprefund-fsextractor
7 HP-BIO-KPMC/KPIF-ON/il-fw-splunk-logclient/KPMCIntLayer/Development/il-batch-acibinderpay-releasefilewriter
7 HP-BIO-KPMC/KPIF-ON/il-fw-splunk-logclient/KPMCIntLayer/DevOps_Release/il-ms-ormb-ws-schema
7 HP-BIO-KPMC/KPIF-ON/il-fw-splunk-logclient/KPMCIntLayer/DevOps_Release/il-ms-member-update
7 HP-BIO-KPMC/KPIF-ON/il-fw-splunk-logclient/KPMCIntLayer/DevOps_Release/il-ms-kbsql-reg-sup-extract
7 HP-BIO-KPMC/KPIF-ON/il-fw-splunk-logclient/KPMCIntLayer/DevOps_Release/il-ms-kbsql-ppg-epp-extract
7 HP-BIO-KPMC/KPIF-ON/il-fw-splunk-logclient/KPMCIntLayer/DevOps_Release/il-ms-kbsql-epp-extract
7 HP-BIO-KPMC/KPIF-ON/il-fw-splunk-logclient/KPMCIntLayer/DevOps_Release/il-ms-kbsql-cvg-tpa-extract
7 HP-BIO-KPMC/KPIF-ON/il-fw-splunk-logclient/KPMCIntLayer/DevOps_Release/il-ms-kbsql-cvg-out-extract
7 HP-BIO-KPMC/KPIF-ON/il-fw-splunk-logclient/KPMCIntLayer/DevOps_Release/il-ms-kbsql-cvg-del-extract
7 HP-BIO-KPMC/KPIF-ON/il-fw-splunk-logclient/KPMCIntLayer/DevOps_Release/il-ms-kbsql-cvg-att-extract
7 HP-BIO-KPMC/KPIF-ON/il-fw-splunk-logclient/KPMCIntLayer/DevOps_Release/il-ms-identity
7 HP-BIO-KPMC/KPIF-ON/il-fw-splunk-logclient/KPMCIntLayer/DevOps_Release/il-ms-groupreinstate-fsextractor
7 HP-BIO-KPMC/KPIF-ON/il-fw-splunk-logclient/KPMCIntLayer/DevOps_Release/il-ms-extract-fw-stager
7 HP-BIO-KPMC/KPIF-ON/il-fw-splunk-logclient/KPMCIntLayer/DevOps_Release/il-ms-datahub-load-dmss-emws-returned-mail
7 HP-BIO-KPMC/KPIF-ON/il-fw-splunk-logclient/KPMCIntLayer/DevOps_Release/il-ms-custeligibhierarchy
7 HP-BIO-KPMC/KPIF-ON/il-fw-splunk-logclient/KPMCIntLayer/DevOps_Release/il-ms-cac-canonicalschema
7 HP-BIO-KPMC/KPIF-ON/il-fw-splunk-logclient/KPMCIntLayer/DevOps_Release/il-fw-tams-batch-coordinator
7 HP-BIO-KPMC/KPIF-ON/il-fw-splunk-logclient/KPMCIntLayer/DevOps_Release/il-fw-error-client
7 HP-BIO-KPMC/KPIF-ON/il-fw-splunk-logclient/KPMCIntLayer/DevOps_Release/il-batch-outbound-cpcbillextract-ormb
7 HP-BIO-KPMC/KPIF-ON/il-fw-splunk-logclient/KPMCIntLayer/DevOps_Release/il-batch-outbound-cpcbillextract-consolidated-ormb
7 HP-BIO-KPMC/KPIF-ON/il-fw-splunk-logclient/KPMCIntLayer/DevOps_Release/il-batch-outbound-bcsextract
7 HP-BIO-KPMC/KPIF-ON/il-fw-splunk-logclient/KPMCIntLayer/DevOps_Release/il-batch-outbound-bcsbaseerror
7 HP-BIO-KPMC/KPIF-ON/il-fw-splunk-logclient/KPMCIntLayer/DevOps_Release/il-batch-grouptermination-fsextractor
7 HP-BIO-KPMC/KPIF-ON/il-fw-splunk-logclient/KPMCIntLayer/DevOps_Release/il-batch-aprefund-fsextractor
7 HP-BIO-KPMC/KPIF-ON/il-fw-splunk-logclient/KPMCIntLayer/DevOps_Release/il-batch-aciextract-adhoc-dummybuidconvreport
7 HP-BIO-KPMC/KPIF-ON/il-fw-splunk-logclient/KPMCIntLayer/DevOps_Release/il-batch-acibinderpay-releasefilewriter
7 HP-BIO-KPMC/KPIF-ON/il-fw-splunk-logclient/KPMCDMS/Development/dm-ne-stagetrigger
7 HP-BIO-KPMC/KPIF-ON/il-fw-splunk-logclient/KPMCDMS/Development/dm-ne-dbcore
7 HP-BIO-KPMC/KPIF-ON/il-fw-splunk-logclient/KPMCDMS/DevOps_Release/dm-ne-stagetrigger
7 HP-BIO-KPMC/KPIF-ON/il-fw-splunk-logclient/KPMCDMS/DevOps_Release/dm-ne-dbcore
7 HP-BIO-KPMC/KPIF-ON/il-fw-splunk-logclient/KPMCCAM/Development/cam-batch-idl-kpifbill-personbenefit-dh-kpif-on
7 HP-BIO-KPMC/KPIF-ON/il-fw-splunk-logclient/KPMCCAM/Development/cam-batch-idl-kpifbill-membershipperson-dh-kpif-on
7 HP-BIO-KPMC/KPIF-ON/il-fw-splunk-logclient/KPMCCAM/Development/cam-batch-idl-kpifbill-member-dh-kpif-on
7 HP-BIO-KPMC/KPIF-ON/il-fw-splunk-logclient/KPMCCAM/Development/cam-batch-idl-kpifbill-account-dh-kpif-on
7 HP-BIO-KPMC/KPIF-ON/il-fw-splunk-logclient/KPMCCAM/Development/cam-batch-idl-compare-kpif-on
7 HP-BIO-KPMC/KPIF-ON/il-fw-splunk-logclient/KPMCCAM/Development/cam-batch-cnd-migration-kpif-on
7 HP-BIO-KPMC/KPIF-ON/SelfService/DevOps_Release/ssindvmbrsrch
7 HP-BIO-KPMC/KPIF-ON/SelfService/DevOps_Release/ssindvdocumentsrvc
7 HP-BIO-KPMC/KPIF-ON/SelfService/DevOps_Release/indvdlslfsrvc_main
7 HP-BIO-KPMC/KPIF-ON/KPMCUserAuth/DevOps_Release/il-ms-fw-userauth-ldapaccess
7 HP-BIO-KPMC/KPIF-ON/KPMCUserAuth/DevOps_Release/il-ms-emwscasehistory
7 HP-BIO-KPMC/KPIF-ON/KPMCIntLayer/Development/testSmoke
7 HP-BIO-KPMC/KPIF-ON/KPMCIntLayer/Development/il-ms-ormb-common
7 HP-BIO-KPMC/KPIF-ON/KPMCIntLayer/Development/il-ms-memberlookup
7 HP-BIO-KPMC/KPIF-ON/KPMCIntLayer/Development/il-ms-medicare
7 HP-BIO-KPMC/KPIF-ON/KPMCIntLayer/Development/il-ms-kbsql-wqi-his-extract
7 HP-BIO-KPMC/KPIF-ON/KPMCIntLayer/Development/il-ms-kbsql-reg-sup-extract
7 HP-BIO-KPMC/KPIF-ON/KPMCIntLayer/Development/il-ms-kbsql-ppg-nrg-extract
7 HP-BIO-KPMC/KPIF-ON/KPMCIntLayer/Development/il-ms-kbsql-ppg-epp-extract
7 HP-BIO-KPMC/KPIF-ON/KPMCIntLayer/Development/il-ms-kbsql-hno-ref-extract
7 HP-BIO-KPMC/KPIF-ON/KPMCIntLayer/Development/il-ms-kbsql-ept-mer-extract
7 HP-BIO-KPMC/KPIF-ON/KPMCIntLayer/Development/il-ms-kbsql-ept-add-del-extract
7 HP-BIO-KPMC/KPIF-ON/KPMCIntLayer/Development/il-ms-kbsql-cvg-tpa-extract
7 HP-BIO-KPMC/KPIF-ON/KPMCIntLayer/Development/il-ms-kbsql-cvg-thr-extract
7 HP-BIO-KPMC/KPIF-ON/KPMCIntLayer/Development/il-ms-kbsql-cvg-pay-extract
7 HP-BIO-KPMC/KPIF-ON/KPMCIntLayer/Development/il-ms-kbsql-cvg-del-extract
7 HP-BIO-KPMC/KPIF-ON/KPMCIntLayer/Development/il-ms-kbsql-cvg-att-extract
7 HP-BIO-KPMC/KPIF-ON/KPMCIntLayer/Development/il-ms-groupreinstate-fsextractor
7 HP-BIO-KPMC/KPIF-ON/KPMCIntLayer/Development/il-ms-gljournal-fsextractor
7 HP-BIO-KPMC/KPIF-ON/KPMCIntLayer/Development/il-ms-coverage
7 HP-BIO-KPMC/KPIF-ON/KPMCIntLayer/Development/il-fw-tams-batch-coordinator
7 HP-BIO-KPMC/KPIF-ON/KPMCIntLayer/Development/il-fw-crosswalk-client
7 HP-BIO-KPMC/KPIF-ON/KPMCIntLayer/Development/il-batch-outbound-cpcbillextract-consolidated-ormb
7 HP-BIO-KPMC/KPIF-ON/KPMCIntLayer/Development/il-batch-outbound-bcsextract
7 HP-BIO-KPMC/KPIF-ON/KPMCIntLayer/Development/il-batch-outbound-bcsbaseerror
7 HP-BIO-KPMC/KPIF-ON/KPMCIntLayer/Development/il-batch-aprefund-fsextractor
7 HP-BIO-KPMC/KPIF-ON/KPMCIntLayer/DevOps_Release/testSomke
7 HP-BIO-KPMC/KPIF-ON/KPMCIntLayer/DevOps_Release/il-ms-datahub-models
7 HP-BIO-KPMC/KPIF-ON/KPMCIntLayer/DevOps_Release/il-ms-cac-epictransformer
7 HP-BIO-KPMC/KPIF-ON/KPMCIntLayer/DevOps_Release/il-fw-kbsql-extract-core
7 HP-BIO-KPMC/KPIF-ON/KPMCIntLayer/DevOps_Release/il-batch-outbound-aciextract
7 HP-BIO-KPMC/KPIF-ON/KPMCDMS/Development/dm-ne-stagetrigger
7 HP-BIO-KPMC/KPIF-ON/KPMCDMS/DevOps_Release/docmgmt-ui-eocapi
7 HP-BIO-KPMC/KPIF-ON/KPMCDMS/DevOps_Release/dm-de-minvoice-dbcore
7 HP-BIO-KPMC/KPIF-ON/KPMCDMS/DevOps_Release/dm-cc-actuarialequivalence
7 HP-BIO-KPMC/KPIF-ON/KPMCCAM/Development/cam-batch-idl-kpifbill-pricelinecalculation-dh
7 HP-BIO-KPMC/KPIF-ON/KPMCCAM/Development/cam-batch-idl-kpifbill-billablechg-dh
7 HP-BIO-KPMC/KPIF-ON/KPMCCAM/Development/cam-batch-dbdataload-cactodh
7 HP-BIO-KPMC/KPIF-ON/KPMCCAM/Development/cam-batch-cac-adapter
7 HP-BIO-KPMC/KPIF-ON/KPMCCAM/DevOps_Release/il-ms-batch-dbdataload
7 HP-BIO-KPMC/KPIF-OFF/KPMCIntLayer/Devops_Release/il-ms-billing
7 HP-BIO-KPMC/KPIF-OFF/KPMCIntLayer/Development/il-ms-mbrchgpub-empi-adaptor-obsolete
7 HP-BIO-KPMC/KPIF-OFF/KPMCCAM/DevOps_Release/cam-batch-router-customeraudit
7 HP-BIO-KPMC/AutoSQLDeployment/DryRun/il-ms-extract-config
7 HP-BIO-EBSS/medicare/Velocity/nccsservices
7 HP-BIO-EBSS/medicare/Velocity/mmssmedicarepurge
7 HP-BIO-EBSS/gusto_cpa/Velocity/ssmembertransactionstatus
7 HP-BIO-EBSS/gusto_cpa/Velocity/ssmembermaintain
7 HP-BIO-EBSS/ebss/development/kp-ss-ui-library
7 HP-BIO-EBSS/commercialbilling/Devops_Release/cb-ms-paymentreversalrefunds
7 HP-BIO-EBSS/ManagePayments_Final_Regression_QA/commercialbilling/Devops_Release/cb-ms-schedule-payments
7 HP-BIO-EBSS/EBSS-Utilities/Azure_servicemgmt_v1
7 HP-BIO-CMS/Libraries/cms-xwalk-util
7 CTO-KPX/kpx-cms-oauth-client
7 CTO-EIS/nextgensvc
7 CTO-EIS/Az-NextGen/workload-scheduler
7 CTO-EIS/Az-NextGen/sskioskui
7 CTO-EA-SOI/CTO-EA-SOI-Framework/AKSDeployments/Arria/ArriaStudio
7 CTO-EA-SOI/CTO-EA-SOI-Framework/ADF-NonProd-PROD-Pipeline/Message_Classification/kpd-daip-mc-rules-framework
7 CTO-EA-SOI/CTO-EA-SOI-Framework/ADF-NonProd-PROD-Pipeline/Message_Classification/kpd-daip-mc-gateway-service
7 CS-IT/RADA/RADA_dbricks
7 CS-IT/CPXSKILLNET/cpx-xstore-v23
7 CS-IT/CPXSKILLNET/cpx-xstore-ansible
7 CS-IT/CPXPAYMENTCORE/cpx-pmtcore-pmtmigrate
7 CS-IT/CPXPAYMENTCORE/cpx-pmtcore-ewalletmigrate
7 CS-IT/CPXPAYMENTCORE/cpx-pmtcore-ewalletgenbff
7 CS-IT/CPXPAYMENTCORE/cpx-pmtcore-adminportal
7 CS-IT/CPXPAYMENTCORE/cpx-epims-adapter
7 CAS-Paas/Azure-CLI/JenkinSharedLibrary/Playground/jonathan/db-paas
6 NCAP/NCAP-Az/Azure Deployer/Azure Key Vault Services/NCAP Azure Key Vault
6 KPInterchange/kp-cloud/kp-cloud4js-weboauth
6 KPInterchange/kp-cloud/kp-cloud4js-redis-sample
6 KPInterchange/kp-cloud/kp-cloud4js-health
6 KPInterchange/kp-cloud/kp-cloud4java-oauthspring
6 KPInterchange/aks-samples/kp-cloud4js-redis-sample
6 KPInterchange/aks-samples/kp-cloud4js-postgres-sample
6 KPInterchange/aks-samples/kp-cloud4java-filetransfer
6 KPInterchange/Azure-TechnologyIncubation/KPWellnessAPI
6 HP-BIO-KPMC/KPMCIntLayer/Devops_Release/il-ms-paymentupdate-transformer
6 HP-BIO-KPMC/KPMCIntLayer/Devops_Release/il-ms-gljournal-fsextractor
6 HP-BIO-KPMC/KPMCIntLayer/Devops_Release/il-ms-fw-console-bff
6 HP-BIO-KPMC/KPMCIntLayer/Devops_Release/il-ms-adpt-sftp
6 HP-BIO-KPMC/KPMCIntLayer/Devops_Release/il-batch-outbound-bcsextract
6 HP-BIO-KPMC/KPMCIntLayer/Devops_Release/il-batch-outbound-bcsbaseerror
6 HP-BIO-KPMC/KPMCIntLayer/Devops_Release/il-batch-fmeextract-transformer
6 HP-BIO-KPMC/KPMCIntLayer/Development/il-ms-phiaccess-audit-obsolete
6 HP-BIO-KPMC/KPMCIntLayer/Development/il-ms-paymentextract-subscriberaccount-obsolete
6 HP-BIO-KPMC/KPMCIntLayer/Development/il-ms-boalockboxpayment-transformer-obsolete
6 HP-BIO-KPMC/KPMCIntLayer/Development/il-ms-bnymellonlockboxpayment-transformer-obsolete
6 HP-BIO-KPMC/KPMCIntLayer/Development/il-ms-adpt-sftp-obsolete
6 HP-BIO-KPMC/KPMCIntLayer/Development/il-ms-acipaymentupdate-transformer-obsolete
6 HP-BIO-KPMC/KPMCIntLayer/Development/il-fw-tams-batch-coordinator-obsolete
6 HP-BIO-KPMC/KPMCIntLayer/Development/il-batch-payment-instructions-filewriter-obsolete
6 HP-BIO-KPMC/KPMCIntLayer/Development/il-batch-outbound-cpcbillextract-ormb-obsolete
6 HP-BIO-KPMC/KPMCIntLayer/Development/il-batch-outbound-cpcbillextract-consolidated-ormb-obsolete
6 HP-BIO-KPMC/KPMCDMS/DevOps_Release/dm-de-prdr
6 HP-BIO-KPMC/KPMCDMS/DevOps_Release/dm-de-pbletter
6 HP-BIO-KPMC/KPMCDMS/DevOps_Release/dm-de-lrdr
6 HP-BIO-KPMC/KPMCDMS/DevOps_Release/dm-de-dbcore
6 HP-BIO-KPMC/KPMCDMS/DevOps_Release/dm-dafe-ackweb_cluster
6 HP-BIO-KPMC/KPMCCAM/Development/cam-ms-router-groupsor-obsolete
6 HP-BIO-KPMC/KPMCCAM/Development/cam-batch-idl-billablechg2-obsolete
6 HP-BIO-KPMC/KPMCCAM/Development/Il-ui-fw-camrouting-obsolete
6 HP-BIO-KPMC/KPMCCAM/DevOps_Release/cam-batch-idl-billablechg2
6 HP-BIO-KPMC/KPMCCAM/DevOps_Release/cam-batch-idl-adjustment2
6 HP-BIO-KPMC/KPMC-Utilities/liquibase-rollback-poc
6 HP-BIO-KPMC/KPIF-ON/utilities/TEST_kpconfig-updates-dev-cac
6 HP-BIO-KPMC/KPIF-ON/il-fw-splunk-logclient/utilities/kpconfig-updates-dev-cac
6 HP-BIO-KPMC/KPIF-ON/il-fw-splunk-logclient/utilities/TEST_kpconfig-updates-dev-cac
6 HP-BIO-KPMC/KPIF-ON/il-fw-splunk-logclient/SelfService/DevOps_Release/ssindvdocumentsrvc
6 HP-BIO-KPMC/KPIF-ON/il-fw-splunk-logclient/KPMCUserAuth/DevOps_Release/il-ms-emwscasehistory
6 HP-BIO-KPMC/KPIF-ON/il-fw-splunk-logclient/KPMCIntLayer/Development/il-ms-paymentupdate-transformer
6 HP-BIO-KPMC/KPIF-ON/il-fw-splunk-logclient/KPMCIntLayer/Development/il-ms-memberinquiry-v2m2
6 HP-BIO-KPMC/KPIF-ON/il-fw-splunk-logclient/KPMCIntLayer/Development/il-ms-member-enrollment
6 HP-BIO-KPMC/KPIF-ON/il-fw-splunk-logclient/KPMCIntLayer/Development/il-ms-kbsql-ppg-del-extract
6 HP-BIO-KPMC/KPIF-ON/il-fw-splunk-logclient/KPMCIntLayer/Development/il-ms-kbsql-nsc-rat-extract
6 HP-BIO-KPMC/KPIF-ON/il-fw-splunk-logclient/KPMCIntLayer/Development/il-ms-kbsql-mcr-extract
6 HP-BIO-KPMC/KPIF-ON/il-fw-splunk-logclient/KPMCIntLayer/Development/il-ms-kbsql-lqf-extract
6 HP-BIO-KPMC/KPIF-ON/il-fw-splunk-logclient/KPMCIntLayer/Development/il-ms-kbsql-lob-ref-extract
6 HP-BIO-KPMC/KPIF-ON/il-fw-splunk-logclient/KPMCIntLayer/Development/il-ms-kbsql-lob-extract
6 HP-BIO-KPMC/KPIF-ON/il-fw-splunk-logclient/KPMCIntLayer/Development/il-ms-kbsql-ime-sta-extract
6 HP-BIO-KPMC/KPIF-ON/il-fw-splunk-logclient/KPMCIntLayer/Development/il-ms-kbsql-ime-ins-extract
6 HP-BIO-KPMC/KPIF-ON/il-fw-splunk-logclient/KPMCIntLayer/Development/il-ms-kbsql-ime-ini-extract
6 HP-BIO-KPMC/KPIF-ON/il-fw-splunk-logclient/KPMCIntLayer/Development/il-ms-kbsql-ime-extract
6 HP-BIO-KPMC/KPIF-ON/il-fw-splunk-logclient/KPMCIntLayer/Development/il-ms-kbsql-ime-det-extract
6 HP-BIO-KPMC/KPIF-ON/il-fw-splunk-logclient/KPMCIntLayer/Development/il-ms-kbsql-ime-aud-extract
6 HP-BIO-KPMC/KPIF-ON/il-fw-splunk-logclient/KPMCIntLayer/Development/il-ms-kbsql-ime-app-extract
6 HP-BIO-KPMC/KPIF-ON/il-fw-splunk-logclient/KPMCIntLayer/Development/il-ms-kbsql-iit-extract
6 HP-BIO-KPMC/KPIF-ON/il-fw-splunk-logclient/KPMCIntLayer/Development/il-ms-kbsql-ier-knd-extract
6 HP-BIO-KPMC/KPIF-ON/il-fw-splunk-logclient/KPMCIntLayer/Development/il-ms-kbsql-ier-extract
6 HP-BIO-KPMC/KPIF-ON/il-fw-splunk-logclient/KPMCIntLayer/Development/il-ms-kbsql-hno-txt-extract
6 HP-BIO-KPMC/KPIF-ON/il-fw-splunk-logclient/KPMCIntLayer/Development/il-ms-kbsql-hlx-extract
6 HP-BIO-KPMC/KPIF-ON/il-fw-splunk-logclient/KPMCIntLayer/Development/il-ms-kbsql-hlv-val-extract
6 HP-BIO-KPMC/KPIF-ON/il-fw-splunk-logclient/KPMCIntLayer/Development/il-ms-kbsql-hlv-extract
6 HP-BIO-KPMC/KPIF-ON/il-fw-splunk-logclient/KPMCIntLayer/Development/il-ms-kbsql-hip-extract
6 HP-BIO-KPMC/KPIF-ON/il-fw-splunk-logclient/KPMCIntLayer/Development/il-ms-kbsql-ept-det-extract
6 HP-BIO-KPMC/KPIF-ON/il-fw-splunk-logclient/KPMCIntLayer/Development/il-ms-kbsql-epm-extract
6 HP-BIO-KPMC/KPIF-ON/il-fw-splunk-logclient/KPMCIntLayer/Development/il-ms-kbsql-emp-rol-extract
6 HP-BIO-KPMC/KPIF-ON/il-fw-splunk-logclient/KPMCIntLayer/Development/il-ms-kbsql-emp-log-extract
6 HP-BIO-KPMC/KPIF-ON/il-fw-splunk-logclient/KPMCIntLayer/Development/il-ms-kbsql-emp-his-extract
6 HP-BIO-KPMC/KPIF-ON/il-fw-splunk-logclient/KPMCIntLayer/Development/il-ms-kbsql-ecl-stg-extract
6 HP-BIO-KPMC/KPIF-ON/il-fw-splunk-logclient/KPMCIntLayer/Development/il-ms-kbsql-ecl-lob-extract
6 HP-BIO-KPMC/KPIF-ON/il-fw-splunk-logclient/KPMCIntLayer/Development/il-ms-kbsql-ecl-extract
6 HP-BIO-KPMC/KPIF-ON/il-fw-splunk-logclient/KPMCIntLayer/Development/il-ms-kbsql-ecl-act-extract
6 HP-BIO-KPMC/KPIF-ON/il-fw-splunk-logclient/KPMCIntLayer/Development/il-ms-kbsql-eci-extract
6 HP-BIO-KPMC/KPIF-ON/il-fw-splunk-logclient/KPMCIntLayer/Development/il-ms-kbsql-e2r-extract
6 HP-BIO-KPMC/KPIF-ON/il-fw-splunk-logclient/KPMCIntLayer/Development/il-ms-kbsql-e1l-extract
6 HP-BIO-KPMC/KPIF-ON/il-fw-splunk-logclient/KPMCIntLayer/Development/il-ms-kbsql-dpg-ppg-extract
6 HP-BIO-KPMC/KPIF-ON/il-fw-splunk-logclient/KPMCIntLayer/Development/il-ms-kbsql-dpg-extract
6 HP-BIO-KPMC/KPIF-ON/il-fw-splunk-logclient/KPMCIntLayer/Development/il-ms-kbsql-dcs-extract
6 HP-BIO-KPMC/KPIF-ON/il-fw-splunk-logclient/KPMCIntLayer/Development/il-ms-kbsql-cvg-tpa-del-extract
6 HP-BIO-KPMC/KPIF-ON/il-fw-splunk-logclient/KPMCIntLayer/Development/il-ms-kbsql-cvg-pre-extract
6 HP-BIO-KPMC/KPIF-ON/il-fw-splunk-logclient/KPMCIntLayer/Development/il-ms-kbsql-cvg-pre-del-extract
6 HP-BIO-KPMC/KPIF-ON/il-fw-splunk-logclient/KPMCIntLayer/Development/il-ms-kbsql-cvg-aff-extract
6 HP-BIO-KPMC/KPIF-ON/il-fw-splunk-logclient/KPMCIntLayer/Development/il-ms-kbsql-coverage-del-extract_obsolete
6 HP-BIO-KPMC/KPIF-ON/il-fw-splunk-logclient/KPMCIntLayer/Development/il-ms-gljournal-fsextractor
6 HP-BIO-KPMC/KPIF-ON/il-fw-splunk-logclient/KPMCIntLayer/Development/il-ms-extract-kpwamarketprominence-transformer
6 HP-BIO-KPMC/KPIF-ON/il-fw-splunk-logclient/KPMCIntLayer/Development/il-ms-cpcautopay-transformer
6 HP-BIO-KPMC/KPIF-ON/il-fw-splunk-logclient/KPMCIntLayer/Development/il-ms-classic-inquiry
6 HP-BIO-KPMC/KPIF-ON/il-fw-splunk-logclient/KPMCIntLayer/Development/il-ms-cac-emws-msgschema
6 HP-BIO-KPMC/KPIF-ON/il-fw-splunk-logclient/KPMCIntLayer/Development/il-datahub-load-kpwa-contract-cam
6 HP-BIO-KPMC/KPIF-ON/il-fw-splunk-logclient/KPMCIntLayer/Development/il-batch-outbound-bcsextract
6 HP-BIO-KPMC/KPIF-ON/il-fw-splunk-logclient/KPMCIntLayer/Development/il-batch-inbound-filevalidator
6 HP-BIO-KPMC/KPIF-ON/il-fw-splunk-logclient/KPMCIntLayer/Development/Il-batch-payinstructions-filewriter
6 HP-BIO-KPMC/KPIF-ON/il-fw-splunk-logclient/KPMCIntLayer/DevOps_Release/il-ms-paymentupdate-transformer
6 HP-BIO-KPMC/KPIF-ON/il-fw-splunk-logclient/KPMCIntLayer/DevOps_Release/il-ms-paymentProfile
6 HP-BIO-KPMC/KPIF-ON/il-fw-splunk-logclient/KPMCIntLayer/DevOps_Release/il-ms-member-enrollment
6 HP-BIO-KPMC/KPIF-ON/il-fw-splunk-logclient/KPMCIntLayer/DevOps_Release/il-ms-kbsql-ppg-del-extract
6 HP-BIO-KPMC/KPIF-ON/il-fw-splunk-logclient/KPMCIntLayer/DevOps_Release/il-ms-kbsql-nsc-rat-extract
6 HP-BIO-KPMC/KPIF-ON/il-fw-splunk-logclient/KPMCIntLayer/DevOps_Release/il-ms-kbsql-mcr-extract
6 HP-BIO-KPMC/KPIF-ON/il-fw-splunk-logclient/KPMCIntLayer/DevOps_Release/il-ms-kbsql-hno-ref-extract
6 HP-BIO-KPMC/KPIF-ON/il-fw-splunk-logclient/KPMCIntLayer/DevOps_Release/il-ms-kbsql-ept-det-extract
6 HP-BIO-KPMC/KPIF-ON/il-fw-splunk-logclient/KPMCIntLayer/DevOps_Release/il-ms-kbsql-cvg-tpa-del-extract
6 HP-BIO-KPMC/KPIF-ON/il-fw-splunk-logclient/KPMCIntLayer/DevOps_Release/il-ms-kbsql-cvg-pre-extract
6 HP-BIO-KPMC/KPIF-ON/il-fw-splunk-logclient/KPMCIntLayer/DevOps_Release/il-ms-kbsql-cvg-pre-del-extract
6 HP-BIO-KPMC/KPIF-ON/il-fw-splunk-logclient/KPMCIntLayer/DevOps_Release/il-ms-kbsql-cvg-aff-extract
6 HP-BIO-KPMC/KPIF-ON/il-fw-splunk-logclient/KPMCIntLayer/DevOps_Release/il-ms-kbsql-coverage-del-extract_obsolete
6 HP-BIO-KPMC/KPIF-ON/il-fw-splunk-logclient/KPMCIntLayer/DevOps_Release/il-ms-kbsql-cov-del-extract
6 HP-BIO-KPMC/KPIF-ON/il-fw-splunk-logclient/KPMCIntLayer/DevOps_Release/il-ms-gljournal-fsextractor
6 HP-BIO-KPMC/KPIF-ON/il-fw-splunk-logclient/KPMCIntLayer/DevOps_Release/il-ms-extract-kpwamarketprominence-transformer
6 HP-BIO-KPMC/KPIF-ON/il-fw-splunk-logclient/KPMCIntLayer/DevOps_Release/il-ms-cpcautopay-transformer
6 HP-BIO-KPMC/KPIF-ON/il-fw-splunk-logclient/KPMCIntLayer/DevOps_Release/il-ms-classic-inquiry
6 HP-BIO-KPMC/KPIF-ON/il-fw-splunk-logclient/KPMCIntLayer/DevOps_Release/il-ms-aciautopay-transformer
6 HP-BIO-KPMC/KPIF-ON/il-fw-splunk-logclient/KPMCIntLayer/DevOps_Release/il-fw-jsonschemavalidator
6 HP-BIO-KPMC/KPIF-ON/il-fw-splunk-logclient/KPMCIntLayer/DevOps_Release/il-datahub-load-kpwa-contract-cam
6 HP-BIO-KPMC/KPIF-ON/il-fw-splunk-logclient/KPMCIntLayer/DevOps_Release/il-batch-inbound-filevalidator
6 HP-BIO-KPMC/KPIF-ON/il-fw-splunk-logclient/KPMCCAM/Development/cam-ms-router-coveragesor
6 HP-BIO-KPMC/KPIF-ON/il-fw-splunk-logclient/KPMCCAM/Development/cam-batch-ormb-migration-kpif-on
6 HP-BIO-KPMC/KPIF-ON/il-fw-splunk-logclient/KPMCCAM/Development/cam-batch-idl-kpifbill-pricelinecalculation-dh
6 HP-BIO-KPMC/KPIF-ON/il-fw-splunk-logclient/KPMCCAM/Development/cam-batch-idl-kpifbill-delinquincy-dh-kpif-on
6 HP-BIO-KPMC/KPIF-ON/il-fw-splunk-logclient/KPMCCAM/Development/cam-batch-idl-kpifbill-billablechg-dh
6 HP-BIO-KPMC/KPIF-ON/il-fw-splunk-logclient/KPMCCAM/Development/cam-batch-idl-file-loader-kpif-on
6 HP-BIO-KPMC/KPIF-ON/il-fw-splunk-logclient/KPMCCAM/Development/cam-batch-cnd-migration
6 HP-BIO-KPMC/KPIF-ON/il-fw-splunk-logclient/KPMCCAM/Development/cam-batch-cac-adapter-kpif-on
6 HP-BIO-KPMC/KPIF-ON/il-fw-splunk-logclient/KPMCCAM/Development/cam-batch-cac-adapter
6 HP-BIO-KPMC/KPIF-ON/il-fw-splunk-logclient/KPMCCAM/DevOps_Release/cam-ms-router-coveragesor_cluster
6 HP-BIO-KPMC/KPIF-ON/il-fw-splunk-logclient/KPMCCAM/DevOps_Release/cam-batch-ormb-migration-kpif-on
6 HP-BIO-KPMC/KPIF-ON/SelfService/Velocity/ssindvbinderpaymentbff
6 HP-BIO-KPMC/KPIF-ON/KPMCIntLayer/Velocity/il-ui-console
6 HP-BIO-KPMC/KPIF-ON/KPMCIntLayer/Development/il-ms-search
6 HP-BIO-KPMC/KPIF-ON/KPMCIntLayer/Development/il-ms-paymentupdate-transformer
6 HP-BIO-KPMC/KPIF-ON/KPMCIntLayer/Development/il-ms-kbsql-ppg-del-extract
6 HP-BIO-KPMC/KPIF-ON/KPMCIntLayer/Development/il-ms-kbsql-ppg-cvg-extract
6 HP-BIO-KPMC/KPIF-ON/KPMCIntLayer/Development/il-ms-kbsql-nsc-rat-extract
6 HP-BIO-KPMC/KPIF-ON/KPMCIntLayer/Development/il-ms-kbsql-mcr-extract
6 HP-BIO-KPMC/KPIF-ON/KPMCIntLayer/Development/il-ms-kbsql-lob-ref-extract
6 HP-BIO-KPMC/KPIF-ON/KPMCIntLayer/Development/il-ms-kbsql-hno-extract
6 HP-BIO-KPMC/KPIF-ON/KPMCIntLayer/Development/il-ms-kbsql-ept-det-extract
6 HP-BIO-KPMC/KPIF-ON/KPMCIntLayer/Development/il-ms-kbsql-epp-del-extract
6 HP-BIO-KPMC/KPIF-ON/KPMCIntLayer/Development/il-ms-kbsql-emp-extract
6 HP-BIO-KPMC/KPIF-ON/KPMCIntLayer/Development/il-ms-kbsql-ecl-poi-extract
6 HP-BIO-KPMC/KPIF-ON/KPMCIntLayer/Development/il-ms-kbsql-ecl-extract
6 HP-BIO-KPMC/KPIF-ON/KPMCIntLayer/Development/il-ms-kbsql-cvg-tpa-del-extract
6 HP-BIO-KPMC/KPIF-ON/KPMCIntLayer/Development/il-ms-kbsql-cvg-rid-del-extract
6 HP-BIO-KPMC/KPIF-ON/KPMCIntLayer/Development/il-ms-kbsql-cvg-pre-extract
6 HP-BIO-KPMC/KPIF-ON/KPMCIntLayer/Development/il-ms-kbsql-cvg-pre-del-extract
6 HP-BIO-KPMC/KPIF-ON/KPMCIntLayer/Development/il-ms-kbsql-cvg-aff-extract
6 HP-BIO-KPMC/KPIF-ON/KPMCIntLayer/Development/il-ms-extract-hawaiidentalservices-transformer
6 HP-BIO-KPMC/KPIF-ON/KPMCIntLayer/Development/il-ms-extract-boalockbox-transformer-wa
6 HP-BIO-KPMC/KPIF-ON/KPMCIntLayer/Development/il-ms-datahubms
6 HP-BIO-KPMC/KPIF-ON/KPMCIntLayer/Development/il-ms-datahub-load-ene-tpp-augment-gold
6 HP-BIO-KPMC/KPIF-ON/KPMCIntLayer/Development/il-ms-datahub-load-ene-dispute-disposition-response
6 HP-BIO-KPMC/KPIF-ON/KPMCIntLayer/Development/il-fw-error-client
6 HP-BIO-KPMC/KPIF-ON/KPMCIntLayer/Development/il-fw-error
6 HP-BIO-KPMC/KPIF-ON/KPMCIntLayer/Development/il-datahub-load-kpwa-contract-cam
6 HP-BIO-KPMC/KPIF-ON/KPMCIntLayer/Development/il-batch-grouptermination-fsextractor
6 HP-BIO-KPMC/KPIF-ON/KPMCIntLayer/Development/OCP/docMgmt/docmgmt-ui-eocapi
6 HP-BIO-KPMC/KPIF-ON/KPMCIntLayer/DevOps_Release/il-ms-paymentProfile
6 HP-BIO-KPMC/KPIF-ON/KPMCIntLayer/DevOps_Release/il-ms-mbrchgpub-outbound-processor
6 HP-BIO-KPMC/KPIF-ON/KPMCIntLayer/DevOps_Release/il-ms-mbrchgpub-common
6 HP-BIO-KPMC/KPIF-ON/KPMCIntLayer/DevOps_Release/il-ms-mbrchgpub-cm-demographics-router
6 HP-BIO-KPMC/KPIF-ON/KPMCIntLayer/DevOps_Release/il-ms-mbrchgpub-classic-inbound-processor
6 HP-BIO-KPMC/KPIF-ON/KPMCIntLayer/DevOps_Release/il-ms-kbsql-nur-extract
6 HP-BIO-KPMC/KPIF-ON/KPMCIntLayer/DevOps_Release/il-ms-kbsql-ept-add-extract
6 HP-BIO-KPMC/KPIF-ON/KPMCIntLayer/DevOps_Release/il-ms-cac-ormb-transformer
6 HP-BIO-KPMC/KPIF-ON/KPMCIntLayer/DevOps_Release/il-ms-adpt-tapmem
6 HP-BIO-KPMC/KPIF-ON/KPMCGSU/DevOps_Release/cac_plan_common
6 HP-BIO-KPMC/KPIF-ON/KPMCDMS/DevOps_Release/docmgmt-ui-idceapi
6 HP-BIO-KPMC/KPIF-ON/KPMCDMS/DevOps_Release/dm-de-lrdr
6 HP-BIO-KPMC/KPIF-ON/KPMCDMS/DevOps_Release/dm-dafe-importprocess
6 HP-BIO-KPMC/KPIF-ON/KPMCDMS/DevOps_Release/dm-cc-annual
6 HP-BIO-KPMC/KPIF-ON/KPMCCAM/Development/cam-ms-router-coveragesor
6 HP-BIO-KPMC/KPIF-ON/KPMCCAM/Development/cam-batch-idl-kpifbill-pricing-dh
6 HP-BIO-KPMC/KPIF-ON/KPMCCAM/Development/cam-batch-idl-kpifbill-policy-dh
6 HP-BIO-KPMC/KPIF-ON/KPMCCAM/Development/cam-batch-idl-kpifbill-personbenefit-dh
6 HP-BIO-KPMC/KPIF-ON/KPMCCAM/Development/cam-batch-idl-kpifbill-person-dh
6 HP-BIO-KPMC/KPIF-ON/KPMCCAM/Development/cam-batch-idl-kpifbill-payment-dh
6 HP-BIO-KPMC/KPIF-ON/KPMCCAM/Development/cam-batch-idl-kpifbill-member-dh
6 HP-BIO-KPMC/KPIF-ON/KPMCCAM/Development/cam-batch-idl-kpifbill-externalparty-dh
6 HP-BIO-KPMC/KPIF-ON/KPMCCAM/Development/cam-batch-idl-kpifbill-bseg-dh
6 HP-BIO-KPMC/KPIF-ON/KPMCCAM/Development/cam-batch-idl-kpifbill-bill-dh
6 HP-BIO-KPMC/KPIF-ON/KPMCCAM/Development/cam-batch-idl-compare
6 HP-BIO-KPMC/KPIF-ON/KPMCCAM/Development/cam-batch-cnd-migration
6 HP-BIO-KPMC/AutoSQLDeployment/db-liquibase-higherlevel
6 HP-BIO-KPMC/AutoSQLDeployment/DryRun/il-db-crosswalk_sandbox
6 HP-BIO-EBSS/medicare/devops_release/indvdlslfsrvc
6 HP-BIO-EBSS/gusto_cpa/Velocity/ssusermanagement
6 HP-BIO-EBSS/gusto_cpa/Velocity/ssmemberinquiry
6 HP-BIO-EBSS/ebss/devops_release/hp-ss-virtualization
6 HP-BIO-EBSS/ebss/development/ss-feature-flag
6 HP-BIO-EBSS/commercialbilling/Velocity/cb-ms-fileprocessing
6 HP-BIO-EBSS/ManagePayments_Final_Regression_QA/ebss/development/kp-ss-angular-ui-library
6 HP-BIO-EBSS/COVID-21/DevOps_Release/indvmbrshputil
6 HP-BIO-CMS/apps/cms-cdw-adapter-query
6 Data-Analytics/DA-DataScience/AADS-MIAP/Missed Infusion
6 CTO-EIS/frontofficebff
6 CTO-EIS/ancillarybff
6 CTO-EA-SOI/CTO-EA-SOI-Infrastructure/SOI-KPD-Valri-Symptom
6 CTO-EA-SOI/CTO-EA-SOI-Framework/HDI4-Framework-Components/KP-AKS-ChatBox/KP-ADF-KPD-NLU
6 CTO-EA-SOI/CTO-EA-SOI-Framework/AKSDeployments/MMT/RSKSS
6 CTO-EA-SOI/CTO-EA-SOI-Framework/ADF-NonProd-PROD-Pipeline/KPD-FS-CONSUMER-MANIFEST
6 CTO-EA-SOI/CTO-EA-SOI-Framework/ADF-NonProd-PROD-Pipeline/KPD-DAIP-CDP-MANIFEST
6 CS-IT/CPXQATESTING/QA-Automation/QA-Karate-multibranch-pipeline
6 CS-IT/CPXPAYMENTCORE/cpx-rxmoout-adpt
6 CS-IT/CPXPAYMENTCORE/cpx-pmtcore-wls
6 CS-IT/CPXPAYMENTCORE/cpx-pmtcore-wiremock
6 CS-IT/CPXPAYMENTCORE/cpx-pmtcore-utilityadapt
6 CS-IT/CPXPAYMENTCORE/cpx-pmtcore-stlmtbatch
6 CS-IT/CPXPAYMENTCORE/cpx-pmtcore-settlementtxn
6 CS-IT/CPXPAYMENTCORE/cpx-pmtcore-pmtbatch
6 CS-IT/CPXPAYMENTCORE/cpx-pmtcore-ewalletbff
6 CS-IT/CPXPAYMENTCORE/cpx-pmtcore-ewalletadapter
6 CS-IT/CPXPAYMENTCORE/cpx-pmtcore-etoken
6 CS-IT/CPXPAYMENTCORE/cpx-pmtcore-achtxn
6 CS-IT/CPXPAYMENTCORE/cpx-pmtcore-achpmtbatch
6 CS-IT/ASD/ATSE/Master Reference/ENR_Storage
6 CS-IT/ASD/ARR/ADLS gen2
6 CNOE/AzureSamples/Promotion_pipelines/cosmosdb/azure_master_cosomodb_sqlapi
6 CAS-Paas/azuredash/azuredash_java
6 CAS-Paas/Azure-CLI/JenkinSharedLibrary/Playground/david/multi
6 CAS-Paas/Azure-CLI/JenkinSharedLibrary/Playground/david/david-kpddang-deployments
5 KPInterchange/kp-cloud/kp-cloud4java-cosmosdb-mongoapi-sample
5 KPInterchange/kp-cloud/kp-cloud-service-missed-appointment-model
5 KPInterchange/aks-samples/test folder/sts-iaas
5 KPInterchange/aks-samples/superset
5 KPInterchange/Azure-TechnologyIncubation/MarketingPortal
5 KPD-DAIP/KPD-DAIP-Infrastructure/Neo4j/Neo4j_Deploy_AKS
5 KPD-DAIP/KPD-DAIP-Framework/ACLR/ACLR-WEB-UI
5 HPDT/CASA/HPDT_CASA_DBX_Migration
5 HPDT/CASA/HPCASA-SYNAPSE-MIGRATION/KP-CASA-Deployment
5 HP-SALES-MKTG-SYS/broker-service-kpifoff-rocprcsr
5 HP-SALES-MKTG-SYS-SMU/Az-SMU/smu-workload-scheduler
5 HP-BIO-KPMC/KPMCUserAuth/Development/il-ms-fw-userauth-bff-obsolete
5 HP-BIO-KPMC/KPMCUserAuth/Development/il-ms-fw-quickview-bff-obsolete
5 HP-BIO-KPMC/KPMCSS/Development/il-ui-crosswalk-obsolete
5 HP-BIO-KPMC/KPMCIntLayer/Devops_Release/il-ui-console
5 HP-BIO-KPMC/KPMCIntLayer/Devops_Release/il-batch-payment-instructions-filewriter
5 HP-BIO-KPMC/KPMCIntLayer/Devops_Release/il-batch-outbound-cpcextract
5 HP-BIO-KPMC/KPMCIntLayer/Devops_Release/il-batch-cpcextract-filewriter
5 HP-BIO-KPMC/KPMCIntLayer/Devops_Release/il-batch-bcsbaseerror-filewriter
5 HP-BIO-KPMC/KPMCIntLayer/Devops_Release/il-batch-aciextract-filewriter
5 HP-BIO-KPMC/KPMCIntLayer/Development/il-ms-cpcautopay-transformer-obsolete
5 HP-BIO-KPMC/KPMCIntLayer/Development/il-ms-adpt-ormb-release-obsolete
5 HP-BIO-KPMC/KPMCIntLayer/Development/il-ms-adpt-fs-obsolete
5 HP-BIO-KPMC/KPMCIntLayer/Development/il-fw-tams-server-obsolete
5 HP-BIO-KPMC/KPMCIntLayer/Development/il-batch-outbound-cpcextract-obsolete
5 HP-BIO-KPMC/KPMCIntLayer/Development/il-batch-outbound-cpcbilltransformer-consolidated-ormb-obsolete
5 HP-BIO-KPMC/KPMCIntLayer/Development/il-batch-grouptermination-fsextractor-obsolete
5 HP-BIO-KPMC/KPMCIntLayer/Development/il-batch-cpcextract-filewriter-obsolete
5 HP-BIO-KPMC/KPMCIntLayer/Development/il-batch-bcsbaseerror-filewriter-obsolete
5 HP-BIO-KPMC/KPMCDMS/Development/docmgmt-ui-idcard-bff
5 HP-BIO-KPMC/KPMCDMS/DevOps_Release/docmgmt-ui-deapi_cluster
5 HP-BIO-KPMC/KPMCDMS/DevOps_Release/dm-mft-statusconsumer
5 HP-BIO-KPMC/KPMCDMS/DevOps_Release/dm-de-pminvoice
5 HP-BIO-KPMC/KPMCDMS/DevOps_Release/dm-de-lstmnt
5 HP-BIO-KPMC/KPMCDMS/DevOps_Release/dm-de-lblettertrigger
5 HP-BIO-KPMC/KPMCDMS/DevOps_Release/dm-de-lbill
5 HP-BIO-KPMC/KPMCCAM/Development/cam-ms-router-regionalcutover-obsolete
5 HP-BIO-KPMC/KPMCCAM/Development/cam-batch-idl-bseg-obsolete
5 HP-BIO-KPMC/KPMCCAM/Development/cam-batch-di-split-family-obsolete
5 HP-BIO-KPMC/KPMCCAM/DevOps_Release/il-ui-fw-cam-routing
5 HP-BIO-KPMC/KPMCCAM/DevOps_Release/cam-batch-idl-externalparty
5 HP-BIO-KPMC/KPMC-Utilities/postgres-higher-level/USERAUTH-USERPROFILES-LIQUIBASE
5 HP-BIO-KPMC/KPMC-Utilities/postgres-higher-level/USERAUTH-ROLECAPABILITIES-LIQUIBASE
5 HP-BIO-KPMC/KPIF-ON/utilities/kpconfig-updates-dev-dms
5 HP-BIO-KPMC/KPIF-ON/utilities/kpconfig-updates-dev-di-services
5 HP-BIO-KPMC/KPIF-ON/il-fw-splunk-logclient/SelfService/Development/ssindvwls
5 HP-BIO-KPMC/KPIF-ON/il-fw-splunk-logclient/KPMCIntLayer/Development/il-ms-kbsql-wqi-tra-extract
5 HP-BIO-KPMC/KPIF-ON/il-fw-splunk-logclient/KPMCIntLayer/Development/il-ms-kbsql-wqi-extract
5 HP-BIO-KPMC/KPIF-ON/il-fw-splunk-logclient/KPMCIntLayer/Development/il-ms-kbsql-reg-extract
5 HP-BIO-KPMC/KPIF-ON/il-fw-splunk-logclient/KPMCIntLayer/Development/il-ms-kbsql-ncs-extract
5 HP-BIO-KPMC/KPIF-ON/il-fw-splunk-logclient/KPMCIntLayer/Development/il-ms-kbsql-ept-pre-extract
5 HP-BIO-KPMC/KPIF-ON/il-fw-splunk-logclient/KPMCIntLayer/Development/il-ms-kbsql-ept-lan-extract
5 HP-BIO-KPMC/KPIF-ON/il-fw-splunk-logclient/KPMCIntLayer/Development/il-ms-kbsql-ept-del-extract
5 HP-BIO-KPMC/KPIF-ON/il-fw-splunk-logclient/KPMCIntLayer/Development/il-ms-kbsql-ept-ali-extract
5 HP-BIO-KPMC/KPIF-ON/il-fw-splunk-logclient/KPMCIntLayer/Development/il-ms-kbsql-cvg-pay-extract
5 HP-BIO-KPMC/KPIF-ON/il-fw-splunk-logclient/KPMCIntLayer/Development/il-ms-kbsql-cvg-eum-extract
5 HP-BIO-KPMC/KPIF-ON/il-fw-splunk-logclient/KPMCIntLayer/Development/il-ms-kbsql-cvg-enr-extract
5 HP-BIO-KPMC/KPIF-ON/il-fw-splunk-logclient/KPMCIntLayer/Development/il-ms-kbsql-cvg-edi-extract
5 HP-BIO-KPMC/KPIF-ON/il-fw-splunk-logclient/KPMCIntLayer/Development/il-ms-kbsql-cvg-cae-extract
5 HP-BIO-KPMC/KPIF-ON/il-fw-splunk-logclient/KPMCIntLayer/Development/il-ms-kbsql-cvg-att-del-extract
5 HP-BIO-KPMC/KPIF-ON/il-fw-splunk-logclient/KPMCIntLayer/Development/il-ms-extract-fw-transformer
5 HP-BIO-KPMC/KPIF-ON/il-fw-splunk-logclient/KPMCIntLayer/Development/il-ms-extene-fca-recon-comparison-transformer
5 HP-BIO-KPMC/KPIF-ON/il-fw-splunk-logclient/KPMCIntLayer/Development/il-ms-extene-fca-recon-comparison-reportgen
5 HP-BIO-KPMC/KPIF-ON/il-fw-splunk-logclient/KPMCIntLayer/Development/il-ms-extene-fca-recon-comparison-fileload
5 HP-BIO-KPMC/KPIF-ON/il-fw-splunk-logclient/KPMCIntLayer/Development/il-ms-ene-ffm-proactive-outreach-response-transformer
5 HP-BIO-KPMC/KPIF-ON/il-fw-splunk-logclient/KPMCIntLayer/Development/il-ms-datahub-load-l2-validation-report
5 HP-BIO-KPMC/KPIF-ON/il-fw-splunk-logclient/KPMCIntLayer/Development/il-ms-crossregion-merge-kpif-on
5 HP-BIO-KPMC/KPIF-ON/il-fw-splunk-logclient/KPMCIntLayer/Development/il-ms-bcsbasetrueup-extract
5 HP-BIO-KPMC/KPIF-ON/il-fw-splunk-logclient/KPMCIntLayer/Development/il-fw-error
5 HP-BIO-KPMC/KPIF-ON/il-fw-splunk-logclient/KPMCIntLayer/Development/il-fw-crosswalk-client
5 HP-BIO-KPMC/KPIF-ON/il-fw-splunk-logclient/KPMCIntLayer/Development/il-datahub-refresh-mview
5 HP-BIO-KPMC/KPIF-ON/il-fw-splunk-logclient/KPMCIntLayer/Development/il-batch-inbound-fileprocessor
5 HP-BIO-KPMC/KPIF-ON/il-fw-splunk-logclient/KPMCIntLayer/Development/il-batch-bcsmemberextract-trasformer
5 HP-BIO-KPMC/KPIF-ON/il-fw-splunk-logclient/KPMCIntLayer/DevOps_Release/il-ms-kbsql-wqi-tra-extract
5 HP-BIO-KPMC/KPIF-ON/il-fw-splunk-logclient/KPMCIntLayer/DevOps_Release/il-ms-kbsql-wqi-his-extract
5 HP-BIO-KPMC/KPIF-ON/il-fw-splunk-logclient/KPMCIntLayer/DevOps_Release/il-ms-kbsql-wqi-extract
5 HP-BIO-KPMC/KPIF-ON/il-fw-splunk-logclient/KPMCIntLayer/DevOps_Release/il-ms-kbsql-reg-extract
5 HP-BIO-KPMC/KPIF-ON/il-fw-splunk-logclient/KPMCIntLayer/DevOps_Release/il-ms-kbsql-ncs-extract
5 HP-BIO-KPMC/KPIF-ON/il-fw-splunk-logclient/KPMCIntLayer/DevOps_Release/il-ms-kbsql-hno-extract
5 HP-BIO-KPMC/KPIF-ON/il-fw-splunk-logclient/KPMCIntLayer/DevOps_Release/il-ms-kbsql-ept-pre-extract
5 HP-BIO-KPMC/KPIF-ON/il-fw-splunk-logclient/KPMCIntLayer/DevOps_Release/il-ms-kbsql-ept-lan-extract
5 HP-BIO-KPMC/KPIF-ON/il-fw-splunk-logclient/KPMCIntLayer/DevOps_Release/il-ms-kbsql-ept-del-extract
5 HP-BIO-KPMC/KPIF-ON/il-fw-splunk-logclient/KPMCIntLayer/DevOps_Release/il-ms-kbsql-ept-ali-extract
5 HP-BIO-KPMC/KPIF-ON/il-fw-splunk-logclient/KPMCIntLayer/DevOps_Release/il-ms-kbsql-epp-del-extract
5 HP-BIO-KPMC/KPIF-ON/il-fw-splunk-logclient/KPMCIntLayer/DevOps_Release/il-ms-kbsql-ecl-poi-extract
5 HP-BIO-KPMC/KPIF-ON/il-fw-splunk-logclient/KPMCIntLayer/DevOps_Release/il-ms-kbsql-cvg-pay-extract
5 HP-BIO-KPMC/KPIF-ON/il-fw-splunk-logclient/KPMCIntLayer/DevOps_Release/il-ms-kbsql-cvg-eum-extract
5 HP-BIO-KPMC/KPIF-ON/il-fw-splunk-logclient/KPMCIntLayer/DevOps_Release/il-ms-kbsql-cvg-enr-extract
5 HP-BIO-KPMC/KPIF-ON/il-fw-splunk-logclient/KPMCIntLayer/DevOps_Release/il-ms-kbsql-cvg-edi-extract
5 HP-BIO-KPMC/KPIF-ON/il-fw-splunk-logclient/KPMCIntLayer/DevOps_Release/il-ms-kbsql-cvg-cae-extract
5 HP-BIO-KPMC/KPIF-ON/il-fw-splunk-logclient/KPMCIntLayer/DevOps_Release/il-ms-kbsql-cvg-att-del-extract
5 HP-BIO-KPMC/KPIF-ON/il-fw-splunk-logclient/KPMCIntLayer/DevOps_Release/il-ms-kbsql-alt-extract
5 HP-BIO-KPMC/KPIF-ON/il-fw-splunk-logclient/KPMCIntLayer/DevOps_Release/il-ms-extene-fca-recon-comparison-transformer
5 HP-BIO-KPMC/KPIF-ON/il-fw-splunk-logclient/KPMCIntLayer/DevOps_Release/il-ms-extene-fca-recon-comparison-reportgen
5 HP-BIO-KPMC/KPIF-ON/il-fw-splunk-logclient/KPMCIntLayer/DevOps_Release/il-ms-extene-fca-recon-comparison-fileload
5 HP-BIO-KPMC/KPIF-ON/il-fw-splunk-logclient/KPMCIntLayer/DevOps_Release/il-ms-ene-ffm-proactive-outreach-response-transformer
5 HP-BIO-KPMC/KPIF-ON/il-fw-splunk-logclient/KPMCIntLayer/DevOps_Release/il-ms-datahub-load-l2-validation-report
5 HP-BIO-KPMC/KPIF-ON/il-fw-splunk-logclient/KPMCIntLayer/DevOps_Release/il-ms-cac-emws-msgschema
5 HP-BIO-KPMC/KPIF-ON/il-fw-splunk-logclient/KPMCIntLayer/DevOps_Release/il-ms-bcsbasetrueup-extract
5 HP-BIO-KPMC/KPIF-ON/il-fw-splunk-logclient/KPMCIntLayer/DevOps_Release/il-fw-error
5 HP-BIO-KPMC/KPIF-ON/il-fw-splunk-logclient/KPMCIntLayer/DevOps_Release/il-fw-crosswalk-client
5 HP-BIO-KPMC/KPIF-ON/il-fw-splunk-logclient/KPMCIntLayer/DevOps_Release/il-datahub-refresh-mview
5 HP-BIO-KPMC/KPIF-ON/il-fw-splunk-logclient/KPMCIntLayer/DevOps_Release/il-batch-inbound-fileprocessor
5 HP-BIO-KPMC/KPIF-ON/il-fw-splunk-logclient/KPMCIntLayer/DevOps_Release/il-batch-bcsmemberextract-trasformer
5 HP-BIO-KPMC/KPIF-ON/il-fw-splunk-logclient/KPMCIntLayer/DevOps_Release/il-batch-aciextract-filewriter
5 HP-BIO-KPMC/KPIF-ON/il-fw-splunk-logclient/KPMCDMS/Development/dm-ne-stageweb
5 HP-BIO-KPMC/KPIF-ON/il-fw-splunk-logclient/KPMCDMS/Development/dm-ne-stagedbcore
5 HP-BIO-KPMC/KPIF-ON/il-fw-splunk-logclient/KPMCDMS/Development/dm-ne-pnotification
5 HP-BIO-KPMC/KPIF-ON/il-fw-splunk-logclient/KPMCDMS/DevOps_Release/dm-ne-stageweb
5 HP-BIO-KPMC/KPIF-ON/il-fw-splunk-logclient/KPMCDMS/DevOps_Release/dm-ne-stagedbcore
5 HP-BIO-KPMC/KPIF-ON/il-fw-splunk-logclient/KPMCDMS/DevOps_Release/dm-ne-pnotification
5 HP-BIO-KPMC/KPIF-ON/il-fw-splunk-logclient/KPMCCAM/Development/il-ms-crossregion-merge
5 HP-BIO-KPMC/KPIF-ON/il-fw-splunk-logclient/KPMCCAM/Development/cam-ms-router-regionalcutover
5 HP-BIO-KPMC/KPIF-ON/il-fw-splunk-logclient/KPMCCAM/Development/cam-ms-router-plannedcutover
5 HP-BIO-KPMC/KPIF-ON/il-fw-splunk-logclient/KPMCCAM/Development/cam-ms-router-membersor
5 HP-BIO-KPMC/KPIF-ON/il-fw-splunk-logclient/KPMCCAM/Development/cam-ms-router-groupsor
5 HP-BIO-KPMC/KPIF-ON/il-fw-splunk-logclient/KPMCCAM/Development/cam-ms-router-customerconfig
5 HP-BIO-KPMC/KPIF-ON/il-fw-splunk-logclient/KPMCCAM/Development/cam-batch-idl-kpifbill-pricingdtl-dh-kpif-on
5 HP-BIO-KPMC/KPIF-ON/il-fw-splunk-logclient/KPMCCAM/Development/cam-batch-idl-kpifbill-pricingdtl-dh
5 HP-BIO-KPMC/KPIF-ON/il-fw-splunk-logclient/KPMCCAM/Development/cam-batch-idl-kpifbill-pricing-dh-kpif-on
5 HP-BIO-KPMC/KPIF-ON/il-fw-splunk-logclient/KPMCCAM/Development/cam-batch-idl-kpifbill-pricing-dh
5 HP-BIO-KPMC/KPIF-ON/il-fw-splunk-logclient/KPMCCAM/Development/cam-batch-idl-kpifbill-pricelinecalculation-dh-kpif-on
5 HP-BIO-KPMC/KPIF-ON/il-fw-splunk-logclient/KPMCCAM/Development/cam-batch-idl-kpifbill-policy-dh-kpif-on
5 HP-BIO-KPMC/KPIF-ON/il-fw-splunk-logclient/KPMCCAM/Development/cam-batch-idl-kpifbill-policy-dh
5 HP-BIO-KPMC/KPIF-ON/il-fw-splunk-logclient/KPMCCAM/Development/cam-batch-idl-kpifbill-plan-dh-kpif-on
5 HP-BIO-KPMC/KPIF-ON/il-fw-splunk-logclient/KPMCCAM/Development/cam-batch-idl-kpifbill-plan-dh
5 HP-BIO-KPMC/KPIF-ON/il-fw-splunk-logclient/KPMCCAM/Development/cam-batch-idl-kpifbill-personbenefit-dh
5 HP-BIO-KPMC/KPIF-ON/il-fw-splunk-logclient/KPMCCAM/Development/cam-batch-idl-kpifbill-person-dh-kpif-on
5 HP-BIO-KPMC/KPIF-ON/il-fw-splunk-logclient/KPMCCAM/Development/cam-batch-idl-kpifbill-person-dh
5 HP-BIO-KPMC/KPIF-ON/il-fw-splunk-logclient/KPMCCAM/Development/cam-batch-idl-kpifbill-payment-dh-kpif-on
5 HP-BIO-KPMC/KPIF-ON/il-fw-splunk-logclient/KPMCCAM/Development/cam-batch-idl-kpifbill-payment-dh
5 HP-BIO-KPMC/KPIF-ON/il-fw-splunk-logclient/KPMCCAM/Development/cam-batch-idl-kpifbill-membershipperson-dh
5 HP-BIO-KPMC/KPIF-ON/il-fw-splunk-logclient/KPMCCAM/Development/cam-batch-idl-kpifbill-member-dh
5 HP-BIO-KPMC/KPIF-ON/il-fw-splunk-logclient/KPMCCAM/Development/cam-batch-idl-kpifbill-externalparty-dh-kpif-on
5 HP-BIO-KPMC/KPIF-ON/il-fw-splunk-logclient/KPMCCAM/Development/cam-batch-idl-kpifbill-externalparty-dh
5 HP-BIO-KPMC/KPIF-ON/il-fw-splunk-logclient/KPMCCAM/Development/cam-batch-idl-kpifbill-customer-dh-kpif-on
5 HP-BIO-KPMC/KPIF-ON/il-fw-splunk-logclient/KPMCCAM/Development/cam-batch-idl-kpifbill-customer-dh
5 HP-BIO-KPMC/KPIF-ON/il-fw-splunk-logclient/KPMCCAM/Development/cam-batch-idl-kpifbill-bseg-dh-kpif-on
5 HP-BIO-KPMC/KPIF-ON/il-fw-splunk-logclient/KPMCCAM/Development/cam-batch-idl-kpifbill-bseg-dh
5 HP-BIO-KPMC/KPIF-ON/il-fw-splunk-logclient/KPMCCAM/Development/cam-batch-idl-kpifbill-billablechg-dh-kpif-on
5 HP-BIO-KPMC/KPIF-ON/il-fw-splunk-logclient/KPMCCAM/Development/cam-batch-idl-kpifbill-bill-dh-kpif-on
5 HP-BIO-KPMC/KPIF-ON/il-fw-splunk-logclient/KPMCCAM/Development/cam-batch-idl-kpifbill-bill-dh
5 HP-BIO-KPMC/KPIF-ON/il-fw-splunk-logclient/KPMCCAM/Development/cam-batch-idl-kpifbill-adjustment-dh-kpif-on
5 HP-BIO-KPMC/KPIF-ON/il-fw-splunk-logclient/KPMCCAM/Development/cam-batch-idl-kpifbill-adjustment-dh
5 HP-BIO-KPMC/KPIF-ON/il-fw-splunk-logclient/KPMCCAM/Development/cam-batch-idl-kpifbill-account-dh
5 HP-BIO-KPMC/KPIF-ON/il-fw-splunk-logclient/KPMCCAM/Development/cam-batch-idl-compare
5 HP-BIO-KPMC/KPIF-ON/il-fw-splunk-logclient/KPMCCAM/DevOps_Release/il-ms-crossregion-merge-kpif-on
5 HP-BIO-KPMC/KPIF-ON/il-fw-splunk-logclient/KPMCCAM/DevOps_Release/il-ms-crossregion-merge
5 HP-BIO-KPMC/KPIF-ON/il-fw-splunk-logclient/KPMCCAM/DevOps_Release/cam-ms-router-regionalcutover_cluster
5 HP-BIO-KPMC/KPIF-ON/il-fw-splunk-logclient/KPMCCAM/DevOps_Release/cam-ms-router-plannedcutover_cluster
5 HP-BIO-KPMC/KPIF-ON/il-fw-splunk-logclient/KPMCCAM/DevOps_Release/cam-ms-router-membersor_cluster
5 HP-BIO-KPMC/KPIF-ON/il-fw-splunk-logclient/KPMCCAM/DevOps_Release/cam-ms-router-groupsor_cluster
5 HP-BIO-KPMC/KPIF-ON/il-fw-splunk-logclient/KPMCCAM/DevOps_Release/cam-ms-router-customerconfig_cluster
5 HP-BIO-KPMC/KPIF-ON/SelfService/DevOps_Release/ssindvbinderpaymentbff
5 HP-BIO-KPMC/KPIF-ON/KPMCIntLayer/Development/il-ms-products
5 HP-BIO-KPMC/KPIF-ON/KPMCIntLayer/Development/il-ms-kbsql-wqi-tra-extract
5 HP-BIO-KPMC/KPIF-ON/KPMCIntLayer/Development/il-ms-kbsql-wqi-extract
5 HP-BIO-KPMC/KPIF-ON/KPMCIntLayer/Development/il-ms-kbsql-reg-extract
5 HP-BIO-KPMC/KPIF-ON/KPMCIntLayer/Development/il-ms-kbsql-ppg-nrg-del-extract
5 HP-BIO-KPMC/KPIF-ON/KPMCIntLayer/Development/il-ms-kbsql-nsc-pro-extract
5 HP-BIO-KPMC/KPIF-ON/KPMCIntLayer/Development/il-ms-kbsql-ncs-extract
5 HP-BIO-KPMC/KPIF-ON/KPMCIntLayer/Development/il-ms-kbsql-lqf-extract
5 HP-BIO-KPMC/KPIF-ON/KPMCIntLayer/Development/il-ms-kbsql-lob-extract
5 HP-BIO-KPMC/KPIF-ON/KPMCIntLayer/Development/il-ms-kbsql-ime-sta-extract
5 HP-BIO-KPMC/KPIF-ON/KPMCIntLayer/Development/il-ms-kbsql-ime-ins-extract
5 HP-BIO-KPMC/KPIF-ON/KPMCIntLayer/Development/il-ms-kbsql-ime-ini-extract
5 HP-BIO-KPMC/KPIF-ON/KPMCIntLayer/Development/il-ms-kbsql-ime-extract
5 HP-BIO-KPMC/KPIF-ON/KPMCIntLayer/Development/il-ms-kbsql-ime-det-extract
5 HP-BIO-KPMC/KPIF-ON/KPMCIntLayer/Development/il-ms-kbsql-ime-aud-extract
5 HP-BIO-KPMC/KPIF-ON/KPMCIntLayer/Development/il-ms-kbsql-ime-app-extract
5 HP-BIO-KPMC/KPIF-ON/KPMCIntLayer/Development/il-ms-kbsql-iit-extract
5 HP-BIO-KPMC/KPIF-ON/KPMCIntLayer/Development/il-ms-kbsql-ier-knd-extract
5 HP-BIO-KPMC/KPIF-ON/KPMCIntLayer/Development/il-ms-kbsql-ier-extract
5 HP-BIO-KPMC/KPIF-ON/KPMCIntLayer/Development/il-ms-kbsql-hno-txt-extract
5 HP-BIO-KPMC/KPIF-ON/KPMCIntLayer/Development/il-ms-kbsql-hlx-extract
5 HP-BIO-KPMC/KPIF-ON/KPMCIntLayer/Development/il-ms-kbsql-hlv-val-extract
5 HP-BIO-KPMC/KPIF-ON/KPMCIntLayer/Development/il-ms-kbsql-hlv-extract
5 HP-BIO-KPMC/KPIF-ON/KPMCIntLayer/Development/il-ms-kbsql-hip-extract
5 HP-BIO-KPMC/KPIF-ON/KPMCIntLayer/Development/il-ms-kbsql-ept-pre-extract
5 HP-BIO-KPMC/KPIF-ON/KPMCIntLayer/Development/il-ms-kbsql-ept-mer-del-extract
5 HP-BIO-KPMC/KPIF-ON/KPMCIntLayer/Development/il-ms-kbsql-ept-lan-extract
5 HP-BIO-KPMC/KPIF-ON/KPMCIntLayer/Development/il-ms-kbsql-ept-dem-del-extract
5 HP-BIO-KPMC/KPIF-ON/KPMCIntLayer/Development/il-ms-kbsql-ept-del-extract
5 HP-BIO-KPMC/KPIF-ON/KPMCIntLayer/Development/il-ms-kbsql-ept-cvg-del-extract
5 HP-BIO-KPMC/KPIF-ON/KPMCIntLayer/Development/il-ms-kbsql-ept-ali-extract
5 HP-BIO-KPMC/KPIF-ON/KPMCIntLayer/Development/il-ms-kbsql-epm-extract
5 HP-BIO-KPMC/KPIF-ON/KPMCIntLayer/Development/il-ms-kbsql-emp-rol-extract
5 HP-BIO-KPMC/KPIF-ON/KPMCIntLayer/Development/il-ms-kbsql-emp-log-extract
5 HP-BIO-KPMC/KPIF-ON/KPMCIntLayer/Development/il-ms-kbsql-emp-his-extract
5 HP-BIO-KPMC/KPIF-ON/KPMCIntLayer/Development/il-ms-kbsql-ecl-stg-extract
5 HP-BIO-KPMC/KPIF-ON/KPMCIntLayer/Development/il-ms-kbsql-ecl-lob-extract
5 HP-BIO-KPMC/KPIF-ON/KPMCIntLayer/Development/il-ms-kbsql-ecl-act-extract
5 HP-BIO-KPMC/KPIF-ON/KPMCIntLayer/Development/il-ms-kbsql-eci-extract
5 HP-BIO-KPMC/KPIF-ON/KPMCIntLayer/Development/il-ms-kbsql-e2r-extract
5 HP-BIO-KPMC/KPIF-ON/KPMCIntLayer/Development/il-ms-kbsql-e1l-extract
5 HP-BIO-KPMC/KPIF-ON/KPMCIntLayer/Development/il-ms-kbsql-dpg-ppg-extract
5 HP-BIO-KPMC/KPIF-ON/KPMCIntLayer/Development/il-ms-kbsql-dpg-extract
5 HP-BIO-KPMC/KPIF-ON/KPMCIntLayer/Development/il-ms-kbsql-dcs-extract
5 HP-BIO-KPMC/KPIF-ON/KPMCIntLayer/Development/il-ms-kbsql-cvg-eum-extract
5 HP-BIO-KPMC/KPIF-ON/KPMCIntLayer/Development/il-ms-kbsql-cvg-enr-extract
5 HP-BIO-KPMC/KPIF-ON/KPMCIntLayer/Development/il-ms-kbsql-cvg-edi-extract
5 HP-BIO-KPMC/KPIF-ON/KPMCIntLayer/Development/il-ms-kbsql-cvg-cae-extract
5 HP-BIO-KPMC/KPIF-ON/KPMCIntLayer/Development/il-ms-kbsql-cvg-att-del-extract
5 HP-BIO-KPMC/KPIF-ON/KPMCIntLayer/Development/il-ms-kbsql-cpg-extract
5 HP-BIO-KPMC/KPIF-ON/KPMCIntLayer/Development/il-ms-kbsql-coverage-del-extract_obsolete
5 HP-BIO-KPMC/KPIF-ON/KPMCIntLayer/Development/il-ms-extract-tpp-pap-idreportgen-hi
5 HP-BIO-KPMC/KPIF-ON/KPMCIntLayer/Development/il-ms-extract-kpwamarketprominence-transformer
5 HP-BIO-KPMC/KPIF-ON/KPMCIntLayer/Development/il-ms-extract-kpwacac-transformer
5 HP-BIO-KPMC/KPIF-ON/KPMCIntLayer/Development/il-ms-extract-kpwa-empi-transformer
5 HP-BIO-KPMC/KPIF-ON/KPMCIntLayer/Development/il-ms-extract-ene-full-carrier-audit-transformer
5 HP-BIO-KPMC/KPIF-ON/KPMCIntLayer/Development/il-ms-extract-ene-dispute-sub-ffm-transformer
5 HP-BIO-KPMC/KPIF-ON/KPMCIntLayer/Development/il-ms-extract-billing-tpp-pmt-instructions-transformer
5 HP-BIO-KPMC/KPIF-ON/KPMCIntLayer/Development/il-ms-extract-billing-cms-pmt-instructions-transformer
5 HP-BIO-KPMC/KPIF-ON/KPMCIntLayer/Development/il-ms-extract-amr-transformer
5 HP-BIO-KPMC/KPIF-ON/KPMCIntLayer/Development/il-ms-extene-fca-recon-comparison-transformer
5 HP-BIO-KPMC/KPIF-ON/KPMCIntLayer/Development/il-ms-extene-fca-recon-comparison-reportgen
5 HP-BIO-KPMC/KPIF-ON/KPMCIntLayer/Development/il-ms-extene-fca-recon-comparison-fileload
5 HP-BIO-KPMC/KPIF-ON/KPMCIntLayer/Development/il-ms-dpamanagement-processor
5 HP-BIO-KPMC/KPIF-ON/KPMCIntLayer/Development/il-ms-doclink-transformer
5 HP-BIO-KPMC/KPIF-ON/KPMCIntLayer/Development/il-ms-demographics
5 HP-BIO-KPMC/KPIF-ON/KPMCIntLayer/Development/il-ms-datahub-load-l2-validation-report
5 HP-BIO-KPMC/KPIF-ON/KPMCIntLayer/Development/il-ms-customer
5 HP-BIO-KPMC/KPIF-ON/KPMCIntLayer/Development/il-ms-crossregion-merge-kpif-on
5 HP-BIO-KPMC/KPIF-ON/KPMCIntLayer/Development/il-ms-bcsbasetrueup-extract
5 HP-BIO-KPMC/KPIF-ON/KPMCIntLayer/Development/il-datahub-load-kpwa-contract
5 HP-BIO-KPMC/KPIF-ON/KPMCIntLayer/Development/il-batch-billaccountfinance-transformer
5 HP-BIO-KPMC/KPIF-ON/KPMCIntLayer/Development/il-batch-bcsmemberextract-trasformer
5 HP-BIO-KPMC/KPIF-ON/KPMCIntLayer/Development/il-batch-aciextract-filewriter-m3p
5 HP-BIO-KPMC/KPIF-ON/KPMCIntLayer/DevOps_Release/il-ms-search
5 HP-BIO-KPMC/KPIF-ON/KPMCIntLayer/DevOps_Release/il-ms-medicare
5 HP-BIO-KPMC/KPIF-ON/KPMCIntLayer/DevOps_Release/il-ms-kbsql-ppg-extract
5 HP-BIO-KPMC/KPIF-ON/KPMCIntLayer/DevOps_Release/il-ms-kbsql-nsc-extract
5 HP-BIO-KPMC/KPIF-ON/KPMCIntLayer/DevOps_Release/il-ms-kbsql-ept-obs-extract
5 HP-BIO-KPMC/KPIF-ON/KPMCIntLayer/DevOps_Release/il-ms-kbsql-ept-eml-extract
5 HP-BIO-KPMC/KPIF-ON/KPMCIntLayer/DevOps_Release/il-ms-kbsql-ept-det-extract
5 HP-BIO-KPMC/KPIF-ON/KPMCIntLayer/DevOps_Release/il-ms-kbsql-ept-dem-extract
5 HP-BIO-KPMC/KPIF-ON/KPMCIntLayer/DevOps_Release/il-ms-kbsql-cvg-del-extract
5 HP-BIO-KPMC/KPIF-ON/KPMCIntLayer/DevOps_Release/il-ms-kbsql-cov-del-extract
5 HP-BIO-KPMC/KPIF-ON/KPMCIntLayer/DevOps_Release/il-ms-extract-fw-stager
5 HP-BIO-KPMC/KPIF-ON/KPMCIntLayer/DevOps_Release/il-ms-customer
5 HP-BIO-KPMC/KPIF-ON/KPMCIntLayer/DevOps_Release/il-ms-cpcautopay-processor
5 HP-BIO-KPMC/KPIF-ON/KPMCIntLayer/DevOps_Release/il-ms-classic-inquiry
5 HP-BIO-KPMC/KPIF-ON/KPMCIntLayer/DevOps_Release/il-ms-broker
5 HP-BIO-KPMC/KPIF-ON/KPMCIntLayer/DevOps_Release/il-fw-tams-manager
5 HP-BIO-KPMC/KPIF-ON/KPMCIntLayer/DevOps_Release/il-datahub-refresh-mview
5 HP-BIO-KPMC/KPIF-ON/KPMCGSU/DevOps_Release/cac_rule_common
5 HP-BIO-KPMC/KPIF-ON/KPMCDMS/Development/dm-ne-stageweb
5 HP-BIO-KPMC/KPIF-ON/KPMCDMS/Development/dm-ne-pnotification
5 HP-BIO-KPMC/KPIF-ON/KPMCDMS/Development/dm-ne-dbcore
5 HP-BIO-KPMC/KPIF-ON/KPMCDMS/DevOps_Release/dm-eoc-dbcore
5 HP-BIO-KPMC/KPIF-ON/KPMCDMS/DevOps_Release/dm-de-rdr-dbcore
5 HP-BIO-KPMC/KPIF-ON/KPMCDMS/DevOps_Release/dm-de-lenrlettertrigger
5 HP-BIO-KPMC/KPIF-ON/KPMCDMS/DevOps_Release/dm-de-lblettertrigger
5 HP-BIO-KPMC/KPIF-ON/KPMCDMS/DevOps_Release/dm-de-enrletter-dbcore
5 HP-BIO-KPMC/KPIF-ON/KPMCDMS/DevOps_Release/dm-de-dbcore
5 HP-BIO-KPMC/KPIF-ON/KPMCCAM/Development/il-ms-crossregion-merge
5 HP-BIO-KPMC/KPIF-ON/KPMCCAM/Development/cam-ms-router-regionalcutover
5 HP-BIO-KPMC/KPIF-ON/KPMCCAM/Development/cam-ms-router-plannedcutover
5 HP-BIO-KPMC/KPIF-ON/KPMCCAM/Development/cam-ms-router-membersor
5 HP-BIO-KPMC/KPIF-ON/KPMCCAM/Development/cam-ms-router-groupsor
5 HP-BIO-KPMC/KPIF-ON/KPMCCAM/Development/cam-ms-router-customerconfig
5 HP-BIO-KPMC/KPIF-ON/KPMCCAM/Development/cam-batch-idl-kpifbill-pricingdtl-dh
5 HP-BIO-KPMC/KPIF-ON/KPMCCAM/Development/cam-batch-idl-kpifbill-plan-dh
5 HP-BIO-KPMC/KPIF-ON/KPMCCAM/Development/cam-batch-idl-kpifbill-customer-dh
5 HP-BIO-KPMC/KPIF-ON/KPMCCAM/Development/cam-batch-idl-kpifbill-adjustment-dh
5 HP-BIO-KPMC/KPIF-ON/KPMCCAM/Development/cam-batch-dbdataload-framework
5 HP-BIO-KPMC/KPIF-ON/KPMCCAM/Development/cam-batch-dbdataload-cuatodh
5 HP-BIO-KPMC/KPIF-ON/KPMCCAM/DevOps_Release/il-ms-crossregion-merge-kpif-on
5 HP-BIO-KPMC/KPIF-ON/KPMCCAM/DevOps_Release/cam-batch-idl-kpifbill-pricingdtl-dh
5 HP-BIO-KPMC/KPIF-ON/KPMCCAM/DevOps_Release/cam-batch-idl-kpifbill-pricing-dh
5 HP-BIO-KPMC/KPIF-ON/KPMCCAM/DevOps_Release/cam-batch-idl-kpifbill-policy-dh
5 HP-BIO-KPMC/KPIF-ON/KPMCCAM/DevOps_Release/cam-batch-idl-kpifbill-plan-dh
5 HP-BIO-KPMC/KPIF-ON/KPMCCAM/DevOps_Release/cam-batch-idl-kpifbill-person-dh
5 HP-BIO-KPMC/KPIF-ON/KPMCCAM/DevOps_Release/cam-batch-idl-kpifbill-payment-dh
5 HP-BIO-KPMC/KPIF-ON/KPMCCAM/DevOps_Release/cam-batch-idl-kpifbill-member-dh
5 HP-BIO-KPMC/KPIF-ON/KPMCCAM/DevOps_Release/cam-batch-idl-kpifbill-externalparty-dh
5 HP-BIO-KPMC/KPIF-ON/KPMCCAM/DevOps_Release/cam-batch-idl-kpifbill-customer-dh
5 HP-BIO-KPMC/KPIF-ON/KPMCCAM/DevOps_Release/cam-batch-idl-kpifbill-bseg-dh
5 HP-BIO-KPMC/KPIF-ON/KPMCCAM/DevOps_Release/cam-batch-idl-kpifbill-bill-dh
5 HP-BIO-KPMC/KPIF-ON/KPMCCAM/DevOps_Release/cam-batch-idl-kpifbill-account-dh
5 HP-BIO-KPMC/KPIF-ON/KPMCCAM/DevOps_Release/cam-batch-idl-dbutil
5 HP-BIO-KPMC/KPIF-ON/KPMCCAM/DevOps_Release/cam-batch-idl-compare
5 HP-BIO-KPMC/KPIF-ON/KPMCCAM/DevOps_Release/cam-batch-cnd-migration
5 HP-BIO-KPMC/AutoSQLDeployment/DevOps-Liquibase-prod
5 HP-BIO-KPMC/AutoSQLDeployment/DevOps-Liquibase-non-prod
5 HP-BIO-EBSS/medicare/development/mmssmedicareui
5 HP-BIO-EBSS/medicare/development/indvdlslfsrvc_main(Config+UI)
5 HP-BIO-EBSS/medicare/Velocity/mrnassignmenttransstatus
5 HP-BIO-EBSS/ebss/development/ssepicservicewrapper
5 HP-BIO-EBSS/ebss/development/hp-ss-virtualization
5 HP-BIO-EBSS/ebss/development/ebsswls
5 HP-BIO-EBSS/ebss/Velocity/membersearch
5 HP-BIO-EBSS/ebss/Velocity/membermrnsearchv2
5 HP-BIO-EBSS/ebss/Velocity/memberappsaveretrieve
5 HP-BIO-EBSS/commercialbilling/Velocity/cb-ms-transaction-history-bff
5 HP-BIO-EBSS/commercialbilling/Velocity/cb-ms-groupinformation
5 HP-BIO-EBSS/POC/JenkinsTeamsIntegration_pipeline
5 HP-BIO-EBSS/ManagePayments_Final_Regression_QA/ebss/development/hp-ss-virtualization
5 HP-BIO-EBSS/ManagePayments_Final_Regression_QA/ebss/Velocity/ebssbff
5 HP-BIO-EBSS/ManagePayments_Final_Regression_QA/commercialbilling/Devops_Release/financialactivityclientui
5 HP-BIO-EBSS/ManagePayments_Final_Regression_QA/CCPE/devops_release/ssindvbrkrlstsvcbff
5 HP-BIO-EBSS/EBSS-Utilities/POC/JenkinsTeamsIntegration_pipeline
5 HP-BIO-EBSS/CCPE/development/ebss-plancoverage-bff
5 HP-BIO-DMS/ICE/Azure-PERF/ICE-WS-PERF-env
5 Data-Analytics/DA-MMT/DBX-MMT-Deployment
5 CTO-EIS/kafka-selfservice
5 CTO-EIS/Ignite Kafka Config Management/ignite-kafka-kpcc-claims
5 CTO-EA-SOI/CTO-EA-SOI-Framework/HDI4-Framework-Components/KP-AKS-ChatBox/kp-aks-kpd-vicdashboard-new
5 CTO-EA-SOI/CTO-EA-SOI-Framework/HDI4-Framework-Components/KP-AKS-ChatBox/KPD-DAIP-CARDIAC-ANALYTICS
5 CTO-EA-SOI/CTO-EA-SOI-Framework/ADF-NonProd-PROD-Pipeline/KP-KPD-Starburst-Presto
5 CTO-EA-SOI/CTO-EA-SOI-Framework/ADF-NonProd-PROD-Pipeline/KP-KPD-ABC-Adf-Dev-Nginx
5 CS-IT/NFST/KPRB/bc-kube-deployment
5 CS-IT/NFST/KPRB/bc-jupyterhub
5 CS-IT/CPXSKILLNET/cpx-xstore-packaging
5 CS-IT/CPXSKILLNET/CPXPEDSIM
5 CS-IT/CPXPAYMENTCORE/cpx-pmtcore-swp-eckoh
5 CS-IT/CPCMPCPIE/cpx-pmtcore-mpcpie-data-model
5 CS-IT/ASD/MMT/OMS/MMT_OMS_JSON
5 CS-IT/ASD/MMT/MMT_Pharmacy_DBX
5 CS-IT/ASD/MMT/Convert_Workflows/MMT_RSS_JSON
5 CS-IT/ASD/Admin/Trial Jobs/databricks/demo/ASD_demo-databricks
5 CNOE/chandrapipelines/test local
5 CNOE/AzureSamples/Promotion_pipelines/hdinsights/azure_hdinsight_spark_esp_master
5 CNOE/AzureSamples/Promotion_pipelines/databricks/az-databricks-pipeline-sample
5 CNOE/Azure Services/Machine Leaning Workspace
5 CAS-Paas/Azure-COE/chandrapipelines/test local
5 CAS-Paas/Azure-CLI/JenkinSharedLibrary/Playground/omran/kp-azure-omran
4 KPInterchange/vl-jobs/aks-uc3
4 KPInterchange/kp-cloud/kp-cloud4js-cosmosdb-sqlapi-sample
4 KPInterchange/kp-cloud/kp-cloud4java-quarkus-sample
4 KPInterchange/kp-cloud/kp-cloud4java-postgresflexi-sample
4 KPInterchange/kp-cloud/kp-cloud4java-blobstorage-sample
4 KPInterchange/kp-cloud/kp-cloud-service-predictor
4 KPD/SOE/botfactory-root-bot/botfactory-root-bot-pipeline
4 KPD-DAIP/KPD-DAIP-Framework/Member/KP-KPD-MemberProfile
4 KPD-DAIP/KPD-DAIP-Framework/FitBit/EventHubReplicationService
4 KPD-DAIP/KPD-DAIP-Framework/ECC/ECC-Rootbot
4 KP-digital-chatbots/BCP/chatbot/kp-encee-bot-ui_testingDAIP
4 HP-SALES-MKTG-SYS/csar-bpsor-propagator
4 HP-SALES-MKTG-SYS/SGAPI/SGAPI_RELEASE/sgtranstatus
4 HP-SALES-MKTG-SYS/SGAPI/SGAPI_RELEASE/sgservices
4 HP-SALES-MKTG-SYS/SGAPI/SGAPI_RELEASE/sggrpinquiry
4 HP-SALES-MKTG-SYS/SGAPI/SGAPI_RELEASE/pipeline_test
4 HP-SALES-MKTG-SYS/Broker-Service-KPIFOff
4 HP-SALES-MKTG-SYS-SMU/Az-SMU/smu-secrets-management-service
4 HP-SALES-MKTG-SYS-SMU/Az-SMU/smu-postgres-service
4 HP-BIO/HP-SALES-MKTG-SYS-SEE/see-azure-kpifplans
4 HP-BIO-KPMC/KPMCIntLayer/Devops_Release/il-ms-groupreinstate-fsextractor
4 HP-BIO-KPMC/KPMCIntLayer/Devops_Release/il-ms-cpcautopay-transformer
4 HP-BIO-KPMC/KPMCIntLayer/Devops_Release/il-ms-adpt-ormb-release
4 HP-BIO-KPMC/KPMCIntLayer/Devops_Release/il-ms-adpt-fs
4 HP-BIO-KPMC/KPMCIntLayer/Devops_Release/il-ms-acipaymentreversal-transformer
4 HP-BIO-KPMC/KPMCIntLayer/Devops_Release/il-fw-tams-server
4 HP-BIO-KPMC/KPMCIntLayer/Devops_Release/il-fw-tams-manager
4 HP-BIO-KPMC/KPMCIntLayer/Devops_Release/il-fw-tams-batch-coordinator
4 HP-BIO-KPMC/KPMCIntLayer/Devops_Release/il-fw-error
4 HP-BIO-KPMC/KPMCIntLayer/Devops_Release/il-batch-grouptermination-fsextractor
4 HP-BIO-KPMC/KPMCIntLayer/Devops_Release/il-batch-fmeextract-filewriter
4 HP-BIO-KPMC/KPMCIntLayer/Devops_Release/il-batch-billaccountfinance-transformer
4 HP-BIO-KPMC/KPMCIntLayer/Development/il-ms-workflowormb-transformer-obsolete
4 HP-BIO-KPMC/KPMCIntLayer/Development/il-ms-ormbtokpbanks-transformer-obsolete
4 HP-BIO-KPMC/KPMCIntLayer/Development/il-ms-ormb-common-obsolete
4 HP-BIO-KPMC/KPMCIntLayer/Development/il-ms-groupreinstate-fsextractor-obsolete
4 HP-BIO-KPMC/KPMCIntLayer/Development/il-ms-groupmanagement-transformer_cluster-obsolete
4 HP-BIO-KPMC/KPMCIntLayer/Development/il-ms-error-obsolete
4 HP-BIO-KPMC/KPMCIntLayer/Development/il-ms-doclink-transformer-obsolete
4 HP-BIO-KPMC/KPMCIntLayer/Development/il-batch-outbound-cpcbillextract-consolidated-obsolete
4 HP-BIO-KPMC/KPMCIntLayer/Development/il-batch-outbound-bcsbaseerror-obsolete
4 HP-BIO-KPMC/KPMCIntLayer/Development/il-batch-fmeextract-filewriter-obsolete
4 HP-BIO-KPMC/KPMCIntLayer/Development/il-batch-billaccountfinance-transformer-obsolete
4 HP-BIO-KPMC/KPMCIntLayer/Development/il-batch-billaccountfinance-filewriter-obsolete
4 HP-BIO-KPMC/KPMCIntLayer/Development/il-batch-aciextract-filewriter-obsolete
4 HP-BIO-KPMC/KPMCGSU/DevOps_Release/cac_customer_ms
4 HP-BIO-KPMC/KPMCGSU/DevOps_Release/cac_batch
4 HP-BIO-KPMC/KPMCDMS/DevOps_Release/dm-de-pginvoice
4 HP-BIO-KPMC/KPMCDMS/DevOps_Release/dm-dafe-extractprocess
4 HP-BIO-KPMC/KPMCCAM/Development/cam-ms-router-coveragesor-obsolete
4 HP-BIO-KPMC/KPMCCAM/Development/cam-ms-router-bff-obsolete
4 HP-BIO-KPMC/KPMCCAM/DevOps_Release/cam-ms-router-membersor_cluster
4 HP-BIO-KPMC/KPMCCAM/DevOps_Release/cam-batch-router-customeraudit
4 HP-BIO-KPMC/KPMCCAM/DevOps_Release/cam-batch-idl-billablechgleplis
4 HP-BIO-KPMC/KPMC-Utilities/testAZChanges
4 HP-BIO-KPMC/KPMC-Utilities/pr-trigger-poc
4 HP-BIO-KPMC/KPMC-Utilities/liquibase-sox-prod-report
4 HP-BIO-KPMC/KPMC-Utilities/liquibase-devops-Test
4 HP-BIO-KPMC/KPMC-Utilities/kpmc-util-configmgmt_prod
4 HP-BIO-KPMC/KPMC-Utilities/createBranch
4 HP-BIO-KPMC/KPMC-Utilities/config-mgmt-utility
4 HP-BIO-KPMC/KPMC-Utilities/KPMC-DB-SQL-JIRA-Attachment
4 HP-BIO-KPMC/KPIF-ON/utilities/kpconfig-updates-dev-dms-dm-de
4 HP-BIO-KPMC/KPIF-ON/il-fw-splunk-logclient/utilities/kpconfig-updates-dev-dms-dm-de
4 HP-BIO-KPMC/KPIF-ON/il-fw-splunk-logclient/utilities/kpconfig-updates-dev-dms
4 HP-BIO-KPMC/KPIF-ON/il-fw-splunk-logclient/SelfService/DevOps_Release/ssindvbinderpaymentbff
4 HP-BIO-KPMC/KPIF-ON/il-fw-splunk-logclient/KPMCIntLayer/Development/il-ms-workflowormb-transformer
4 HP-BIO-KPMC/KPIF-ON/il-fw-splunk-logclient/KPMCIntLayer/Development/il-ms-workflowem-transformer
4 HP-BIO-KPMC/KPIF-ON/il-fw-splunk-logclient/KPMCIntLayer/Development/il-ms-paymentextract-subscriberaccount
4 HP-BIO-KPMC/KPIF-ON/il-fw-splunk-logclient/KPMCIntLayer/Development/il-ms-memberreinstate-processor
4 HP-BIO-KPMC/KPIF-ON/il-fw-splunk-logclient/KPMCIntLayer/Development/il-ms-kpmcmrnsearch-library
4 HP-BIO-KPMC/KPIF-ON/il-fw-splunk-logclient/KPMCIntLayer/Development/il-ms-kbsql-wqi-his-extract
4 HP-BIO-KPMC/KPIF-ON/il-fw-splunk-logclient/KPMCIntLayer/Development/il-ms-kbsql-wqi-ahi-extract
4 HP-BIO-KPMC/KPIF-ON/il-fw-splunk-logclient/KPMCIntLayer/Development/il-ms-kbsql-wqf-extract
4 HP-BIO-KPMC/KPIF-ON/il-fw-splunk-logclient/KPMCIntLayer/Development/il-ms-kbsql-vct-extract
4 HP-BIO-KPMC/KPIF-ON/il-fw-splunk-logclient/KPMCIntLayer/Development/il-ms-kbsql-recon-cvg-extract_Obsolete
4 HP-BIO-KPMC/KPIF-ON/il-fw-splunk-logclient/KPMCIntLayer/Development/il-ms-kbsql-ppg-rol-extract
4 HP-BIO-KPMC/KPIF-ON/il-fw-splunk-logclient/KPMCIntLayer/Development/il-ms-kbsql-ppg-rid-extract
4 HP-BIO-KPMC/KPIF-ON/il-fw-splunk-logclient/KPMCIntLayer/Development/il-ms-kbsql-ppg-nrg-extract
4 HP-BIO-KPMC/KPIF-ON/il-fw-splunk-logclient/KPMCIntLayer/Development/il-ms-kbsql-ppg-cvg-extract
4 HP-BIO-KPMC/KPIF-ON/il-fw-splunk-logclient/KPMCIntLayer/Development/il-ms-kbsql-nur-res-extract
4 HP-BIO-KPMC/KPIF-ON/il-fw-splunk-logclient/KPMCIntLayer/Development/il-ms-kbsql-nur-his-extract
4 HP-BIO-KPMC/KPIF-ON/il-fw-splunk-logclient/KPMCIntLayer/Development/il-ms-kbsql-nur-cod-extract
4 HP-BIO-KPMC/KPIF-ON/il-fw-splunk-logclient/KPMCIntLayer/Development/il-ms-kbsql-nur-act-extract
4 HP-BIO-KPMC/KPIF-ON/il-fw-splunk-logclient/KPMCIntLayer/Development/il-ms-kbsql-ntp-extract
4 HP-BIO-KPMC/KPIF-ON/il-fw-splunk-logclient/KPMCIntLayer/Development/il-ms-kbsql-nsg-tra-extract
4 HP-BIO-KPMC/KPIF-ON/il-fw-splunk-logclient/KPMCIntLayer/Development/il-ms-kbsql-nsg-extract
4 HP-BIO-KPMC/KPIF-ON/il-fw-splunk-logclient/KPMCIntLayer/Development/il-ms-kbsql-nsg-act-extract
4 HP-BIO-KPMC/KPIF-ON/il-fw-splunk-logclient/KPMCIntLayer/Development/il-ms-kbsql-nsc-wqi-extract
4 HP-BIO-KPMC/KPIF-ON/il-fw-splunk-logclient/KPMCIntLayer/Development/il-ms-kbsql-nsc-scr-extract
4 HP-BIO-KPMC/KPIF-ON/il-fw-splunk-logclient/KPMCIntLayer/Development/il-ms-kbsql-nsc-rid-extract
4 HP-BIO-KPMC/KPIF-ON/il-fw-splunk-logclient/KPMCIntLayer/Development/il-ms-kbsql-nsc-rea-extract
4 HP-BIO-KPMC/KPIF-ON/il-fw-splunk-logclient/KPMCIntLayer/Development/il-ms-kbsql-nsc-pro-extract
4 HP-BIO-KPMC/KPIF-ON/il-fw-splunk-logclient/KPMCIntLayer/Development/il-ms-kbsql-nsc-lan-extract
4 HP-BIO-KPMC/KPIF-ON/il-fw-splunk-logclient/KPMCIntLayer/Development/il-ms-kbsql-nsc-his-extract
4 HP-BIO-KPMC/KPIF-ON/il-fw-splunk-logclient/KPMCIntLayer/Development/il-ms-kbsql-nsc-ent-extract
4 HP-BIO-KPMC/KPIF-ON/il-fw-splunk-logclient/KPMCIntLayer/Development/il-ms-kbsql-nsc-emp-extract
4 HP-BIO-KPMC/KPIF-ON/il-fw-splunk-logclient/KPMCIntLayer/Development/il-ms-kbsql-nsc-com-extract
4 HP-BIO-KPMC/KPIF-ON/il-fw-splunk-logclient/KPMCIntLayer/Development/il-ms-kbsql-nsc-cod-extract
4 HP-BIO-KPMC/KPIF-ON/il-fw-splunk-logclient/KPMCIntLayer/Development/il-ms-kbsql-nsc-bro-extract
4 HP-BIO-KPMC/KPIF-ON/il-fw-splunk-logclient/KPMCIntLayer/Development/il-ms-kbsql-nsc-att-extract
4 HP-BIO-KPMC/KPIF-ON/il-fw-splunk-logclient/KPMCIntLayer/Development/il-ms-kbsql-nrg-map-extract
4 HP-BIO-KPMC/KPIF-ON/il-fw-splunk-logclient/KPMCIntLayer/Development/il-ms-kbsql-nrg-extract
4 HP-BIO-KPMC/KPIF-ON/il-fw-splunk-logclient/KPMCIntLayer/Development/il-ms-kbsql-npd-extract
4 HP-BIO-KPMC/KPIF-ON/il-fw-splunk-logclient/KPMCIntLayer/Development/il-ms-kbsql-nec-sta-extract
4 HP-BIO-KPMC/KPIF-ON/il-fw-splunk-logclient/KPMCIntLayer/Development/il-ms-kbsql-nec-extract
4 HP-BIO-KPMC/KPIF-ON/il-fw-splunk-logclient/KPMCIntLayer/Development/il-ms-kbsql-nec-coe-extract
4 HP-BIO-KPMC/KPIF-ON/il-fw-splunk-logclient/KPMCIntLayer/Development/il-ms-kbsql-nec-age-extract
4 HP-BIO-KPMC/KPIF-ON/il-fw-splunk-logclient/KPMCIntLayer/Development/il-ms-kbsql-ncs-tsk-extract
4 HP-BIO-KPMC/KPIF-ON/il-fw-splunk-logclient/KPMCIntLayer/Development/il-ms-kbsql-ncs-lst-extract
4 HP-BIO-KPMC/KPIF-ON/il-fw-splunk-logclient/KPMCIntLayer/Development/il-ms-kbsql-ncd-gro-extract
4 HP-BIO-KPMC/KPIF-ON/il-fw-splunk-logclient/KPMCIntLayer/Development/il-ms-kbsql-ncd-extract
4 HP-BIO-KPMC/KPIF-ON/il-fw-splunk-logclient/KPMCIntLayer/Development/il-ms-kbsql-ncd-con-extract
4 HP-BIO-KPMC/KPIF-ON/il-fw-splunk-logclient/KPMCIntLayer/Development/il-ms-kbsql-mlb-extract
4 HP-BIO-KPMC/KPIF-ON/il-fw-splunk-logclient/KPMCIntLayer/Development/il-ms-kbsql-hlv-val-del-extract
4 HP-BIO-KPMC/KPIF-ON/il-fw-splunk-logclient/KPMCIntLayer/Development/il-ms-kbsql-ept-pho-extract
4 HP-BIO-KPMC/KPIF-ON/il-fw-splunk-logclient/KPMCIntLayer/Development/il-ms-kbsql-ept-mrn-extract
4 HP-BIO-KPMC/KPIF-ON/il-fw-splunk-logclient/KPMCIntLayer/Development/il-ms-kbsql-ept-mer-extract
4 HP-BIO-KPMC/KPIF-ON/il-fw-splunk-logclient/KPMCIntLayer/Development/il-ms-kbsql-ept-ide-extract
4 HP-BIO-KPMC/KPIF-ON/il-fw-splunk-logclient/KPMCIntLayer/Development/il-ms-kbsql-ept-eum-extract
4 HP-BIO-KPMC/KPIF-ON/il-fw-splunk-logclient/KPMCIntLayer/Development/il-ms-kbsql-ept-ent-extract
4 HP-BIO-KPMC/KPIF-ON/il-fw-splunk-logclient/KPMCIntLayer/Development/il-ms-kbsql-ept-add-del-extract
4 HP-BIO-KPMC/KPIF-ON/il-fw-splunk-logclient/KPMCIntLayer/Development/il-ms-kbsql-emp-extract
4 HP-BIO-KPMC/KPIF-ON/il-fw-splunk-logclient/KPMCIntLayer/Development/il-ms-kbsql-dpg-ppg-del-extract
4 HP-BIO-KPMC/KPIF-ON/il-fw-splunk-logclient/KPMCIntLayer/Development/il-ms-kbsql-cvg-thr-extract
4 HP-BIO-KPMC/KPIF-ON/il-fw-splunk-logclient/KPMCIntLayer/Development/il-ms-kbsql-cvg-slt-extract
4 HP-BIO-KPMC/KPIF-ON/il-fw-splunk-logclient/KPMCIntLayer/Development/il-ms-kbsql-cvg-ept-extract
4 HP-BIO-KPMC/KPIF-ON/il-fw-splunk-logclient/KPMCIntLayer/Development/il-ms-kbsql-cpg-extract
4 HP-BIO-KPMC/KPIF-ON/il-fw-splunk-logclient/KPMCIntLayer/Development/il-ms-kbsql-cpg-div-extract
4 HP-BIO-KPMC/KPIF-ON/il-fw-splunk-logclient/KPMCIntLayer/Development/il-ms-kbsql-cal-extract
4 HP-BIO-KPMC/KPIF-ON/il-fw-splunk-logclient/KPMCIntLayer/Development/il-ms-kbsql-aud-extract
4 HP-BIO-KPMC/KPIF-ON/il-fw-splunk-logclient/KPMCIntLayer/Development/il-ms-kbsql-alt-extract
4 HP-BIO-KPMC/KPIF-ON/il-fw-splunk-logclient/KPMCIntLayer/Development/il-ms-kbsql-aag-extract
4 HP-BIO-KPMC/KPIF-ON/il-fw-splunk-logclient/KPMCIntLayer/Development/il-ms-extract-tpp-invoice-transformer
4 HP-BIO-KPMC/KPIF-ON/il-fw-splunk-logclient/KPMCIntLayer/Development/il-ms-extract-mb446ft2-transformer
4 HP-BIO-KPMC/KPIF-ON/il-fw-splunk-logclient/KPMCIntLayer/Development/il-ms-extract-kpwacac-transformer
4 HP-BIO-KPMC/KPIF-ON/il-fw-splunk-logclient/KPMCIntLayer/Development/il-ms-extract-kpwa-empi-transformer
4 HP-BIO-KPMC/KPIF-ON/il-fw-splunk-logclient/KPMCIntLayer/Development/il-ms-extract-ene-full-carrier-audit-transformer
4 HP-BIO-KPMC/KPIF-ON/il-fw-splunk-logclient/KPMCIntLayer/Development/il-ms-extract-boalockbox-transformer-wa
4 HP-BIO-KPMC/KPIF-ON/il-fw-splunk-logclient/KPMCIntLayer/Development/il-ms-extract-billing-tpp-pmt-instructions-transformer
4 HP-BIO-KPMC/KPIF-ON/il-fw-splunk-logclient/KPMCIntLayer/Development/il-ms-extract-billing-cms-pmt-instructions-transformer
4 HP-BIO-KPMC/KPIF-ON/il-fw-splunk-logclient/KPMCIntLayer/Development/il-ms-dpamanagement-processor
4 HP-BIO-KPMC/KPIF-ON/il-fw-splunk-logclient/KPMCIntLayer/Development/il-ms-doclink-transformer
4 HP-BIO-KPMC/KPIF-ON/il-fw-splunk-logclient/KPMCIntLayer/Development/il-ms-datahub-load-ene-dispute-disposition-response
4 HP-BIO-KPMC/KPIF-ON/il-fw-splunk-logclient/KPMCIntLayer/Development/il-ms-datahub-load-billing-tpp-pmt-instructions
4 HP-BIO-KPMC/KPIF-ON/il-fw-splunk-logclient/KPMCIntLayer/Development/il-ms-datahub-load-billing-cms-pmt-instructions
4 HP-BIO-KPMC/KPIF-ON/il-fw-splunk-logclient/KPMCIntLayer/Development/il-ms-billing-inquiry
4 HP-BIO-KPMC/KPIF-ON/il-fw-splunk-logclient/KPMCIntLayer/Development/il-ms-benefits-inquiry
4 HP-BIO-KPMC/KPIF-ON/il-fw-splunk-logclient/KPMCIntLayer/Development/il-fw-kbsql-extract-shared
4 HP-BIO-KPMC/KPIF-ON/il-fw-splunk-logclient/KPMCIntLayer/Development/il-datahub-load-kpwa-contract
4 HP-BIO-KPMC/KPIF-ON/il-fw-splunk-logclient/KPMCIntLayer/Development/il-batch-outbound-cpcbilltransformer-consolidated-ormb
4 HP-BIO-KPMC/KPIF-ON/il-fw-splunk-logclient/KPMCIntLayer/Development/il-batch-billaccountfinance-transformer
4 HP-BIO-KPMC/KPIF-ON/il-fw-splunk-logclient/KPMCIntLayer/Development/il-batch-bill-run-validator
4 HP-BIO-KPMC/KPIF-ON/il-fw-splunk-logclient/KPMCIntLayer/DevOps_Release/il-ms-workflowormb-transformer
4 HP-BIO-KPMC/KPIF-ON/il-fw-splunk-logclient/KPMCIntLayer/DevOps_Release/il-ms-workflowem-transformer
4 HP-BIO-KPMC/KPIF-ON/il-fw-splunk-logclient/KPMCIntLayer/DevOps_Release/il-ms-paymentextract-subscriberaccount
4 HP-BIO-KPMC/KPIF-ON/il-fw-splunk-logclient/KPMCIntLayer/DevOps_Release/il-ms-memberreinstate-processor
4 HP-BIO-KPMC/KPIF-ON/il-fw-splunk-logclient/KPMCIntLayer/DevOps_Release/il-ms-memberinquiry-v2m2
4 HP-BIO-KPMC/KPIF-ON/il-fw-splunk-logclient/KPMCIntLayer/DevOps_Release/il-ms-kpmcmrnsearch-library
4 HP-BIO-KPMC/KPIF-ON/il-fw-splunk-logclient/KPMCIntLayer/DevOps_Release/il-ms-kbsql-wqi-ahi-extract
4 HP-BIO-KPMC/KPIF-ON/il-fw-splunk-logclient/KPMCIntLayer/DevOps_Release/il-ms-kbsql-wqf-extract
4 HP-BIO-KPMC/KPIF-ON/il-fw-splunk-logclient/KPMCIntLayer/DevOps_Release/il-ms-kbsql-vct-extract
4 HP-BIO-KPMC/KPIF-ON/il-fw-splunk-logclient/KPMCIntLayer/DevOps_Release/il-ms-kbsql-ppg-rol-extract
4 HP-BIO-KPMC/KPIF-ON/il-fw-splunk-logclient/KPMCIntLayer/DevOps_Release/il-ms-kbsql-ppg-rid-extract
4 HP-BIO-KPMC/KPIF-ON/il-fw-splunk-logclient/KPMCIntLayer/DevOps_Release/il-ms-kbsql-ppg-nrg-extract
4 HP-BIO-KPMC/KPIF-ON/il-fw-splunk-logclient/KPMCIntLayer/DevOps_Release/il-ms-kbsql-ppg-cvg-extract
4 HP-BIO-KPMC/KPIF-ON/il-fw-splunk-logclient/KPMCIntLayer/DevOps_Release/il-ms-kbsql-nur-res-extract
4 HP-BIO-KPMC/KPIF-ON/il-fw-splunk-logclient/KPMCIntLayer/DevOps_Release/il-ms-kbsql-nur-his-extract
4 HP-BIO-KPMC/KPIF-ON/il-fw-splunk-logclient/KPMCIntLayer/DevOps_Release/il-ms-kbsql-nur-cod-extract
4 HP-BIO-KPMC/KPIF-ON/il-fw-splunk-logclient/KPMCIntLayer/DevOps_Release/il-ms-kbsql-nur-act-extract
4 HP-BIO-KPMC/KPIF-ON/il-fw-splunk-logclient/KPMCIntLayer/DevOps_Release/il-ms-kbsql-ntp-extract
4 HP-BIO-KPMC/KPIF-ON/il-fw-splunk-logclient/KPMCIntLayer/DevOps_Release/il-ms-kbsql-nsg-tra-extract
4 HP-BIO-KPMC/KPIF-ON/il-fw-splunk-logclient/KPMCIntLayer/DevOps_Release/il-ms-kbsql-nsg-extract
4 HP-BIO-KPMC/KPIF-ON/il-fw-splunk-logclient/KPMCIntLayer/DevOps_Release/il-ms-kbsql-nsg-act-extract
4 HP-BIO-KPMC/KPIF-ON/il-fw-splunk-logclient/KPMCIntLayer/DevOps_Release/il-ms-kbsql-nsc-wqi-extract
4 HP-BIO-KPMC/KPIF-ON/il-fw-splunk-logclient/KPMCIntLayer/DevOps_Release/il-ms-kbsql-nsc-scr-extract
4 HP-BIO-KPMC/KPIF-ON/il-fw-splunk-logclient/KPMCIntLayer/DevOps_Release/il-ms-kbsql-nsc-rid-extract
4 HP-BIO-KPMC/KPIF-ON/il-fw-splunk-logclient/KPMCIntLayer/DevOps_Release/il-ms-kbsql-nsc-rea-extract
4 HP-BIO-KPMC/KPIF-ON/il-fw-splunk-logclient/KPMCIntLayer/DevOps_Release/il-ms-kbsql-nsc-pro-extract
4 HP-BIO-KPMC/KPIF-ON/il-fw-splunk-logclient/KPMCIntLayer/DevOps_Release/il-ms-kbsql-nsc-lan-extract
4 HP-BIO-KPMC/KPIF-ON/il-fw-splunk-logclient/KPMCIntLayer/DevOps_Release/il-ms-kbsql-nsc-his-extract
4 HP-BIO-KPMC/KPIF-ON/il-fw-splunk-logclient/KPMCIntLayer/DevOps_Release/il-ms-kbsql-nsc-ent-extract
4 HP-BIO-KPMC/KPIF-ON/il-fw-splunk-logclient/KPMCIntLayer/DevOps_Release/il-ms-kbsql-nsc-emp-extract
4 HP-BIO-KPMC/KPIF-ON/il-fw-splunk-logclient/KPMCIntLayer/DevOps_Release/il-ms-kbsql-nsc-com-extract
4 HP-BIO-KPMC/KPIF-ON/il-fw-splunk-logclient/KPMCIntLayer/DevOps_Release/il-ms-kbsql-nsc-cod-extract
4 HP-BIO-KPMC/KPIF-ON/il-fw-splunk-logclient/KPMCIntLayer/DevOps_Release/il-ms-kbsql-nsc-bro-extract
4 HP-BIO-KPMC/KPIF-ON/il-fw-splunk-logclient/KPMCIntLayer/DevOps_Release/il-ms-kbsql-nsc-att-extract
4 HP-BIO-KPMC/KPIF-ON/il-fw-splunk-logclient/KPMCIntLayer/DevOps_Release/il-ms-kbsql-nrg-map-extract
4 HP-BIO-KPMC/KPIF-ON/il-fw-splunk-logclient/KPMCIntLayer/DevOps_Release/il-ms-kbsql-nrg-extract
4 HP-BIO-KPMC/KPIF-ON/il-fw-splunk-logclient/KPMCIntLayer/DevOps_Release/il-ms-kbsql-npd-extract
4 HP-BIO-KPMC/KPIF-ON/il-fw-splunk-logclient/KPMCIntLayer/DevOps_Release/il-ms-kbsql-nec-sta-extract
4 HP-BIO-KPMC/KPIF-ON/il-fw-splunk-logclient/KPMCIntLayer/DevOps_Release/il-ms-kbsql-nec-extract
4 HP-BIO-KPMC/KPIF-ON/il-fw-splunk-logclient/KPMCIntLayer/DevOps_Release/il-ms-kbsql-nec-coe-extract
4 HP-BIO-KPMC/KPIF-ON/il-fw-splunk-logclient/KPMCIntLayer/DevOps_Release/il-ms-kbsql-nec-age-extract
4 HP-BIO-KPMC/KPIF-ON/il-fw-splunk-logclient/KPMCIntLayer/DevOps_Release/il-ms-kbsql-ncs-tsk-extract
4 HP-BIO-KPMC/KPIF-ON/il-fw-splunk-logclient/KPMCIntLayer/DevOps_Release/il-ms-kbsql-ncs-lst-extract
4 HP-BIO-KPMC/KPIF-ON/il-fw-splunk-logclient/KPMCIntLayer/DevOps_Release/il-ms-kbsql-ncd-gro-extract
4 HP-BIO-KPMC/KPIF-ON/il-fw-splunk-logclient/KPMCIntLayer/DevOps_Release/il-ms-kbsql-ncd-extract
4 HP-BIO-KPMC/KPIF-ON/il-fw-splunk-logclient/KPMCIntLayer/DevOps_Release/il-ms-kbsql-ncd-con-extract
4 HP-BIO-KPMC/KPIF-ON/il-fw-splunk-logclient/KPMCIntLayer/DevOps_Release/il-ms-kbsql-mlb-extract
4 HP-BIO-KPMC/KPIF-ON/il-fw-splunk-logclient/KPMCIntLayer/DevOps_Release/il-ms-kbsql-lqf-extract
4 HP-BIO-KPMC/KPIF-ON/il-fw-splunk-logclient/KPMCIntLayer/DevOps_Release/il-ms-kbsql-lob-ref-extract
4 HP-BIO-KPMC/KPIF-ON/il-fw-splunk-logclient/KPMCIntLayer/DevOps_Release/il-ms-kbsql-lob-extract
4 HP-BIO-KPMC/KPIF-ON/il-fw-splunk-logclient/KPMCIntLayer/DevOps_Release/il-ms-kbsql-ime-sta-extract
4 HP-BIO-KPMC/KPIF-ON/il-fw-splunk-logclient/KPMCIntLayer/DevOps_Release/il-ms-kbsql-ime-ins-extract
4 HP-BIO-KPMC/KPIF-ON/il-fw-splunk-logclient/KPMCIntLayer/DevOps_Release/il-ms-kbsql-ime-ini-extract
4 HP-BIO-KPMC/KPIF-ON/il-fw-splunk-logclient/KPMCIntLayer/DevOps_Release/il-ms-kbsql-ime-extract
4 HP-BIO-KPMC/KPIF-ON/il-fw-splunk-logclient/KPMCIntLayer/DevOps_Release/il-ms-kbsql-ime-det-extract
4 HP-BIO-KPMC/KPIF-ON/il-fw-splunk-logclient/KPMCIntLayer/DevOps_Release/il-ms-kbsql-ime-aud-extract
4 HP-BIO-KPMC/KPIF-ON/il-fw-splunk-logclient/KPMCIntLayer/DevOps_Release/il-ms-kbsql-ime-app-extract
4 HP-BIO-KPMC/KPIF-ON/il-fw-splunk-logclient/KPMCIntLayer/DevOps_Release/il-ms-kbsql-iit-extract
4 HP-BIO-KPMC/KPIF-ON/il-fw-splunk-logclient/KPMCIntLayer/DevOps_Release/il-ms-kbsql-ier-knd-extract
4 HP-BIO-KPMC/KPIF-ON/il-fw-splunk-logclient/KPMCIntLayer/DevOps_Release/il-ms-kbsql-ier-extract
4 HP-BIO-KPMC/KPIF-ON/il-fw-splunk-logclient/KPMCIntLayer/DevOps_Release/il-ms-kbsql-hno-txt-extract
4 HP-BIO-KPMC/KPIF-ON/il-fw-splunk-logclient/KPMCIntLayer/DevOps_Release/il-ms-kbsql-hlx-extract
4 HP-BIO-KPMC/KPIF-ON/il-fw-splunk-logclient/KPMCIntLayer/DevOps_Release/il-ms-kbsql-hlv-val-extract
4 HP-BIO-KPMC/KPIF-ON/il-fw-splunk-logclient/KPMCIntLayer/DevOps_Release/il-ms-kbsql-hlv-extract
4 HP-BIO-KPMC/KPIF-ON/il-fw-splunk-logclient/KPMCIntLayer/DevOps_Release/il-ms-kbsql-hip-extract
4 HP-BIO-KPMC/KPIF-ON/il-fw-splunk-logclient/KPMCIntLayer/DevOps_Release/il-ms-kbsql-ept-pho-extract
4 HP-BIO-KPMC/KPIF-ON/il-fw-splunk-logclient/KPMCIntLayer/DevOps_Release/il-ms-kbsql-ept-mrn-extract
4 HP-BIO-KPMC/KPIF-ON/il-fw-splunk-logclient/KPMCIntLayer/DevOps_Release/il-ms-kbsql-ept-mer-extract
4 HP-BIO-KPMC/KPIF-ON/il-fw-splunk-logclient/KPMCIntLayer/DevOps_Release/il-ms-kbsql-ept-ide-extract
4 HP-BIO-KPMC/KPIF-ON/il-fw-splunk-logclient/KPMCIntLayer/DevOps_Release/il-ms-kbsql-ept-eum-extract
4 HP-BIO-KPMC/KPIF-ON/il-fw-splunk-logclient/KPMCIntLayer/DevOps_Release/il-ms-kbsql-ept-ent-extract
4 HP-BIO-KPMC/KPIF-ON/il-fw-splunk-logclient/KPMCIntLayer/DevOps_Release/il-ms-kbsql-ept-add-del-extract
4 HP-BIO-KPMC/KPIF-ON/il-fw-splunk-logclient/KPMCIntLayer/DevOps_Release/il-ms-kbsql-epm-extract
4 HP-BIO-KPMC/KPIF-ON/il-fw-splunk-logclient/KPMCIntLayer/DevOps_Release/il-ms-kbsql-emp-rol-extract
4 HP-BIO-KPMC/KPIF-ON/il-fw-splunk-logclient/KPMCIntLayer/DevOps_Release/il-ms-kbsql-emp-log-extract
4 HP-BIO-KPMC/KPIF-ON/il-fw-splunk-logclient/KPMCIntLayer/DevOps_Release/il-ms-kbsql-emp-his-extract
4 HP-BIO-KPMC/KPIF-ON/il-fw-splunk-logclient/KPMCIntLayer/DevOps_Release/il-ms-kbsql-emp-extract
4 HP-BIO-KPMC/KPIF-ON/il-fw-splunk-logclient/KPMCIntLayer/DevOps_Release/il-ms-kbsql-ecl-stg-extract
4 HP-BIO-KPMC/KPIF-ON/il-fw-splunk-logclient/KPMCIntLayer/DevOps_Release/il-ms-kbsql-ecl-lob-extract
4 HP-BIO-KPMC/KPIF-ON/il-fw-splunk-logclient/KPMCIntLayer/DevOps_Release/il-ms-kbsql-ecl-extract
4 HP-BIO-KPMC/KPIF-ON/il-fw-splunk-logclient/KPMCIntLayer/DevOps_Release/il-ms-kbsql-ecl-act-extract
4 HP-BIO-KPMC/KPIF-ON/il-fw-splunk-logclient/KPMCIntLayer/DevOps_Release/il-ms-kbsql-eci-extract
4 HP-BIO-KPMC/KPIF-ON/il-fw-splunk-logclient/KPMCIntLayer/DevOps_Release/il-ms-kbsql-e2r-extract
4 HP-BIO-KPMC/KPIF-ON/il-fw-splunk-logclient/KPMCIntLayer/DevOps_Release/il-ms-kbsql-e1l-extract
4 HP-BIO-KPMC/KPIF-ON/il-fw-splunk-logclient/KPMCIntLayer/DevOps_Release/il-ms-kbsql-dpg-ppg-extract
4 HP-BIO-KPMC/KPIF-ON/il-fw-splunk-logclient/KPMCIntLayer/DevOps_Release/il-ms-kbsql-dpg-extract
4 HP-BIO-KPMC/KPIF-ON/il-fw-splunk-logclient/KPMCIntLayer/DevOps_Release/il-ms-kbsql-dcs-extract
4 HP-BIO-KPMC/KPIF-ON/il-fw-splunk-logclient/KPMCIntLayer/DevOps_Release/il-ms-kbsql-cvg-thr-extract
4 HP-BIO-KPMC/KPIF-ON/il-fw-splunk-logclient/KPMCIntLayer/DevOps_Release/il-ms-kbsql-cvg-slt-extract
4 HP-BIO-KPMC/KPIF-ON/il-fw-splunk-logclient/KPMCIntLayer/DevOps_Release/il-ms-kbsql-cvg-ept-extract
4 HP-BIO-KPMC/KPIF-ON/il-fw-splunk-logclient/KPMCIntLayer/DevOps_Release/il-ms-kbsql-cpg-extract
4 HP-BIO-KPMC/KPIF-ON/il-fw-splunk-logclient/KPMCIntLayer/DevOps_Release/il-ms-kbsql-cpg-div-extract
4 HP-BIO-KPMC/KPIF-ON/il-fw-splunk-logclient/KPMCIntLayer/DevOps_Release/il-ms-kbsql-cal-extract
4 HP-BIO-KPMC/KPIF-ON/il-fw-splunk-logclient/KPMCIntLayer/DevOps_Release/il-ms-kbsql-aud-extract
4 HP-BIO-KPMC/KPIF-ON/il-fw-splunk-logclient/KPMCIntLayer/DevOps_Release/il-ms-kbsql-aag-extract
4 HP-BIO-KPMC/KPIF-ON/il-fw-splunk-logclient/KPMCIntLayer/DevOps_Release/il-ms-extract-tpp-invoice-transformer
4 HP-BIO-KPMC/KPIF-ON/il-fw-splunk-logclient/KPMCIntLayer/DevOps_Release/il-ms-extract-mb446ft2-transformer
4 HP-BIO-KPMC/KPIF-ON/il-fw-splunk-logclient/KPMCIntLayer/DevOps_Release/il-ms-extract-kpwacac-transformer
4 HP-BIO-KPMC/KPIF-ON/il-fw-splunk-logclient/KPMCIntLayer/DevOps_Release/il-ms-extract-kpwa-empi-transformer
4 HP-BIO-KPMC/KPIF-ON/il-fw-splunk-logclient/KPMCIntLayer/DevOps_Release/il-ms-extract-fw-transformer
4 HP-BIO-KPMC/KPIF-ON/il-fw-splunk-logclient/KPMCIntLayer/DevOps_Release/il-ms-extract-ene-full-carrier-audit-transformer
4 HP-BIO-KPMC/KPIF-ON/il-fw-splunk-logclient/KPMCIntLayer/DevOps_Release/il-ms-extract-boalockbox-transformer-wa
4 HP-BIO-KPMC/KPIF-ON/il-fw-splunk-logclient/KPMCIntLayer/DevOps_Release/il-ms-extract-billing-tpp-pmt-instructions-transformer
4 HP-BIO-KPMC/KPIF-ON/il-fw-splunk-logclient/KPMCIntLayer/DevOps_Release/il-ms-extract-billing-cms-pmt-instructions-transformer
4 HP-BIO-KPMC/KPIF-ON/il-fw-splunk-logclient/KPMCIntLayer/DevOps_Release/il-ms-dpamanagement-processor
4 HP-BIO-KPMC/KPIF-ON/il-fw-splunk-logclient/KPMCIntLayer/DevOps_Release/il-ms-doclink-transformer
4 HP-BIO-KPMC/KPIF-ON/il-fw-splunk-logclient/KPMCIntLayer/DevOps_Release/il-ms-datahub-load-ene-preaudit
4 HP-BIO-KPMC/KPIF-ON/il-fw-splunk-logclient/KPMCIntLayer/DevOps_Release/il-ms-datahub-load-ene-dispute-disposition-response
4 HP-BIO-KPMC/KPIF-ON/il-fw-splunk-logclient/KPMCIntLayer/DevOps_Release/il-ms-datahub-load-billing-tpp-pmt-instructions
4 HP-BIO-KPMC/KPIF-ON/il-fw-splunk-logclient/KPMCIntLayer/DevOps_Release/il-ms-datahub-load-billing-cms-pmt-instructions
4 HP-BIO-KPMC/KPIF-ON/il-fw-splunk-logclient/KPMCIntLayer/DevOps_Release/il-ms-billing-inquiry
4 HP-BIO-KPMC/KPIF-ON/il-fw-splunk-logclient/KPMCIntLayer/DevOps_Release/il-ms-acipaymentupdate-transformer
4 HP-BIO-KPMC/KPIF-ON/il-fw-splunk-logclient/KPMCIntLayer/DevOps_Release/il-ms-acimpspaymentupdate-transformer
4 HP-BIO-KPMC/KPIF-ON/il-fw-splunk-logclient/KPMCIntLayer/DevOps_Release/il-fw-kbsql-extract-shared
4 HP-BIO-KPMC/KPIF-ON/il-fw-splunk-logclient/KPMCIntLayer/DevOps_Release/il-datahub-load-kpwa-contract
4 HP-BIO-KPMC/KPIF-ON/il-fw-splunk-logclient/KPMCIntLayer/DevOps_Release/il-batch-payinstructions-filewriter
4 HP-BIO-KPMC/KPIF-ON/il-fw-splunk-logclient/KPMCIntLayer/DevOps_Release/il-batch-outbound-cpcbilltransformer-consolidated-ormb
4 HP-BIO-KPMC/KPIF-ON/il-fw-splunk-logclient/KPMCIntLayer/DevOps_Release/il-batch-inbound-filelistener
4 HP-BIO-KPMC/KPIF-ON/il-fw-splunk-logclient/KPMCIntLayer/DevOps_Release/il-batch-billaccountfinance-transformer
4 HP-BIO-KPMC/KPIF-ON/il-fw-splunk-logclient/KPMCIntLayer/DevOps_Release/il-batch-bill-run-validator
4 HP-BIO-KPMC/KPIF-ON/il-fw-splunk-logclient/KPMCCAM/Development/cam-ms-router-regionalcutover-smokeTest
4 HP-BIO-KPMC/KPIF-ON/il-fw-splunk-logclient/KPMCCAM/Development/cam-batch-router-customeraudit
4 HP-BIO-KPMC/KPIF-ON/il-fw-splunk-logclient/KPMCCAM/Development/cam-batch-ormb-migration
4 HP-BIO-KPMC/KPIF-ON/il-fw-splunk-logclient/KPMCCAM/Development/cam-batch-idl-customer
4 HP-BIO-KPMC/KPIF-ON/il-fw-splunk-logclient/KPMCCAM/DevOps_Release/cam-batch-router-customeraudit
4 HP-BIO-KPMC/KPIF-ON/il-fw-splunk-logclient/KPMCCAM/DevOps_Release/cam-batch-ormb-migration
4 HP-BIO-KPMC/KPIF-ON/KPMCIntLayer/Development/il-ms-workflowormb-transformer
4 HP-BIO-KPMC/KPIF-ON/KPMCIntLayer/Development/il-ms-paymentextract-subscriberaccount
4 HP-BIO-KPMC/KPIF-ON/KPMCIntLayer/Development/il-ms-memberreinstate-processor
4 HP-BIO-KPMC/KPIF-ON/KPMCIntLayer/Development/il-ms-member-update
4 HP-BIO-KPMC/KPIF-ON/KPMCIntLayer/Development/il-ms-kbsql-wqi-ahi-extract
4 HP-BIO-KPMC/KPIF-ON/KPMCIntLayer/Development/il-ms-kbsql-wqf-extract
4 HP-BIO-KPMC/KPIF-ON/KPMCIntLayer/Development/il-ms-kbsql-vct-extract
4 HP-BIO-KPMC/KPIF-ON/KPMCIntLayer/Development/il-ms-kbsql-ppg-rol-extract
4 HP-BIO-KPMC/KPIF-ON/KPMCIntLayer/Development/il-ms-kbsql-ppg-rid-extract
4 HP-BIO-KPMC/KPIF-ON/KPMCIntLayer/Development/il-ms-kbsql-nur-res-extract
4 HP-BIO-KPMC/KPIF-ON/KPMCIntLayer/Development/il-ms-kbsql-nur-his-extract
4 HP-BIO-KPMC/KPIF-ON/KPMCIntLayer/Development/il-ms-kbsql-nur-cod-extract
4 HP-BIO-KPMC/KPIF-ON/KPMCIntLayer/Development/il-ms-kbsql-nur-act-extract
4 HP-BIO-KPMC/KPIF-ON/KPMCIntLayer/Development/il-ms-kbsql-ntp-extract
4 HP-BIO-KPMC/KPIF-ON/KPMCIntLayer/Development/il-ms-kbsql-nsg-tra-extract
4 HP-BIO-KPMC/KPIF-ON/KPMCIntLayer/Development/il-ms-kbsql-nsg-extract
4 HP-BIO-KPMC/KPIF-ON/KPMCIntLayer/Development/il-ms-kbsql-nsg-act-extract
4 HP-BIO-KPMC/KPIF-ON/KPMCIntLayer/Development/il-ms-kbsql-nsc-wqi-extract
4 HP-BIO-KPMC/KPIF-ON/KPMCIntLayer/Development/il-ms-kbsql-nsc-scr-extract
4 HP-BIO-KPMC/KPIF-ON/KPMCIntLayer/Development/il-ms-kbsql-nsc-rid-extract
4 HP-BIO-KPMC/KPIF-ON/KPMCIntLayer/Development/il-ms-kbsql-nsc-rea-extract
4 HP-BIO-KPMC/KPIF-ON/KPMCIntLayer/Development/il-ms-kbsql-nsc-lan-extract
4 HP-BIO-KPMC/KPIF-ON/KPMCIntLayer/Development/il-ms-kbsql-nsc-his-extract
4 HP-BIO-KPMC/KPIF-ON/KPMCIntLayer/Development/il-ms-kbsql-nsc-ent-extract
4 HP-BIO-KPMC/KPIF-ON/KPMCIntLayer/Development/il-ms-kbsql-nsc-emp-extract
4 HP-BIO-KPMC/KPIF-ON/KPMCIntLayer/Development/il-ms-kbsql-nsc-com-extract
4 HP-BIO-KPMC/KPIF-ON/KPMCIntLayer/Development/il-ms-kbsql-nsc-cod-extract
4 HP-BIO-KPMC/KPIF-ON/KPMCIntLayer/Development/il-ms-kbsql-nsc-bro-extract
4 HP-BIO-KPMC/KPIF-ON/KPMCIntLayer/Development/il-ms-kbsql-nsc-att-extract
4 HP-BIO-KPMC/KPIF-ON/KPMCIntLayer/Development/il-ms-kbsql-nrg-map-extract
4 HP-BIO-KPMC/KPIF-ON/KPMCIntLayer/Development/il-ms-kbsql-nrg-extract
4 HP-BIO-KPMC/KPIF-ON/KPMCIntLayer/Development/il-ms-kbsql-npd-extract
4 HP-BIO-KPMC/KPIF-ON/KPMCIntLayer/Development/il-ms-kbsql-nec-sta-extract
4 HP-BIO-KPMC/KPIF-ON/KPMCIntLayer/Development/il-ms-kbsql-nec-extract
4 HP-BIO-KPMC/KPIF-ON/KPMCIntLayer/Development/il-ms-kbsql-nec-coe-extract
4 HP-BIO-KPMC/KPIF-ON/KPMCIntLayer/Development/il-ms-kbsql-nec-age-extract
4 HP-BIO-KPMC/KPIF-ON/KPMCIntLayer/Development/il-ms-kbsql-ncs-tsk-extract
4 HP-BIO-KPMC/KPIF-ON/KPMCIntLayer/Development/il-ms-kbsql-ncs-lst-extract
4 HP-BIO-KPMC/KPIF-ON/KPMCIntLayer/Development/il-ms-kbsql-ncd-gro-extract
4 HP-BIO-KPMC/KPIF-ON/KPMCIntLayer/Development/il-ms-kbsql-ncd-extract
4 HP-BIO-KPMC/KPIF-ON/KPMCIntLayer/Development/il-ms-kbsql-ncd-con-extract
4 HP-BIO-KPMC/KPIF-ON/KPMCIntLayer/Development/il-ms-kbsql-mlb-extract
4 HP-BIO-KPMC/KPIF-ON/KPMCIntLayer/Development/il-ms-kbsql-ept-pho-extract
4 HP-BIO-KPMC/KPIF-ON/KPMCIntLayer/Development/il-ms-kbsql-ept-mrn-extract
4 HP-BIO-KPMC/KPIF-ON/KPMCIntLayer/Development/il-ms-kbsql-ept-ide-extract
4 HP-BIO-KPMC/KPIF-ON/KPMCIntLayer/Development/il-ms-kbsql-ept-eum-extract
4 HP-BIO-KPMC/KPIF-ON/KPMCIntLayer/Development/il-ms-kbsql-ept-ent-extract
4 HP-BIO-KPMC/KPIF-ON/KPMCIntLayer/Development/il-ms-kbsql-cvg-slt-extract
4 HP-BIO-KPMC/KPIF-ON/KPMCIntLayer/Development/il-ms-kbsql-cvg-out-del-extract
4 HP-BIO-KPMC/KPIF-ON/KPMCIntLayer/Development/il-ms-kbsql-cvg-ept-extract
4 HP-BIO-KPMC/KPIF-ON/KPMCIntLayer/Development/il-ms-kbsql-cvg-add-del-extract
4 HP-BIO-KPMC/KPIF-ON/KPMCIntLayer/Development/il-ms-kbsql-cpg-div-extract
4 HP-BIO-KPMC/KPIF-ON/KPMCIntLayer/Development/il-ms-kbsql-cal-extract
4 HP-BIO-KPMC/KPIF-ON/KPMCIntLayer/Development/il-ms-kbsql-aud-extract
4 HP-BIO-KPMC/KPIF-ON/KPMCIntLayer/Development/il-ms-kbsql-alt-extract
4 HP-BIO-KPMC/KPIF-ON/KPMCIntLayer/Development/il-ms-kbsql-aag-extract
4 HP-BIO-KPMC/KPIF-ON/KPMCIntLayer/Development/il-ms-extract-tpp-invoice-transformer
4 HP-BIO-KPMC/KPIF-ON/KPMCIntLayer/Development/il-ms-extract-fw-transformer
4 HP-BIO-KPMC/KPIF-ON/KPMCIntLayer/Development/il-ms-extract-ene-dispute-sub-ffm-crm-msg-publisher
4 HP-BIO-KPMC/KPIF-ON/KPMCIntLayer/Development/il-ms-extract-deltadentaleligga-transformer
4 HP-BIO-KPMC/KPIF-ON/KPMCIntLayer/Development/il-ms-extract-billing-state-subsidy-remittance-transformer
4 HP-BIO-KPMC/KPIF-ON/KPMCIntLayer/Development/il-ms-datahub-load-billing-tpp-pmt-instructions
4 HP-BIO-KPMC/KPIF-ON/KPMCIntLayer/Development/il-ms-datahub-load-billing-cms-pmt-instructions
4 HP-BIO-KPMC/KPIF-ON/KPMCIntLayer/Development/il-ms-cac-emws-msgschema
4 HP-BIO-KPMC/KPIF-ON/KPMCIntLayer/Development/il-ms-acimpspaymentupdate-transformer
4 HP-BIO-KPMC/KPIF-ON/KPMCIntLayer/Development/il-fw-kbsql-extract-shared
4 HP-BIO-KPMC/KPIF-ON/KPMCIntLayer/Development/il-datahub-refresh-mview
4 HP-BIO-KPMC/KPIF-ON/KPMCIntLayer/Development/il-datahub-load-clinical
4 HP-BIO-KPMC/KPIF-ON/KPMCIntLayer/Development/il-batch-outbound-cpcbilltransformer-consolidated-ormb
4 HP-BIO-KPMC/KPIF-ON/KPMCIntLayer/Development/il-batch-outbound-aciextract-m3p
4 HP-BIO-KPMC/KPIF-ON/KPMCIntLayer/Development/OCP/mcp/il-ms-mbrchgpub-transformer
4 HP-BIO-KPMC/KPIF-ON/KPMCIntLayer/Development/OCP/kbsql/il-fw-kbsql-extract-core
4 HP-BIO-KPMC/KPIF-ON/KPMCIntLayer/DevOps_Release/il-ms-products
4 HP-BIO-KPMC/KPIF-ON/KPMCIntLayer/DevOps_Release/il-ms-paymentextract-subscriberaccount
4 HP-BIO-KPMC/KPIF-ON/KPMCIntLayer/DevOps_Release/il-ms-memberlookup
4 HP-BIO-KPMC/KPIF-ON/KPMCIntLayer/DevOps_Release/il-ms-kpmcmrnsearch
4 HP-BIO-KPMC/KPIF-ON/KPMCIntLayer/DevOps_Release/il-ms-kbsql-wqi-tra-extract
4 HP-BIO-KPMC/KPIF-ON/KPMCIntLayer/DevOps_Release/il-ms-kbsql-nsc-his-extract
4 HP-BIO-KPMC/KPIF-ON/KPMCIntLayer/DevOps_Release/il-ms-kbsql-ept-pre-extract
4 HP-BIO-KPMC/KPIF-ON/KPMCIntLayer/DevOps_Release/il-ms-kbsql-ept-extract
4 HP-BIO-KPMC/KPIF-ON/KPMCIntLayer/DevOps_Release/il-ms-kbsql-ept-cvg-extract
4 HP-BIO-KPMC/KPIF-ON/KPMCIntLayer/DevOps_Release/il-ms-kbsql-cvg-rid-extract
4 HP-BIO-KPMC/KPIF-ON/KPMCIntLayer/DevOps_Release/il-ms-kbsql-cvg-his-extract
4 HP-BIO-KPMC/KPIF-ON/KPMCIntLayer/DevOps_Release/il-ms-kbsql-cvg-att-extract
4 HP-BIO-KPMC/KPIF-ON/KPMCIntLayer/DevOps_Release/il-ms-kbsql-cvg-add-extract
4 HP-BIO-KPMC/KPIF-ON/KPMCIntLayer/DevOps_Release/il-ms-groupreinstate-fsextractor
4 HP-BIO-KPMC/KPIF-ON/KPMCIntLayer/DevOps_Release/il-ms-extract-fw-sor-filereader
4 HP-BIO-KPMC/KPIF-ON/KPMCIntLayer/DevOps_Release/il-ms-extract-fw-filewriter
4 HP-BIO-KPMC/KPIF-ON/KPMCIntLayer/DevOps_Release/il-ms-batch-dbdataload
4 HP-BIO-KPMC/KPIF-ON/KPMCIntLayer/DevOps_Release/il-fw-tams-server
4 HP-BIO-KPMC/KPIF-ON/KPMCIntLayer/DevOps_Release/il-fw-error-client
4 HP-BIO-KPMC/KPIF-ON/KPMCIntLayer/DevOps_Release/il-batch-bcsmemberextract-trasformer
4 HP-BIO-KPMC/KPIF-ON/KPMCGSU/Development/integration-test/cac_rule_ms_it
4 HP-BIO-KPMC/KPIF-ON/KPMCGSU/Development/integration-test/cac_customer_ms_it
4 HP-BIO-KPMC/KPIF-ON/KPMCGSU/DevOps_Release/cac_request_common
4 HP-BIO-KPMC/KPIF-ON/KPMCGSU/DevOps_Release/cac_customer_common
4 HP-BIO-KPMC/KPIF-ON/KPMCGSU/DevOps_Release/cac_contract_common
4 HP-BIO-KPMC/KPIF-ON/KPMCGSU/DevOps_Release/cac_contact_common
4 HP-BIO-KPMC/KPIF-ON/KPMCDMS/Development/dm-ne-stagedbcore
4 HP-BIO-KPMC/KPIF-ON/KPMCDMS/DevOps_Release/dm-ne-dafe-statusackprocess
4 HP-BIO-KPMC/KPIF-ON/KPMCDMS/DevOps_Release/dm-idce-pidcardh
4 HP-BIO-KPMC/KPIF-ON/KPMCDMS/DevOps_Release/dm-idce-lidcardh
4 HP-BIO-KPMC/KPIF-ON/KPMCDMS/DevOps_Release/dm-de-util
4 HP-BIO-KPMC/KPIF-ON/KPMCDMS/DevOps_Release/dm-de-bletter-dbcore
4 HP-BIO-KPMC/KPIF-ON/KPMCDMS/DevOps_Release/dm-dafe-dbcore
4 HP-BIO-KPMC/KPIF-ON/KPMCCAM/velocity/il-ui-fw-camrouting
4 HP-BIO-KPMC/KPIF-ON/KPMCCAM/Development/cam-batch-router-customeraudit
4 HP-BIO-KPMC/KPIF-ON/KPMCCAM/Development/cam-batch-ormb-migration
4 HP-BIO-KPMC/KPIF-ON/KPMCCAM/Development/cam-batch-idl-kpifbill-account-dh
4 HP-BIO-KPMC/KPIF-ON/KPMCCAM/Development/cam-batch-idl-customer
4 HP-BIO-KPMC/KPIF-ON/KPMCCAM/DevOps_Release/cam-batch-idl-kpifbill-pricelinecalculation-dh
4 HP-BIO-KPMC/KPIF-ON/KPMCCAM/DevOps_Release/cam-batch-idl-kpifbill-personbenefit-dh
4 HP-BIO-KPMC/KPIF-ON/KPMCCAM/DevOps_Release/cam-batch-idl-kpifbill-billablechg-dh
4 HP-BIO-KPMC/KPIF-ON/KPMCCAM/DevOps_Release/cam-batch-idl-kpifbill-adjustment-dh
4 HP-BIO-KPMC/KPIF-OFF/KPMCDMS/Development/docmgmt-ui-de-obsolete
4 HP-BIO-KPMC/KPIF-OFF/KPMCCAM/Development/cam-batch-idl-kpifbill-policy-dh-obsolete
4 HP-BIO-KPMC/KPIF-OFF/KPMCCAM/Development/cam-batch-idl-kpifbill-person-dh-obsolete
4 HP-BIO-KPMC/KPIF-OFF/KPMCCAM/Development/cam-batch-idl-kpifbill-membershipperson-dh-obsolete
4 HP-BIO-KPMC/KPIF-OFF/KPMCCAM/Development/cam-batch-idl-kpifbill-member-dh-obsolete
4 HP-BIO-KPMC/KPIF-OFF/KPMCCAM/Development/cam-batch-idl-kpifbill-externalparty-dh-obsolete
4 HP-BIO-KPMC/KPIF-OFF/KPMCCAM/Development/cam-batch-idl-kpifbill-customer-dh-obsolete
4 HP-BIO-KPMC/KPIF-OFF/KPMCCAM/Development/cam-batch-idl-kpifbill-account-dh-obsolete
4 HP-BIO-KPMC/KPIF-OFF/KPMCCAM/Development/cam-batch-cac-adapter-obsolete
4 HP-BIO-KPMC/KPIF-OFF/KPMCCAM/DevOps_Release/cam-batch-idl-compare
4 HP-BIO-KPMC/AutoSQLDeployment/DryRun/il-fw-tams-config
4 HP-BIO-KPMC/AutoSQLDeployment/DryRun/il-db-kpifon-ormb
4 HP-BIO-EBSS/gusto_cpa/Development/ssusergroupsdata
4 HP-BIO-EBSS/ebss/development/kp-ss-angular-ui-library
4 HP-BIO-EBSS/ebss/Velocity/nccsui
4 HP-BIO-EBSS/ebss/Velocity/familymbrenrollment
4 HP-BIO-EBSS/ebss/Velocity/ebssmassenrollment
4 HP-BIO-EBSS/commercialbilling/Velocity/cb-ms-payments
4 HP-BIO-EBSS/commercialbilling/Velocity/cb-ms-paymentreversalrefunds
4 HP-BIO-EBSS/commercialbilling/Velocity/cb-ms-kickout-retry-services
4 HP-BIO-EBSS/commercialbilling/Devops_Release/financialactivityclientui
4 HP-BIO-EBSS/ManagePayments_Final_Regression_QA/gusto_cpa/Development/ssglobalheaderbff
4 HP-BIO-EBSS/ManagePayments_Final_Regression_QA/ebss/development/ss-sidecar-node
4 HP-BIO-EBSS/ManagePayments_Final_Regression_QA/CCPE/devops_release/ebss-plancoverage-bff
4 HP-BIO-EBSS/ManagePayments_Final_Regression_QA/CCPE/development/ssindvclientBrokerLst
4 HP-BIO-EBSS/ManagePayments_Final_Regression_QA/CCPE/development/ebss-plancoverage-bff
4 HP-BIO-EBSS/COVID-21/Velocity/indvmbrshputil
4 HP-BIO-EBSS/CCPE/devops_release/ssindvbrkrlstsvcbff
4 HP-BIO-EBSS/CCPE/devops_release/ebss-plancoverage-bff
4 HP-BIO-EBSS/CCPE/development/ssindvclientBrokerLst
4 HP-BIO-DMS/ICE/Azure-Utilities/New-Automation-Pipelines/ICE-EDITOR_and_CKEDITOR_BUILD
4 HP-BIO-DMS/ICE/Azure-UAT/ICEWS-UAT-DRN
4 HP-BIO-DMS/ICE/Azure-QA/QA2-ICEWS
4 HP-BIO-CMS/apps/cms-encounter-idl-adapter-ocp
4 Data-Analytics/DA-DbxDataIntegration/DADBXIntgUtilities
4 Data-Analytics/DA-DataOps/DBX-DQ
4 CTO-KPX/kpx-cms-kphc-soap
4 CTO-KPX/kpx-cms-consent-record
4 CTO-KPX/kpx-cms-claims-eob
4 CTO-EIS/clinicalbff
4 CTO-EIS/Az-NextGen/nextgensvc
4 CTO-EA-SOI/CTO-EA-SOI-Infrastructure/kpd-daip-member-svc-bot
4 CTO-EA-SOI/CTO-EA-SOI-Infrastructure/ECC-Rootbot-v1
4 CTO-EA-SOI/CTO-EA-SOI-Framework/HDI4-Framework-Components/KP-ABC-AKS/DQSolution
4 CTO-EA-SOI/CTO-EA-SOI-Framework/HDI4-Framework-Components/KP-ABC-AKS/ABC-SVC
4 CTO-EA-SOI/CTO-EA-SOI-Framework/HDI4-Framework-Components/ADF_SELF_SERVICE_PIPELINES/ApplicationsCodeCoverage
4 CTO-EA-SOI/CTO-EA-SOI-Framework/EDPCoverage/DataReceiver
4 CTO-EA-SOI/CTO-EA-SOI-Framework/ADF-NonProd-PROD-Pipeline/Message_Classification/kpd-daip-mc-metastore-service
4 CTO-EA-SOI/CTO-EA-SOI-Framework/ADF-NonProd-PROD-Pipeline/Message_Classification/kpd-daip-mc-action-service
4 CTO-EA-SOI/CTO-EA-SOI-Framework/ADF-NonProd-PROD-Pipeline/KP-ADF-SOI-INSIGHT_DRIVEN/ID-WLS
4 CS-IT/NFST/KPRB/bc-sas-ingress
4 CS-IT/CPXSKILLNET/cpx-xstore-payment
4 CS-IT/CPXQATESTING/cpx-ewallet-qa-automation
4 CS-IT/CPXPAYMENTCORE/cpx-pmtcore-mpcpie-data-model
4 CS-IT/CPCMPCPIE/pie-account-balance
4 CS-IT/CPCMPCPIE/cpc-pie-services
4 CS-IT/CPCMPCPIE/cpc-pie-batches
4 CS-IT/CPCMPCPIE/CPC-MPC-PIE-Pipeline
4 CS-IT/ASD/WAEDW/WAEDW_Storage
4 CS-IT/ASD/MTP/MTP_Storage
4 CS-IT/ASD/DIAS/NatOps/Natops_Services
4 CS-IT/ASD/AFIN
4 CNOE/p278871/azure_services_deploy
4 CNOE/chandrapipelines/Machine Learning Workspace
4 CNOE/chandrapipelines/ML Workspace
4 CNOE/chandrapipelines/HD Insights
4 CAS-Paas/Azure-COE/chandrapipelines/Machine Learning Workspace
4 CAS-Paas/Azure-COE/chandrapipelines/ML Workspace
4 CAS-Paas/Azure-COE/chandrapipelines/HD Insights
4 BCP/chatbot/kp-encee-bot-ui_testingDAIP
3 NCAP/NCAP-Az/Azure Deployer/Azure Key Vault Services/NCAP Azure Key Vault DELETE
3 NCAP/NCAP-Az/Azure Deployer/Azure Data Factory Deployer/NCAP AzDF Multibranch
3 KPInterchange/kp-cloud/kp-cloud4js-eventhub-sample
3 KPInterchange/kp-cloud/kp-cloud4js-azuredashgui
3 KPInterchange/kp-cloud/kp-cloud4java-filetransfer-springboot-sample
3 KPInterchange/aks-samples/test folder/sts-lbaas
3 KPInterchange/aks-samples/test folder/Sample_NodejsPipeline
3 KPInterchange/aks-samples/kp-cloud4java-quarkus-sample
3 KPInterchange/aks-samples/kp-cloud4java-postgresflexi-sample
3 KPInterchange/aks-samples/kp-cloud4java-configui
3 KPInterchange/PipelineTestDemo/kpcms
3 KPInterchange/Azure-TechnologyIncubation/GatewayProxyService
3 KPD-DAIP/KPD-DAIP-Framework/ECC/ECC-Liveagent
3 KP-digital-chatbots/BCP/chatbot/kp-universal-bot-svc
3 KP-digital-chatbots/BCP/chatbot/kp-genesys-bot-svc
3 HPTS-TAS/Liquibase/Liquibase-Oracle-PO
3 HPTS-TAS/IDP-HPTS-POC/demotest1234
3 HP-SALES-MKTG-SYS/SGAPI/SGAPI_PROD/sgtranstatus
3 HP-SALES-MKTG-SYS/SGAPI/SGAPI_PROD/sgservices
3 HP-SALES-MKTG-SYS/SGAPI/SGAPI_PROD/sggrpinquiry
3 HP-SALES-MKTG-SYS/SGAPI/SGAPI_PROD/pipeline_test
3 HP-SALES-MKTG-SYS-SMU/Az-SMU/smu-redis-service
3 HP-BIO/HP-SALES-MKTG-SYS-SEE/see-postgres-service
3 HP-BIO/HP-BIO-HPTS/HPTS-PLATFORM-AISVC/azure-service-management
3 HP-BIO-KPMC/KPMCIntLayer/Devops_Release/il-ms-workflowormb-transformer
3 HP-BIO-KPMC/KPMCIntLayer/Devops_Release/il-ms-paymentextract-subscriberaccount
3 HP-BIO-KPMC/KPMCIntLayer/Devops_Release/il-ms-ormb-common
3 HP-BIO-KPMC/KPMCIntLayer/Devops_Release/il-ms-memberterminate-processor
3 HP-BIO-KPMC/KPMCIntLayer/Devops_Release/il-ms-groupreinstate-processor
3 HP-BIO-KPMC/KPMCIntLayer/Devops_Release/il-ms-doclink-transformer
3 HP-BIO-KPMC/KPMCIntLayer/Devops_Release/il-ms-delaymessage-processor
3 HP-BIO-KPMC/KPMCIntLayer/Devops_Release/il-ms-aciautopay-transformer
3 HP-BIO-KPMC/KPMCIntLayer/Devops_Release/il-batch-billaccountfinance-filewriter
3 HP-BIO-KPMC/KPMCIntLayer/Devops_Release/il-batch-bcsextract-filewriter
3 HP-BIO-KPMC/KPMCIntLayer/Development/il-ms-memberreinstate-processor-obsolete
3 HP-BIO-KPMC/KPMCIntLayer/Development/il-ms-groupreinstate-processor-obsolete
3 HP-BIO-KPMC/KPMCIntLayer/Development/il-ms-fw-console-bff-obsolete
3 HP-BIO-KPMC/KPMCIntLayer/Development/il-ms-billingaccount-processor-obsolete
3 HP-BIO-KPMC/KPMCIntLayer/Development/il-ms-acipaymentreversal-transformer-obsolete
3 HP-BIO-KPMC/KPMCIntLayer/Development/il-batch-outbound-cpcbilltransformer-ormb-obsolete
3 HP-BIO-KPMC/KPMCIntLayer/Development/il-batch-outbound-bcsextract-obsolete
3 HP-BIO-KPMC/KPMCGSU/Development/cacwls-obsolete
3 HP-BIO-KPMC/KPMCGSU/DevOps_Release/cac_plan_ms
3 HP-BIO-KPMC/KPMCGSU/DevOps_Release/cac_contract_ms
3 HP-BIO-KPMC/KPMCCAM/Development/cam-ms-router-plannedcutover-obsolete
3 HP-BIO-KPMC/KPMCCAM/DevOps_Release/cam-ms-router-regionalcutover_cluster
3 HP-BIO-KPMC/KPMCCAM/DevOps_Release/cam-ms-router-plannedcutover_cluster
3 HP-BIO-KPMC/KPMCCAM/DevOps_Release/cam-ms-router-groupsor_cluster
3 HP-BIO-KPMC/KPMCCAM/DevOps_Release/cam-batch-idl-split-family
3 HP-BIO-KPMC/KPMCCAM/DevOps_Release/cam-batch-idl-plan
3 HP-BIO-KPMC/KPMCCAM/DevOps_Release/cam-batch-idl-personbenefit
3 HP-BIO-KPMC/KPMCCAM/DevOps_Release/cam-batch-idl-payment
3 HP-BIO-KPMC/KPMCCAM/DevOps_Release/cam-batch-idl-membershipperson2
3 HP-BIO-KPMC/KPMCCAM/DevOps_Release/cam-batch-idl-kpifbill-bill-dh
3 HP-BIO-KPMC/KPMC-Utilities/liquibase-rollback-utility
3 HP-BIO-KPMC/KPMC-Utilities/db-liquibase-higherlevel-poc
3 HP-BIO-KPMC/KPIF-ON/utilities/kpconfig-updates-dev-ui
3 HP-BIO-KPMC/KPIF-ON/utilities/kpconfig-updates-dev-loads
3 HP-BIO-KPMC/KPIF-ON/utilities/kpconfig-updates-dev-fw
3 HP-BIO-KPMC/KPIF-ON/utilities/kpconfig-updates-dev-extracts
3 HP-BIO-KPMC/KPIF-ON/il-fw-splunk-logclient/utilities/kpconfig-updates-dev-diormb
3 HP-BIO-KPMC/KPIF-ON/il-fw-splunk-logclient/SelfService/DevOps_Release/ssindvwls
3 HP-BIO-KPMC/KPIF-ON/il-fw-splunk-logclient/KPMCIntLayer/Development/sharedlib
3 HP-BIO-KPMC/KPIF-ON/il-fw-splunk-logclient/KPMCIntLayer/Development/il-ms-ormb-common
3 HP-BIO-KPMC/KPIF-ON/il-fw-splunk-logclient/KPMCIntLayer/Development/il-ms-kbsql-ppg-rid-del-extract
3 HP-BIO-KPMC/KPIF-ON/il-fw-splunk-logclient/KPMCIntLayer/Development/il-ms-kbsql-ppg-epp-del-extract
3 HP-BIO-KPMC/KPIF-ON/il-fw-splunk-logclient/KPMCIntLayer/Development/il-ms-kbsql-mrn-del-extract
3 HP-BIO-KPMC/KPIF-ON/il-fw-splunk-logclient/KPMCIntLayer/Development/il-ms-kbsql-list_value_extracts
3 HP-BIO-KPMC/KPIF-ON/il-fw-splunk-logclient/KPMCIntLayer/Development/il-ms-kbsql-list-value-stg-extract
3 HP-BIO-KPMC/KPIF-ON/il-fw-splunk-logclient/KPMCIntLayer/Development/il-ms-kbsql-ept-obs-del-extract
3 HP-BIO-KPMC/KPIF-ON/il-fw-splunk-logclient/KPMCIntLayer/Development/il-ms-kbsql-ept-doc-extract
3 HP-BIO-KPMC/KPIF-ON/il-fw-splunk-logclient/KPMCIntLayer/Development/il-ms-kbsql-cvg-rid-del-extract
3 HP-BIO-KPMC/KPIF-ON/il-fw-splunk-logclient/KPMCIntLayer/Development/il-ms-kbsql-cvg-pay-del-extract
3 HP-BIO-KPMC/KPIF-ON/il-fw-splunk-logclient/KPMCIntLayer/Development/il-ms-kbsql-cvg-out-del-extract
3 HP-BIO-KPMC/KPIF-ON/il-fw-splunk-logclient/KPMCIntLayer/Development/il-ms-kbsql-cvg-eum-del-extract
3 HP-BIO-KPMC/KPIF-ON/il-fw-splunk-logclient/KPMCIntLayer/Development/il-ms-kbsql-cvg-ept-del-extract
3 HP-BIO-KPMC/KPIF-ON/il-fw-splunk-logclient/KPMCIntLayer/Development/il-ms-kbsql-cvg-aff-del-extract
3 HP-BIO-KPMC/KPIF-ON/il-fw-splunk-logclient/KPMCIntLayer/Development/il-ms-kbsql-cpg-dpg-del-extract
3 HP-BIO-KPMC/KPIF-ON/il-fw-splunk-logclient/KPMCIntLayer/Development/il-ms-kbsql-alt-del-extract
3 HP-BIO-KPMC/KPIF-ON/il-fw-splunk-logclient/KPMCIntLayer/Development/il-ms-groupmanagement-transformer
3 HP-BIO-KPMC/KPIF-ON/il-fw-splunk-logclient/KPMCIntLayer/Development/il-ms-extract-tpp-pap-id-report-hi
3 HP-BIO-KPMC/KPIF-ON/il-fw-splunk-logclient/KPMCIntLayer/Development/il-ms-extract-post-sor-filewriter
3 HP-BIO-KPMC/KPIF-ON/il-fw-splunk-logclient/KPMCIntLayer/Development/il-ms-extract-paidthrudate-transformer
3 HP-BIO-KPMC/KPIF-ON/il-fw-splunk-logclient/KPMCIntLayer/Development/il-ms-extract-hawaiidentalservices-transformer
3 HP-BIO-KPMC/KPIF-ON/il-fw-splunk-logclient/KPMCIntLayer/Development/il-ms-extract-ene-dispute-disposition-response-transformer
3 HP-BIO-KPMC/KPIF-ON/il-fw-splunk-logclient/KPMCIntLayer/Development/il-ms-extract-billing-tpp-invoice-report-generator
3 HP-BIO-KPMC/KPIF-ON/il-fw-splunk-logclient/KPMCIntLayer/Development/il-ms-extract-billing-state-subsidy-remittance-transformer
3 HP-BIO-KPMC/KPIF-ON/il-fw-splunk-logclient/KPMCIntLayer/Development/il-ms-extract-amr-transformer
3 HP-BIO-KPMC/KPIF-ON/il-fw-splunk-logclient/KPMCIntLayer/Development/il-ms-datahub-load-ene-preaudit
3 HP-BIO-KPMC/KPIF-ON/il-fw-splunk-logclient/KPMCIntLayer/Development/il-ms-datahub-load-ene-ffm-rcno
3 HP-BIO-KPMC/KPIF-ON/il-fw-splunk-logclient/KPMCIntLayer/Development/il-ms-datahub-load-billing-state-subsidy-remittance
3 HP-BIO-KPMC/KPIF-ON/il-fw-splunk-logclient/KPMCIntLayer/Development/il-ms-adpt-fs
3 HP-BIO-KPMC/KPIF-ON/il-fw-splunk-logclient/KPMCIntLayer/Development/il-ms-acirefund-requestor
3 HP-BIO-KPMC/KPIF-ON/il-fw-splunk-logclient/KPMCIntLayer/Development/il-load-demcvgwa-rec-tracking
3 HP-BIO-KPMC/KPIF-ON/il-fw-splunk-logclient/KPMCIntLayer/Development/il-fw-tams-core
3 HP-BIO-KPMC/KPIF-ON/il-fw-splunk-logclient/KPMCIntLayer/Development/il-ene-ffm-baa-fileload
3 HP-BIO-KPMC/KPIF-ON/il-fw-splunk-logclient/KPMCIntLayer/Development/il-datahub-load-kpwa-deductible-oop
3 HP-BIO-KPMC/KPIF-ON/il-fw-splunk-logclient/KPMCIntLayer/Development/il-datahub-load-kpwa
3 HP-BIO-KPMC/KPIF-ON/il-fw-splunk-logclient/KPMCIntLayer/Development/il-datahub-load-clinical
3 HP-BIO-KPMC/KPIF-ON/il-fw-splunk-logclient/KPMCIntLayer/Development/il-batch-inbound-filelistener
3 HP-BIO-KPMC/KPIF-ON/il-fw-splunk-logclient/KPMCIntLayer/Development/il-batch-bcsbaseerror-filewriter
3 HP-BIO-KPMC/KPIF-ON/il-fw-splunk-logclient/KPMCIntLayer/DevOps_Release/il-ms-ormb-common
3 HP-BIO-KPMC/KPIF-ON/il-fw-splunk-logclient/KPMCIntLayer/DevOps_Release/il-ms-kbsql-ppg-rid-del-extract
3 HP-BIO-KPMC/KPIF-ON/il-fw-splunk-logclient/KPMCIntLayer/DevOps_Release/il-ms-kbsql-ppg-epp-del-extract
3 HP-BIO-KPMC/KPIF-ON/il-fw-splunk-logclient/KPMCIntLayer/DevOps_Release/il-ms-kbsql-mrn-del-extract
3 HP-BIO-KPMC/KPIF-ON/il-fw-splunk-logclient/KPMCIntLayer/DevOps_Release/il-ms-kbsql-ept-obs-del-extract
3 HP-BIO-KPMC/KPIF-ON/il-fw-splunk-logclient/KPMCIntLayer/DevOps_Release/il-ms-kbsql-ept-doc-extract
3 HP-BIO-KPMC/KPIF-ON/il-fw-splunk-logclient/KPMCIntLayer/DevOps_Release/il-ms-kbsql-cvg-rid-del-extract
3 HP-BIO-KPMC/KPIF-ON/il-fw-splunk-logclient/KPMCIntLayer/DevOps_Release/il-ms-kbsql-cvg-pay-del-extract
3 HP-BIO-KPMC/KPIF-ON/il-fw-splunk-logclient/KPMCIntLayer/DevOps_Release/il-ms-kbsql-cvg-out-del-extract
3 HP-BIO-KPMC/KPIF-ON/il-fw-splunk-logclient/KPMCIntLayer/DevOps_Release/il-ms-kbsql-cvg-eum-del-extract
3 HP-BIO-KPMC/KPIF-ON/il-fw-splunk-logclient/KPMCIntLayer/DevOps_Release/il-ms-kbsql-cvg-ept-del-extract
3 HP-BIO-KPMC/KPIF-ON/il-fw-splunk-logclient/KPMCIntLayer/DevOps_Release/il-ms-kbsql-cvg-aff-del-extract
3 HP-BIO-KPMC/KPIF-ON/il-fw-splunk-logclient/KPMCIntLayer/DevOps_Release/il-ms-kbsql-cpg-dpg-del-extract
3 HP-BIO-KPMC/KPIF-ON/il-fw-splunk-logclient/KPMCIntLayer/DevOps_Release/il-ms-kbsql-alt-del-extract
3 HP-BIO-KPMC/KPIF-ON/il-fw-splunk-logclient/KPMCIntLayer/DevOps_Release/il-ms-groupmanagement-transformer_cluster
3 HP-BIO-KPMC/KPIF-ON/il-fw-splunk-logclient/KPMCIntLayer/DevOps_Release/il-ms-extract-post-sor-filewriter
3 HP-BIO-KPMC/KPIF-ON/il-fw-splunk-logclient/KPMCIntLayer/DevOps_Release/il-ms-extract-paidthrudate-transformer
3 HP-BIO-KPMC/KPIF-ON/il-fw-splunk-logclient/KPMCIntLayer/DevOps_Release/il-ms-extract-hawaiidentalservices-transformeri
3 HP-BIO-KPMC/KPIF-ON/il-fw-splunk-logclient/KPMCIntLayer/DevOps_Release/il-ms-extract-ene-dispute-sub-ffm-transformer
3 HP-BIO-KPMC/KPIF-ON/il-fw-splunk-logclient/KPMCIntLayer/DevOps_Release/il-ms-extract-ene-dispute-sub-ffm-crm-msg-publisher
3 HP-BIO-KPMC/KPIF-ON/il-fw-splunk-logclient/KPMCIntLayer/DevOps_Release/il-ms-extract-ene-dispute-disposition-response-transformer
3 HP-BIO-KPMC/KPIF-ON/il-fw-splunk-logclient/KPMCIntLayer/DevOps_Release/il-ms-extract-billing-tpp-invoice-report-generator
3 HP-BIO-KPMC/KPIF-ON/il-fw-splunk-logclient/KPMCIntLayer/DevOps_Release/il-ms-extract-billing-state-subsidy-remittance-transformer
3 HP-BIO-KPMC/KPIF-ON/il-fw-splunk-logclient/KPMCIntLayer/DevOps_Release/il-ms-datahub-load-ene-ffm-rcno
3 HP-BIO-KPMC/KPIF-ON/il-fw-splunk-logclient/KPMCIntLayer/DevOps_Release/il-ms-datahub-load-billing-state-subsidy-remittance
3 HP-BIO-KPMC/KPIF-ON/il-fw-splunk-logclient/KPMCIntLayer/DevOps_Release/il-ms-benefits-inquiry
3 HP-BIO-KPMC/KPIF-ON/il-fw-splunk-logclient/KPMCIntLayer/DevOps_Release/il-ms-adpt-fs
3 HP-BIO-KPMC/KPIF-ON/il-fw-splunk-logclient/KPMCIntLayer/DevOps_Release/il-load-demcvgwa-rec-tracking
3 HP-BIO-KPMC/KPIF-ON/il-fw-splunk-logclient/KPMCIntLayer/DevOps_Release/il-ene-ffm-baa-fileload
3 HP-BIO-KPMC/KPIF-ON/il-fw-splunk-logclient/KPMCIntLayer/DevOps_Release/il-datahub-load-kpwa-deductible-oop
3 HP-BIO-KPMC/KPIF-ON/il-fw-splunk-logclient/KPMCIntLayer/DevOps_Release/il-datahub-load-kpwa
3 HP-BIO-KPMC/KPIF-ON/il-fw-splunk-logclient/KPMCIntLayer/DevOps_Release/il-datahub-load-clinical
3 HP-BIO-KPMC/KPIF-ON/il-fw-splunk-logclient/KPMCIntLayer/DevOps_Release/il-datahub-load-broker
3 HP-BIO-KPMC/KPIF-ON/il-fw-splunk-logclient/KPMCIntLayer/DevOps_Release/il-datahub-load-bets
3 HP-BIO-KPMC/KPIF-ON/il-fw-splunk-logclient/KPMCIntLayer/DevOps_Release/il-batch-bcsbaseerror-filewriter
3 HP-BIO-KPMC/KPIF-ON/il-fw-splunk-logclient/KPMCDMS/Development/docmgmt-ui-idcard-bff
3 HP-BIO-KPMC/KPIF-ON/il-fw-splunk-logclient/KPMCDMS/DevOps_Release/docmgmt-ui-idcard-bff
3 HP-BIO-KPMC/KPIF-ON/il-fw-splunk-logclient/KPMCDMS/DevOps_Release/docmgmt-ui-eoc-bff
3 HP-BIO-KPMC/KPIF-ON/il-fw-splunk-logclient/KPMCCAM/Development/cam-batch-idl-trueup
3 HP-BIO-KPMC/KPIF-ON/il-fw-splunk-logclient/KPMCCAM/Development/cam-batch-idl-pricingdtl
3 HP-BIO-KPMC/KPIF-ON/il-fw-splunk-logclient/KPMCCAM/Development/cam-batch-idl-policy
3 HP-BIO-KPMC/KPIF-ON/il-fw-splunk-logclient/KPMCCAM/Development/cam-batch-idl-plan
3 HP-BIO-KPMC/KPIF-ON/il-fw-splunk-logclient/KPMCCAM/Development/cam-batch-idl-personbenefit
3 HP-BIO-KPMC/KPIF-ON/il-fw-splunk-logclient/KPMCCAM/Development/cam-batch-idl-payment
3 HP-BIO-KPMC/KPIF-ON/il-fw-splunk-logclient/KPMCCAM/Development/cam-batch-idl-mview
3 HP-BIO-KPMC/KPIF-ON/il-fw-splunk-logclient/KPMCCAM/Development/cam-batch-idl-membershipperson
3 HP-BIO-KPMC/KPIF-ON/il-fw-splunk-logclient/KPMCCAM/Development/cam-batch-idl-externalparty
3 HP-BIO-KPMC/KPIF-ON/il-fw-splunk-logclient/KPMCCAM/Development/cam-batch-idl-bseg
3 HP-BIO-KPMC/KPIF-ON/il-fw-splunk-logclient/KPMCCAM/Development/cam-batch-idl-adjustment
3 HP-BIO-KPMC/KPIF-ON/il-fw-splunk-logclient/KPMCCAM/Development/cam-batch-idl-account
3 HP-BIO-KPMC/KPIF-ON/il-fw-splunk-logclient/KPMCCAM/Development/cam-batch-dbdataload-framework
3 HP-BIO-KPMC/KPIF-ON/il-fw-splunk-logclient/KPMCCAM/Development/cam-batch-dbdataload-cuatodh
3 HP-BIO-KPMC/KPIF-ON/il-fw-splunk-logclient/KPMCCAM/Development/cam-batch-dbdataload-cactodh
3 HP-BIO-KPMC/KPIF-ON/il-fw-splunk-logclient/KPMCCAM/DevOps_Release/cam-batch-idl-trueup
3 HP-BIO-KPMC/KPIF-ON/il-fw-splunk-logclient/KPMCCAM/DevOps_Release/cam-batch-idl-pricingdtl
3 HP-BIO-KPMC/KPIF-ON/il-fw-splunk-logclient/KPMCCAM/DevOps_Release/cam-batch-idl-pricelinecalculation
3 HP-BIO-KPMC/KPIF-ON/il-fw-splunk-logclient/KPMCCAM/DevOps_Release/cam-batch-idl-policy
3 HP-BIO-KPMC/KPIF-ON/il-fw-splunk-logclient/KPMCCAM/DevOps_Release/cam-batch-idl-plan
3 HP-BIO-KPMC/KPIF-ON/il-fw-splunk-logclient/KPMCCAM/DevOps_Release/cam-batch-idl-personbenefit
3 HP-BIO-KPMC/KPIF-ON/SelfService/Development/ssindvwls
3 HP-BIO-KPMC/KPIF-ON/SelfService/DevOps_Release/ssindvwls
3 HP-BIO-KPMC/KPIF-ON/SelfService/DevOps_Release/indvdlslfsrvc_main(Config+UI)
3 HP-BIO-KPMC/KPIF-ON/KPMCUserAuth/Development/il-ms-fw-quickview-bff
3 HP-BIO-KPMC/KPIF-ON/KPMCIntLayer/Development/il-ms-workflowem-transformer
3 HP-BIO-KPMC/KPIF-ON/KPMCIntLayer/Development/il-ms-memberupdate-legacy
3 HP-BIO-KPMC/KPIF-ON/KPMCIntLayer/Development/il-ms-memberenrollment-legacy
3 HP-BIO-KPMC/KPIF-ON/KPMCIntLayer/Development/il-ms-kbsql-ppg-rid-del-extract
3 HP-BIO-KPMC/KPIF-ON/KPMCIntLayer/Development/il-ms-kbsql-ppg-epp-del-extract
3 HP-BIO-KPMC/KPIF-ON/KPMCIntLayer/Development/il-ms-kbsql-hlv-val-del-extract
3 HP-BIO-KPMC/KPIF-ON/KPMCIntLayer/Development/il-ms-kbsql-ept-obs-del-extract
3 HP-BIO-KPMC/KPIF-ON/KPMCIntLayer/Development/il-ms-kbsql-ept-doc-extract
3 HP-BIO-KPMC/KPIF-ON/KPMCIntLayer/Development/il-ms-kbsql-dpg-ppg-del-extract
3 HP-BIO-KPMC/KPIF-ON/KPMCIntLayer/Development/il-ms-kbsql-cvg-pay-del-extract
3 HP-BIO-KPMC/KPIF-ON/KPMCIntLayer/Development/il-ms-kbsql-cvg-eum-del-extract
3 HP-BIO-KPMC/KPIF-ON/KPMCIntLayer/Development/il-ms-kbsql-cvg-ept-del-extract
3 HP-BIO-KPMC/KPIF-ON/KPMCIntLayer/Development/il-ms-kbsql-cvg-aff-del-extract
3 HP-BIO-KPMC/KPIF-ON/KPMCIntLayer/Development/il-ms-kbsql-cpg-dpg-del-extract
3 HP-BIO-KPMC/KPIF-ON/KPMCIntLayer/Development/il-ms-kbsql-alt-del-extract
3 HP-BIO-KPMC/KPIF-ON/KPMCIntLayer/Development/il-ms-extract-post-sor-filewriter
3 HP-BIO-KPMC/KPIF-ON/KPMCIntLayer/Development/il-ms-extract-dpalockbox-transformer-nw
3 HP-BIO-KPMC/KPIF-ON/KPMCIntLayer/Development/il-ms-extract-dpalockbox-transformer-hi
3 HP-BIO-KPMC/KPIF-ON/KPMCIntLayer/Development/il-ms-extract-deltadentalnonopmeligco-transformer
3 HP-BIO-KPMC/KPIF-ON/KPMCIntLayer/Development/il-ms-extract-billing-tpp-invoice-report-generator
3 HP-BIO-KPMC/KPIF-ON/KPMCIntLayer/Development/il-ms-extract-billing-lockbox-wfargo-transformer
3 HP-BIO-KPMC/KPIF-ON/KPMCIntLayer/Development/il-ms-extract-billing-ebox-wfargo-ormb-transformer
3 HP-BIO-KPMC/KPIF-ON/KPMCIntLayer/Development/il-ms-extract-ash-hi-member-weekly-xfit-transformer
3 HP-BIO-KPMC/KPIF-ON/KPMCIntLayer/Development/il-ms-extract-BGFTPWAS-transformer
3 HP-BIO-KPMC/KPIF-ON/KPMCIntLayer/Development/il-ms-ene-ffm-proactive-outreach-response-transformer
3 HP-BIO-KPMC/KPIF-ON/KPMCIntLayer/Development/il-ms-dqr-contract-coverage-comparator
3 HP-BIO-KPMC/KPIF-ON/KPMCIntLayer/Development/il-ms-datahub-transformer-ene-ffm-rcno
3 HP-BIO-KPMC/KPIF-ON/KPMCIntLayer/Development/il-ms-datahub-load-ene-rcni
3 HP-BIO-KPMC/KPIF-ON/KPMCIntLayer/Development/il-ms-datahub-load-ene-preaudit
3 HP-BIO-KPMC/KPIF-ON/KPMCIntLayer/Development/il-ms-datahub-load-ene-misc-report
3 HP-BIO-KPMC/KPIF-ON/KPMCIntLayer/Development/il-ms-datahub-load-ene-ffm-rcno
3 HP-BIO-KPMC/KPIF-ON/KPMCIntLayer/Development/il-ms-comparator-ene-rcni-validation-report
3 HP-BIO-KPMC/KPIF-ON/KPMCIntLayer/Development/il-ms-benefits-inquiry
3 HP-BIO-KPMC/KPIF-ON/KPMCIntLayer/Development/il-ms-aciautopay-transformer-m3p
3 HP-BIO-KPMC/KPIF-ON/KPMCIntLayer/Development/il-load-demcvgwa-rec-tracking
3 HP-BIO-KPMC/KPIF-ON/KPMCIntLayer/Development/il-fw-jsonschemavalidator
3 HP-BIO-KPMC/KPIF-ON/KPMCIntLayer/Development/il-ene-ffm-baa-fileload
3 HP-BIO-KPMC/KPIF-ON/KPMCIntLayer/Development/il-datahub-load-lockbox-boa
3 HP-BIO-KPMC/KPIF-ON/KPMCIntLayer/Development/il-datahub-load-kpwa-deductible-oop
3 HP-BIO-KPMC/KPIF-ON/KPMCIntLayer/Development/il-datahub-load-kpwa
3 HP-BIO-KPMC/KPIF-ON/KPMCIntLayer/Development/il-datahub-load-broker
3 HP-BIO-KPMC/KPIF-ON/KPMCIntLayer/Development/il-datahub-load-bets
3 HP-BIO-KPMC/KPIF-ON/KPMCIntLayer/Development/il-batch-fmeextract-filewriter
3 HP-BIO-KPMC/KPIF-ON/KPMCIntLayer/Development/il-batch-bcsbaseerror-filewriter
3 HP-BIO-KPMC/KPIF-ON/KPMCIntLayer/Development/OCP/mcp/il-ms-mbrchgpub-tms-adaptor-kmate-PanelMgmt
3 HP-BIO-KPMC/KPIF-ON/KPMCIntLayer/Development/OCP/mcp/il-ms-mbrchgpub-outbound-processor
3 HP-BIO-KPMC/KPIF-ON/KPMCIntLayer/Development/OCP/mcp/il-ms-mbrchgpub-inbound-processor
3 HP-BIO-KPMC/KPIF-ON/KPMCIntLayer/Development/OCP/ene/il-ms-adpt-tapmem
3 HP-BIO-KPMC/KPIF-ON/KPMCIntLayer/Development/OCP/docMgmt/docmgmt-ui-idceapi
3 HP-BIO-KPMC/KPIF-ON/KPMCIntLayer/DevOps_Release/il-ms-ormbtokpbanks-transformer
3 HP-BIO-KPMC/KPIF-ON/KPMCIntLayer/DevOps_Release/il-ms-ormb-ws-schema
3 HP-BIO-KPMC/KPIF-ON/KPMCIntLayer/DevOps_Release/il-ms-memberupdate-legacy
3 HP-BIO-KPMC/KPIF-ON/KPMCIntLayer/DevOps_Release/il-ms-memberlookup-legacy
3 HP-BIO-KPMC/KPIF-ON/KPMCIntLayer/DevOps_Release/il-ms-memberenrollment-legacy
3 HP-BIO-KPMC/KPIF-ON/KPMCIntLayer/DevOps_Release/il-ms-member-update
3 HP-BIO-KPMC/KPIF-ON/KPMCIntLayer/DevOps_Release/il-ms-kpmcmrnsearch-library
3 HP-BIO-KPMC/KPIF-ON/KPMCIntLayer/DevOps_Release/il-ms-kbsql-wqi-his-extract
3 HP-BIO-KPMC/KPIF-ON/KPMCIntLayer/DevOps_Release/il-ms-kbsql-wqi-extract
3 HP-BIO-KPMC/KPIF-ON/KPMCIntLayer/DevOps_Release/il-ms-kbsql-wqi-ahi-extract
3 HP-BIO-KPMC/KPIF-ON/KPMCIntLayer/DevOps_Release/il-ms-kbsql-wqf-extract
3 HP-BIO-KPMC/KPIF-ON/KPMCIntLayer/DevOps_Release/il-ms-kbsql-vct-extract
3 HP-BIO-KPMC/KPIF-ON/KPMCIntLayer/DevOps_Release/il-ms-kbsql-reg-extract
3 HP-BIO-KPMC/KPIF-ON/KPMCIntLayer/DevOps_Release/il-ms-kbsql-ppg-rid-extract
3 HP-BIO-KPMC/KPIF-ON/KPMCIntLayer/DevOps_Release/il-ms-kbsql-ppg-nrg-extract
3 HP-BIO-KPMC/KPIF-ON/KPMCIntLayer/DevOps_Release/il-ms-kbsql-ppg-del-extract
3 HP-BIO-KPMC/KPIF-ON/KPMCIntLayer/DevOps_Release/il-ms-kbsql-ppg-cvg-extract
3 HP-BIO-KPMC/KPIF-ON/KPMCIntLayer/DevOps_Release/il-ms-kbsql-nur-res-extract
3 HP-BIO-KPMC/KPIF-ON/KPMCIntLayer/DevOps_Release/il-ms-kbsql-nur-his-extract
3 HP-BIO-KPMC/KPIF-ON/KPMCIntLayer/DevOps_Release/il-ms-kbsql-nur-cod-extract
3 HP-BIO-KPMC/KPIF-ON/KPMCIntLayer/DevOps_Release/il-ms-kbsql-nur-act-extract
3 HP-BIO-KPMC/KPIF-ON/KPMCIntLayer/DevOps_Release/il-ms-kbsql-ntp-extract
3 HP-BIO-KPMC/KPIF-ON/KPMCIntLayer/DevOps_Release/il-ms-kbsql-nsg-tra-extract
3 HP-BIO-KPMC/KPIF-ON/KPMCIntLayer/DevOps_Release/il-ms-kbsql-nsg-extract
3 HP-BIO-KPMC/KPIF-ON/KPMCIntLayer/DevOps_Release/il-ms-kbsql-nsg-act-extract
3 HP-BIO-KPMC/KPIF-ON/KPMCIntLayer/DevOps_Release/il-ms-kbsql-nsc-wqi-extract
3 HP-BIO-KPMC/KPIF-ON/KPMCIntLayer/DevOps_Release/il-ms-kbsql-nsc-scr-extract
3 HP-BIO-KPMC/KPIF-ON/KPMCIntLayer/DevOps_Release/il-ms-kbsql-nsc-rid-extract
3 HP-BIO-KPMC/KPIF-ON/KPMCIntLayer/DevOps_Release/il-ms-kbsql-nsc-rea-extract
3 HP-BIO-KPMC/KPIF-ON/KPMCIntLayer/DevOps_Release/il-ms-kbsql-nsc-rat-extract
3 HP-BIO-KPMC/KPIF-ON/KPMCIntLayer/DevOps_Release/il-ms-kbsql-nsc-pro-extract
3 HP-BIO-KPMC/KPIF-ON/KPMCIntLayer/DevOps_Release/il-ms-kbsql-nsc-lan-extract
3 HP-BIO-KPMC/KPIF-ON/KPMCIntLayer/DevOps_Release/il-ms-kbsql-nsc-ent-extract
3 HP-BIO-KPMC/KPIF-ON/KPMCIntLayer/DevOps_Release/il-ms-kbsql-nsc-emp-extract
3 HP-BIO-KPMC/KPIF-ON/KPMCIntLayer/DevOps_Release/il-ms-kbsql-nsc-com-extract
3 HP-BIO-KPMC/KPIF-ON/KPMCIntLayer/DevOps_Release/il-ms-kbsql-nsc-cod-extract
3 HP-BIO-KPMC/KPIF-ON/KPMCIntLayer/DevOps_Release/il-ms-kbsql-nsc-bro-extract
3 HP-BIO-KPMC/KPIF-ON/KPMCIntLayer/DevOps_Release/il-ms-kbsql-nsc-att-extract
3 HP-BIO-KPMC/KPIF-ON/KPMCIntLayer/DevOps_Release/il-ms-kbsql-nsc-aff-extract
3 HP-BIO-KPMC/KPIF-ON/KPMCIntLayer/DevOps_Release/il-ms-kbsql-nrg-map-extract
3 HP-BIO-KPMC/KPIF-ON/KPMCIntLayer/DevOps_Release/il-ms-kbsql-nrg-extract
3 HP-BIO-KPMC/KPIF-ON/KPMCIntLayer/DevOps_Release/il-ms-kbsql-npd-extract
3 HP-BIO-KPMC/KPIF-ON/KPMCIntLayer/DevOps_Release/il-ms-kbsql-nec-sta-extract
3 HP-BIO-KPMC/KPIF-ON/KPMCIntLayer/DevOps_Release/il-ms-kbsql-nec-extract
3 HP-BIO-KPMC/KPIF-ON/KPMCIntLayer/DevOps_Release/il-ms-kbsql-nec-coe-extract
3 HP-BIO-KPMC/KPIF-ON/KPMCIntLayer/DevOps_Release/il-ms-kbsql-nec-age-extract
3 HP-BIO-KPMC/KPIF-ON/KPMCIntLayer/DevOps_Release/il-ms-kbsql-ncs-tsk-extract
3 HP-BIO-KPMC/KPIF-ON/KPMCIntLayer/DevOps_Release/il-ms-kbsql-ncs-lst-extract
3 HP-BIO-KPMC/KPIF-ON/KPMCIntLayer/DevOps_Release/il-ms-kbsql-ncs-extract
3 HP-BIO-KPMC/KPIF-ON/KPMCIntLayer/DevOps_Release/il-ms-kbsql-ncd-gro-extract
3 HP-BIO-KPMC/KPIF-ON/KPMCIntLayer/DevOps_Release/il-ms-kbsql-ncd-extract
3 HP-BIO-KPMC/KPIF-ON/KPMCIntLayer/DevOps_Release/il-ms-kbsql-ncd-con-extract
3 HP-BIO-KPMC/KPIF-ON/KPMCIntLayer/DevOps_Release/il-ms-kbsql-mlb-extract
3 HP-BIO-KPMC/KPIF-ON/KPMCIntLayer/DevOps_Release/il-ms-kbsql-lqf-extract
3 HP-BIO-KPMC/KPIF-ON/KPMCIntLayer/DevOps_Release/il-ms-kbsql-lob-ref-extract
3 HP-BIO-KPMC/KPIF-ON/KPMCIntLayer/DevOps_Release/il-ms-kbsql-lob-extract
3 HP-BIO-KPMC/KPIF-ON/KPMCIntLayer/DevOps_Release/il-ms-kbsql-ime-sta-extract
3 HP-BIO-KPMC/KPIF-ON/KPMCIntLayer/DevOps_Release/il-ms-kbsql-ime-ins-extract
3 HP-BIO-KPMC/KPIF-ON/KPMCIntLayer/DevOps_Release/il-ms-kbsql-ime-ini-extract
3 HP-BIO-KPMC/KPIF-ON/KPMCIntLayer/DevOps_Release/il-ms-kbsql-ime-extract
3 HP-BIO-KPMC/KPIF-ON/KPMCIntLayer/DevOps_Release/il-ms-kbsql-ime-det-extract
3 HP-BIO-KPMC/KPIF-ON/KPMCIntLayer/DevOps_Release/il-ms-kbsql-ime-aud-extract
3 HP-BIO-KPMC/KPIF-ON/KPMCIntLayer/DevOps_Release/il-ms-kbsql-ime-app-extract
3 HP-BIO-KPMC/KPIF-ON/KPMCIntLayer/DevOps_Release/il-ms-kbsql-iit-extract
3 HP-BIO-KPMC/KPIF-ON/KPMCIntLayer/DevOps_Release/il-ms-kbsql-ier-knd-extract
3 HP-BIO-KPMC/KPIF-ON/KPMCIntLayer/DevOps_Release/il-ms-kbsql-ier-extract
3 HP-BIO-KPMC/KPIF-ON/KPMCIntLayer/DevOps_Release/il-ms-kbsql-hno-txt-extract
3 HP-BIO-KPMC/KPIF-ON/KPMCIntLayer/DevOps_Release/il-ms-kbsql-hlx-extract
3 HP-BIO-KPMC/KPIF-ON/KPMCIntLayer/DevOps_Release/il-ms-kbsql-hlv-val-extract
3 HP-BIO-KPMC/KPIF-ON/KPMCIntLayer/DevOps_Release/il-ms-kbsql-hlv-extract
3 HP-BIO-KPMC/KPIF-ON/KPMCIntLayer/DevOps_Release/il-ms-kbsql-hip-extract
3 HP-BIO-KPMC/KPIF-ON/KPMCIntLayer/DevOps_Release/il-ms-kbsql-ept-pho-extract
3 HP-BIO-KPMC/KPIF-ON/KPMCIntLayer/DevOps_Release/il-ms-kbsql-ept-mrn-extract
3 HP-BIO-KPMC/KPIF-ON/KPMCIntLayer/DevOps_Release/il-ms-kbsql-ept-mer-extract
3 HP-BIO-KPMC/KPIF-ON/KPMCIntLayer/DevOps_Release/il-ms-kbsql-ept-lan-extract
3 HP-BIO-KPMC/KPIF-ON/KPMCIntLayer/DevOps_Release/il-ms-kbsql-ept-ide-extract
3 HP-BIO-KPMC/KPIF-ON/KPMCIntLayer/DevOps_Release/il-ms-kbsql-ept-eum-extract
3 HP-BIO-KPMC/KPIF-ON/KPMCIntLayer/DevOps_Release/il-ms-kbsql-ept-ent-extract
3 HP-BIO-KPMC/KPIF-ON/KPMCIntLayer/DevOps_Release/il-ms-kbsql-ept-del-extract
3 HP-BIO-KPMC/KPIF-ON/KPMCIntLayer/DevOps_Release/il-ms-kbsql-ept-ali-extract
3 HP-BIO-KPMC/KPIF-ON/KPMCIntLayer/DevOps_Release/il-ms-kbsql-epp-extract
3 HP-BIO-KPMC/KPIF-ON/KPMCIntLayer/DevOps_Release/il-ms-kbsql-epp-del-extract
3 HP-BIO-KPMC/KPIF-ON/KPMCIntLayer/DevOps_Release/il-ms-kbsql-epm-extract
3 HP-BIO-KPMC/KPIF-ON/KPMCIntLayer/DevOps_Release/il-ms-kbsql-emp-rol-extract
3 HP-BIO-KPMC/KPIF-ON/KPMCIntLayer/DevOps_Release/il-ms-kbsql-emp-log-extract
3 HP-BIO-KPMC/KPIF-ON/KPMCIntLayer/DevOps_Release/il-ms-kbsql-emp-his-extract
3 HP-BIO-KPMC/KPIF-ON/KPMCIntLayer/DevOps_Release/il-ms-kbsql-emp-extract
3 HP-BIO-KPMC/KPIF-ON/KPMCIntLayer/DevOps_Release/il-ms-kbsql-ecl-stg-extract
3 HP-BIO-KPMC/KPIF-ON/KPMCIntLayer/DevOps_Release/il-ms-kbsql-ecl-lob-extract
3 HP-BIO-KPMC/KPIF-ON/KPMCIntLayer/DevOps_Release/il-ms-kbsql-ecl-extract
3 HP-BIO-KPMC/KPIF-ON/KPMCIntLayer/DevOps_Release/il-ms-kbsql-ecl-act-extract
3 HP-BIO-KPMC/KPIF-ON/KPMCIntLayer/DevOps_Release/il-ms-kbsql-eci-extract
3 HP-BIO-KPMC/KPIF-ON/KPMCIntLayer/DevOps_Release/il-ms-kbsql-e2r-extract
3 HP-BIO-KPMC/KPIF-ON/KPMCIntLayer/DevOps_Release/il-ms-kbsql-e1l-extract
3 HP-BIO-KPMC/KPIF-ON/KPMCIntLayer/DevOps_Release/il-ms-kbsql-dpg-ppg-extract
3 HP-BIO-KPMC/KPIF-ON/KPMCIntLayer/DevOps_Release/il-ms-kbsql-dpg-del-extract
3 HP-BIO-KPMC/KPIF-ON/KPMCIntLayer/DevOps_Release/il-ms-kbsql-dcs-extract
3 HP-BIO-KPMC/KPIF-ON/KPMCIntLayer/DevOps_Release/il-ms-kbsql-cvg-thr-extract
3 HP-BIO-KPMC/KPIF-ON/KPMCIntLayer/DevOps_Release/il-ms-kbsql-cvg-slt-extract
3 HP-BIO-KPMC/KPIF-ON/KPMCIntLayer/DevOps_Release/il-ms-kbsql-cvg-out-extract
3 HP-BIO-KPMC/KPIF-ON/KPMCIntLayer/DevOps_Release/il-ms-kbsql-cvg-out-del-extract
3 HP-BIO-KPMC/KPIF-ON/KPMCIntLayer/DevOps_Release/il-ms-kbsql-cvg-extract
3 HP-BIO-KPMC/KPIF-ON/KPMCIntLayer/DevOps_Release/il-ms-kbsql-cvg-ept-extract
3 HP-BIO-KPMC/KPIF-ON/KPMCIntLayer/DevOps_Release/il-ms-kbsql-cvg-aff-extract
3 HP-BIO-KPMC/KPIF-ON/KPMCIntLayer/DevOps_Release/il-ms-kbsql-cpg-extract
3 HP-BIO-KPMC/KPIF-ON/KPMCIntLayer/DevOps_Release/il-ms-kbsql-cpg-div-extract
3 HP-BIO-KPMC/KPIF-ON/KPMCIntLayer/DevOps_Release/il-ms-kbsql-cpg-del-extract
3 HP-BIO-KPMC/KPIF-ON/KPMCIntLayer/DevOps_Release/il-ms-kbsql-cal-extract
3 HP-BIO-KPMC/KPIF-ON/KPMCIntLayer/DevOps_Release/il-ms-kbsql-aud-extract
3 HP-BIO-KPMC/KPIF-ON/KPMCIntLayer/DevOps_Release/il-ms-kbsql-alt-extract
3 HP-BIO-KPMC/KPIF-ON/KPMCIntLayer/DevOps_Release/il-ms-kbsql-aag-extract
3 HP-BIO-KPMC/KPIF-ON/KPMCIntLayer/DevOps_Release/il-ms-identity
3 HP-BIO-KPMC/KPIF-ON/KPMCIntLayer/DevOps_Release/il-ms-extract-fw-sor-filewriter
3 HP-BIO-KPMC/KPIF-ON/KPMCIntLayer/DevOps_Release/il-ms-extract-demcvgwa-transformer
3 HP-BIO-KPMC/KPIF-ON/KPMCIntLayer/DevOps_Release/il-ms-demographics
3 HP-BIO-KPMC/KPIF-ON/KPMCIntLayer/DevOps_Release/il-ms-custeligibhierarchy
3 HP-BIO-KPMC/KPIF-ON/KPMCIntLayer/DevOps_Release/il-ms-cac-epicschema
3 HP-BIO-KPMC/KPIF-ON/KPMCIntLayer/DevOps_Release/il-ms-cac-emws-msgstransform
3 HP-BIO-KPMC/KPIF-ON/KPMCIntLayer/DevOps_Release/il-ms-benefits
3 HP-BIO-KPMC/KPIF-ON/KPMCIntLayer/DevOps_Release/il-ms-acipaymentreversal-transformer
3 HP-BIO-KPMC/KPIF-ON/KPMCIntLayer/DevOps_Release/il-fw-tams-batch-coordinator
3 HP-BIO-KPMC/KPIF-ON/KPMCIntLayer/DevOps_Release/il-fw-jsonschemavalidator
3 HP-BIO-KPMC/KPIF-ON/KPMCIntLayer/DevOps_Release/il-datahub-load-kpwa-contract-cam
3 HP-BIO-KPMC/KPIF-ON/KPMCIntLayer/DevOps_Release/il-datahub-load-benefitrollup
3 HP-BIO-KPMC/KPIF-ON/KPMCIntLayer/DevOps_Release/il-batch-outbound-cpcbilltransformer-ormb
3 HP-BIO-KPMC/KPIF-ON/KPMCIntLayer/DevOps_Release/il-batch-outbound-cpcbillextract-ormb
3 HP-BIO-KPMC/KPIF-ON/KPMCIntLayer/DevOps_Release/il-batch-inbound-fileprocessor
3 HP-BIO-KPMC/KPIF-ON/KPMCIntLayer/DevOps_Release/il-batch-inbound-filelistener
3 HP-BIO-KPMC/KPIF-ON/KPMCIntLayer/DevOps_Release/il-batch-aprefund-transformer
3 HP-BIO-KPMC/KPIF-ON/KPMCIntLayer/DevOps_Release/il-batch-acibinderpay-releasefilewriter
3 HP-BIO-KPMC/KPIF-ON/KPMCGSU/Development/integration-test/cac_contact_ms_itest
3 HP-BIO-KPMC/KPIF-ON/KPMCGSU/DevOps_Release/kp_common_util
3 HP-BIO-KPMC/KPIF-ON/KPMCDMS/Development/docmgmt-ui-de-bff
3 HP-BIO-KPMC/KPIF-ON/KPMCDMS/DevOps_Release/dm-eoc-jbprocess
3 HP-BIO-KPMC/KPIF-ON/KPMCDMS/DevOps_Release/dm-eoc-iqeprocess
3 HP-BIO-KPMC/KPIF-ON/KPMCDMS/DevOps_Release/dm-dafe-ackweb_cluster
3 HP-BIO-KPMC/KPIF-ON/KPMCCAM/Development/cam-batch-idl-externalparty
3 HP-BIO-KPMC/KPIF-ON/KPMCCAM/Development/cam-batch-idl-account
3 HP-BIO-KPMC/KPIF-ON/KPMCCAM/DevOps_Release/il-ms-crossregion-merge
3 HP-BIO-KPMC/KPIF-ON/KPMCCAM/DevOps_Release/cam-ms-router-membersor_cluster
3 HP-BIO-KPMC/KPIF-ON/KPMCCAM/DevOps_Release/cam-batch-idl-file-loader
3 HP-BIO-KPMC/KPIF-OFF/KPMCIntLayer/Devops_Release/il-ms-coverage
3 HP-BIO-KPMC/KPIF-OFF/KPMCIntLayer/Development/il-ms-member-update-obsolete
3 HP-BIO-KPMC/KPIF-OFF/KPMCCAM/Development/cam-batch-idl-kpifbill-pricingdtl-dh-obsolete
3 HP-BIO-KPMC/KPIF-OFF/KPMCCAM/Development/cam-batch-idl-kpifbill-pricing-dh-obsolete
3 HP-BIO-KPMC/KPIF-OFF/KPMCCAM/Development/cam-batch-idl-kpifbill-pricelinecalculation-dh-obsolete
3 HP-BIO-KPMC/KPIF-OFF/KPMCCAM/Development/cam-batch-idl-kpifbill-plan-dh-obsolete
3 HP-BIO-KPMC/KPIF-OFF/KPMCCAM/Development/cam-batch-idl-kpifbill-personbenefit-dh-obsolete
3 HP-BIO-KPMC/KPIF-OFF/KPMCCAM/Development/cam-batch-idl-kpifbill-payment-dh-obsolete
3 HP-BIO-KPMC/KPIF-OFF/KPMCCAM/Development/cam-batch-idl-kpifbill-bseg-dh-obsolete
3 HP-BIO-KPMC/KPIF-OFF/KPMCCAM/Development/cam-batch-idl-kpifbill-adjustment-dh-obsolete
3 HP-BIO-KPMC/KPIF-OFF/KPMCCAM/Development/cam-batch-idl-compare-obsolete
3 HP-BIO-KPMC/KPIF-OFF/KPMCCAM/Development/cam-batch-cnd-migration-obsolete
3 HP-BIO-KPMC/KPIF-OFF/KPMCCAM/DevOps_Release/cam-batch-idl-kpifbill-policy-dh
3 HP-BIO-KPMC/KPIF-OFF/KPMCCAM/DevOps_Release/cam-batch-idl-kpifbill-plan-dh
3 HP-BIO-KPMC/KPIF-OFF/KPMCCAM/DevOps_Release/cam-batch-idl-kpifbill-personbenefit-dh
3 HP-BIO-KPMC/KPIF-OFF/KPMCCAM/DevOps_Release/cam-batch-idl-kpifbill-person-dh
3 HP-BIO-KPMC/KPIF-OFF/KPMCCAM/DevOps_Release/cam-batch-idl-kpifbill-membershipperson-dh
3 HP-BIO-KPMC/KPIF-OFF/KPMCCAM/DevOps_Release/cam-batch-idl-kpifbill-member-dh
3 HP-BIO-KPMC/KPIF-OFF/KPMCCAM/DevOps_Release/cam-batch-idl-kpifbill-externalparty-dh
3 HP-BIO-KPMC/KPIF-OFF/KPMCCAM/DevOps_Release/cam-batch-idl-kpifbill-customer-dh
3 HP-BIO-KPMC/KPIF-OFF/KPMCCAM/DevOps_Release/cam-batch-cnd-migration
3 HP-BIO-KPMC/KPIF-OFF/KPMCCAM/DevOps_Release/cam-batch-cac-adapter
3 HP-BIO-KPMC/AutoSQLDeployment/il-ms-cac-epictransformer_release
3 HP-BIO-KPMC/AutoSQLDeployment/devops-liquibase-release
3 HP-BIO-KPMC/AutoSQLDeployment/DryRun/il-ms-cac-epictransformer
3 HP-BIO-EBSS/gusto_cpa/Velocity/ssusergroupsdata
3 HP-BIO-EBSS/ebss/development/ss-sidecar-node
3 HP-BIO-EBSS/ebss/Velocity/groupinformation
3 HP-BIO-EBSS/commercialbilling/Velocity/cb-ms-schedule-payments
3 HP-BIO-EBSS/commercialbilling/Devops_Release/cb-ms-fileprocessing
3 HP-BIO-EBSS/ManagePayments_Final_Regression_QA/ebss/development/kp-ss-ui-library
3 HP-BIO-EBSS/ManagePayments_Final_Regression_QA/ebss/Velocity/dwnldmbrlist
3 HP-BIO-EBSS/ManagePayments_Final_Regression_QA/commercialbilling/Devops_Release/cb-ms-fileprocessing
3 HP-BIO-EBSS/ManagePayments_Final_Regression_QA/commercialbilling/Devops_Release/cb-ms-accountsummary
3 HP-BIO-EBSS/ManagePayments_Final_Regression_QA/EBSS-Utilities/Azure_servicemgmt_v1
3 HP-BIO-EBSS/ManagePayments_Final_Regression_QA/CCPE/devops_release/ssindvbrkrmbrlkup
3 HP-BIO-EBSS/CCPE/devops_release/ssindvbrkrmbrlkup
3 HP-BIO-DMP/AZ Migration TDM/TDM JOB BFF
3 HP-BIO-CMS/datamodel/cms-db-interop-np
3 HP-BIO-CMS/apps/cms-fhir-parser
3 HP-BIO-CMS/apps/cms-encounter-sp-app
3 HP-BIO-CMS/Libraries/cms-web-security-util
3 Data-Analytics/DA-SharedEnrichment/Master and Reference Pipelines/dbx-master-reference
3 Data-Analytics/DA-KEAPCDF/KEAP-CDF-JSON
3 Data-Analytics/DA-DataOps/DBX-Incremental-Load
3 DCSS/DCSS-EWALLET/hhub-bff-ctproxy-apigee
3 DA-CIF/DataBricks-Pipelines/DBX-QHC
3 CTO-KPX/cms-kpx-ui
3 CTO-EIS/sskioskui
3 CTO-EIS/selfservicebff
3 CTO-EA-SOI/CTO-EA-SOI-Infrastructure/SOI-KPD-Athena-Location
3 CTO-EA-SOI/CTO-EA-SOI-Framework/HDI4-Framework-Components/KP-AKS-ChatBox/testing-new-build
3 CTO-EA-SOI/CTO-EA-SOI-Framework/HDI4-Framework-Components/KP-AKS-ChatBox/KP-ADF-KPD-VICSVC-INTERNAL
3 CTO-EA-SOI/CTO-EA-SOI-Framework/HDI4-Framework-Components/KP-AKS-ChatBox/KP-ADF-KPD-BotRegistration
3 CTO-EA-SOI/CTO-EA-SOI-Framework/AKSDeployments/Arria/ArriaIntegrations
3 CTO-EA-SOI/CTO-EA-SOI-Framework/ADF-NonProd-PROD-Pipeline/QnA_Self_Service_Tool/KPD-DAIP-ATHENA-CONT-MGT-UI
3 CTO-EA-SOI/CTO-EA-SOI-Framework/ADF-NonProd-PROD-Pipeline/Message_Classification/kpd-daip-mc-ctrl-intent-stg-handler
3 CTO-EA-SOI/CTO-EA-SOI-Framework/ADF-NonProd-PROD-Pipeline/Message_Classification/kpd-daip-mc-ctrl-classifier-service
3 CTO-EA-SOI/CTO-EA-SOI-Framework/ADF-NonProd-PROD-Pipeline/Message_Classification/kpd-daip-mc-ctrl-classifier-handler
3 CTO-EA-SOI/CTO-EA-SOI-Framework/ADF-NonProd-PROD-Pipeline/KPD-DAIP-ProducerManifestUI
3 CS-IT/CPXQATESTING/s2p-integrations-qa-automation-new
3 CS-IT/CPXQATESTING/cpx-pmtcore-ach-qa-automation
3 CS-IT/CPXQATESTING/cpx-kmate-adapter
3 CS-IT/CPXPAYMENTCORE/cpx-pmtcore-tempusadapt
3 CS-IT/CPXPAYMENTCORE/cpx-pmtcore-epims-common
3 CS-IT/CPXPAYMENTCORE/cpx-kphc-adapter
3 CS-IT/CPXPAYMENTCORE/CPX-AKS-Resource-Management
3 CS-IT/CPCMPCPIE/pie-epp-client
3 CS-IT/CPCMPCPIE/pie-common-data-access
3 CS-IT/CPCMPCPIE/FinancialInquiryServiceClient
3 CS-IT/ASD/MMT/MMT_IOCP_DBX
3 CS-IT/ASD/KPInsight_ingestion/KPInsight_ingestion
3 CS-IT/ASD/ENCRI/AKS TLS Secrets
3 CS-IT/ASD/CFD/ADLS gen2
3 CS-IT/ASD/ATSE/az-databricks
3 CS-IT/ASD/ATSE/Master Reference/AKV Secrets Services/AKS TLS Secrets
3 CNOE/DhirajTest/adf-test
3 CAS-Paas/azuredash/azuredash_nodejs
3 CAS-Paas/Azure-COE/p278871/Promotion_pipelines/jenkins_service
3 BCP/chatbot/kp-universal-bot-svc
3 BCP/chatbot/kp-genesys-bot-svc
3 ASG-RAS/SupportPlus/DigitalStoreBackend
3 ADTA-DevSecOps/terraform-enterprise
2 NCAP/NCAP-Az/Don't use Azure Data Factory/NCAP AzDF Multibranch
2 KPInterchange/kp-cloud/kp-cloud4js-redis-connector
2 KPInterchange/kp-cloud/kp-cloud4js-petstore-sample
2 KPInterchange/kp-cloud/kp-cloud4js-netperf
2 KPInterchange/kp-cloud/kp-cloud4js-kafka
2 KPInterchange/kp-cloud/kp-cloud4js-cosmosdb-mongoapi-sample
2 KPInterchange/kp-cloud/kp-cloud4js-blobstorage-sample
2 KPInterchange/kp-cloud/kp-cloud4java-springboot3java17-sample
2 KPInterchange/kp-cloud/kp-cloud4java-springboot-postgres
2 KPInterchange/kp-cloud/kp-cloud4java-springboot-cloudantdb
2 KPInterchange/kp-cloud/kp-cloud4java-postgres-agent
2 KPInterchange/kp-cloud/kp-cloud4java-keyvault-sample
2 KPInterchange/kp-cloud/kp-cloud4java-cosmosdb-cloudantdb-sample
2 KPInterchange/kp-cloud/kp-cloud4java-conjure-sample
2 KPInterchange/kp-cloud/kp-cloud4java-comosdb-germlin-sample
2 KPInterchange/kp-cloud/kp-cloud4java-actuator-sample
2 KPInterchange/aks-samples/kp-cloud4js-eventhub-kafka
2 KPInterchange/aks-samples/kp-cloud4js-blobstorage-sample
2 KPInterchange/aks-samples/kp-cloud4java-springboot3java17-sample
2 KPInterchange/aks-samples/kp-cloud4java-cosmosdb-sqlapi-sample
2 KPInterchange/aks-samples/kp-azure-aks-resource-mgmt-jenkins
2 KPInterchange/aks-samples/UC4_test
2 KPD-DAIP/KPD-DAIP-Framework/TRINO/kp-kpd-trino-wrapper-api
2 KPD-DAIP/KPD-DAIP-Framework/FitBit/kp-kpd-nginx-proxy-aks
2 KPD-DAIP/KPD-DAIP-Framework/ACLR/ACLR-API
2 KP-digital-chatbots/BCP/chatbot/kp-univ-bot-svc
2 KP-digital-chatbots/BCP/chatbot/kp-encee-svc-bot-languagesvc
2 KP-digital-chatbots/BCP/chatbot/kp-ehpe-bot-ui-v5
2 HPTS-TAS/Liquibase/MSSQL/liquibase_mssql_nonprod
2 HPTS-TAS/Liquibase/Liquibase-Postgres-PoC
2 HPTS-TAS/IDP-HPTS-POC/idp-cfgmgmt-ui
2 HPDT/MEPDR/HPDT_MEPDR_DBX_Migration
2 HPDT/HPDT_DBX
2 HP-SALES-MKTG-SYS/broker-service-group-collector
2 HP-SALES-MKTG-SYS/SGAPI/az-services/azure-postgres-provision
2 HP-SALES-MKTG-SYS/SGAPI/SGAPI_DR/sgtranstatus
2 HP-SALES-MKTG-SYS/SGAPI/SGAPI_DR/sgservices
2 HP-SALES-MKTG-SYS/SGAPI/SGAPI_DR/sggrpinquiry
2 HP-SALES-MKTG-SYS/SGAPI/SGAPI_DR/pipeline_test
2 HP-BIO/HP-SALES-MKTG-SYS-MTSS/MTSS-LIQUIBASE/mtss-liquibase
2 HP-BIO/HP-MKTG-MEDICARE-SYS-EDAM/edam-otds-main-service
2 HP-BIO/HP-MKTG-MEDICARE-SYS-CFMP/Velocity/cfmp-patient-encounter-service
2 HP-BIO/HP-BIO-National Electronic Imaging and Workflow System/HyperIntegrate
2 HP-BIO-KPMC/KPMCUserAuth/Development/il-ms-fw-userauth-userprofiles-obsolete
2 HP-BIO-KPMC/KPMCUserAuth/Development/il-ms-fw-userauth-ldapaccess-obsolete
2 HP-BIO-KPMC/KPMCUserAuth/Development/il-lib-kpmc-client-obsolete
2 HP-BIO-KPMC/KPMCUserAuth/Development/il-lib-classic-client-obsolete
2 HP-BIO-KPMC/KPMCSS/DevOps_Release/il-ui-crosswalk
2 HP-BIO-KPMC/KPMCSS/DevOps_Release/il-ms-crosswalk
2 HP-BIO-KPMC/KPMCIntLayer/Devops_Release/il-ms-workflowem-transformer
2 HP-BIO-KPMC/KPMCIntLayer/Devops_Release/il-ms-memberreinstate-processor
2 HP-BIO-KPMC/KPMCIntLayer/Devops_Release/il-ms-groupmanagement-transformer_cluster
2 HP-BIO-KPMC/KPMCIntLayer/Devops_Release/il-ms-billingaccount-processor
2 HP-BIO-KPMC/KPMCIntLayer/Devops_Release/Il-batch-payinstructions-filewriter
2 HP-BIO-KPMC/KPMCIntLayer/Development/ il-batch-outbound-aciextract-obsolete
2 HP-BIO-KPMC/KPMCIntLayer/Development/il-ms-workflowem-transformer-obsolete
2 HP-BIO-KPMC/KPMCIntLayer/Development/il-ms-memberterminate-processor-obsolete
2 HP-BIO-KPMC/KPMCIntLayer/Development/il-ms-delaymessage-processor-obsolete
2 HP-BIO-KPMC/KPMCIntLayer/Development/il-ms-aciautopay-transformer-obsolete
2 HP-BIO-KPMC/KPMCIntLayer/Development/il-batch-bcsextract-filewriter-obsolete
2 HP-BIO-KPMC/KPMCIntLayer/Development/Il-ms-fs-addressvalidation-obsolete
2 HP-BIO-KPMC/KPMCIntLayer/Development/Il-batch-payinstructions-filewriter-obsolete
2 HP-BIO-KPMC/KPMCGSU/POC/cac_customer_ci
2 HP-BIO-KPMC/KPMCGSU/Development/cac_plan_common-obsolete
2 HP-BIO-KPMC/KPMCGSU/Development/cac_customer_common-obsolete
2 HP-BIO-KPMC/KPMCGSU/Development/cac_contract_common-obsolete
2 HP-BIO-KPMC/KPMCGSU/Development/cac_contact_common-obsolete
2 HP-BIO-KPMC/KPMCGSU/DevOps_Release/kp_common_util
2 HP-BIO-KPMC/KPMCGSU/DevOps_Release/cac_rule_common
2 HP-BIO-KPMC/KPMCGSU/DevOps_Release/cac_request_common
2 HP-BIO-KPMC/KPMCGSU/DevOps_Release/cac_plan_common
2 HP-BIO-KPMC/KPMCGSU/DevOps_Release/cac_customer_common
2 HP-BIO-KPMC/KPMCGSU/DevOps_Release/cac_contract_common
2 HP-BIO-KPMC/KPMCGSU/DevOps_Release/cac_contact_common
2 HP-BIO-KPMC/KPMCCAM/Development/cam-ms-router-regionalcutover_cluster-obsolete
2 HP-BIO-KPMC/KPMCCAM/Development/cam-ms-router-groupsor_cluster-obsolete
2 HP-BIO-KPMC/KPMCCAM/DevOps_Release/cam-ms-router-coveragesor_cluster
2 HP-BIO-KPMC/KPMCCAM/DevOps_Release/cam-batch-idl-pricingdtl
2 HP-BIO-KPMC/KPMCCAM/DevOps_Release/cam-batch-idl-policy
2 HP-BIO-KPMC/KPMCCAM/DevOps_Release/cam-batch-idl-common
2 HP-BIO-KPMC/KPMCCAM/DevOps_Release/cam-batch-idl-bseg2
2 HP-BIO-KPMC/KPMC-Utilities/devops-shell-deployment
2 HP-BIO-KPMC/KPMC-Utilities/db-liquibase-nonprod
2 HP-BIO-KPMC/KPMC-Utilities/RM-Audit-Compare-Report
2 HP-BIO-KPMC/KPIF-ON/utilities/kpconfig-updates-dev-cac
2 HP-BIO-KPMC/KPIF-ON/il-fw-splunk-logclient/KPMCUserAuth/Development/il-lib-classic-client
2 HP-BIO-KPMC/KPIF-ON/il-fw-splunk-logclient/KPMCSS/DevOps_Release/il-ui-crosswalk
2 HP-BIO-KPMC/KPIF-ON/il-fw-splunk-logclient/KPMCIntLayer/Development/ss-ui-mgmt-console
2 HP-BIO-KPMC/KPIF-ON/il-fw-splunk-logclient/KPMCIntLayer/Development/ss-ms-mgmt-console
2 HP-BIO-KPMC/KPIF-ON/il-fw-splunk-logclient/KPMCIntLayer/Development/il-ms-memberupdate-legacy
2 HP-BIO-KPMC/KPIF-ON/il-fw-splunk-logclient/KPMCIntLayer/Development/il-ms-memberterminate-processor
2 HP-BIO-KPMC/KPIF-ON/il-fw-splunk-logclient/KPMCIntLayer/Development/il-ms-memberenrollment-legacy
2 HP-BIO-KPMC/KPIF-ON/il-fw-splunk-logclient/KPMCIntLayer/Development/il-ms-kbsql-recon-ppg-rol-extract_obsolete
2 HP-BIO-KPMC/KPIF-ON/il-fw-splunk-logclient/KPMCIntLayer/Development/il-ms-kbsql-recon-ppg-rid-extract_obsolete
2 HP-BIO-KPMC/KPIF-ON/il-fw-splunk-logclient/KPMCIntLayer/Development/il-ms-kbsql-recon-ppg-nrg-extract_obsolete
2 HP-BIO-KPMC/KPIF-ON/il-fw-splunk-logclient/KPMCIntLayer/Development/il-ms-kbsql-recon-ppg-extract_obsolete
2 HP-BIO-KPMC/KPIF-ON/il-fw-splunk-logclient/KPMCIntLayer/Development/il-ms-kbsql-recon-ppg-epp-extract_obsolete
2 HP-BIO-KPMC/KPIF-ON/il-fw-splunk-logclient/KPMCIntLayer/Development/il-ms-kbsql-recon-ppg-cvg-extract_obsolete
2 HP-BIO-KPMC/KPIF-ON/il-fw-splunk-logclient/KPMCIntLayer/Development/il-ms-kbsql-recon-nrg-map-extract_obsolete
2 HP-BIO-KPMC/KPIF-ON/il-fw-splunk-logclient/KPMCIntLayer/Development/il-ms-kbsql-recon-nrg-extract_obsolete
2 HP-BIO-KPMC/KPIF-ON/il-fw-splunk-logclient/KPMCIntLayer/Development/il-ms-kbsql-recon-mcr-extract_Obsolete
2 HP-BIO-KPMC/KPIF-ON/il-fw-splunk-logclient/KPMCIntLayer/Development/il-ms-kbsql-recon-lob-ref-extract_obsolete
2 HP-BIO-KPMC/KPIF-ON/il-fw-splunk-logclient/KPMCIntLayer/Development/il-ms-kbsql-recon-lob-extract_obsolete
2 HP-BIO-KPMC/KPIF-ON/il-fw-splunk-logclient/KPMCIntLayer/Development/il-ms-kbsql-recon-iit-extract_obsolete
2 HP-BIO-KPMC/KPIF-ON/il-fw-splunk-logclient/KPMCIntLayer/Development/il-ms-kbsql-recon-hno-txt-extract_obsolete
2 HP-BIO-KPMC/KPIF-ON/il-fw-splunk-logclient/KPMCIntLayer/Development/il-ms-kbsql-recon-hno-ref-extract_obsolete
2 HP-BIO-KPMC/KPIF-ON/il-fw-splunk-logclient/KPMCIntLayer/Development/il-ms-kbsql-recon-hno-extract_obsolete
2 HP-BIO-KPMC/KPIF-ON/il-fw-splunk-logclient/KPMCIntLayer/Development/il-ms-kbsql-recon-ept-pho-extract_obsolete
2 HP-BIO-KPMC/KPIF-ON/il-fw-splunk-logclient/KPMCIntLayer/Development/il-ms-kbsql-recon-ept-mrn-extract_obsolete
2 HP-BIO-KPMC/KPIF-ON/il-fw-splunk-logclient/KPMCIntLayer/Development/il-ms-kbsql-recon-ept-mer-extract_obsolete
2 HP-BIO-KPMC/KPIF-ON/il-fw-splunk-logclient/KPMCIntLayer/Development/il-ms-kbsql-recon-ept-lan-extract_obsolete
2 HP-BIO-KPMC/KPIF-ON/il-fw-splunk-logclient/KPMCIntLayer/Development/il-ms-kbsql-recon-ept-ide-extract_obsolete
2 HP-BIO-KPMC/KPIF-ON/il-fw-splunk-logclient/KPMCIntLayer/Development/il-ms-kbsql-recon-ept-extract_obsolete
2 HP-BIO-KPMC/KPIF-ON/il-fw-splunk-logclient/KPMCIntLayer/Development/il-ms-kbsql-recon-ept-eum-extract_obsolete
2 HP-BIO-KPMC/KPIF-ON/il-fw-splunk-logclient/KPMCIntLayer/Development/il-ms-kbsql-recon-ept-eml-extract_obsolete
2 HP-BIO-KPMC/KPIF-ON/il-fw-splunk-logclient/KPMCIntLayer/Development/il-ms-kbsql-recon-ept-det-extract_Obsolete
2 HP-BIO-KPMC/KPIF-ON/il-fw-splunk-logclient/KPMCIntLayer/Development/il-ms-kbsql-recon-ept-dem-extract_Obsolete
2 HP-BIO-KPMC/KPIF-ON/il-fw-splunk-logclient/KPMCIntLayer/Development/il-ms-kbsql-recon-ept-cvg-extract_Obsolete
2 HP-BIO-KPMC/KPIF-ON/il-fw-splunk-logclient/KPMCIntLayer/Development/il-ms-kbsql-recon-ept-ali-extract_Obsolete
2 HP-BIO-KPMC/KPIF-ON/il-fw-splunk-logclient/KPMCIntLayer/Development/il-ms-kbsql-recon-ept-add-extract_Obsolete
2 HP-BIO-KPMC/KPIF-ON/il-fw-splunk-logclient/KPMCIntLayer/Development/il-ms-kbsql-recon-epp-extract_Obsolete
2 HP-BIO-KPMC/KPIF-ON/il-fw-splunk-logclient/KPMCIntLayer/Development/il-ms-kbsql-recon-epm-extract_Obsolete
2 HP-BIO-KPMC/KPIF-ON/il-fw-splunk-logclient/KPMCIntLayer/Development/il-ms-kbsql-recon-eob-extract_Obsolete
2 HP-BIO-KPMC/KPIF-ON/il-fw-splunk-logclient/KPMCIntLayer/Development/il-ms-kbsql-recon-eci-extract_Obsolete
2 HP-BIO-KPMC/KPIF-ON/il-fw-splunk-logclient/KPMCIntLayer/Development/il-ms-kbsql-recon-dpg-ppg-extract_Obsolete
2 HP-BIO-KPMC/KPIF-ON/il-fw-splunk-logclient/KPMCIntLayer/Development/il-ms-kbsql-recon-dpg-extract_Obsolete
2 HP-BIO-KPMC/KPIF-ON/il-fw-splunk-logclient/KPMCIntLayer/Development/il-ms-kbsql-recon-cvg-thr-extract_Obsolete
2 HP-BIO-KPMC/KPIF-ON/il-fw-splunk-logclient/KPMCIntLayer/Development/il-ms-kbsql-recon-cvg-rid-extract_Obsolete
2 HP-BIO-KPMC/KPIF-ON/il-fw-splunk-logclient/KPMCIntLayer/Development/il-ms-kbsql-recon-cvg-pay-extract_Obsolete
2 HP-BIO-KPMC/KPIF-ON/il-fw-splunk-logclient/KPMCIntLayer/Development/il-ms-kbsql-recon-cvg-out-extract_Obsolete
2 HP-BIO-KPMC/KPIF-ON/il-fw-splunk-logclient/KPMCIntLayer/Development/il-ms-kbsql-recon-cvg-eum-extract_Obsolete
2 HP-BIO-KPMC/KPIF-ON/il-fw-splunk-logclient/KPMCIntLayer/Development/il-ms-kbsql-recon-cvg-ept-extract_Obsolete
2 HP-BIO-KPMC/KPIF-ON/il-fw-splunk-logclient/KPMCIntLayer/Development/il-ms-kbsql-recon-cvg-enr-extract_Obsolete
2 HP-BIO-KPMC/KPIF-ON/il-fw-splunk-logclient/KPMCIntLayer/Development/il-ms-kbsql-recon-cvg-att-extract_Obsolete
2 HP-BIO-KPMC/KPIF-ON/il-fw-splunk-logclient/KPMCIntLayer/Development/il-ms-kbsql-recon-cvg-aff-extract_Obsolete
2 HP-BIO-KPMC/KPIF-ON/il-fw-splunk-logclient/KPMCIntLayer/Development/il-ms-kbsql-recon-cvg-add-extract_Obsolete
2 HP-BIO-KPMC/KPIF-ON/il-fw-splunk-logclient/KPMCIntLayer/Development/il-ms-kbsql-recon-cpg-extract_Obsolete
2 HP-BIO-KPMC/KPIF-ON/il-fw-splunk-logclient/KPMCIntLayer/Development/il-ms-kbsql-recon-cpg-div-extract_Obsolete
2 HP-BIO-KPMC/KPIF-ON/il-fw-splunk-logclient/KPMCIntLayer/Development/il-ms-kbsql-recon-alt-extract_Obsolete
2 HP-BIO-KPMC/KPIF-ON/il-fw-splunk-logclient/KPMCIntLayer/Development/il-ms-kbsql-ppg-rol-del-extract
2 HP-BIO-KPMC/KPIF-ON/il-fw-splunk-logclient/KPMCIntLayer/Development/il-ms-kbsql-ppg-nrg-del-extract
2 HP-BIO-KPMC/KPIF-ON/il-fw-splunk-logclient/KPMCIntLayer/Development/il-ms-kbsql-nrg-map-del-extract
2 HP-BIO-KPMC/KPIF-ON/il-fw-splunk-logclient/KPMCIntLayer/Development/il-ms-kbsql-nec-sta-del-extract
2 HP-BIO-KPMC/KPIF-ON/il-fw-splunk-logclient/KPMCIntLayer/Development/il-ms-kbsql-nec-coe-del-extract
2 HP-BIO-KPMC/KPIF-ON/il-fw-splunk-logclient/KPMCIntLayer/Development/il-ms-kbsql-nec-age-del-extract
2 HP-BIO-KPMC/KPIF-ON/il-fw-splunk-logclient/KPMCIntLayer/Development/il-ms-kbsql-ncs-tsk-del-extract
2 HP-BIO-KPMC/KPIF-ON/il-fw-splunk-logclient/KPMCIntLayer/Development/il-ms-kbsql-ncs-lst-del-extract
2 HP-BIO-KPMC/KPIF-ON/il-fw-splunk-logclient/KPMCIntLayer/Development/il-ms-kbsql-ept-pre-del-extract
2 HP-BIO-KPMC/KPIF-ON/il-fw-splunk-logclient/KPMCIntLayer/Development/il-ms-kbsql-ept-pho-del-extract
2 HP-BIO-KPMC/KPIF-ON/il-fw-splunk-logclient/KPMCIntLayer/Development/il-ms-kbsql-ept-mrn-del-extract
2 HP-BIO-KPMC/KPIF-ON/il-fw-splunk-logclient/KPMCIntLayer/Development/il-ms-kbsql-ept-mer-del-extract
2 HP-BIO-KPMC/KPIF-ON/il-fw-splunk-logclient/KPMCIntLayer/Development/il-ms-kbsql-ept-lan-del-extract
2 HP-BIO-KPMC/KPIF-ON/il-fw-splunk-logclient/KPMCIntLayer/Development/il-ms-kbsql-ept-ide-del-extract
2 HP-BIO-KPMC/KPIF-ON/il-fw-splunk-logclient/KPMCIntLayer/Development/il-ms-kbsql-ept-eum-del-extract
2 HP-BIO-KPMC/KPIF-ON/il-fw-splunk-logclient/KPMCIntLayer/Development/il-ms-kbsql-ept-ent-del-extract
2 HP-BIO-KPMC/KPIF-ON/il-fw-splunk-logclient/KPMCIntLayer/Development/il-ms-kbsql-ept-eml-del-extract
2 HP-BIO-KPMC/KPIF-ON/il-fw-splunk-logclient/KPMCIntLayer/Development/il-ms-kbsql-ept-doc-del-extract
2 HP-BIO-KPMC/KPIF-ON/il-fw-splunk-logclient/KPMCIntLayer/Development/il-ms-kbsql-ept-det-del-extract
2 HP-BIO-KPMC/KPIF-ON/il-fw-splunk-logclient/KPMCIntLayer/Development/il-ms-kbsql-ept-dem-del-extract
2 HP-BIO-KPMC/KPIF-ON/il-fw-splunk-logclient/KPMCIntLayer/Development/il-ms-kbsql-ept-cvg-del-extract
2 HP-BIO-KPMC/KPIF-ON/il-fw-splunk-logclient/KPMCIntLayer/Development/il-ms-kbsql-ept-ali-del-extract
2 HP-BIO-KPMC/KPIF-ON/il-fw-splunk-logclient/KPMCIntLayer/Development/il-ms-kbsql-cvg-thr-del-extract
2 HP-BIO-KPMC/KPIF-ON/il-fw-splunk-logclient/KPMCIntLayer/Development/il-ms-kbsql-cvg-his-del-extract
2 HP-BIO-KPMC/KPIF-ON/il-fw-splunk-logclient/KPMCIntLayer/Development/il-ms-groupreinstate-processor
2 HP-BIO-KPMC/KPIF-ON/il-fw-splunk-logclient/KPMCIntLayer/Development/il-ms-gljournal-transformer
2 HP-BIO-KPMC/KPIF-ON/il-fw-splunk-logclient/KPMCIntLayer/Development/il-ms-getDPABilling
2 HP-BIO-KPMC/KPIF-ON/il-fw-splunk-logclient/KPMCIntLayer/Development/il-ms-familyinquiry
2 HP-BIO-KPMC/KPIF-ON/il-fw-splunk-logclient/KPMCIntLayer/Development/il-ms-extract-tpp-pap-idreportgen-hi
2 HP-BIO-KPMC/KPIF-ON/il-fw-splunk-logclient/KPMCIntLayer/Development/il-ms-extract-fw-common
2 HP-BIO-KPMC/KPIF-ON/il-fw-splunk-logclient/KPMCIntLayer/Development/il-ms-extract-ene-ffm-switch-transformer
2 HP-BIO-KPMC/KPIF-ON/il-fw-splunk-logclient/KPMCIntLayer/Development/il-ms-extract-ene-dispute-sub-ffm-crm-msg-publisher
2 HP-BIO-KPMC/KPIF-ON/il-fw-splunk-logclient/KPMCIntLayer/Development/il-ms-extract-demcvgwa-filewriter
2 HP-BIO-KPMC/KPIF-ON/il-fw-splunk-logclient/KPMCIntLayer/Development/il-ms-extract-deltadentalnonopmeligco-transformer
2 HP-BIO-KPMC/KPIF-ON/il-fw-splunk-logclient/KPMCIntLayer/Development/il-ms-extract-broker-member-transformer
2 HP-BIO-KPMC/KPIF-ON/il-fw-splunk-logclient/KPMCIntLayer/Development/il-ms-extract-broker-compensation-transformer
2 HP-BIO-KPMC/KPIF-ON/il-fw-splunk-logclient/KPMCIntLayer/Development/il-ms-extract-billing-lockbox-wfargo-transformer
2 HP-BIO-KPMC/KPIF-ON/il-fw-splunk-logclient/KPMCIntLayer/Development/il-ms-extract-billing-lockbox-wfargo-hps-transformer
2 HP-BIO-KPMC/KPIF-ON/il-fw-splunk-logclient/KPMCIntLayer/Development/il-ms-extract-billing-ebox-wfargo-ormb-transformer
2 HP-BIO-KPMC/KPIF-ON/il-fw-splunk-logclient/KPMCIntLayer/Development/il-ms-extract-billing-ebox-wfargo-hps-transformer
2 HP-BIO-KPMC/KPIF-ON/il-fw-splunk-logclient/KPMCIntLayer/Development/il-ms-extract-ash-hi-member-weekly-xfit-transformer
2 HP-BIO-KPMC/KPIF-ON/il-fw-splunk-logclient/KPMCIntLayer/Development/il-ms-extract-ash-hi-member-weekly-cams-transformer
2 HP-BIO-KPMC/KPIF-ON/il-fw-splunk-logclient/KPMCIntLayer/Development/il-ms-extract-ash-hi-member-monthly-transformer
2 HP-BIO-KPMC/KPIF-ON/il-fw-splunk-logclient/KPMCIntLayer/Development/il-ms-extract-ash-hi-group-weekly-transformer
2 HP-BIO-KPMC/KPIF-ON/il-fw-splunk-logclient/KPMCIntLayer/Development/il-ms-epic-msg-publisher
2 HP-BIO-KPMC/KPIF-ON/il-fw-splunk-logclient/KPMCIntLayer/Development/il-ms-delaymessage-processor
2 HP-BIO-KPMC/KPIF-ON/il-fw-splunk-logclient/KPMCIntLayer/Development/il-ms-datahub-transformer-ene-ffm-rcno
2 HP-BIO-KPMC/KPIF-ON/il-fw-splunk-logclient/KPMCIntLayer/Development/il-ms-datahub-load-ene-rcni
2 HP-BIO-KPMC/KPIF-ON/il-fw-splunk-logclient/KPMCIntLayer/Development/il-ms-datahub-load-ene-ffm-switch-file
2 HP-BIO-KPMC/KPIF-ON/il-fw-splunk-logclient/KPMCIntLayer/Development/il-ms-datahub-load-ene-ffm-preaudit
2 HP-BIO-KPMC/KPIF-ON/il-fw-splunk-logclient/KPMCIntLayer/Development/il-ms-datahub-load-billing-lockbox-wfargo
2 HP-BIO-KPMC/KPIF-ON/il-fw-splunk-logclient/KPMCIntLayer/Development/il-ms-datahub-load-billing-ebox-wfargo
2 HP-BIO-KPMC/KPIF-ON/il-fw-splunk-logclient/KPMCIntLayer/Development/il-ms-comparator-ene-rcni-validation-report
2 HP-BIO-KPMC/KPIF-ON/il-fw-splunk-logclient/KPMCIntLayer/Development/il-ms-billingaccount-processor
2 HP-BIO-KPMC/KPIF-ON/il-fw-splunk-logclient/KPMCIntLayer/Development/il-fw-extracts-utility
2 HP-BIO-KPMC/KPIF-ON/il-fw-splunk-logclient/KPMCIntLayer/Development/il-fw-datahubclient
2 HP-BIO-KPMC/KPIF-ON/il-fw-splunk-logclient/KPMCIntLayer/Development/il-ene-ffm-baa-crm-gen
2 HP-BIO-KPMC/KPIF-ON/il-fw-splunk-logclient/KPMCIntLayer/Development/il-datahub-load-product
2 HP-BIO-KPMC/KPIF-ON/il-fw-splunk-logclient/KPMCIntLayer/Development/il-datahub-load-lockbox-hi
2 HP-BIO-KPMC/KPIF-ON/il-fw-splunk-logclient/KPMCIntLayer/Development/il-datahub-load-broker
2 HP-BIO-KPMC/KPIF-ON/il-fw-splunk-logclient/KPMCIntLayer/Development/il-datahub-load-bets
2 HP-BIO-KPMC/KPIF-ON/il-fw-splunk-logclient/KPMCIntLayer/Development/il-batch-payment-instructions-filewriter
2 HP-BIO-KPMC/KPIF-ON/il-fw-splunk-logclient/KPMCIntLayer/Development/il-batch-outbound-cpcbilltransformer-consolidated
2 HP-BIO-KPMC/KPIF-ON/il-fw-splunk-logclient/KPMCIntLayer/Development/il-batch-outbound-cpcbilltransformer
2 HP-BIO-KPMC/KPIF-ON/il-fw-splunk-logclient/KPMCIntLayer/Development/il-batch-outbound-cpcbillextract-consolidated
2 HP-BIO-KPMC/KPIF-ON/il-fw-splunk-logclient/KPMCIntLayer/Development/il-batch-outbound-cpcbillextract
2 HP-BIO-KPMC/KPIF-ON/il-fw-splunk-logclient/KPMCIntLayer/Development/il-batch-outbound-bcsrockmonthly-filewriter
2 HP-BIO-KPMC/KPIF-ON/il-fw-splunk-logclient/KPMCIntLayer/Development/il-batch-fmeextract-filewriter
2 HP-BIO-KPMC/KPIF-ON/il-fw-splunk-logclient/KPMCIntLayer/Development/il-batch-dataextract-softheon
2 HP-BIO-KPMC/KPIF-ON/il-fw-splunk-logclient/KPMCIntLayer/Development/il-batch-cpcextract-filewriter
2 HP-BIO-KPMC/KPIF-ON/il-fw-splunk-logclient/KPMCIntLayer/Development/il-batch-billaccountfinance-filewriter
2 HP-BIO-KPMC/KPIF-ON/il-fw-splunk-logclient/KPMCIntLayer/Development/il-batch-bcsmemberextract-filewriter
2 HP-BIO-KPMC/KPIF-ON/il-fw-splunk-logclient/KPMCIntLayer/DevOps_Release/ss-ui-mgmt-console
2 HP-BIO-KPMC/KPIF-ON/il-fw-splunk-logclient/KPMCIntLayer/DevOps_Release/ss-ms-mgmt-console
2 HP-BIO-KPMC/KPIF-ON/il-fw-splunk-logclient/KPMCIntLayer/DevOps_Release/il-ms-memberupdate-legacy
2 HP-BIO-KPMC/KPIF-ON/il-fw-splunk-logclient/KPMCIntLayer/DevOps_Release/il-ms-memberterminate-processor
2 HP-BIO-KPMC/KPIF-ON/il-fw-splunk-logclient/KPMCIntLayer/DevOps_Release/il-ms-memberlookup-legacy
2 HP-BIO-KPMC/KPIF-ON/il-fw-splunk-logclient/KPMCIntLayer/DevOps_Release/il-ms-memberenrollment-legacy
2 HP-BIO-KPMC/KPIF-ON/il-fw-splunk-logclient/KPMCIntLayer/DevOps_Release/il-ms-kbsql-recon-ept-obs-extract_obsolete
2 HP-BIO-KPMC/KPIF-ON/il-fw-splunk-logclient/KPMCIntLayer/DevOps_Release/il-ms-kbsql-recon-ept-ent-extract_obsolete
2 HP-BIO-KPMC/KPIF-ON/il-fw-splunk-logclient/KPMCIntLayer/DevOps_Release/il-ms-kbsql-ppg-rol-del-extract
2 HP-BIO-KPMC/KPIF-ON/il-fw-splunk-logclient/KPMCIntLayer/DevOps_Release/il-ms-kbsql-ppg-nrg-del-extract
2 HP-BIO-KPMC/KPIF-ON/il-fw-splunk-logclient/KPMCIntLayer/DevOps_Release/il-ms-kbsql-nrg-map-del-extract
2 HP-BIO-KPMC/KPIF-ON/il-fw-splunk-logclient/KPMCIntLayer/DevOps_Release/il-ms-kbsql-nec-sta-del-extract
2 HP-BIO-KPMC/KPIF-ON/il-fw-splunk-logclient/KPMCIntLayer/DevOps_Release/il-ms-kbsql-nec-coe-del-extract
2 HP-BIO-KPMC/KPIF-ON/il-fw-splunk-logclient/KPMCIntLayer/DevOps_Release/il-ms-kbsql-nec-age-del-extract
2 HP-BIO-KPMC/KPIF-ON/il-fw-splunk-logclient/KPMCIntLayer/DevOps_Release/il-ms-kbsql-ncs-tsk-del-extract
2 HP-BIO-KPMC/KPIF-ON/il-fw-splunk-logclient/KPMCIntLayer/DevOps_Release/il-ms-kbsql-ncs-lst-del-extract
2 HP-BIO-KPMC/KPIF-ON/il-fw-splunk-logclient/KPMCIntLayer/DevOps_Release/il-ms-kbsql-list_value_extracts
2 HP-BIO-KPMC/KPIF-ON/il-fw-splunk-logclient/KPMCIntLayer/DevOps_Release/il-ms-kbsql-hlv-val-del-extract
2 HP-BIO-KPMC/KPIF-ON/il-fw-splunk-logclient/KPMCIntLayer/DevOps_Release/il-ms-kbsql-ept-pre-del-extract
2 HP-BIO-KPMC/KPIF-ON/il-fw-splunk-logclient/KPMCIntLayer/DevOps_Release/il-ms-kbsql-ept-pho-del-extract
2 HP-BIO-KPMC/KPIF-ON/il-fw-splunk-logclient/KPMCIntLayer/DevOps_Release/il-ms-kbsql-ept-mrn-del-extract
2 HP-BIO-KPMC/KPIF-ON/il-fw-splunk-logclient/KPMCIntLayer/DevOps_Release/il-ms-kbsql-ept-mer-del-extract
2 HP-BIO-KPMC/KPIF-ON/il-fw-splunk-logclient/KPMCIntLayer/DevOps_Release/il-ms-kbsql-ept-lan-del-extract
2 HP-BIO-KPMC/KPIF-ON/il-fw-splunk-logclient/KPMCIntLayer/DevOps_Release/il-ms-kbsql-ept-ide-del-extract
2 HP-BIO-KPMC/KPIF-ON/il-fw-splunk-logclient/KPMCIntLayer/DevOps_Release/il-ms-kbsql-ept-eum-del-extract
2 HP-BIO-KPMC/KPIF-ON/il-fw-splunk-logclient/KPMCIntLayer/DevOps_Release/il-ms-kbsql-ept-ent-del-extract
2 HP-BIO-KPMC/KPIF-ON/il-fw-splunk-logclient/KPMCIntLayer/DevOps_Release/il-ms-kbsql-ept-eml-del-extract
2 HP-BIO-KPMC/KPIF-ON/il-fw-splunk-logclient/KPMCIntLayer/DevOps_Release/il-ms-kbsql-ept-doc-del-extract
2 HP-BIO-KPMC/KPIF-ON/il-fw-splunk-logclient/KPMCIntLayer/DevOps_Release/il-ms-kbsql-ept-det-del-extract
2 HP-BIO-KPMC/KPIF-ON/il-fw-splunk-logclient/KPMCIntLayer/DevOps_Release/il-ms-kbsql-ept-dem-del-extract
2 HP-BIO-KPMC/KPIF-ON/il-fw-splunk-logclient/KPMCIntLayer/DevOps_Release/il-ms-kbsql-ept-cvg-del-extract
2 HP-BIO-KPMC/KPIF-ON/il-fw-splunk-logclient/KPMCIntLayer/DevOps_Release/il-ms-kbsql-ept-ali-del-extract
2 HP-BIO-KPMC/KPIF-ON/il-fw-splunk-logclient/KPMCIntLayer/DevOps_Release/il-ms-kbsql-dpg-ppg-del-extract
2 HP-BIO-KPMC/KPIF-ON/il-fw-splunk-logclient/KPMCIntLayer/DevOps_Release/il-ms-kbsql-cvg-thr-del-extract
2 HP-BIO-KPMC/KPIF-ON/il-fw-splunk-logclient/KPMCIntLayer/DevOps_Release/il-ms-kbsql-cvg-his-del-extract
2 HP-BIO-KPMC/KPIF-ON/il-fw-splunk-logclient/KPMCIntLayer/DevOps_Release/il-ms-groupreinstate-processor
2 HP-BIO-KPMC/KPIF-ON/il-fw-splunk-logclient/KPMCIntLayer/DevOps_Release/il-ms-gljournal-transformer
2 HP-BIO-KPMC/KPIF-ON/il-fw-splunk-logclient/KPMCIntLayer/DevOps_Release/il-ms-extract-tpp-pap-idreportgen-hi
2 HP-BIO-KPMC/KPIF-ON/il-fw-splunk-logclient/KPMCIntLayer/DevOps_Release/il-ms-extract-fw-common
2 HP-BIO-KPMC/KPIF-ON/il-fw-splunk-logclient/KPMCIntLayer/DevOps_Release/il-ms-extract-ene-ffm-switch-transformer
2 HP-BIO-KPMC/KPIF-ON/il-fw-splunk-logclient/KPMCIntLayer/DevOps_Release/il-ms-extract-dpalockbox-transformer-hi
2 HP-BIO-KPMC/KPIF-ON/il-fw-splunk-logclient/KPMCIntLayer/DevOps_Release/il-ms-extract-deltadentalnonopmeligco-transformer
2 HP-BIO-KPMC/KPIF-ON/il-fw-splunk-logclient/KPMCIntLayer/DevOps_Release/il-ms-extract-broker-compensation-transformer
2 HP-BIO-KPMC/KPIF-ON/il-fw-splunk-logclient/KPMCIntLayer/DevOps_Release/il-ms-extract-billinglockbox-wfargo-hpstransforme
2 HP-BIO-KPMC/KPIF-ON/il-fw-splunk-logclient/KPMCIntLayer/DevOps_Release/il-ms-extract-billing-lockbox-wfargo-transformer
2 HP-BIO-KPMC/KPIF-ON/il-fw-splunk-logclient/KPMCIntLayer/DevOps_Release/il-ms-extract-billing-ebox-wfargo-ormb-transformer
2 HP-BIO-KPMC/KPIF-ON/il-fw-splunk-logclient/KPMCIntLayer/DevOps_Release/il-ms-extract-billing-ebox-wfargo-hps-transformer
2 HP-BIO-KPMC/KPIF-ON/il-fw-splunk-logclient/KPMCIntLayer/DevOps_Release/il-ms-extract-ash-hi-member-weekly-xfit-transformer
2 HP-BIO-KPMC/KPIF-ON/il-fw-splunk-logclient/KPMCIntLayer/DevOps_Release/il-ms-extract-ash-hi-member-weekly-cams-transformer
2 HP-BIO-KPMC/KPIF-ON/il-fw-splunk-logclient/KPMCIntLayer/DevOps_Release/il-ms-extract-ash-hi-member-monthly-transformer
2 HP-BIO-KPMC/KPIF-ON/il-fw-splunk-logclient/KPMCIntLayer/DevOps_Release/il-ms-extract-ash-hi-group-weekly-transformer
2 HP-BIO-KPMC/KPIF-ON/il-fw-splunk-logclient/KPMCIntLayer/DevOps_Release/il-ms-extract-amr-transformer
2 HP-BIO-KPMC/KPIF-ON/il-fw-splunk-logclient/KPMCIntLayer/DevOps_Release/il-ms-extract-BGFTPWAS-transformer
2 HP-BIO-KPMC/KPIF-ON/il-fw-splunk-logclient/KPMCIntLayer/DevOps_Release/il-ms-epic-msg-publisher
2 HP-BIO-KPMC/KPIF-ON/il-fw-splunk-logclient/KPMCIntLayer/DevOps_Release/il-ms-delaymessage-processor
2 HP-BIO-KPMC/KPIF-ON/il-fw-splunk-logclient/KPMCIntLayer/DevOps_Release/il-ms-datahub-transformer-ene-ffm-rcno
2 HP-BIO-KPMC/KPIF-ON/il-fw-splunk-logclient/KPMCIntLayer/DevOps_Release/il-ms-datahub-transformer-ene-ffm-preaudit
2 HP-BIO-KPMC/KPIF-ON/il-fw-splunk-logclient/KPMCIntLayer/DevOps_Release/il-ms-datahub-load-ene-rcni
2 HP-BIO-KPMC/KPIF-ON/il-fw-splunk-logclient/KPMCIntLayer/DevOps_Release/il-ms-datahub-load-ene-ffm-switch-file
2 HP-BIO-KPMC/KPIF-ON/il-fw-splunk-logclient/KPMCIntLayer/DevOps_Release/il-ms-datahub-load-ene-ffm-preaudit
2 HP-BIO-KPMC/KPIF-ON/il-fw-splunk-logclient/KPMCIntLayer/DevOps_Release/il-ms-datahub-load-billing-lockbox-wfargo
2 HP-BIO-KPMC/KPIF-ON/il-fw-splunk-logclient/KPMCIntLayer/DevOps_Release/il-ms-datahub-load-billing-ebox-wfargo
2 HP-BIO-KPMC/KPIF-ON/il-fw-splunk-logclient/KPMCIntLayer/DevOps_Release/il-ms-comparator-ene-rcni-validation-report
2 HP-BIO-KPMC/KPIF-ON/il-fw-splunk-logclient/KPMCIntLayer/DevOps_Release/il-ms-billingaccount-processor
2 HP-BIO-KPMC/KPIF-ON/il-fw-splunk-logclient/KPMCIntLayer/DevOps_Release/il-fw-tams-core
2 HP-BIO-KPMC/KPIF-ON/il-fw-splunk-logclient/KPMCIntLayer/DevOps_Release/il-fw-extracts-utility
2 HP-BIO-KPMC/KPIF-ON/il-fw-splunk-logclient/KPMCIntLayer/DevOps_Release/il-fw-datahubclient
2 HP-BIO-KPMC/KPIF-ON/il-fw-splunk-logclient/KPMCIntLayer/DevOps_Release/il-ene-ffm-baa-crm-gen
2 HP-BIO-KPMC/KPIF-ON/il-fw-splunk-logclient/KPMCIntLayer/DevOps_Release/il-datahub-load-product
2 HP-BIO-KPMC/KPIF-ON/il-fw-splunk-logclient/KPMCIntLayer/DevOps_Release/il-datahub-load-lockbox-hi
2 HP-BIO-KPMC/KPIF-ON/il-fw-splunk-logclient/KPMCIntLayer/DevOps_Release/il-batch-payment-instructions-filewriter
2 HP-BIO-KPMC/KPIF-ON/il-fw-splunk-logclient/KPMCIntLayer/DevOps_Release/il-batch-outbound-cpcbilltransformer-consolidated
2 HP-BIO-KPMC/KPIF-ON/il-fw-splunk-logclient/KPMCIntLayer/DevOps_Release/il-batch-outbound-cpcbilltransformer
2 HP-BIO-KPMC/KPIF-ON/il-fw-splunk-logclient/KPMCIntLayer/DevOps_Release/il-batch-outbound-bcsrockmonthly-transformer
2 HP-BIO-KPMC/KPIF-ON/il-fw-splunk-logclient/KPMCIntLayer/DevOps_Release/il-batch-outbound-bcsrockmonthly-filewriter
2 HP-BIO-KPMC/KPIF-ON/il-fw-splunk-logclient/KPMCIntLayer/DevOps_Release/il-batch-fmeextract-filewriter
2 HP-BIO-KPMC/KPIF-ON/il-fw-splunk-logclient/KPMCIntLayer/DevOps_Release/il-batch-dataextract-softheon
2 HP-BIO-KPMC/KPIF-ON/il-fw-splunk-logclient/KPMCIntLayer/DevOps_Release/il-batch-cpcextract-filewriter
2 HP-BIO-KPMC/KPIF-ON/il-fw-splunk-logclient/KPMCIntLayer/DevOps_Release/il-batch-billaccountfinance-filewriter
2 HP-BIO-KPMC/KPIF-ON/il-fw-splunk-logclient/KPMCIntLayer/DevOps_Release/il-batch-bcsmemberextract-filewriter
2 HP-BIO-KPMC/KPIF-ON/il-fw-splunk-logclient/KPMCIntLayer/DevOps_Release/il-batch-bcsextract-filewriter
2 HP-BIO-KPMC/KPIF-ON/il-fw-splunk-logclient/KPMCDMS/Development/dm-carsdoc-proxy
2 HP-BIO-KPMC/KPIF-ON/il-fw-splunk-logclient/KPMCDMS/DevOps_Release/dm-carsdoc-proxy
2 HP-BIO-KPMC/KPIF-ON/il-fw-splunk-logclient/KPMCCAM/Development/cam-batch-idl-common
2 HP-BIO-KPMC/KPIF-ON/KPMCIntLayer/Velocity/il-ms-landingpage
2 HP-BIO-KPMC/KPIF-ON/KPMCIntLayer/Development/sharedlib
2 HP-BIO-KPMC/KPIF-ON/KPMCIntLayer/Development/il-ms-memberterminate-processor
2 HP-BIO-KPMC/KPIF-ON/KPMCIntLayer/Development/il-ms-member-enrollment
2 HP-BIO-KPMC/KPIF-ON/KPMCIntLayer/Development/il-ms-mbrchgpub-cm-demographics-router
2 HP-BIO-KPMC/KPIF-ON/KPMCIntLayer/Development/il-ms-kpmcmrnsearch-library
2 HP-BIO-KPMC/KPIF-ON/KPMCIntLayer/Development/il-ms-kbsql-recon-ppg-rol-extract_obsolete
2 HP-BIO-KPMC/KPIF-ON/KPMCIntLayer/Development/il-ms-kbsql-recon-ppg-rid-extract_obsolete
2 HP-BIO-KPMC/KPIF-ON/KPMCIntLayer/Development/il-ms-kbsql-recon-ppg-nrg-extract_obsolete
2 HP-BIO-KPMC/KPIF-ON/KPMCIntLayer/Development/il-ms-kbsql-recon-ppg-extract_obsolete
2 HP-BIO-KPMC/KPIF-ON/KPMCIntLayer/Development/il-ms-kbsql-recon-ppg-epp-extract_obsolete
2 HP-BIO-KPMC/KPIF-ON/KPMCIntLayer/Development/il-ms-kbsql-recon-ppg-cvg-extract_obsolete
2 HP-BIO-KPMC/KPIF-ON/KPMCIntLayer/Development/il-ms-kbsql-recon-nrg-map-extract_obsolete
2 HP-BIO-KPMC/KPIF-ON/KPMCIntLayer/Development/il-ms-kbsql-recon-nrg-extract_obsolete
2 HP-BIO-KPMC/KPIF-ON/KPMCIntLayer/Development/il-ms-kbsql-recon-mcr-extract_Obsolete
2 HP-BIO-KPMC/KPIF-ON/KPMCIntLayer/Development/il-ms-kbsql-recon-lob-ref-extract_obsolete
2 HP-BIO-KPMC/KPIF-ON/KPMCIntLayer/Development/il-ms-kbsql-recon-lob-extract_obsolete
2 HP-BIO-KPMC/KPIF-ON/KPMCIntLayer/Development/il-ms-kbsql-recon-iit-extract_obsolete
2 HP-BIO-KPMC/KPIF-ON/KPMCIntLayer/Development/il-ms-kbsql-recon-hno-txt-extract_obsolete
2 HP-BIO-KPMC/KPIF-ON/KPMCIntLayer/Development/il-ms-kbsql-recon-hno-ref-extract_obsolete
2 HP-BIO-KPMC/KPIF-ON/KPMCIntLayer/Development/il-ms-kbsql-recon-hno-extract_obsolete
2 HP-BIO-KPMC/KPIF-ON/KPMCIntLayer/Development/il-ms-kbsql-recon-ept-pho-extract_obsolete
2 HP-BIO-KPMC/KPIF-ON/KPMCIntLayer/Development/il-ms-kbsql-recon-ept-mrn-extract_obsolete
2 HP-BIO-KPMC/KPIF-ON/KPMCIntLayer/Development/il-ms-kbsql-recon-ept-mer-extract_obsolete
2 HP-BIO-KPMC/KPIF-ON/KPMCIntLayer/Development/il-ms-kbsql-recon-ept-lan-extract_obsolete
2 HP-BIO-KPMC/KPIF-ON/KPMCIntLayer/Development/il-ms-kbsql-recon-ept-ide-extract_obsolete
2 HP-BIO-KPMC/KPIF-ON/KPMCIntLayer/Development/il-ms-kbsql-recon-ept-extract_obsolete
2 HP-BIO-KPMC/KPIF-ON/KPMCIntLayer/Development/il-ms-kbsql-recon-ept-eum-extract_obsolete
2 HP-BIO-KPMC/KPIF-ON/KPMCIntLayer/Development/il-ms-kbsql-recon-ept-eml-extract_obsolete
2 HP-BIO-KPMC/KPIF-ON/KPMCIntLayer/Development/il-ms-kbsql-recon-ept-det-extract_Obsolete
2 HP-BIO-KPMC/KPIF-ON/KPMCIntLayer/Development/il-ms-kbsql-recon-ept-dem-extract_Obsolete
2 HP-BIO-KPMC/KPIF-ON/KPMCIntLayer/Development/il-ms-kbsql-recon-ept-cvg-extract_Obsolete
2 HP-BIO-KPMC/KPIF-ON/KPMCIntLayer/Development/il-ms-kbsql-recon-ept-ali-extract_Obsolete
2 HP-BIO-KPMC/KPIF-ON/KPMCIntLayer/Development/il-ms-kbsql-recon-ept-add-extract_Obsolete
2 HP-BIO-KPMC/KPIF-ON/KPMCIntLayer/Development/il-ms-kbsql-recon-epp-extract_Obsolete
2 HP-BIO-KPMC/KPIF-ON/KPMCIntLayer/Development/il-ms-kbsql-recon-epm-extract_Obsolete
2 HP-BIO-KPMC/KPIF-ON/KPMCIntLayer/Development/il-ms-kbsql-recon-eob-extract_Obsolete
2 HP-BIO-KPMC/KPIF-ON/KPMCIntLayer/Development/il-ms-kbsql-recon-eci-extract_Obsolete
2 HP-BIO-KPMC/KPIF-ON/KPMCIntLayer/Development/il-ms-kbsql-recon-dpg-ppg-extract_Obsolete
2 HP-BIO-KPMC/KPIF-ON/KPMCIntLayer/Development/il-ms-kbsql-recon-dpg-extract_Obsolete
2 HP-BIO-KPMC/KPIF-ON/KPMCIntLayer/Development/il-ms-kbsql-recon-cvg-thr-extract_Obsolete
2 HP-BIO-KPMC/KPIF-ON/KPMCIntLayer/Development/il-ms-kbsql-recon-cvg-rid-extract_Obsolete
2 HP-BIO-KPMC/KPIF-ON/KPMCIntLayer/Development/il-ms-kbsql-recon-cvg-pay-extract_Obsolete
2 HP-BIO-KPMC/KPIF-ON/KPMCIntLayer/Development/il-ms-kbsql-recon-cvg-out-extract_Obsolete
2 HP-BIO-KPMC/KPIF-ON/KPMCIntLayer/Development/il-ms-kbsql-recon-cvg-extract_Obsolete
2 HP-BIO-KPMC/KPIF-ON/KPMCIntLayer/Development/il-ms-kbsql-recon-cvg-eum-extract_Obsolete
2 HP-BIO-KPMC/KPIF-ON/KPMCIntLayer/Development/il-ms-kbsql-recon-cvg-ept-extract_Obsolete
2 HP-BIO-KPMC/KPIF-ON/KPMCIntLayer/Development/il-ms-kbsql-recon-cvg-enr-extract_Obsolete
2 HP-BIO-KPMC/KPIF-ON/KPMCIntLayer/Development/il-ms-kbsql-recon-cvg-att-extract_Obsolete
2 HP-BIO-KPMC/KPIF-ON/KPMCIntLayer/Development/il-ms-kbsql-recon-cvg-aff-extract_Obsolete
2 HP-BIO-KPMC/KPIF-ON/KPMCIntLayer/Development/il-ms-kbsql-recon-cvg-add-extract_Obsolete
2 HP-BIO-KPMC/KPIF-ON/KPMCIntLayer/Development/il-ms-kbsql-recon-cpg-extract_Obsolete
2 HP-BIO-KPMC/KPIF-ON/KPMCIntLayer/Development/il-ms-kbsql-recon-alt-extract_Obsolete
2 HP-BIO-KPMC/KPIF-ON/KPMCIntLayer/Development/il-ms-kbsql-ppg-rol-del-extract
2 HP-BIO-KPMC/KPIF-ON/KPMCIntLayer/Development/il-ms-kbsql-nrg-map-del-extract
2 HP-BIO-KPMC/KPIF-ON/KPMCIntLayer/Development/il-ms-kbsql-nec-sta-del-extract
2 HP-BIO-KPMC/KPIF-ON/KPMCIntLayer/Development/il-ms-kbsql-nec-coe-del-extract
2 HP-BIO-KPMC/KPIF-ON/KPMCIntLayer/Development/il-ms-kbsql-nec-age-del-extract
2 HP-BIO-KPMC/KPIF-ON/KPMCIntLayer/Development/il-ms-kbsql-ncs-tsk-del-extract
2 HP-BIO-KPMC/KPIF-ON/KPMCIntLayer/Development/il-ms-kbsql-ncs-lst-del-extract
2 HP-BIO-KPMC/KPIF-ON/KPMCIntLayer/Development/il-ms-kbsql-list_value_extracts
2 HP-BIO-KPMC/KPIF-ON/KPMCIntLayer/Development/il-ms-kbsql-list-value-stg-extract
2 HP-BIO-KPMC/KPIF-ON/KPMCIntLayer/Development/il-ms-kbsql-ept-pre-del-extract
2 HP-BIO-KPMC/KPIF-ON/KPMCIntLayer/Development/il-ms-kbsql-ept-pho-del-extract
2 HP-BIO-KPMC/KPIF-ON/KPMCIntLayer/Development/il-ms-kbsql-ept-mrn-del-extract
2 HP-BIO-KPMC/KPIF-ON/KPMCIntLayer/Development/il-ms-kbsql-ept-lan-del-extract
2 HP-BIO-KPMC/KPIF-ON/KPMCIntLayer/Development/il-ms-kbsql-ept-ide-del-extract
2 HP-BIO-KPMC/KPIF-ON/KPMCIntLayer/Development/il-ms-kbsql-ept-eum-del-extract
2 HP-BIO-KPMC/KPIF-ON/KPMCIntLayer/Development/il-ms-kbsql-ept-ent-del-extract
2 HP-BIO-KPMC/KPIF-ON/KPMCIntLayer/Development/il-ms-kbsql-ept-eml-del-extract
2 HP-BIO-KPMC/KPIF-ON/KPMCIntLayer/Development/il-ms-kbsql-ept-doc-del-extract
2 HP-BIO-KPMC/KPIF-ON/KPMCIntLayer/Development/il-ms-kbsql-ept-det-del-extract
2 HP-BIO-KPMC/KPIF-ON/KPMCIntLayer/Development/il-ms-kbsql-ept-ali-del-extract
2 HP-BIO-KPMC/KPIF-ON/KPMCIntLayer/Development/il-ms-kbsql-cvg-thr-del-extract
2 HP-BIO-KPMC/KPIF-ON/KPMCIntLayer/Development/il-ms-kbsql-cvg-his-del-extract
2 HP-BIO-KPMC/KPIF-ON/KPMCIntLayer/Development/il-ms-groupmanagement-transformer
2 HP-BIO-KPMC/KPIF-ON/KPMCIntLayer/Development/il-ms-gljournal-transformer
2 HP-BIO-KPMC/KPIF-ON/KPMCIntLayer/Development/il-ms-getDPABilling
2 HP-BIO-KPMC/KPIF-ON/KPMCIntLayer/Development/il-ms-extract-soteriaga-transformer
2 HP-BIO-KPMC/KPIF-ON/KPMCIntLayer/Development/il-ms-extract-questmaslab-transformer
2 HP-BIO-KPMC/KPIF-ON/KPMCIntLayer/Development/il-ms-extract-paidthrudate-transformer
2 HP-BIO-KPMC/KPIF-ON/KPMCIntLayer/Development/il-ms-extract-ene-ffm-switch-transformer
2 HP-BIO-KPMC/KPIF-ON/KPMCIntLayer/Development/il-ms-extract-dpalockbox-transformer-ga
2 HP-BIO-KPMC/KPIF-ON/KPMCIntLayer/Development/il-ms-extract-dpalockbox-transformer-co
2 HP-BIO-KPMC/KPIF-ON/KPMCIntLayer/Development/il-ms-extract-deltadentaleligco-transformer
2 HP-BIO-KPMC/KPIF-ON/KPMCIntLayer/Development/il-ms-extract-collectivemedicaltech-transformer
2 HP-BIO-KPMC/KPIF-ON/KPMCIntLayer/Development/il-ms-extract-broker-compensation-transformer
2 HP-BIO-KPMC/KPIF-ON/KPMCIntLayer/Development/il-ms-extract-billing-lockbox-wfargo-hps-transformer
2 HP-BIO-KPMC/KPIF-ON/KPMCIntLayer/Development/il-ms-extract-billing-ebox-wfargo-hps-transformer
2 HP-BIO-KPMC/KPIF-ON/KPMCIntLayer/Development/il-ms-extract-beaconeligmembers-transformer
2 HP-BIO-KPMC/KPIF-ON/KPMCIntLayer/Development/il-ms-extract-ash-hi-member-weekly-cams-transformer
2 HP-BIO-KPMC/KPIF-ON/KPMCIntLayer/Development/il-ms-extract-ash-hi-member-monthly-transformer
2 HP-BIO-KPMC/KPIF-ON/KPMCIntLayer/Development/il-ms-extract-ash-hi-group-weekly-transformer
2 HP-BIO-KPMC/KPIF-ON/KPMCIntLayer/Development/il-ms-epic-msg-publisher
2 HP-BIO-KPMC/KPIF-ON/KPMCIntLayer/Development/il-ms-datahub-transformer-ene-ffm-preaudit
2 HP-BIO-KPMC/KPIF-ON/KPMCIntLayer/Development/il-ms-datahub-load-ene-ffm-switch-file
2 HP-BIO-KPMC/KPIF-ON/KPMCIntLayer/Development/il-ms-datahub-load-ene-cover-ca-weekly-audit-file
2 HP-BIO-KPMC/KPIF-ON/KPMCIntLayer/Development/il-ms-datahub-load-ene-ca-dispute-response
2 HP-BIO-KPMC/KPIF-ON/KPMCIntLayer/Development/il-ms-datahub-load-billing-lockbox-wfargo
2 HP-BIO-KPMC/KPIF-ON/KPMCIntLayer/Development/il-ms-datahub-load-billing-ebox-wfargo
2 HP-BIO-KPMC/KPIF-ON/KPMCIntLayer/Development/il-ms-billingaccount-processor
2 HP-BIO-KPMC/KPIF-ON/KPMCIntLayer/Development/il-ms-adpt-fs
2 HP-BIO-KPMC/KPIF-ON/KPMCIntLayer/Development/il-ms-acipaymentupdate-transformer-m3p
2 HP-BIO-KPMC/KPIF-ON/KPMCIntLayer/Development/il-ms-acipaymentupdate-transformer
2 HP-BIO-KPMC/KPIF-ON/KPMCIntLayer/Development/il-ms-acipaymentreversal-transformer-m3p
2 HP-BIO-KPMC/KPIF-ON/KPMCIntLayer/Development/il-fw-tams-applogger
2 HP-BIO-KPMC/KPIF-ON/KPMCIntLayer/Development/il-fw-kbsql-extract-core
2 HP-BIO-KPMC/KPIF-ON/KPMCIntLayer/Development/il-fw-datahub-load
2 HP-BIO-KPMC/KPIF-ON/KPMCIntLayer/Development/il-ene-ffm-baa-crm-gen
2 HP-BIO-KPMC/KPIF-ON/KPMCIntLayer/Development/il-datahub-maintenance-util
2 HP-BIO-KPMC/KPIF-ON/KPMCIntLayer/Development/il-datahub-load-product
2 HP-BIO-KPMC/KPIF-ON/KPMCIntLayer/Development/il-datahub-load-lockbox-hi
2 HP-BIO-KPMC/KPIF-ON/KPMCIntLayer/Development/il-datahub-load-lockbox-co
2 HP-BIO-KPMC/KPIF-ON/KPMCIntLayer/Development/il-batch-payment-instructions-filewriter
2 HP-BIO-KPMC/KPIF-ON/KPMCIntLayer/Development/il-batch-outbound-cpcbilltransformer
2 HP-BIO-KPMC/KPIF-ON/KPMCIntLayer/Development/il-batch-outbound-cpcbillextract-consolidated
2 HP-BIO-KPMC/KPIF-ON/KPMCIntLayer/Development/il-batch-outbound-cpcbillextract
2 HP-BIO-KPMC/KPIF-ON/KPMCIntLayer/Development/il-batch-outbound-bcsrockmonthly-transformer
2 HP-BIO-KPMC/KPIF-ON/KPMCIntLayer/Development/il-batch-outbound-bcsrockmonthly-filewriter
2 HP-BIO-KPMC/KPIF-ON/KPMCIntLayer/Development/il-batch-billaccountfinance-filewriter
2 HP-BIO-KPMC/KPIF-ON/KPMCIntLayer/Development/il-batch-bill-run-validator
2 HP-BIO-KPMC/KPIF-ON/KPMCIntLayer/Development/il-batch-bcsmemberextract-filewriter
2 HP-BIO-KPMC/KPIF-ON/KPMCIntLayer/Development/il-batch-bcsextract-filewriter
2 HP-BIO-KPMC/KPIF-ON/KPMCIntLayer/Development/OCP/mcp/il-ms-tdeadaptor
2 HP-BIO-KPMC/KPIF-ON/KPMCIntLayer/Development/OCP/mcp/il-ms-memberupdate-processor
2 HP-BIO-KPMC/KPIF-ON/KPMCIntLayer/Development/OCP/mcp/il-ms-mbrchgpub-tms-demographics-adaptor
2 HP-BIO-KPMC/KPIF-ON/KPMCIntLayer/Development/OCP/mcp/il-ms-mbrchgpub-tms-classic-adaptor
2 HP-BIO-KPMC/KPIF-ON/KPMCIntLayer/Development/OCP/mcp/il-ms-mbrchgpub-hl7-adaptor
2 HP-BIO-KPMC/KPIF-ON/KPMCIntLayer/Development/OCP/mcp/il-ms-mbrchgpub-empi-adaptor
2 HP-BIO-KPMC/KPIF-ON/KPMCIntLayer/Development/OCP/mcp/il-ms-mbrchgpub-common
2 HP-BIO-KPMC/KPIF-ON/KPMCIntLayer/Development/OCP/mcp/il-ms-mbrchgpub-cm-demographics-adaptor-nw
2 HP-BIO-KPMC/KPIF-ON/KPMCIntLayer/Development/OCP/mcp/il-ms-mbrchgpub-cm-demographics-adaptor-hi
2 HP-BIO-KPMC/KPIF-ON/KPMCIntLayer/Development/OCP/mcp/il-ms-mbrchgpub-cm-demographics-adaptor-ga
2 HP-BIO-KPMC/KPIF-ON/KPMCIntLayer/Development/OCP/mcp/il-ms-mbrchgpub-cm-demographics-adaptor-co
2 HP-BIO-KPMC/KPIF-ON/KPMCIntLayer/Development/OCP/mcp/il-ms-mbrchgpub-cm-classic-adaptor
2 HP-BIO-KPMC/KPIF-ON/KPMCIntLayer/Development/OCP/mcp/il-ms-mbrchgpub-classic-inbound-processor
2 HP-BIO-KPMC/KPIF-ON/KPMCIntLayer/Development/OCP/mcp/il-ms-mbrchgpub-cano-ormb-transformer
2 HP-BIO-KPMC/KPIF-ON/KPMCIntLayer/Development/OCP/mcp/il-ms-cano-bprs
2 HP-BIO-KPMC/KPIF-ON/KPMCIntLayer/Development/OCP/mcp/Il-ms-medicare-change-transformer
2 HP-BIO-KPMC/KPIF-ON/KPMCIntLayer/Development/OCP/i1/il-ms-groupupdate-transformer
2 HP-BIO-KPMC/KPIF-ON/KPMCIntLayer/Development/OCP/i1/il-ms-groupupdate-processor
2 HP-BIO-KPMC/KPIF-ON/KPMCIntLayer/Development/OCP/gcp/il-ms-fs-contract-resubmit
2 HP-BIO-KPMC/KPIF-ON/KPMCIntLayer/Development/OCP/gcp/il-ms-cac-ormb-transformer
2 HP-BIO-KPMC/KPIF-ON/KPMCIntLayer/Development/OCP/gcp/il-ms-cac-epictransformer
2 HP-BIO-KPMC/KPIF-ON/KPMCIntLayer/Development/OCP/gcp/il-ms-cac-emws-msgstransform
2 HP-BIO-KPMC/KPIF-ON/KPMCIntLayer/Development/OCP/gcp/il-ms-adpt-ormb-kpif
2 HP-BIO-KPMC/KPIF-ON/KPMCIntLayer/Development/OCP/extracts/il-ms-extract-maspoms-transformer
2 HP-BIO-KPMC/KPIF-ON/KPMCIntLayer/Development/OCP/extracts/il-ms-extract-libertydental-transformer
2 HP-BIO-KPMC/KPIF-ON/KPMCIntLayer/Development/OCP/extracts/il-ms-extract-libertydental-member-transformer
2 HP-BIO-KPMC/KPIF-ON/KPMCIntLayer/Development/OCP/extracts/il-ms-extract-libertydental-daily-transformer
2 HP-BIO-KPMC/KPIF-ON/KPMCIntLayer/Development/OCP/extracts/il-ms-extract-kpwamarketprominence-transformer
2 HP-BIO-KPMC/KPIF-ON/KPMCIntLayer/Development/OCP/extracts/il-ms-extract-kpwacac-transformer
2 HP-BIO-KPMC/KPIF-ON/KPMCIntLayer/Development/OCP/extracts/il-ms-dqr-contract-coverage-comparator
2 HP-BIO-KPMC/KPIF-ON/KPMCIntLayer/Development/OCP/extracts/il-fw-extracts-utility
2 HP-BIO-KPMC/KPIF-ON/KPMCIntLayer/Development/OCP/ene/il-ms-member-delinquency-processor
2 HP-BIO-KPMC/KPIF-ON/KPMCIntLayer/Development/OCP/ene/il-ms-ene-bndr-pymt-fulfill-prcssr
2 HP-BIO-KPMC/KPIF-ON/KPMCIntLayer/Development/OCP/ene/il-ms-adpt-fs
2 HP-BIO-KPMC/KPIF-ON/KPMCIntLayer/Development/OCP/docMgmt/docmgmt-ui-deapi
2 HP-BIO-KPMC/KPIF-ON/KPMCIntLayer/Development/OCP/docMgmt/dm-cc-annual
2 HP-BIO-KPMC/KPIF-ON/KPMCIntLayer/Development/OCP/docMgmt/dm-cc-actuarialequivalence
2 HP-BIO-KPMC/KPIF-ON/KPMCIntLayer/Development/OCP/cfgmgmt/cfgmgmt-ui
2 HP-BIO-KPMC/KPIF-ON/KPMCIntLayer/Development/OCP/cfgmgmt/cfgmgmt-ms
2 HP-BIO-KPMC/KPIF-ON/KPMCIntLayer/Development/OCP/cfgmgmt/cfgmgmt-bff
2 HP-BIO-KPMC/KPIF-ON/KPMCIntLayer/Development/OCP/billing/il-ms-aciautopay-transformer
2 HP-BIO-KPMC/KPIF-ON/KPMCIntLayer/Development/OCP/aci/il-ms-aciautopay-transformer
2 HP-BIO-KPMC/KPIF-ON/KPMCIntLayer/Development/OCP/aci/_to-be-done-later/il-batch-outbound-aciextract
2 HP-BIO-KPMC/KPIF-ON/KPMCIntLayer/Development/OCP/aci/_to-be-done-later/il-batch-aciextract-filewriter
2 HP-BIO-KPMC/KPIF-ON/KPMCIntLayer/Development/OCP/_to-be-deleted/il-ms-mbrchgpub-transformer
2 HP-BIO-KPMC/KPIF-ON/KPMCIntLayer/Development/OCP/_to-be-deleted/il-ms-mbrchgpub-tms-demographics-adaptor
2 HP-BIO-KPMC/KPIF-ON/KPMCIntLayer/Development/OCP/_to-be-deleted/il-ms-mbrchgpub-common
2 HP-BIO-KPMC/KPIF-ON/KPMCIntLayer/Development/OCP/_to-be-deleted/il-ms-mbrchgpub-cm-demographics-adaptor-ga
2 HP-BIO-KPMC/KPIF-ON/KPMCIntLayer/Development/OCP/_to-be-deleted/il-ms-mbrchgpub-classic-inbound-processor
2 HP-BIO-KPMC/KPIF-ON/KPMCIntLayer/Development/OCP/_to-be-deleted/Il-ms-medicare-change-inbound
2 HP-BIO-KPMC/KPIF-ON/KPMCIntLayer/DevOps_Release/testAZ
2 HP-BIO-KPMC/KPIF-ON/KPMCIntLayer/DevOps_Release/il-ms-workflowormb-transformer
2 HP-BIO-KPMC/KPIF-ON/KPMCIntLayer/DevOps_Release/il-ms-paymentupdate-transformer
2 HP-BIO-KPMC/KPIF-ON/KPMCIntLayer/DevOps_Release/il-ms-ormb-common
2 HP-BIO-KPMC/KPIF-ON/KPMCIntLayer/DevOps_Release/il-ms-memberterminate-processor
2 HP-BIO-KPMC/KPIF-ON/KPMCIntLayer/DevOps_Release/il-ms-memberhistory
2 HP-BIO-KPMC/KPIF-ON/KPMCIntLayer/DevOps_Release/il-ms-member-enrollment
2 HP-BIO-KPMC/KPIF-ON/KPMCIntLayer/DevOps_Release/il-ms-kbsql-reg-sup-extract
2 HP-BIO-KPMC/KPIF-ON/KPMCIntLayer/DevOps_Release/il-ms-kbsql-ppg-epp-extract
2 HP-BIO-KPMC/KPIF-ON/KPMCIntLayer/DevOps_Release/il-ms-kbsql-mrn-del-extract
2 HP-BIO-KPMC/KPIF-ON/KPMCIntLayer/DevOps_Release/il-ms-kbsql-mcr-extract
2 HP-BIO-KPMC/KPIF-ON/KPMCIntLayer/DevOps_Release/il-ms-kbsql-hno-ref-extract
2 HP-BIO-KPMC/KPIF-ON/KPMCIntLayer/DevOps_Release/il-ms-kbsql-hno-extract
2 HP-BIO-KPMC/KPIF-ON/KPMCIntLayer/DevOps_Release/il-ms-kbsql-ept-doc-extract
2 HP-BIO-KPMC/KPIF-ON/KPMCIntLayer/DevOps_Release/il-ms-kbsql-ecl-poi-extract
2 HP-BIO-KPMC/KPIF-ON/KPMCIntLayer/DevOps_Release/il-ms-kbsql-cvg-tpa-extract
2 HP-BIO-KPMC/KPIF-ON/KPMCIntLayer/DevOps_Release/il-ms-kbsql-cvg-tpa-del-extract
2 HP-BIO-KPMC/KPIF-ON/KPMCIntLayer/DevOps_Release/il-ms-kbsql-cvg-rid-del-extract
2 HP-BIO-KPMC/KPIF-ON/KPMCIntLayer/DevOps_Release/il-ms-kbsql-cvg-pre-extract
2 HP-BIO-KPMC/KPIF-ON/KPMCIntLayer/DevOps_Release/il-ms-kbsql-cvg-pre-del-extract
2 HP-BIO-KPMC/KPIF-ON/KPMCIntLayer/DevOps_Release/il-ms-kbsql-cvg-pay-extract
2 HP-BIO-KPMC/KPIF-ON/KPMCIntLayer/DevOps_Release/il-ms-kbsql-cvg-pay-del-extract
2 HP-BIO-KPMC/KPIF-ON/KPMCIntLayer/DevOps_Release/il-ms-kbsql-cvg-eum-extract
2 HP-BIO-KPMC/KPIF-ON/KPMCIntLayer/DevOps_Release/il-ms-kbsql-cvg-eum-del-extract
2 HP-BIO-KPMC/KPIF-ON/KPMCIntLayer/DevOps_Release/il-ms-kbsql-cvg-ept-del-extract
2 HP-BIO-KPMC/KPIF-ON/KPMCIntLayer/DevOps_Release/il-ms-kbsql-cvg-enr-extract
2 HP-BIO-KPMC/KPIF-ON/KPMCIntLayer/DevOps_Release/il-ms-kbsql-cvg-edi-extract
2 HP-BIO-KPMC/KPIF-ON/KPMCIntLayer/DevOps_Release/il-ms-kbsql-cvg-cae-extract
2 HP-BIO-KPMC/KPIF-ON/KPMCIntLayer/DevOps_Release/il-ms-kbsql-cvg-att-del-extract
2 HP-BIO-KPMC/KPIF-ON/KPMCIntLayer/DevOps_Release/il-ms-kbsql-cvg-aff-del-extract
2 HP-BIO-KPMC/KPIF-ON/KPMCIntLayer/DevOps_Release/il-ms-kbsql-cpg-dpg-del-extract
2 HP-BIO-KPMC/KPIF-ON/KPMCIntLayer/DevOps_Release/il-ms-kbsql-coverage-del-extract_obsolete
2 HP-BIO-KPMC/KPIF-ON/KPMCIntLayer/DevOps_Release/il-ms-kbsql-alt-del-extract
2 HP-BIO-KPMC/KPIF-ON/KPMCIntLayer/DevOps_Release/il-ms-groupmanagement-transformer_cluster
2 HP-BIO-KPMC/KPIF-ON/KPMCIntLayer/DevOps_Release/il-ms-gljournal-fsextractor
2 HP-BIO-KPMC/KPIF-ON/KPMCIntLayer/DevOps_Release/il-ms-getDPABilling
2 HP-BIO-KPMC/KPIF-ON/KPMCIntLayer/DevOps_Release/il-ms-extract-kpwamarketprominence-transformer
2 HP-BIO-KPMC/KPIF-ON/KPMCIntLayer/DevOps_Release/il-ms-extract-kpwacac-transformer
2 HP-BIO-KPMC/KPIF-ON/KPMCIntLayer/DevOps_Release/il-ms-extract-ene-dispute-sub-ffm-transformer
2 HP-BIO-KPMC/KPIF-ON/KPMCIntLayer/DevOps_Release/il-ms-extract-ene-dispute-sub-ffm-crm-msg-publisher
2 HP-BIO-KPMC/KPIF-ON/KPMCIntLayer/DevOps_Release/il-ms-extract-dmss-emws-returned-mail-transformer
2 HP-BIO-KPMC/KPIF-ON/KPMCIntLayer/DevOps_Release/il-ms-extract-dmss-emws-returned-mail-publisher
2 HP-BIO-KPMC/KPIF-ON/KPMCIntLayer/DevOps_Release/il-ms-extract-demcvgwa-dqr
2 HP-BIO-KPMC/KPIF-ON/KPMCIntLayer/DevOps_Release/il-ms-extract-billing-tpp-pmt-instructions-transformer
2 HP-BIO-KPMC/KPIF-ON/KPMCIntLayer/DevOps_Release/il-ms-extract-billing-tpp-invoice-report-generator
2 HP-BIO-KPMC/KPIF-ON/KPMCIntLayer/DevOps_Release/il-ms-extract-billing-state-subsidy-remittance-transformer
2 HP-BIO-KPMC/KPIF-ON/KPMCIntLayer/DevOps_Release/il-ms-ene-ffm-proactive-outreach-response-transformer
2 HP-BIO-KPMC/KPIF-ON/KPMCIntLayer/DevOps_Release/il-ms-delinquency-term-req-processor
2 HP-BIO-KPMC/KPIF-ON/KPMCIntLayer/DevOps_Release/il-ms-datahub-load-ene-dispute-disposition-response
2 HP-BIO-KPMC/KPIF-ON/KPMCIntLayer/DevOps_Release/il-ms-datahub-load-dmss-emws-returned-mail
2 HP-BIO-KPMC/KPIF-ON/KPMCIntLayer/DevOps_Release/il-ms-datahub-load-billing-tpp-pmt-instructions
2 HP-BIO-KPMC/KPIF-ON/KPMCIntLayer/DevOps_Release/il-ms-datahub-load-billing-state-subsidy-remittance
2 HP-BIO-KPMC/KPIF-ON/KPMCIntLayer/DevOps_Release/il-ms-cpcautopay-transformer
2 HP-BIO-KPMC/KPIF-ON/KPMCIntLayer/DevOps_Release/il-ms-cac-canonicalschema
2 HP-BIO-KPMC/KPIF-ON/KPMCIntLayer/DevOps_Release/il-ms-boalockboxpayment-transformer
2 HP-BIO-KPMC/KPIF-ON/KPMCIntLayer/DevOps_Release/il-ms-bnymellonlockboxpayment-transformer
2 HP-BIO-KPMC/KPIF-ON/KPMCIntLayer/DevOps_Release/il-ms-billing-inquiry
2 HP-BIO-KPMC/KPIF-ON/KPMCIntLayer/DevOps_Release/il-ms-benefits-inquiry
2 HP-BIO-KPMC/KPIF-ON/KPMCIntLayer/DevOps_Release/il-ms-adpt-fs
2 HP-BIO-KPMC/KPIF-ON/KPMCIntLayer/DevOps_Release/il-fw-crosswalk-client
2 HP-BIO-KPMC/KPIF-ON/KPMCIntLayer/DevOps_Release/il-datahub-load-lockbox-boa
2 HP-BIO-KPMC/KPIF-ON/KPMCIntLayer/DevOps_Release/il-batch-outbound-cpcextract
2 HP-BIO-KPMC/KPIF-ON/KPMCIntLayer/DevOps_Release/il-batch-outbound-cpcbillextract-consolidated-ormb
2 HP-BIO-KPMC/KPIF-ON/KPMCIntLayer/DevOps_Release/il-batch-outbound-bcsextract
2 HP-BIO-KPMC/KPIF-ON/KPMCIntLayer/DevOps_Release/il-batch-outbound-bcsbaseerror
2 HP-BIO-KPMC/KPIF-ON/KPMCIntLayer/DevOps_Release/il-batch-grouptermination-fsextractor
2 HP-BIO-KPMC/KPIF-ON/KPMCIntLayer/DevOps_Release/il-batch-fmeextract-transformer
2 HP-BIO-KPMC/KPIF-ON/KPMCIntLayer/DevOps_Release/il-batch-aprefund-fsextractor
2 HP-BIO-KPMC/KPIF-ON/KPMCGSU/Development/integration-test/cac_publish_ms_it
2 HP-BIO-KPMC/KPIF-ON/KPMCGSU/Development/integration-test/cac_plan_ms_it
2 HP-BIO-KPMC/KPIF-ON/KPMCGSU/Development/integration-test/cac_batch_ms_it
2 HP-BIO-KPMC/KPIF-ON/KPMCGSU/Development/cac_batch
2 HP-BIO-KPMC/KPIF-ON/KPMCDMS/Development/docmgmt-ui-idcard-bff
2 HP-BIO-KPMC/KPIF-ON/KPMCDMS/Development/dm-de-lstmnt
2 HP-BIO-KPMC/KPIF-ON/KPMCDMS/DevOps_Release/dm-ne-dbcore
2 HP-BIO-KPMC/KPIF-ON/KPMCDMS/DevOps_Release/dm-idce-cpidcard
2 HP-BIO-KPMC/KPIF-ON/KPMCDMS/DevOps_Release/dm-carsdoc-proxy
2 HP-BIO-KPMC/KPIF-ON/KPMCCAM/velocity/cam-ms-router-bff
2 HP-BIO-KPMC/KPIF-ON/KPMCCAM/Development/cam-batch-shared-library
2 HP-BIO-KPMC/KPIF-ON/KPMCCAM/Development/cam-batch-idl-trueup
2 HP-BIO-KPMC/KPIF-ON/KPMCCAM/Development/cam-batch-idl-mview
2 HP-BIO-KPMC/KPIF-ON/KPMCCAM/Development/cam-batch-idl-bseg
2 HP-BIO-KPMC/KPIF-ON/KPMCCAM/DevOps_Release/cam-ms-router-regionalcutover_cluster
2 HP-BIO-KPMC/KPIF-ON/KPMCCAM/DevOps_Release/cam-ms-router-plannedcutover_cluster
2 HP-BIO-KPMC/KPIF-ON/KPMCCAM/DevOps_Release/cam-ms-router-groupsor_cluster
2 HP-BIO-KPMC/KPIF-ON/KPMCCAM/DevOps_Release/cam-ms-router-customerconfig_cluster
2 HP-BIO-KPMC/KPIF-ON/KPMCCAM/DevOps_Release/cam-ms-router-coveragesor_cluster
2 HP-BIO-KPMC/KPIF-ON/KPMCCAM/DevOps_Release/cam-batch-idl-mview
2 HP-BIO-KPMC/KPIF-ON/KPMCCAM/DevOps_Release/cam-batch-idl-kpifbill-adjustment-dh-medicare
2 HP-BIO-KPMC/KPIF-ON/KPMCCAM/DevOps_Release/cam-batch-idl-customer
2 HP-BIO-KPMC/KPIF-ON/KPMCCAM/DevOps_Release/cam-batch-idl-bseg
2 HP-BIO-KPMC/KPIF-OFF/KPMCIntLayer/Development/il-ms-memberhistory-obsolete
2 HP-BIO-KPMC/KPIF-OFF/KPMCIntLayer/Development/il-ms-get-member-benefits-obsolete
2 HP-BIO-KPMC/KPIF-OFF/KPMCDMS/Development/dm-de-dbcore-obsolete
2 HP-BIO-KPMC/KPIF-OFF/KPMCCAM/Development/il-ms-crossregion-merge-obsolete
2 HP-BIO-KPMC/KPIF-OFF/KPMCCAM/Development/cam-batch-idl-kpifbill-billablechg-dh-obsolete
2 HP-BIO-KPMC/KPIF-OFF/KPMCCAM/Development/cam-batch-idl-kpifbill-bill-dh-obsolete
2 HP-BIO-KPMC/KPIF-OFF/KPMCCAM/DevOps_Release/cam-batch-idl-kpifbill-pricingdtl-dh
2 HP-BIO-KPMC/KPIF-OFF/KPMCCAM/DevOps_Release/cam-batch-idl-kpifbill-pricing-dh
2 HP-BIO-KPMC/KPIF-OFF/KPMCCAM/DevOps_Release/cam-batch-idl-kpifbill-pricelinecalculation-dh
2 HP-BIO-KPMC/KPIF-OFF/KPMCCAM/DevOps_Release/cam-batch-idl-kpifbill-payment-dh
2 HP-BIO-KPMC/KPIF-OFF/KPMCCAM/DevOps_Release/cam-batch-idl-kpifbill-bseg-dh
2 HP-BIO-KPMC/KPIF-OFF/KPMCCAM/DevOps_Release/cam-batch-idl-kpifbill-billablechg-dh
2 HP-BIO-KPMC/KPIF-OFF/KPMCCAM/DevOps_Release/cam-batch-idl-kpifbill-bill-dh
2 HP-BIO-KPMC/KPIF-OFF/KPMCCAM/DevOps_Release/cam-batch-idl-kpifbill-adjustment-dh
2 HP-BIO-KPMC/KPIF-OFF/KPMCCAM/DevOps_Release/cam-batch-idl-kpifbill-account-dh
2 HP-BIO-KPMC/AutoSQLDeployment/il-db-ormb_release
2 HP-BIO-KPMC/AutoSQLDeployment/il-db-aciselfservice-liquibase-release
2 HP-BIO-KPMC/AutoSQLDeployment/cam-db-load-base-data-scripts-releasecam
2 HP-BIO-KPMC/AutoSQLDeployment/DryRun/il-ms-adpt-sftp
2 HP-BIO-EBSS/medicare/devops_release/ssindvbinderpayui_main(config+ui)
2 HP-BIO-EBSS/medicare/development/mrnassignmentuibff
2 HP-BIO-EBSS/gusto_cpa/Velocity/ssglobalheaderbff
2 HP-BIO-EBSS/ebss/Velocity/hp-ss-virtualization
2 HP-BIO-EBSS/commercialbilling/Velocity/hp-ss-UserAuthorization
2 HP-BIO-EBSS/commercialbilling/Velocity/cb-ms-accountsummary
2 HP-BIO-EBSS/commercialbilling/Devops_Release/cb-ms-accountsummary
2 HP-BIO-EBSS/ManagePayments_Final_Regression_QA/medicare/development/ssindvdatasrvc
2 HP-BIO-EBSS/ManagePayments_Final_Regression_QA/medicare/development/mmssmedicaresearch
2 HP-BIO-EBSS/ManagePayments_Final_Regression_QA/medicare/development/mmssmedicareload
2 HP-BIO-EBSS/ManagePayments_Final_Regression_QA/medicare/Velocity/mmssmedicaresearch
2 HP-BIO-EBSS/ManagePayments_Final_Regression_QA/medicare/Velocity/mmssmedicareload
2 HP-BIO-EBSS/ManagePayments_Final_Regression_QA/gusto_cpa/devops_release/ssglobalheaderbff
2 HP-BIO-EBSS/ManagePayments_Final_Regression_QA/ebss/development/ebsswls
2 HP-BIO-EBSS/ManagePayments_Final_Regression_QA/ebss/development/dev-toolbox-ui
2 HP-BIO-EBSS/ManagePayments_Final_Regression_QA/ebss/Velocity/userprofile
2 HP-BIO-EBSS/ManagePayments_Final_Regression_QA/commercialbilling/Velocity/cb-ms-transaction-history-bff
2 HP-BIO-EBSS/ManagePayments_Final_Regression_QA/commercialbilling/Velocity/cb-ms-transaction-history
2 HP-BIO-EBSS/ManagePayments_Final_Regression_QA/commercialbilling/Velocity/cb-ms-groupinformation
2 HP-BIO-EBSS/ManagePayments_Final_Regression_QA/CCPE/devops_release/mrnassignmentuibff
2 HP-BIO-EBSS/ManagePayments_Final_Regression_QA/CCPE/development/ssindvbrkrlstsvcbff
2 HP-BIO-EBSS/ManagePayments_Final_Regression_QA/CCPE/development/mrnassignmentuibff
2 HP-BIO-EBSS/ManagePayments_Final_Regression_QA/CCPE/Velocity/ssindvbrkrlstsvcbff
2 HP-BIO-EBSS/CCPE/devops_release/mrnassignmentuibff
2 HP-BIO-EBSS/CCPE/development/ssindvbrkrlstsvcbff
2 HP-BIO-EBSS/CCPE/development/mrnassignmentuibff
2 HP-BIO-DMS/ICE-PROD/Azure-Migration/ice-ws
2 HP-BIO-DMP/AZ Migration TDM/TDMAZAPI
2 HP-BIO-CMS/apps/hppdm-adapter
2 HP-BIO-CMS/apps/cms-smile-extract
2 HP-BIO-CMS/apps/cms-provider-report
2 HP-BIO-CMS/apps/cms-openshift-poc
2 HP-BIO-CMS/apps/cms-formulary-recon-report
2 HP-BIO-CMS/apps/cms-cdw-eob-recon-report
2 HP-BIO-CMS/apps/cms-cdw-adapter-stream
2 HP-BIO-CMS/apps/cms-audit-adapter
2 DnA/FedMBR/Automated Peer Review for AzDF-Synapse - Upstream
2 Data-Analytics/DA-SharedEnrichment/Optum/dbx-etg-grouper
2 Data-Analytics/DA-DataScience/AADS-MIRAI/Mirai-Build-Deploy-Dev2
2 ClarityInt/kp-clarityint-azstandalone
2 CTO-KPX/kpx-cms-sandbox
2 CTO-EIS/kpd-bce-ds-nluscreening-api
2 CTO-EIS/clinicalbff-apigee
2 CTO-EIS/Ignite Kafka Config Management/ignite-kafka-kpcc-billing
2 CTO-EIS/Az-NextGen/waittimemobilebff
2 CTO-EIS/Az-NextGen/selfservicebff
2 CTO-EIS/Az-NextGen/frontofficebff
2 CTO-EIS/Az-NextGen/backofficebff
2 CTO-EA-SOI/CTO-EA-SOI-Infrastructure/SOI-KPD-DAIP-Athena-QNA
2 CTO-EA-SOI/CTO-EA-SOI-Infrastructure/SOI-KPD-Athena-WebUI
2 CTO-EA-SOI/CTO-EA-SOI-Infrastructure/KPD-DAIP-SMARTTRIAGE-BOT
2 CTO-EA-SOI/CTO-EA-SOI-Framework/HDI4-Framework-Components/KP-AKS-ChatBox/KP-ADF-KPD-VIC-SERVICES-INTERNAL
2 CTO-EA-SOI/CTO-EA-SOI-Framework/HDI4-Framework-Components/KP-AKS-ChatBox/KP-ADF-KPD-VIC-SERVICES-EXTERNAL
2 CTO-EA-SOI/CTO-EA-SOI-Framework/HDI4-Framework-Components/KP-AKS-ChatBox/KP-ADF-KPD-Consumer360
2 CTO-EA-SOI/CTO-EA-SOI-Framework/HDI4-Framework-Components/KP-AKS-ChatBox/KP-ADF-KPD-Consumer-Profile
2 CTO-EA-SOI/CTO-EA-SOI-Framework/AKSDeployments/MMT/RXPipeline
2 CTO-EA-SOI/CTO-EA-SOI-Framework/AKSDeployments/MMT/MMT-RSKSS-Deployment
2 CTO-EA-SOI/CTO-EA-SOI-Framework/ADF-NonProd-PROD-Pipeline/QnA_Self_Service_Tool/KPD-DAIP-ATHENA-CONT-MGT-SVC
2 CTO-EA-SOI/CTO-EA-SOI-Framework/ADF-NonProd-PROD-Pipeline/KPD-A1C-LEVEL
2 CTO-EA-SOI/CTO-EA-SOI-Framework/ADF-NonProd-PROD-Pipeline/KP-ADF-SOI-INSIGHT_DRIVEN/ID-OWL-INT-Velocity
2 CTO-EA-SOI/CTO-EA-SOI-Framework/ADF-NonProd-PROD-Pipeline/COHORT/KP-COHORT-WEBAPI
2 CTO-EA-SOI/CTO-EA-SOI-Framework/ADF-NonProd-PROD-Pipeline/COHORT/KP-COHORT-EXECUTION-ENGINE
2 CTO-EA-SOI/CTO-EA-SOI-Framework/ADF-NonProd-PROD-Pipeline/Astronomer-Dags/Astronomer-Dag_Sync
2 CS-IT/CPXSKILLNET/Disaster Recovery
2 CS-IT/CPXQATESTING/cpx-kpd-th-qa-automation
2 CS-IT/CPXQATESTING/QA-Automation/QA-Karate-MPCmultibranch-pipeline
2 CS-IT/CPXPAYMENTCORE/cpx-xsd-tempus
2 CS-IT/CPXPAYMENTCORE/cpx-xsd-oppr
2 CS-IT/CPXPAYMENTCORE/cpx-pmtcore-swp-pdi
2 CS-IT/CPXPAYMENTCORE/cpx-pmtcore-email
2 CS-IT/CPXPAYMENTCORE/cpx-pmtcore-achpmtmigrate
2 CS-IT/CPCMPCPIE/pie-batch-reports
2 CS-IT/CPCMPCPIE/PIE-pipelines
2 CS-IT/ASD/SHLTH/SHLTH_API
2 CS-IT/ASD/MMT/MMTCD_Services
2 CS-IT/ASD/ENCRI/enc-modeltrainer
2 CS-IT/ASD/ENCRI/enc-audtrkui
2 CS-IT/ASD/DAOPS/DAOPS_Storage
2 CS-IT/ASD/Admin/Trial Jobs/EBX-Trial
2 CS-IT/ASD/ATSE/test/SE_Encounters_DBX
2 CS-IT/ASD/ATSE/SE_Python_API
2 CS-IT/ASD/ARR/ARR_dbricks
2 CNOE/chandrapipelines/appsvcplan
2 CNOE/VivSharedLibrary/azcoe-terraform-repo
2 CNOE/VivSharedLibrary/ADF Code Promotion/Adf code promotion
2 CNOE/Azure Services/Insights Test Services/Azure Cognitive Services/Azure Search Service
2 CNOE/Azure Services/Azure Cognitive Services/Azure Search Service
2 CDTS/CDTS-ASD-AE/mmth-annotation-service
2 CDTS-Telehealth/RCDI/APIGEE/rcdi-bff-device
2 CAS-Paas/azuredash/azuredash_dashboard
2 CAS-Paas/Azure-COE/p278871/Promotion_pipelines/mssqlJobs/test
2 CAS-Paas/Azure-COE/p278871/Promotion_pipelines/databricks/az-databricks-pipeline-sample
2 CAS-Paas/Azure-COE/chandrapipelines/appsvcplan
2 BCP/chatbot/kp-univ-bot-svc
2 BCP/chatbot/kp-encee-svc-bot-languagesvc
2 BCP/chatbot/kp-ehpe-bot-ui-v5
2 ASG-RAS/SupportPlus/SupportPlusPythonJob
1 NCAP/NCAP-Az/Synapse_auto_scale
1 NCAP/NCAP-Az/Liquidbase DBX/NCAP_Databricks
1 KPInterchange/sahithi/kpcloudservicenodepolka
1 KPInterchange/sahithi/kpcloudservicejavapolka
1 KPInterchange/sahithi/kpcloudservice-tests-java
1 KPInterchange/sahithi/kpcloudservice-pos-java
1 KPInterchange/sahithi/kpcloudservice-bep-test
1 KPInterchange/kp-cloud/kp-cloudstarter-java
1 KPInterchange/kp-cloud/kp-cloudstarter-blobstorage-sample
1 KPInterchange/kp-cloud/kp-cloudjs-ico-wcfg-sample
1 KPInterchange/kp-cloud/kp-cloud4js-servicebus-sample
1 KPInterchange/kp-cloud/kp-cloud4js-react-starter
1 KPInterchange/kp-cloud/kp-cloud4js-postgres-connector
1 KPInterchange/kp-cloud/kp-cloud4js-postgres-agent
1 KPInterchange/kp-cloud/kp-cloud4js-openai-nodejs-sample
1 KPInterchange/kp-cloud/kp-cloud4js-oauth-consumer-provider-sample
1 KPInterchange/kp-cloud/kp-cloud4js-eventhub-kafka-sample
1 KPInterchange/kp-cloud/kp-cloud4js-dnscache
1 KPInterchange/kp-cloud/kp-cloud4js-devops-demo
1 KPInterchange/kp-cloud/kp-cloud4js-cosmosdb-gremlin-sample
1 KPInterchange/kp-cloud/kp-cloud4js-benchmark
1 KPInterchange/kp-cloud/kp-cloud4js-angular-sample
1 KPInterchange/kp-cloud/kp-cloud4js-allinone-sample
1 KPInterchange/kp-cloud/kp-cloud4js-aks-sample
1 KPInterchange/kp-cloud/kp-cloud4js-actuator-sample
1 KPInterchange/kp-cloud/kp-cloud4js-actuator-circuit-breaker
1 KPInterchange/kp-cloud/kp-cloud4java-wls-sample
1 KPInterchange/kp-cloud/kp-cloud4java-text2speech
1 KPInterchange/kp-cloud/kp-cloud4java-test-sample
1 KPInterchange/kp-cloud/kp-cloud4java-springboot-oracle
1 KPInterchange/kp-cloud/kp-cloud4java-springboot-mongodb-sample
1 KPInterchange/kp-cloud/kp-cloud4java-speech2text
1 KPInterchange/kp-cloud/kp-cloud4java-servicebus-sample
1 KPInterchange/kp-cloud/kp-cloud4java-sample1
1 KPInterchange/kp-cloud/kp-cloud4java-kplogger-sample
1 KPInterchange/kp-cloud/kp-cloud4java-k8utils
1 KPInterchange/kp-cloud/kp-cloud4java-java11-sample
1 KPInterchange/kp-cloud/kp-cloud4java-graalvm
1 KPInterchange/kp-cloud/kp-cloud4java-filetransfer-springboot-sample-Test2
1 KPInterchange/kp-cloud/kp-cloud4java-eventhub-spring-kafka-sample
1 KPInterchange/kp-cloud/kp-cloud4java-configserver-migrate-data
1 KPInterchange/kp-cloud/kp-cloud4java-configserver-conjur-migration
1 KPInterchange/kp-cloud/kp-cloud4java-boot-sample
1 KPInterchange/kp-cloud/kp-cloud4java-blobstorage-hq
1 KPInterchange/kp-cloud/kp-cloud4java-benchmark
1 KPInterchange/kp-cloud/kp-cloud4java-azureservices
1 KPInterchange/kp-cloud/kp-cloud4java-azuredash
1 KPInterchange/kp-cloud/kp-cloud4java-allservices
1 KPInterchange/kp-cloud/kp-cloud4java-allinone-sample
1 KPInterchange/kp-cloud/kp-cloud4java-ImageTest-sample
1 KPInterchange/kp-cloud/kp-cloud4go-sample
1 KPInterchange/kp-cloud/kp-cloud-sk-test
1 KPInterchange/kp-cloud/kp-cloud-service-test-mbi
1 KPInterchange/kp-cloud/kp-cloud-service-tan
1 KPInterchange/kp-cloud/kp-cloud-service-node-test
1 KPInterchange/kp-cloud/kp-cloud-service-node-demo
1 KPInterchange/kp-cloud/kp-cloud-service-java-demo
1 KPInterchange/kp-cloud/kp-cloud-pipeline-test
1 KPInterchange/kp-cloud/kp-cloud-nodejs-wconfig-sample
1 KPInterchange/kp-cloud/kp-cloud-dcop-sample
1 KPInterchange/kp-cloud/kp-cloud-config-sample-servicebus-sample
1 KPInterchange/aks-samples/test folder/kpoauth-client-sample-node
1 KPInterchange/aks-samples/test folder/kp-cloud4js-health
1 KPInterchange/aks-samples/test folder/kp-cloud4java-springboot-postgres
1 KPInterchange/aks-samples/test folder/kp-cloud4java-springboot-oracle
1 KPInterchange/aks-samples/test folder/KPHCJakeTest
1 KPInterchange/aks-samples/kp-cloud4js-eventhub-sample
1 KPInterchange/aks-samples/kp-cloud4js-cosmosdb-sqlapi-sample
1 KPInterchange/aks-samples/kp-cloud4js-cosmosdb-mongoapi-sample
1 KPInterchange/aks-samples/kp-cloud4java-eventhub-sample
1 KPInterchange/aks-samples/kp-cloud4java-blobstorage-sample
1 KPInterchange/aks-samples/kp-cloud4java-benchmark
1 KPInterchange/aks-samples/kp-cloud4go-sample
1 KPInterchange/aks-samples/kp-aks-secrets-management
1 KPInterchange/aks-samples/azure-services-jobs/azure-pg-sample
1 KPInterchange/aks-samples/azure-service-mgmt
1 KPInterchange/aks-samples/apigee-deployments-test
1 KPInterchange/Sahithi Testing/kpcloudservice-gaang-node
1 KPInterchange/Sahithi Testing/kpcloudservice-beep3-test
1 KPInterchange/Sahithi Testing/kpcloudservice-beep2-test
1 KPInterchange/ReceiveCare/After Visits Adapter Service
1 KPInterchange/KPInterchange/MarketingPortal
1 KPInterchange/KPInterchange/KPWellnessAPI
1 KPInterchange/KPInterchange/GatewayProxyService
1 KPIF-AMT/AMT2.0
1 KPIF-AMT/AMT-DEV
1 KPD/SOE/EHPE Bot Service/EHPE Bot Service
1 KPD-DAIP/KPD-DAIP-Infrastructure/MAIDHCDP/ADF/MAIDHCDP-ADF-PIPELINE
1 KPD-DAIP/KPD-DAIP-Framework/RISANT/Postgres
1 KPD-DAIP/KPD-DAIP-Framework/CHATBOTS/Service/Deploy2
1 KP-digital-chatbots/BCP/chatbot/kp-encee-bot-ui-v5
1 KP-digital-chatbots/BCP/chatbot/kp-encee-bot-svc-v5
1 KP-digital-chatbots/BCP/chatbot/KPD-ENT-ROOTBOT
1 ITO-IPS-DMS/Security Compliance/Sonar/UAT/UAT Pipeline
1 ITO-IPS-DMS/Security Compliance/Sonar/DEV/DEV Pipeline
1 HPTS-TAS/SNAP/Liquibase-Oracle-Changeset-Rollback
1 HPTS-TAS/Liquibase/MSSQL/liquibase_mssql_prod
1 HPTS-TAS/Liquibase/Liquibase-db2-poc/db2-np-approvals
1 HPTS-TAS/Liquibase/Liquibase-db2-poc/Liquibase-KARS-With-APPROVAL-PROD
1 HPTS-TAS/Liquibase/Liquibase-db2-poc/Liquibase-KARS-With-APPROVAL-NP
1 HPTS-TAS/Liquibase/Liquibase-db2-poc/Liquibase-KARS-No-APPROVAL-PROD
1 HPTS-TAS/Liquibase/Liquibase-datrabricks-poc
1 HPTS-TAS/IDP-HPTS-POC/xyz0011
1 HPTS-TAS/IDP-HPTS-POC/testmsgtransformer4
1 HPTS-TAS/IDP-HPTS-POC/testmsgtransformer3
1 HPTS-TAS/IDP-HPTS-POC/testmsgtransformer2
1 HPTS-TAS/IDP-HPTS-POC/testmsgtransformer1
1 HPTS-TAS/IDP-HPTS-POC/testkpconfig
1 HPTS-TAS/IDP-HPTS-POC/testgitops1
1 HPTS-TAS/IDP-HPTS-POC/myjavaapp0
1 HPTS-TAS/IDP-HPTS-POC/mutli-source
1 HPTS-TAS/IDP-HPTS-POC/msgtransformnew1
1 HPTS-TAS/IDP-HPTS-POC/msgtransformernew3
1 HPTS-TAS/IDP-HPTS-POC/msgtransformernew2
1 HPTS-TAS/IDP-HPTS-POC/msgtransformernew1
1 HPTS-TAS/IDP-HPTS-POC/jenkinstest00
1 HPTS-TAS/IDP-HPTS-POC/javapp01
1 HPTS-TAS/IDP-HPTS-POC/instructionsdemo1
1 HPTS-TAS/IDP-HPTS-POC/il-ms-CD
1 HPTS-TAS/IDP-HPTS-POC/idp-docmgmt-ui-idceapi
1 HPTS-TAS/IDP-HPTS-POC/idcapinew1
1 HPTS-TAS/IDP-HPTS-POC/halloween23
1 HPTS-TAS/IDP-HPTS-POC/halloween2024
1 HPTS-TAS/IDP-HPTS-POC/gitopstest
1 HPTS-TAS/IDP-HPTS-POC/gitops26
1 HPTS-TAS/IDP-HPTS-POC/gitops25
1 HPTS-TAS/IDP-HPTS-POC/gitops24
1 HPTS-TAS/IDP-HPTS-POC/epictransformercs5
1 HPTS-TAS/IDP-HPTS-POC/epictransformercs4
1 HPTS-TAS/IDP-HPTS-POC/demotest5
1 HPTS-TAS/IDP-HPTS-POC/demotest4321
1 HPTS-TAS/IDP-HPTS-POC/demotest3
1 HPTS-TAS/IDP-HPTS-POC/demotest2
1 HPTS-TAS/IDP-HPTS-POC/demotest1030
1 HPTS-TAS/IDP-HPTS-POC/demotest1022
1 HPTS-TAS/IDP-HPTS-POC/demotest1021
1 HPTS-TAS/IDP-HPTS-POC/demotest1020
1 HPTS-TAS/IDP-HPTS-POC/demotest1019
1 HPTS-TAS/IDP-HPTS-POC/demotest1018
1 HPTS-TAS/IDP-HPTS-POC/demotest1016
1 HPTS-TAS/IDP-HPTS-POC/demotest1015
1 HPTS-TAS/IDP-HPTS-POC/demotest1005
1 HPTS-TAS/IDP-HPTS-POC/demotest1003
1 HPTS-TAS/IDP-HPTS-POC/demotest1002
1 HPTS-TAS/IDP-HPTS-POC/demoilmscfgmgmtui
1 HPTS-TAS/IDP-HPTS-POC/demo3msgtransformer
1 HPTS-TAS/IDP-HPTS-POC/demo3msgtransform2
1 HPTS-TAS/IDP-HPTS-POC/demo3msgtransform1
1 HPTS-TAS/IDP-HPTS-POC/demo2test1030
1 HPTS-TAS/IDP-HPTS-POC/demo2test1002
1 HPTS-TAS/IDP-HPTS-POC/demo2test1001
1 HPTS-TAS/IDP-HPTS-POC/demo2epictransformer
1 HPTS-TAS/IDP-HPTS-POC/cfgmtdemonew1
1 HPTS-TAS/IDP-HPTS-POC/cfgmgmtuics1
1 HPTS-TAS/IDP-HPTS-POC/cfgmgmtdemonew2
1 HPTS-TAS/IDP-HPTS-POC/cfgmgmtdemonew1
1 HPTS-TAS/IDP-HPTS-POC/cfgmgmt1
1 HPTS-TAS/IDP-HPTS-POC/argocdtest
1 HPTS-TAS/IDP-HPTS-POC/appnov19
1 HPDT/hpdt_project_deploy_services/ais/deploy_azure_services/UATCognitiveServicePipelineV2
1 HPDT/hpdt_project_deploy_services/ais/deploy_azure_services/UATBotServicePipeline
1 HPDT/hpdt_project_deploy_services/ais/deploy_azure_services/QACognitiveServicePipeline
1 HPDT/hpdt_project_deploy_services/ais/deploy_azure_services/QABotServicePipeline
1 HPDT/hpdt_project_deploy_services/ais/deploy_azure_services/ProdCognitiveServicePipeline
1 HPDT/hpdt_project_deploy_services/ais/deploy_azure_services/ProdBotServicePipeline
1 HPDT/hpdt_project_deploy_services/ais/deploy_azure_services/OldDevCognitiveServicePipeline
1 HPDT/hpdt_project_deploy_services/ais/deploy_azure_services/DevChatBotCodePipeline
1 HPDT/hpdt_project_deploy_services/ais/deploy_azure_services/DevBotServicePipeline
1 HPDT/TIP/HPDT_TIP_DBX_DEPLOYMENT
1 HPDT/TIP/Azure_Data_Factory_Deployments/Deploy_Tip_AzDF_Code
1 HPDT/SYNAPSE/Synapse_Database
1 HPDT/MSB/HPDT_MSB_DBX_DEPLOYMENT
1 HPDT/CASA/Test_DBX_Deployment
1 HPDT/CASA/AzDF
1 HP-SALES-MKTG-SYS/csar-exchange-translator
1 HP-SALES-MKTG-SYS/broker-service-kpifoff-reporter
1 HP-SALES-MKTG-SYS/broker-service-group-rocprcsr
1 HP-SALES-MKTG-SYS/broker-service-group-reporter
1 HP-SALES-MKTG-SYS/SNAP/CLEANUP
1 HP-SALES-MKTG-SYS/SGAPI/az-services/SGAPI-aks-secret-management
1 HP-SALES-MKTG-SYS/BSOR/CLEANUP
1 HP-SALES-MKTG-SYS/BPRS/bprs-net-spa
1 HP-SALES-MKTG-SYS-SMU/Az-SMU/smu-resource-management
1 HP-SALES-MKTG-SYS-SMU/Az-SMU/smu-liquibase
1 HP-SALES-MKTG-SYS-SMU/Az-SMU/smu-client-ui-agent-test-job
1 HP-SALES-MKTG-SYS-SMU/Az-SMU/smu-application-service-agent-test-job
1 HP-SALES-MKTG-SYS-SMU/Az-SMU/adhoc-smucloud-client-ui
1 HP-BIO/HP-SALES-MKTG-SYS-SEE/smu-kpifplans-service-agent-test-job
1 HP-BIO/HP-SALES-MKTG-SYS-SEE/see-servicearea-secrets-management
1 HP-BIO/HP-SALES-MKTG-SYS-SEE/see-restart-db-using-virtual-env
1 HP-BIO/HP-SALES-MKTG-SYS-SEE/see-resource-management
1 HP-BIO/HP-SALES-MKTG-SYS-SEE/see-redis-service
1 HP-BIO/HP-SALES-MKTG-SYS-SEE/see-quote-secrets-management
1 HP-BIO/HP-SALES-MKTG-SYS-SEE/see-plansandbenefits-secrets-management
1 HP-BIO/HP-SALES-MKTG-SYS-SEE/see-kpifplans-secrets-management
1 HP-BIO/HP-SALES-MKTG-SYS-SEE/see-dataloader-secrets-management
1 HP-BIO/HP-SALES-MKTG-SYS-GMT/gmt-liquibase
1 HP-BIO/HP-MKTG-MEDICARE-SYS-EDAM/edam-ottm-main-service
1 HP-BIO/HP-MKTG-MEDICARE-SYS-EDAM/edam-liquibase
1 HP-BIO/HP-BIO-HPTS/HPTS-PLATFORM-AISVC/genai-port-client
1 HP-BIO/CCS-TI/Deploy CLU Model
1 HP-BIO-KPMC/KPMCUserAuth/Development/il-lib-common-util-obsolete
1 HP-BIO-KPMC/KPMCUserAuth/Development/il-lib-common-serviceclient-obsolete
1 HP-BIO-KPMC/KPMCSS/Development/il-ms-crosswalk-obsolete
1 HP-BIO-KPMC/KPMCIntLayer/Devops_Release/Il-ms-fs-addressvalidation_cluster
1 HP-BIO-KPMC/KPMCGSU/Development/kp_common_util
1 HP-BIO-KPMC/KPMCGSU/Development/cac_customer_ms_smoke_poc
1 HP-BIO-KPMC/KPMCGSU/DevOps_Release/cac_rule_ms
1 HP-BIO-KPMC/KPMCGSU/DevOps_Release/cac_request_ms
1 HP-BIO-KPMC/KPMCCAM/cam-batch-idl-payment-obsolete
1 HP-BIO-KPMC/KPMCCAM/cam-batch-idl-fsdeactivationack-obsolete
1 HP-BIO-KPMC/KPMCCAM/Development/cam-ms-router-plannedcutover_cluster-obsolete
1 HP-BIO-KPMC/KPMCCAM/Development/cam-ms-router-membersor_cluster-obsolete
1 HP-BIO-KPMC/KPMCCAM/Development/cam-ms-router-coveragesor_cluster-obsolete
1 HP-BIO-KPMC/KPMCCAM/DevOps_Release/cam-batch-idl-file-loader
1 HP-BIO-KPMC/KPMCCAM/DevOps_Release/cam-batch-di-split-family
1 HP-BIO-KPMC/KPMC-Utilities/kpmc-util-configmgmt-path-to-prod
1 HP-BIO-KPMC/KPMC-Utilities/kpmc-datahub-sandbox
1 HP-BIO-KPMC/KPMC-Utilities/kpmc-configuration-management-job
1 HP-BIO-KPMC/KPMC-Utilities/generate-ucd-report
1 HP-BIO-KPMC/KPMC-Utilities/db-liquibase-prod
1 HP-BIO-KPMC/KPMC-Utilities/db-liquibase-poc-postgres-higherlevel
1 HP-BIO-KPMC/KPMC-Utilities/ODS_Auto_shellscript_Deployment
1 HP-BIO-KPMC/KPMC-Utilities/Liquibase-ReleaseManagement-Audit-Request
1 HP-BIO-KPMC/KPMC-Utilities/DotNetPOC
1 HP-BIO-KPMC/KPMC-Utilities/DMS_Auto_shellscript_Deployment
1 HP-BIO-KPMC/KPMC-Utilities/CICD-Shared-Lib/ucd-lib-changes
1 HP-BIO-KPMC/KPMC-Utilities/ADHOC Dry and DMS Ticket
1 HP-BIO-KPMC/KPIF-ON/utilities/kpconfig-updates-dev-diormb
1 HP-BIO-KPMC/KPIF-ON/il-fw-splunk-logclient/utilities/kpconfig-updates-dev-ui
1 HP-BIO-KPMC/KPIF-ON/il-fw-splunk-logclient/utilities/kpconfig-updates-dev-fw
1 HP-BIO-KPMC/KPIF-ON/il-fw-splunk-logclient/utilities/kpconfig-updates-dev-extracts
1 HP-BIO-KPMC/KPIF-ON/il-fw-splunk-logclient/utilities/kpconfig-updates-dev-di-services
1 HP-BIO-KPMC/KPIF-ON/il-fw-splunk-logclient/utilities/kpconfig-updates-dev-aci
1 HP-BIO-KPMC/KPIF-ON/il-fw-splunk-logclient/KPMCUserAuth/Development/il-lib-kpmc-client
1 HP-BIO-KPMC/KPIF-ON/il-fw-splunk-logclient/KPMCUserAuth/Development/il-lib-common-util
1 HP-BIO-KPMC/KPIF-ON/il-fw-splunk-logclient/KPMCUserAuth/Development/il-lib-common-serviceclient
1 HP-BIO-KPMC/KPIF-ON/il-fw-splunk-logclient/KPMCUserAuth/DevOps_Release/il-lib-kpmc-client
1 HP-BIO-KPMC/KPIF-ON/il-fw-splunk-logclient/KPMCUserAuth/DevOps_Release/il-lib-common-util
1 HP-BIO-KPMC/KPIF-ON/il-fw-splunk-logclient/KPMCUserAuth/DevOps_Release/il-lib-common-serviceclient
1 HP-BIO-KPMC/KPIF-ON/il-fw-splunk-logclient/KPMCUserAuth/DevOps_Release/il-lib-classic-client
1 HP-BIO-KPMC/KPIF-ON/il-fw-splunk-logclient/KPMCSS/Development/il-ui-crosswalk
1 HP-BIO-KPMC/KPIF-ON/il-fw-splunk-logclient/KPMCIntLayer/Development/zz_il-ms-extract-mb446ft2chgrpt-transformer
1 HP-BIO-KPMC/KPIF-ON/il-fw-splunk-logclient/KPMCIntLayer/Development/ormb-bill-cycles-run-validation
1 HP-BIO-KPMC/KPIF-ON/il-fw-splunk-logclient/KPMCIntLayer/Development/il-vdi-automationws
1 HP-BIO-KPMC/KPIF-ON/il-fw-splunk-logclient/KPMCIntLayer/Development/il-ms-tpp-pap-hi-crm-msg-publisher
1 HP-BIO-KPMC/KPIF-ON/il-fw-splunk-logclient/KPMCIntLayer/Development/il-ms-paymentProfile
1 HP-BIO-KPMC/KPIF-ON/il-fw-splunk-logclient/KPMCIntLayer/Development/il-ms-memberupdate-processor-test
1 HP-BIO-KPMC/KPIF-ON/il-fw-splunk-logclient/KPMCIntLayer/Development/il-ms-memberterminate-legacy
1 HP-BIO-KPMC/KPIF-ON/il-fw-splunk-logclient/KPMCIntLayer/Development/il-ms-memberterminate
1 HP-BIO-KPMC/KPIF-ON/il-fw-splunk-logclient/KPMCIntLayer/Development/il-ms-memberlookup-legacy
1 HP-BIO-KPMC/KPIF-ON/il-fw-splunk-logclient/KPMCIntLayer/Development/il-ms-memberhistory
1 HP-BIO-KPMC/KPIF-ON/il-fw-splunk-logclient/KPMCIntLayer/Development/il-ms-member-inquiry-test
1 HP-BIO-KPMC/KPIF-ON/il-fw-splunk-logclient/KPMCIntLayer/Development/il-ms-member-delinquency-test
1 HP-BIO-KPMC/KPIF-ON/il-fw-splunk-logclient/KPMCIntLayer/Development/il-ms-mcaid-crosswalk
1 HP-BIO-KPMC/KPIF-ON/il-fw-splunk-logclient/KPMCIntLayer/Development/il-ms-mbrchgpub-tms-demographics-adaptor
1 HP-BIO-KPMC/KPIF-ON/il-fw-splunk-logclient/KPMCIntLayer/Development/il-ms-mbrchgpub-tms-classic-adaptor
1 HP-BIO-KPMC/KPIF-ON/il-fw-splunk-logclient/KPMCIntLayer/Development/il-ms-mbrchgpub-test
1 HP-BIO-KPMC/KPIF-ON/il-fw-splunk-logclient/KPMCIntLayer/Development/il-ms-mbrchgpub-message-generator
1 HP-BIO-KPMC/KPIF-ON/il-fw-splunk-logclient/KPMCIntLayer/Development/il-ms-mbrchgpub-empi-adaptor-test
1 HP-BIO-KPMC/KPIF-ON/il-fw-splunk-logclient/KPMCIntLayer/Development/il-ms-mbrchgpub-cm-demographics-adaptor-nw
1 HP-BIO-KPMC/KPIF-ON/il-fw-splunk-logclient/KPMCIntLayer/Development/il-ms-mbrchgpub-cm-demographics-adaptor-ga
1 HP-BIO-KPMC/KPIF-ON/il-fw-splunk-logclient/KPMCIntLayer/Development/il-ms-mbrchgpub-cm-demographics-adaptor-co
1 HP-BIO-KPMC/KPIF-ON/il-fw-splunk-logclient/KPMCIntLayer/Development/il-ms-lockboxboa-147-test
1 HP-BIO-KPMC/KPIF-ON/il-fw-splunk-logclient/KPMCIntLayer/Development/il-ms-kpmcmrnsearch-test
1 HP-BIO-KPMC/KPIF-ON/il-fw-splunk-logclient/KPMCIntLayer/Development/il-ms-kbsql-recon-purge
1 HP-BIO-KPMC/KPIF-ON/il-fw-splunk-logclient/KPMCIntLayer/Development/il-ms-kbsql-ppg-cvg-del-extract
1 HP-BIO-KPMC/KPIF-ON/il-fw-splunk-logclient/KPMCIntLayer/Development/il-ms-kbsql-nsc-wqf-extract
1 HP-BIO-KPMC/KPIF-ON/il-fw-splunk-logclient/KPMCIntLayer/Development/il-ms-kbsql-nsc-sta-extract
1 HP-BIO-KPMC/KPIF-ON/il-fw-splunk-logclient/KPMCIntLayer/Development/il-ms-kbsql-nsc-ept-extract
1 HP-BIO-KPMC/KPIF-ON/il-fw-splunk-logclient/KPMCIntLayer/Development/il-ms-kbsql-nsc-elg-extract
1 HP-BIO-KPMC/KPIF-ON/il-fw-splunk-logclient/KPMCIntLayer/Development/il-ms-kbsql-nsc-cvg-extract
1 HP-BIO-KPMC/KPIF-ON/il-fw-splunk-logclient/KPMCIntLayer/Development/il-ms-kbsql-nsc-cus-extract
1 HP-BIO-KPMC/KPIF-ON/il-fw-splunk-logclient/KPMCIntLayer/Development/il-ms-kbsql-npd-del-extract
1 HP-BIO-KPMC/KPIF-ON/il-fw-splunk-logclient/KPMCIntLayer/Development/il-ms-kbsql-nec-del-extract
1 HP-BIO-KPMC/KPIF-ON/il-fw-splunk-logclient/KPMCIntLayer/Development/il-ms-kbsql-mcr-del-extract
1 HP-BIO-KPMC/KPIF-ON/il-fw-splunk-logclient/KPMCIntLayer/Development/il-ms-kbsql-lob-del-extract
1 HP-BIO-KPMC/KPIF-ON/il-fw-splunk-logclient/KPMCIntLayer/Development/il-ms-kbsql-list-extracts
1 HP-BIO-KPMC/KPIF-ON/il-fw-splunk-logclient/KPMCIntLayer/Development/il-ms-kbsql-iit-del-extract
1 HP-BIO-KPMC/KPIF-ON/il-fw-splunk-logclient/KPMCIntLayer/Development/il-ms-kbsql-hno-txt-del-extract
1 HP-BIO-KPMC/KPIF-ON/il-fw-splunk-logclient/KPMCIntLayer/Development/il-ms-kbsql-hno-ref-del-extract
1 HP-BIO-KPMC/KPIF-ON/il-fw-splunk-logclient/KPMCIntLayer/Development/il-ms-kbsql-hno-del-extract
1 HP-BIO-KPMC/KPIF-ON/il-fw-splunk-logclient/KPMCIntLayer/Development/il-ms-kbsql-epm-del-extract
1 HP-BIO-KPMC/KPIF-ON/il-fw-splunk-logclient/KPMCIntLayer/Development/il-ms-kbsql-eci-del-extract
1 HP-BIO-KPMC/KPIF-ON/il-fw-splunk-logclient/KPMCIntLayer/Development/il-ms-kbsql-cvg-add-del-extract
1 HP-BIO-KPMC/KPIF-ON/il-fw-splunk-logclient/KPMCIntLayer/Development/il-ms-health-insurance-product-test
1 HP-BIO-KPMC/KPIF-ON/il-fw-splunk-logclient/KPMCIntLayer/Development/il-ms-groupupdate-processor-test
1 HP-BIO-KPMC/KPIF-ON/il-fw-splunk-logclient/KPMCIntLayer/Development/il-ms-fw-kafka-interface-test
1 HP-BIO-KPMC/KPIF-ON/il-fw-splunk-logclient/KPMCIntLayer/Development/il-ms-fs-mrn-tapmem-processor
1 HP-BIO-KPMC/KPIF-ON/il-fw-splunk-logclient/KPMCIntLayer/Development/il-ms-extract-tpp-pap-id-report-hi-test
1 HP-BIO-KPMC/KPIF-ON/il-fw-splunk-logclient/KPMCIntLayer/Development/il-ms-extract-tpp-invoice-test
1 HP-BIO-KPMC/KPIF-ON/il-fw-splunk-logclient/KPMCIntLayer/Development/il-ms-extract-tmsgroupdemographics-transformer
1 HP-BIO-KPMC/KPIF-ON/il-fw-splunk-logclient/KPMCIntLayer/Development/il-ms-extract-sampledemo-transformer
1 HP-BIO-KPMC/KPIF-ON/il-fw-splunk-logclient/KPMCIntLayer/Development/il-ms-extract-questgalab-transformer
1 HP-BIO-KPMC/KPIF-ON/il-fw-splunk-logclient/KPMCIntLayer/Development/il-ms-extract-pre-sor-filereader
1 HP-BIO-KPMC/KPIF-ON/il-fw-splunk-logclient/KPMCIntLayer/Development/il-ms-extract-mcaid-va-transport-transformer
1 HP-BIO-KPMC/KPIF-ON/il-fw-splunk-logclient/KPMCIntLayer/Development/il-ms-extract-mcaid-fulfill-mas-transformer
1 HP-BIO-KPMC/KPIF-ON/il-fw-splunk-logclient/KPMCIntLayer/Development/il-ms-extract-mcaid-error-analyzer
1 HP-BIO-KPMC/KPIF-ON/il-fw-splunk-logclient/KPMCIntLayer/Development/il-ms-extract-mb446ft2-test
1 HP-BIO-KPMC/KPIF-ON/il-fw-splunk-logclient/KPMCIntLayer/Development/il-ms-extract-lockboxboa-147-transformer
1 HP-BIO-KPMC/KPIF-ON/il-fw-splunk-logclient/KPMCIntLayer/Development/il-ms-extract-kpwamarketprominence-test
1 HP-BIO-KPMC/KPIF-ON/il-fw-splunk-logclient/KPMCIntLayer/Development/il-ms-extract-kpwa-empi-test
1 HP-BIO-KPMC/KPIF-ON/il-fw-splunk-logclient/KPMCIntLayer/Development/il-ms-extract-hawaiidentalservices32-transformer
1 HP-BIO-KPMC/KPIF-ON/il-fw-splunk-logclient/KPMCIntLayer/Development/il-ms-extract-ene-tpp-augment-gold-transformer
1 HP-BIO-KPMC/KPIF-ON/il-fw-splunk-logclient/KPMCIntLayer/Development/il-ms-extract-ene-membershipenrollmentsc-transformer
1 HP-BIO-KPMC/KPIF-ON/il-fw-splunk-logclient/KPMCIntLayer/Development/il-ms-extract-ene-membershipenrollmentsc-test
1 HP-BIO-KPMC/KPIF-ON/il-fw-splunk-logclient/KPMCIntLayer/Development/il-ms-extract-ene-membershipenrollmentnc-transformer
1 HP-BIO-KPMC/KPIF-ON/il-fw-splunk-logclient/KPMCIntLayer/Development/il-ms-extract-ene-haw-ffm-pap-tpp-augment-transformer
1 HP-BIO-KPMC/KPIF-ON/il-fw-splunk-logclient/KPMCIntLayer/Development/il-ms-extract-ene-dispute-sub-wahbe-transformer
1 HP-BIO-KPMC/KPIF-ON/il-fw-splunk-logclient/KPMCIntLayer/Development/il-ms-extract-ene-dispute-sub-wahbe-file-generator
1 HP-BIO-KPMC/KPIF-ON/il-fw-splunk-logclient/KPMCIntLayer/Development/il-ms-extract-ene-dispute-sub-ffm-transformer
1 HP-BIO-KPMC/KPIF-ON/il-fw-splunk-logclient/KPMCIntLayer/Development/il-ms-extract-ene-dispute-sub-ffm-filegenerator
1 HP-BIO-KPMC/KPIF-ON/il-fw-splunk-logclient/KPMCIntLayer/Development/il-ms-extract-ene-dispute-sub-ca-transformer
1 HP-BIO-KPMC/KPIF-ON/il-fw-splunk-logclient/KPMCIntLayer/Development/il-ms-extract-ene-dispute-disposition-response-crm-msg-publisher
1 HP-BIO-KPMC/KPIF-ON/il-fw-splunk-logclient/KPMCIntLayer/Development/il-ms-extract-ene-cover-ca-weekly-audit-file-transformer
1 HP-BIO-KPMC/KPIF-ON/il-fw-splunk-logclient/KPMCIntLayer/Development/il-ms-extract-ene-cover-ca-issuer-resp-file-transformer
1 HP-BIO-KPMC/KPIF-ON/il-fw-splunk-logclient/KPMCIntLayer/Development/il-ms-extract-ene-cover-ca-gobk-resp-ext-transformer
1 HP-BIO-KPMC/KPIF-ON/il-fw-splunk-logclient/KPMCIntLayer/Development/il-ms-extract-dpalockbox-transformer-hi
1 HP-BIO-KPMC/KPIF-ON/il-fw-splunk-logclient/KPMCIntLayer/Development/il-ms-extract-dpalockbox-transformer-co
1 HP-BIO-KPMC/KPIF-ON/il-fw-splunk-logclient/KPMCIntLayer/Development/il-ms-extract-demcvgwa-status-reportgen
1 HP-BIO-KPMC/KPIF-ON/il-fw-splunk-logclient/KPMCIntLayer/Development/il-ms-extract-demcvgwa-dqr-test
1 HP-BIO-KPMC/KPIF-ON/il-fw-splunk-logclient/KPMCIntLayer/Development/il-ms-extract-demcvgwa-dqr-reportgen
1 HP-BIO-KPMC/KPIF-ON/il-fw-splunk-logclient/KPMCIntLayer/Development/il-ms-extract-deltadentaleligco-transformer
1 HP-BIO-KPMC/KPIF-ON/il-fw-splunk-logclient/KPMCIntLayer/Development/il-ms-extract-collectivemedicaltech-transformer
1 HP-BIO-KPMC/KPIF-ON/il-fw-splunk-logclient/KPMCIntLayer/Development/il-ms-extract-chironeteligibilitynw-transformer
1 HP-BIO-KPMC/KPIF-ON/il-fw-splunk-logclient/KPMCIntLayer/Development/il-ms-extract-ca-soldplan-cac-transformer
1 HP-BIO-KPMC/KPIF-ON/il-fw-splunk-logclient/KPMCIntLayer/Development/il-ms-extract-ca-soldplan-cac-test
1 HP-BIO-KPMC/KPIF-ON/il-fw-splunk-logclient/KPMCIntLayer/Development/il-ms-extract-billing-state-subsidy-pmt-instructions-transformer
1 HP-BIO-KPMC/KPIF-ON/il-fw-splunk-logclient/KPMCIntLayer/Development/il-ms-extract-billing-on-198-transformer
1 HP-BIO-KPMC/KPIF-ON/il-fw-splunk-logclient/KPMCIntLayer/Development/il-ms-extract-billing-on-137-transformer
1 HP-BIO-KPMC/KPIF-ON/il-fw-splunk-logclient/KPMCIntLayer/Development/il-ms-extract-billing-on-136-transformer
1 HP-BIO-KPMC/KPIF-ON/il-fw-splunk-logclient/KPMCIntLayer/Development/il-ms-extract-billing-mcd-san-manteo-transformer
1 HP-BIO-KPMC/KPIF-ON/il-fw-splunk-logclient/KPMCIntLayer/Development/il-ms-extract-billing-mcd-phc-transformer
1 HP-BIO-KPMC/KPIF-ON/il-fw-splunk-logclient/KPMCIntLayer/Development/il-ms-extract-billing-mcd-contra-costa-transformer
1 HP-BIO-KPMC/KPIF-ON/il-fw-splunk-logclient/KPMCIntLayer/Development/il-ms-extract-billing-mcaid-va-premier-transformer
1 HP-BIO-KPMC/KPIF-ON/il-fw-splunk-logclient/KPMCIntLayer/Development/il-ms-extract-billing-mcaid-santa-clara-transformer
1 HP-BIO-KPMC/KPIF-ON/il-fw-splunk-logclient/KPMCIntLayer/Development/il-ms-extract-billing-mcaid-san-joaquin-transformer
1 HP-BIO-KPMC/KPIF-ON/il-fw-splunk-logclient/KPMCIntLayer/Development/il-ms-extract-billing-mcaid-san-fran-transformer
1 HP-BIO-KPMC/KPIF-ON/il-fw-splunk-logclient/KPMCIntLayer/Development/il-ms-extract-billing-mcaid-pmt-instructions-transformer
1 HP-BIO-KPMC/KPIF-ON/il-fw-splunk-logclient/KPMCIntLayer/Development/il-ms-extract-billing-mcaid-molina-transformer
1 HP-BIO-KPMC/KPIF-ON/il-fw-splunk-logclient/KPMCIntLayer/Development/il-ms-extract-billing-mcaid-md-transformer
1 HP-BIO-KPMC/KPIF-ON/il-fw-splunk-logclient/KPMCIntLayer/Development/il-ms-extract-billing-mcaid-la-care-transformer
1 HP-BIO-KPMC/KPIF-ON/il-fw-splunk-logclient/KPMCIntLayer/Development/il-ms-extract-billing-mcaid-inland-empire-transformer
1 HP-BIO-KPMC/KPIF-ON/il-fw-splunk-logclient/KPMCIntLayer/Development/il-ms-extract-billing-mcaid-gold-coast-transformer
1 HP-BIO-KPMC/KPIF-ON/il-fw-splunk-logclient/KPMCIntLayer/Development/il-ms-extract-billing-mcaid-cal-optima-transformer
1 HP-BIO-KPMC/KPIF-ON/il-fw-splunk-logclient/KPMCIntLayer/Development/il-ms-extract-billing-mcaid-alameda-transformer
1 HP-BIO-KPMC/KPIF-ON/il-fw-splunk-logclient/KPMCIntLayer/Development/il-ms-extract-billing-i820-subsidy-transformer
1 HP-BIO-KPMC/KPIF-ON/il-fw-splunk-logclient/KPMCIntLayer/Development/il-ms-extract-billing-covered-ca-carrier-fee-transformer
1 HP-BIO-KPMC/KPIF-ON/il-fw-splunk-logclient/KPMCIntLayer/Development/il-ms-extract-billing-cdph-pmt-instructions-transformer
1 HP-BIO-KPMC/KPIF-ON/il-fw-splunk-logclient/KPMCIntLayer/Development/il-ms-extract-billing-carrier-actn-validation-rpt-transformer
1 HP-BIO-KPMC/KPIF-ON/il-fw-splunk-logclient/KPMCIntLayer/Development/il-ms-extract-billing-carrier-action-dspte-dspston-transformer
1 HP-BIO-KPMC/KPIF-ON/il-fw-splunk-logclient/KPMCIntLayer/Development/il-ms-extract-billing-broker-compensation-transformer
1 HP-BIO-KPMC/KPIF-ON/il-fw-splunk-logclient/KPMCIntLayer/Development/il-ms-extract-avesisopticaleligibility-transformer
1 HP-BIO-KPMC/KPIF-ON/il-fw-splunk-logclient/KPMCIntLayer/Development/il-ms-extract-BGFTPWAS-transformer
1 HP-BIO-KPMC/KPIF-ON/il-fw-splunk-logclient/KPMCIntLayer/Development/il-ms-extene-exchange-outcomes-report
1 HP-BIO-KPMC/KPIF-ON/il-fw-splunk-logclient/KPMCIntLayer/Development/il-ms-ene-full-carrier-audit-test
1 HP-BIO-KPMC/KPIF-ON/il-fw-splunk-logclient/KPMCIntLayer/Development/il-ms-ene-ffm-dispute-response-transformer
1 HP-BIO-KPMC/KPIF-ON/il-fw-splunk-logclient/KPMCIntLayer/Development/il-ms-ene-cover-ca-weekly-audit-file-test
1 HP-BIO-KPMC/KPIF-ON/il-fw-splunk-logclient/KPMCIntLayer/Development/il-ms-ene-cover-ca-issuer-resp-file-test
1 HP-BIO-KPMC/KPIF-ON/il-fw-splunk-logclient/KPMCIntLayer/Development/il-ms-ene-cover-ca-gobk-resp-ext-test
1 HP-BIO-KPMC/KPIF-ON/il-fw-splunk-logclient/KPMCIntLayer/Development/il-ms-ene-ca-dispute-response-transformer
1 HP-BIO-KPMC/KPIF-ON/il-fw-splunk-logclient/KPMCIntLayer/Development/il-ms-ene-bndr-pymt-fulfill-prcssr-test
1 HP-BIO-KPMC/KPIF-ON/il-fw-splunk-logclient/KPMCIntLayer/Development/il-ms-datahub-transformer-ene-ffm-preaudit
1 HP-BIO-KPMC/KPIF-ON/il-fw-splunk-logclient/KPMCIntLayer/Development/il-ms-datahub-transformer-ene-co-rcno
1 HP-BIO-KPMC/KPIF-ON/il-fw-splunk-logclient/KPMCIntLayer/Development/il-ms-datahub-loader-writer-error-report
1 HP-BIO-KPMC/KPIF-ON/il-fw-splunk-logclient/KPMCIntLayer/Development/il-ms-datahub-load-lockboxboa-147
1 HP-BIO-KPMC/KPIF-ON/il-fw-splunk-logclient/KPMCIntLayer/Development/il-ms-datahub-load-ene-tpp-augment-gold
1 HP-BIO-KPMC/KPIF-ON/il-fw-splunk-logclient/KPMCIntLayer/Development/il-ms-datahub-load-ene-haw-ffm-pap-tpp-augment
1 HP-BIO-KPMC/KPIF-ON/il-fw-splunk-logclient/KPMCIntLayer/Development/il-ms-datahub-load-ene-ffm-proactive-outreach-response
1 HP-BIO-KPMC/KPIF-ON/il-fw-splunk-logclient/KPMCIntLayer/Development/il-ms-datahub-load-ene-ffm-dispute-response
1 HP-BIO-KPMC/KPIF-ON/il-fw-splunk-logclient/KPMCIntLayer/Development/il-ms-datahub-load-ene-cover-ca-weekly-audit-file
1 HP-BIO-KPMC/KPIF-ON/il-fw-splunk-logclient/KPMCIntLayer/Development/il-ms-datahub-load-ene-cover-ca-gobk-resp-ext
1 HP-BIO-KPMC/KPIF-ON/il-fw-splunk-logclient/KPMCIntLayer/Development/il-ms-datahub-load-ene-co-rcno
1 HP-BIO-KPMC/KPIF-ON/il-fw-splunk-logclient/KPMCIntLayer/Development/il-ms-datahub-load-ene-carrier-financial
1 HP-BIO-KPMC/KPIF-ON/il-fw-splunk-logclient/KPMCIntLayer/Development/il-ms-datahub-load-ene-carrier-enrollment
1 HP-BIO-KPMC/KPIF-ON/il-fw-splunk-logclient/KPMCIntLayer/Development/il-ms-datahub-load-ene-ca-gbfp
1 HP-BIO-KPMC/KPIF-ON/il-fw-splunk-logclient/KPMCIntLayer/Development/il-ms-datahub-load-ene-ca-dispute-response
1 HP-BIO-KPMC/KPIF-ON/il-fw-splunk-logclient/KPMCIntLayer/Development/il-ms-datahub-load-billing-state-subsidy-pmt-instructions
1 HP-BIO-KPMC/KPIF-ON/il-fw-splunk-logclient/KPMCIntLayer/Development/il-ms-datahub-load-billing-on-198
1 HP-BIO-KPMC/KPIF-ON/il-fw-splunk-logclient/KPMCIntLayer/Development/il-ms-datahub-load-billing-on-137
1 HP-BIO-KPMC/KPIF-ON/il-fw-splunk-logclient/KPMCIntLayer/Development/il-ms-datahub-load-billing-on-136
1 HP-BIO-KPMC/KPIF-ON/il-fw-splunk-logclient/KPMCIntLayer/Development/il-ms-datahub-load-billing-mcd-san-manteo
1 HP-BIO-KPMC/KPIF-ON/il-fw-splunk-logclient/KPMCIntLayer/Development/il-ms-datahub-load-billing-mcd-phc
1 HP-BIO-KPMC/KPIF-ON/il-fw-splunk-logclient/KPMCIntLayer/Development/il-ms-datahub-load-billing-mcd-contra-costa
1 HP-BIO-KPMC/KPIF-ON/il-fw-splunk-logclient/KPMCIntLayer/Development/il-ms-datahub-load-billing-mcaid-va-premier
1 HP-BIO-KPMC/KPIF-ON/il-fw-splunk-logclient/KPMCIntLayer/Development/il-ms-datahub-load-billing-mcaid-santa-clara
1 HP-BIO-KPMC/KPIF-ON/il-fw-splunk-logclient/KPMCIntLayer/Development/il-ms-datahub-load-billing-mcaid-san-joaquin
1 HP-BIO-KPMC/KPIF-ON/il-fw-splunk-logclient/KPMCIntLayer/Development/il-ms-datahub-load-billing-mcaid-san-fran
1 HP-BIO-KPMC/KPIF-ON/il-fw-splunk-logclient/KPMCIntLayer/Development/il-ms-datahub-load-billing-mcaid-pmt-instructions
1 HP-BIO-KPMC/KPIF-ON/il-fw-splunk-logclient/KPMCIntLayer/Development/il-ms-datahub-load-billing-mcaid-molina
1 HP-BIO-KPMC/KPIF-ON/il-fw-splunk-logclient/KPMCIntLayer/Development/il-ms-datahub-load-billing-mcaid-md
1 HP-BIO-KPMC/KPIF-ON/il-fw-splunk-logclient/KPMCIntLayer/Development/il-ms-datahub-load-billing-mcaid-la-care
1 HP-BIO-KPMC/KPIF-ON/il-fw-splunk-logclient/KPMCIntLayer/Development/il-ms-datahub-load-billing-mcaid-inland-empire
1 HP-BIO-KPMC/KPIF-ON/il-fw-splunk-logclient/KPMCIntLayer/Development/il-ms-datahub-load-billing-mcaid-gold-coast
1 HP-BIO-KPMC/KPIF-ON/il-fw-splunk-logclient/KPMCIntLayer/Development/il-ms-datahub-load-billing-mcaid-cal-optima
1 HP-BIO-KPMC/KPIF-ON/il-fw-splunk-logclient/KPMCIntLayer/Development/il-ms-datahub-load-billing-mcaid-alameda
1 HP-BIO-KPMC/KPIF-ON/il-fw-splunk-logclient/KPMCIntLayer/Development/il-ms-datahub-load-billing-i820-subsidy
1 HP-BIO-KPMC/KPIF-ON/il-fw-splunk-logclient/KPMCIntLayer/Development/il-ms-datahub-load-billing-covered-ca-carrier-fee
1 HP-BIO-KPMC/KPIF-ON/il-fw-splunk-logclient/KPMCIntLayer/Development/il-ms-datahub-load-billing-cdph-pmt-instructions
1 HP-BIO-KPMC/KPIF-ON/il-fw-splunk-logclient/KPMCIntLayer/Development/il-ms-datahub-load-billing-carrier-action-validation-report
1 HP-BIO-KPMC/KPIF-ON/il-fw-splunk-logclient/KPMCIntLayer/Development/il-ms-datahub-load-billing-carrier-action-dspte-dspston
1 HP-BIO-KPMC/KPIF-ON/il-fw-splunk-logclient/KPMCIntLayer/Development/il-ms-crm-dispute-message-publisher
1 HP-BIO-KPMC/KPIF-ON/il-fw-splunk-logclient/KPMCIntLayer/Development/il-ms-crm-crosswalk
1 HP-BIO-KPMC/KPIF-ON/il-fw-splunk-logclient/KPMCIntLayer/Development/il-ms-coverage-test
1 HP-BIO-KPMC/KPIF-ON/il-fw-splunk-logclient/KPMCIntLayer/Development/il-ms-comparator-ene-covered-ca-carrier-action
1 HP-BIO-KPMC/KPIF-ON/il-fw-splunk-logclient/KPMCIntLayer/Development/il-ms-comparator-ene-ca-gbfp-report
1 HP-BIO-KPMC/KPIF-ON/il-fw-splunk-logclient/KPMCIntLayer/Development/il-ms-comparator
1 HP-BIO-KPMC/KPIF-ON/il-fw-splunk-logclient/KPMCIntLayer/Development/il-ms-cms-pmt-instructions-test
1 HP-BIO-KPMC/KPIF-ON/il-fw-splunk-logclient/KPMCIntLayer/Development/il-ms-cano-bprs-test
1 HP-BIO-KPMC/KPIF-ON/il-fw-splunk-logclient/KPMCIntLayer/Development/il-ms-cac-ormb-test
1 HP-BIO-KPMC/KPIF-ON/il-fw-splunk-logclient/KPMCIntLayer/Development/il-ms-cac-epic-test
1 HP-BIO-KPMC/KPIF-ON/il-fw-splunk-logclient/KPMCIntLayer/Development/il-ms-cac-emws-test
1 HP-BIO-KPMC/KPIF-ON/il-fw-splunk-logclient/KPMCIntLayer/Development/il-ms-billing-tpp-pmt-instructions-test
1 HP-BIO-KPMC/KPIF-ON/il-fw-splunk-logclient/KPMCIntLayer/Development/il-ms-billing-state-subsidy-pmt-instructions-test
1 HP-BIO-KPMC/KPIF-ON/il-fw-splunk-logclient/KPMCIntLayer/Development/il-ms-billing-lockbox-wfargo-test
1 HP-BIO-KPMC/KPIF-ON/il-fw-splunk-logclient/KPMCIntLayer/Development/il-ms-billing-covered-ca-carrier-fee-test
1 HP-BIO-KPMC/KPIF-ON/il-fw-splunk-logclient/KPMCIntLayer/Development/il-ms-billing-cms-pmt-instructions-test
1 HP-BIO-KPMC/KPIF-ON/il-fw-splunk-logclient/KPMCIntLayer/Development/il-ms-billing-cms-pmt-instructions-f820-test
1 HP-BIO-KPMC/KPIF-ON/il-fw-splunk-logclient/KPMCIntLayer/Development/il-ms-billing-cdph-pmt-instructions-test
1 HP-BIO-KPMC/KPIF-ON/il-fw-splunk-logclient/KPMCIntLayer/Development/il-ms-billing-broker-compensation-test
1 HP-BIO-KPMC/KPIF-ON/il-fw-splunk-logclient/KPMCIntLayer/Development/il-ms-acimpspaymentupdate-transformer
1 HP-BIO-KPMC/KPIF-ON/il-fw-splunk-logclient/KPMCIntLayer/Development/il-fw-tams-applogger
1 HP-BIO-KPMC/KPIF-ON/il-fw-splunk-logclient/KPMCIntLayer/Development/il-fw-splunk-logclient
1 HP-BIO-KPMC/KPIF-ON/il-fw-splunk-logclient/KPMCIntLayer/Development/il-fw-sftp-service
1 HP-BIO-KPMC/KPIF-ON/il-fw-splunk-logclient/KPMCIntLayer/Development/il-fw-servicenow
1 HP-BIO-KPMC/KPIF-ON/il-fw-splunk-logclient/KPMCIntLayer/Development/il-fw-metrics
1 HP-BIO-KPMC/KPIF-ON/il-fw-splunk-logclient/KPMCIntLayer/Development/il-fw-kafka-azclient
1 HP-BIO-KPMC/KPIF-ON/il-fw-splunk-logclient/KPMCIntLayer/Development/il-fw-datahub-load
1 HP-BIO-KPMC/KPIF-ON/il-fw-splunk-logclient/KPMCIntLayer/Development/il-fw-batch-excel
1 HP-BIO-KPMC/KPIF-ON/il-fw-splunk-logclient/KPMCIntLayer/Development/il-extract-mcaid-dem-welkit-va-transformer
1 HP-BIO-KPMC/KPIF-ON/il-fw-splunk-logclient/KPMCIntLayer/Development/il-ene-md-discrepancy-test-157
1 HP-BIO-KPMC/KPIF-ON/il-fw-splunk-logclient/KPMCIntLayer/Development/il-ene-md-discrepancy-reportgen
1 HP-BIO-KPMC/KPIF-ON/il-fw-splunk-logclient/KPMCIntLayer/Development/il-ene-md-discrepancy-fileload
1 HP-BIO-KPMC/KPIF-ON/il-fw-splunk-logclient/KPMCIntLayer/Development/il-ene-md-discrepancy-datacompare
1 HP-BIO-KPMC/KPIF-ON/il-fw-splunk-logclient/KPMCIntLayer/Development/il-ene-dc-discrepancy-test-158
1 HP-BIO-KPMC/KPIF-ON/il-fw-splunk-logclient/KPMCIntLayer/Development/il-ene-dc-discrepancy-reportgen
1 HP-BIO-KPMC/KPIF-ON/il-fw-splunk-logclient/KPMCIntLayer/Development/il-ene-dc-discrepancy-fileload
1 HP-BIO-KPMC/KPIF-ON/il-fw-splunk-logclient/KPMCIntLayer/Development/il-ene-dc-discrepancy-datacompare
1 HP-BIO-KPMC/KPIF-ON/il-fw-splunk-logclient/KPMCIntLayer/Development/il-datahub-maintenance-util
1 HP-BIO-KPMC/KPIF-ON/il-fw-splunk-logclient/KPMCIntLayer/Development/il-datahub-load-tmsbenefit
1 HP-BIO-KPMC/KPIF-ON/il-fw-splunk-logclient/KPMCIntLayer/Development/il-datahub-load-lockbox-nw
1 HP-BIO-KPMC/KPIF-ON/il-fw-splunk-logclient/KPMCIntLayer/Development/il-datahub-load-cm-benefit-choice-copay
1 HP-BIO-KPMC/KPIF-ON/il-fw-splunk-logclient/KPMCIntLayer/Development/il-datahub-collect-stats
1 HP-BIO-KPMC/KPIF-ON/il-fw-splunk-logclient/KPMCIntLayer/Development/il-cast-rbctool
1 HP-BIO-KPMC/KPIF-ON/il-fw-splunk-logclient/KPMCIntLayer/Development/il-batch-outbound-bcsrockmonthly-transformer
1 HP-BIO-KPMC/KPIF-ON/il-fw-splunk-logclient/KPMCIntLayer/Development/il-batch-bcsextract-filewriter
1 HP-BIO-KPMC/KPIF-ON/il-fw-splunk-logclient/KPMCIntLayer/DevOps_Release/ormb-bill-cycles-run-validation
1 HP-BIO-KPMC/KPIF-ON/il-fw-splunk-logclient/KPMCIntLayer/DevOps_Release/il-ms-tpp-pap-hi-crm-msg-publisher
1 HP-BIO-KPMC/KPIF-ON/il-fw-splunk-logclient/KPMCIntLayer/DevOps_Release/il-ms-memberupdate-processor-test
1 HP-BIO-KPMC/KPIF-ON/il-fw-splunk-logclient/KPMCIntLayer/DevOps_Release/il-ms-memberterminatei
1 HP-BIO-KPMC/KPIF-ON/il-fw-splunk-logclient/KPMCIntLayer/DevOps_Release/il-ms-memberterminate-legacy
1 HP-BIO-KPMC/KPIF-ON/il-fw-splunk-logclient/KPMCIntLayer/DevOps_Release/il-ms-memberhistory
1 HP-BIO-KPMC/KPIF-ON/il-fw-splunk-logclient/KPMCIntLayer/DevOps_Release/il-ms-member-inquiry-test
1 HP-BIO-KPMC/KPIF-ON/il-fw-splunk-logclient/KPMCIntLayer/DevOps_Release/il-ms-member-delinquency-test
1 HP-BIO-KPMC/KPIF-ON/il-fw-splunk-logclient/KPMCIntLayer/DevOps_Release/il-ms-mcaid-crosswalk
1 HP-BIO-KPMC/KPIF-ON/il-fw-splunk-logclient/KPMCIntLayer/DevOps_Release/il-ms-mbrchgpub-test
1 HP-BIO-KPMC/KPIF-ON/il-fw-splunk-logclient/KPMCIntLayer/DevOps_Release/il-ms-mbrchgpub-message-generator
1 HP-BIO-KPMC/KPIF-ON/il-fw-splunk-logclient/KPMCIntLayer/DevOps_Release/il-ms-mbrchgpub-empi-adaptor-test
1 HP-BIO-KPMC/KPIF-ON/il-fw-splunk-logclient/KPMCIntLayer/DevOps_Release/il-ms-mbrchgpub-cm-demographics-adaptor-nw
1 HP-BIO-KPMC/KPIF-ON/il-fw-splunk-logclient/KPMCIntLayer/DevOps_Release/il-ms-mbrchgpub-cm-demographics-adaptor-ga
1 HP-BIO-KPMC/KPIF-ON/il-fw-splunk-logclient/KPMCIntLayer/DevOps_Release/il-ms-mbrchgpub-cm-demographics-adaptor-co
1 HP-BIO-KPMC/KPIF-ON/il-fw-splunk-logclient/KPMCIntLayer/DevOps_Release/il-ms-lockboxboa-147-test
1 HP-BIO-KPMC/KPIF-ON/il-fw-splunk-logclient/KPMCIntLayer/DevOps_Release/il-ms-kpmcmrnsearch-test
1 HP-BIO-KPMC/KPIF-ON/il-fw-splunk-logclient/KPMCIntLayer/DevOps_Release/il-ms-kbsql-recon-purge
1 HP-BIO-KPMC/KPIF-ON/il-fw-splunk-logclient/KPMCIntLayer/DevOps_Release/il-ms-kbsql-ppg-cvg-del-extract
1 HP-BIO-KPMC/KPIF-ON/il-fw-splunk-logclient/KPMCIntLayer/DevOps_Release/il-ms-kbsql-nsc-wqf-extract
1 HP-BIO-KPMC/KPIF-ON/il-fw-splunk-logclient/KPMCIntLayer/DevOps_Release/il-ms-kbsql-nsc-ept-extract
1 HP-BIO-KPMC/KPIF-ON/il-fw-splunk-logclient/KPMCIntLayer/DevOps_Release/il-ms-kbsql-nsc-cvg-extract
1 HP-BIO-KPMC/KPIF-ON/il-fw-splunk-logclient/KPMCIntLayer/DevOps_Release/il-ms-kbsql-nsc-cus-extract
1 HP-BIO-KPMC/KPIF-ON/il-fw-splunk-logclient/KPMCIntLayer/DevOps_Release/il-ms-kbsql-npd-del-extract
1 HP-BIO-KPMC/KPIF-ON/il-fw-splunk-logclient/KPMCIntLayer/DevOps_Release/il-ms-kbsql-nec-del-extract
1 HP-BIO-KPMC/KPIF-ON/il-fw-splunk-logclient/KPMCIntLayer/DevOps_Release/il-ms-kbsql-mcr-del-extract
1 HP-BIO-KPMC/KPIF-ON/il-fw-splunk-logclient/KPMCIntLayer/DevOps_Release/il-ms-kbsql-lob-del-extract
1 HP-BIO-KPMC/KPIF-ON/il-fw-splunk-logclient/KPMCIntLayer/DevOps_Release/il-ms-kbsql-list-value-stg-extract
1 HP-BIO-KPMC/KPIF-ON/il-fw-splunk-logclient/KPMCIntLayer/DevOps_Release/il-ms-kbsql-list-extracts
1 HP-BIO-KPMC/KPIF-ON/il-fw-splunk-logclient/KPMCIntLayer/DevOps_Release/il-ms-kbsql-iit-del-extract
1 HP-BIO-KPMC/KPIF-ON/il-fw-splunk-logclient/KPMCIntLayer/DevOps_Release/il-ms-kbsql-hno-txt-del-extract
1 HP-BIO-KPMC/KPIF-ON/il-fw-splunk-logclient/KPMCIntLayer/DevOps_Release/il-ms-kbsql-hno-ref-del-extract
1 HP-BIO-KPMC/KPIF-ON/il-fw-splunk-logclient/KPMCIntLayer/DevOps_Release/il-ms-kbsql-hno-del-extract
1 HP-BIO-KPMC/KPIF-ON/il-fw-splunk-logclient/KPMCIntLayer/DevOps_Release/il-ms-kbsql-epm-del-extract
1 HP-BIO-KPMC/KPIF-ON/il-fw-splunk-logclient/KPMCIntLayer/DevOps_Release/il-ms-kbsql-eci-del-extract
1 HP-BIO-KPMC/KPIF-ON/il-fw-splunk-logclient/KPMCIntLayer/DevOps_Release/il-ms-kbsql-cvg-add-del-extract
1 HP-BIO-KPMC/KPIF-ON/il-fw-splunk-logclient/KPMCIntLayer/DevOps_Release/il-ms-health-insurance-product-test
1 HP-BIO-KPMC/KPIF-ON/il-fw-splunk-logclient/KPMCIntLayer/DevOps_Release/il-ms-groupupdate-processor-test
1 HP-BIO-KPMC/KPIF-ON/il-fw-splunk-logclient/KPMCIntLayer/DevOps_Release/il-ms-fw-kafka-interface-test
1 HP-BIO-KPMC/KPIF-ON/il-fw-splunk-logclient/KPMCIntLayer/DevOps_Release/il-ms-fs-mrn-tapmem-processor
1 HP-BIO-KPMC/KPIF-ON/il-fw-splunk-logclient/KPMCIntLayer/DevOps_Release/il-ms-familyinquiry
1 HP-BIO-KPMC/KPIF-ON/il-fw-splunk-logclient/KPMCIntLayer/DevOps_Release/il-ms-extract-tpp-pap-id-report-hi-test
1 HP-BIO-KPMC/KPIF-ON/il-fw-splunk-logclient/KPMCIntLayer/DevOps_Release/il-ms-extract-tpp-pap-id-report-hi
1 HP-BIO-KPMC/KPIF-ON/il-fw-splunk-logclient/KPMCIntLayer/DevOps_Release/il-ms-extract-tpp-invoice-test
1 HP-BIO-KPMC/KPIF-ON/il-fw-splunk-logclient/KPMCIntLayer/DevOps_Release/il-ms-extract-sampledemo-transformer
1 HP-BIO-KPMC/KPIF-ON/il-fw-splunk-logclient/KPMCIntLayer/DevOps_Release/il-ms-extract-pre-sor-filereader
1 HP-BIO-KPMC/KPIF-ON/il-fw-splunk-logclient/KPMCIntLayer/DevOps_Release/il-ms-extract-mcaid-va-transport-transformer
1 HP-BIO-KPMC/KPIF-ON/il-fw-splunk-logclient/KPMCIntLayer/DevOps_Release/il-ms-extract-mcaid-fulfill-mas-transformer
1 HP-BIO-KPMC/KPIF-ON/il-fw-splunk-logclient/KPMCIntLayer/DevOps_Release/il-ms-extract-mcaid-error-analyzer
1 HP-BIO-KPMC/KPIF-ON/il-fw-splunk-logclient/KPMCIntLayer/DevOps_Release/il-ms-extract-mb446ft2chgrpt-transformer
1 HP-BIO-KPMC/KPIF-ON/il-fw-splunk-logclient/KPMCIntLayer/DevOps_Release/il-ms-extract-mb446ft2-test
1 HP-BIO-KPMC/KPIF-ON/il-fw-splunk-logclient/KPMCIntLayer/DevOps_Release/il-ms-extract-lockboxboa-147-transformer
1 HP-BIO-KPMC/KPIF-ON/il-fw-splunk-logclient/KPMCIntLayer/DevOps_Release/il-ms-extract-kpwamarketprominence-test
1 HP-BIO-KPMC/KPIF-ON/il-fw-splunk-logclient/KPMCIntLayer/DevOps_Release/il-ms-extract-kpwa-empi-test
1 HP-BIO-KPMC/KPIF-ON/il-fw-splunk-logclient/KPMCIntLayer/DevOps_Release/il-ms-extract-hawaiidentalservices36-transformer
1 HP-BIO-KPMC/KPIF-ON/il-fw-splunk-logclient/KPMCIntLayer/DevOps_Release/il-ms-extract-ene-membershipenrollmentsc-transformer
1 HP-BIO-KPMC/KPIF-ON/il-fw-splunk-logclient/KPMCIntLayer/DevOps_Release/il-ms-extract-ene-membershipenrollmentsc-test
1 HP-BIO-KPMC/KPIF-ON/il-fw-splunk-logclient/KPMCIntLayer/DevOps_Release/il-ms-extract-ene-membershipenrollmentnc-transformer
1 HP-BIO-KPMC/KPIF-ON/il-fw-splunk-logclient/KPMCIntLayer/DevOps_Release/il-ms-extract-ene-dispute-sub-wahbe-transformer
1 HP-BIO-KPMC/KPIF-ON/il-fw-splunk-logclient/KPMCIntLayer/DevOps_Release/il-ms-extract-ene-dispute-sub-wahbe-file-generator
1 HP-BIO-KPMC/KPIF-ON/il-fw-splunk-logclient/KPMCIntLayer/DevOps_Release/il-ms-extract-ene-dispute-sub-ffm-filegenerator
1 HP-BIO-KPMC/KPIF-ON/il-fw-splunk-logclient/KPMCIntLayer/DevOps_Release/il-ms-extract-ene-dispute-sub-ca-transformer
1 HP-BIO-KPMC/KPIF-ON/il-fw-splunk-logclient/KPMCIntLayer/DevOps_Release/il-ms-extract-ene-cover-ca-weekly-audit-file-transformer
1 HP-BIO-KPMC/KPIF-ON/il-fw-splunk-logclient/KPMCIntLayer/DevOps_Release/il-ms-extract-ene-cover-ca-issuer-resp-file-transformer
1 HP-BIO-KPMC/KPIF-ON/il-fw-splunk-logclient/KPMCIntLayer/DevOps_Release/il-ms-extract-ene-cover-ca-gobk-resp-ext-transformer
1 HP-BIO-KPMC/KPIF-ON/il-fw-splunk-logclient/KPMCIntLayer/DevOps_Release/il-ms-extract-demcvgwa-status-reportgen
1 HP-BIO-KPMC/KPIF-ON/il-fw-splunk-logclient/KPMCIntLayer/DevOps_Release/il-ms-extract-demcvgwa-dqr-test
1 HP-BIO-KPMC/KPIF-ON/il-fw-splunk-logclient/KPMCIntLayer/DevOps_Release/il-ms-extract-demcvgwa-dqr-reportgen
1 HP-BIO-KPMC/KPIF-ON/il-fw-splunk-logclient/KPMCIntLayer/DevOps_Release/il-ms-extract-deltadentaleligco-transformer
1 HP-BIO-KPMC/KPIF-ON/il-fw-splunk-logclient/KPMCIntLayer/DevOps_Release/il-ms-extract-chironeteligibilitynw-transformer
1 HP-BIO-KPMC/KPIF-ON/il-fw-splunk-logclient/KPMCIntLayer/DevOps_Release/il-ms-extract-ca-soldplan-cac-test
1 HP-BIO-KPMC/KPIF-ON/il-fw-splunk-logclient/KPMCIntLayer/DevOps_Release/il-ms-extract-broker-member-transformer
1 HP-BIO-KPMC/KPIF-ON/il-fw-splunk-logclient/KPMCIntLayer/DevOps_Release/il-ms-extract-billing-state-subsidy-pmt-instructions-transformer
1 HP-BIO-KPMC/KPIF-ON/il-fw-splunk-logclient/KPMCIntLayer/DevOps_Release/il-ms-extract-billing-on-198-transformer
1 HP-BIO-KPMC/KPIF-ON/il-fw-splunk-logclient/KPMCIntLayer/DevOps_Release/il-ms-extract-billing-on-137-transformer
1 HP-BIO-KPMC/KPIF-ON/il-fw-splunk-logclient/KPMCIntLayer/DevOps_Release/il-ms-extract-billing-on-136-transformer
1 HP-BIO-KPMC/KPIF-ON/il-fw-splunk-logclient/KPMCIntLayer/DevOps_Release/il-ms-extract-billing-mcd-san-manteo-transformer
1 HP-BIO-KPMC/KPIF-ON/il-fw-splunk-logclient/KPMCIntLayer/DevOps_Release/il-ms-extract-billing-mcd-phc-transformer
1 HP-BIO-KPMC/KPIF-ON/il-fw-splunk-logclient/KPMCIntLayer/DevOps_Release/il-ms-extract-billing-mcd-contra-costa-transformer
1 HP-BIO-KPMC/KPIF-ON/il-fw-splunk-logclient/KPMCIntLayer/DevOps_Release/il-ms-extract-billing-mcaid-va-premier-transformer
1 HP-BIO-KPMC/KPIF-ON/il-fw-splunk-logclient/KPMCIntLayer/DevOps_Release/il-ms-extract-billing-mcaid-santa-clara-transformer
1 HP-BIO-KPMC/KPIF-ON/il-fw-splunk-logclient/KPMCIntLayer/DevOps_Release/il-ms-extract-billing-mcaid-san-joaquin-transformer
1 HP-BIO-KPMC/KPIF-ON/il-fw-splunk-logclient/KPMCIntLayer/DevOps_Release/il-ms-extract-billing-mcaid-san-fran-transformer
1 HP-BIO-KPMC/KPIF-ON/il-fw-splunk-logclient/KPMCIntLayer/DevOps_Release/il-ms-extract-billing-mcaid-pmt-instructions-transformer
1 HP-BIO-KPMC/KPIF-ON/il-fw-splunk-logclient/KPMCIntLayer/DevOps_Release/il-ms-extract-billing-mcaid-molina-transformer
1 HP-BIO-KPMC/KPIF-ON/il-fw-splunk-logclient/KPMCIntLayer/DevOps_Release/il-ms-extract-billing-mcaid-md-transformer
1 HP-BIO-KPMC/KPIF-ON/il-fw-splunk-logclient/KPMCIntLayer/DevOps_Release/il-ms-extract-billing-mcaid-la-care-transformer
1 HP-BIO-KPMC/KPIF-ON/il-fw-splunk-logclient/KPMCIntLayer/DevOps_Release/il-ms-extract-billing-mcaid-inland-empire-transformer
1 HP-BIO-KPMC/KPIF-ON/il-fw-splunk-logclient/KPMCIntLayer/DevOps_Release/il-ms-extract-billing-mcaid-gold-coast-transformer
1 HP-BIO-KPMC/KPIF-ON/il-fw-splunk-logclient/KPMCIntLayer/DevOps_Release/il-ms-extract-billing-mcaid-cal-optima-transformer
1 HP-BIO-KPMC/KPIF-ON/il-fw-splunk-logclient/KPMCIntLayer/DevOps_Release/il-ms-extract-billing-mcaid-alameda-transformer
1 HP-BIO-KPMC/KPIF-ON/il-fw-splunk-logclient/KPMCIntLayer/DevOps_Release/il-ms-extract-billing-i820-subsidy-transformer
1 HP-BIO-KPMC/KPIF-ON/il-fw-splunk-logclient/KPMCIntLayer/DevOps_Release/il-ms-extract-billing-covered-ca-carrier-fee-transformer
1 HP-BIO-KPMC/KPIF-ON/il-fw-splunk-logclient/KPMCIntLayer/DevOps_Release/il-ms-extract-billing-cdph-pmt-instructions-transformer
1 HP-BIO-KPMC/KPIF-ON/il-fw-splunk-logclient/KPMCIntLayer/DevOps_Release/il-ms-extract-billing-carrier-actn-validation-rpt-transformer
1 HP-BIO-KPMC/KPIF-ON/il-fw-splunk-logclient/KPMCIntLayer/DevOps_Release/il-ms-extract-billing-carrier-action-dspte-dspston-transformer
1 HP-BIO-KPMC/KPIF-ON/il-fw-splunk-logclient/KPMCIntLayer/DevOps_Release/il-ms-extract-billing-broker-compensation-transformer
1 HP-BIO-KPMC/KPIF-ON/il-fw-splunk-logclient/KPMCIntLayer/DevOps_Release/il-ms-extene-exchange-outcomes-report
1 HP-BIO-KPMC/KPIF-ON/il-fw-splunk-logclient/KPMCIntLayer/DevOps_Release/il-ms-ene-full-carrier-audit-test
1 HP-BIO-KPMC/KPIF-ON/il-fw-splunk-logclient/KPMCIntLayer/DevOps_Release/il-ms-ene-ffm-dispute-response-transformer
1 HP-BIO-KPMC/KPIF-ON/il-fw-splunk-logclient/KPMCIntLayer/DevOps_Release/il-ms-ene-cover-ca-weekly-audit-file-test
1 HP-BIO-KPMC/KPIF-ON/il-fw-splunk-logclient/KPMCIntLayer/DevOps_Release/il-ms-ene-cover-ca-issuer-resp-file-test
1 HP-BIO-KPMC/KPIF-ON/il-fw-splunk-logclient/KPMCIntLayer/DevOps_Release/il-ms-ene-cover-ca-gobk-resp-ext-test
1 HP-BIO-KPMC/KPIF-ON/il-fw-splunk-logclient/KPMCIntLayer/DevOps_Release/il-ms-ene-ca-dispute-response-transformer
1 HP-BIO-KPMC/KPIF-ON/il-fw-splunk-logclient/KPMCIntLayer/DevOps_Release/il-ms-ene-bndr-pymt-fulfill-prcssr-test
1 HP-BIO-KPMC/KPIF-ON/il-fw-splunk-logclient/KPMCIntLayer/DevOps_Release/il-ms-datahub-transformer-ene-co-rcno
1 HP-BIO-KPMC/KPIF-ON/il-fw-splunk-logclient/KPMCIntLayer/DevOps_Release/il-ms-datahub-loader-writer-error-report
1 HP-BIO-KPMC/KPIF-ON/il-fw-splunk-logclient/KPMCIntLayer/DevOps_Release/il-ms-datahub-load-lockboxboa-147
1 HP-BIO-KPMC/KPIF-ON/il-fw-splunk-logclient/KPMCIntLayer/DevOps_Release/il-ms-datahub-load-ene-ffm-proactive-outreach-response
1 HP-BIO-KPMC/KPIF-ON/il-fw-splunk-logclient/KPMCIntLayer/DevOps_Release/il-ms-datahub-load-ene-ffm-dispute-response
1 HP-BIO-KPMC/KPIF-ON/il-fw-splunk-logclient/KPMCIntLayer/DevOps_Release/il-ms-datahub-load-ene-cover-ca-weekly-audit-file
1 HP-BIO-KPMC/KPIF-ON/il-fw-splunk-logclient/KPMCIntLayer/DevOps_Release/il-ms-datahub-load-ene-cover-ca-gobk-resp-ext
1 HP-BIO-KPMC/KPIF-ON/il-fw-splunk-logclient/KPMCIntLayer/DevOps_Release/il-ms-datahub-load-ene-co-rcno
1 HP-BIO-KPMC/KPIF-ON/il-fw-splunk-logclient/KPMCIntLayer/DevOps_Release/il-ms-datahub-load-ene-carrier-financial
1 HP-BIO-KPMC/KPIF-ON/il-fw-splunk-logclient/KPMCIntLayer/DevOps_Release/il-ms-datahub-load-ene-carrier-enrollment
1 HP-BIO-KPMC/KPIF-ON/il-fw-splunk-logclient/KPMCIntLayer/DevOps_Release/il-ms-datahub-load-ene-ca-gbfp
1 HP-BIO-KPMC/KPIF-ON/il-fw-splunk-logclient/KPMCIntLayer/DevOps_Release/il-ms-datahub-load-ene-ca-dispute-response
1 HP-BIO-KPMC/KPIF-ON/il-fw-splunk-logclient/KPMCIntLayer/DevOps_Release/il-ms-datahub-load-billing-state-subsidy-pmt-instructions
1 HP-BIO-KPMC/KPIF-ON/il-fw-splunk-logclient/KPMCIntLayer/DevOps_Release/il-ms-datahub-load-billing-mcd-san-manteo
1 HP-BIO-KPMC/KPIF-ON/il-fw-splunk-logclient/KPMCIntLayer/DevOps_Release/il-ms-datahub-load-billing-mcd-phc
1 HP-BIO-KPMC/KPIF-ON/il-fw-splunk-logclient/KPMCIntLayer/DevOps_Release/il-ms-datahub-load-billing-mcd-contra-costa
1 HP-BIO-KPMC/KPIF-ON/il-fw-splunk-logclient/KPMCIntLayer/DevOps_Release/il-ms-datahub-load-billing-mcaid-va-premier
1 HP-BIO-KPMC/KPIF-ON/il-fw-splunk-logclient/KPMCIntLayer/DevOps_Release/il-ms-datahub-load-billing-mcaid-santa-clara
1 HP-BIO-KPMC/KPIF-ON/il-fw-splunk-logclient/KPMCIntLayer/DevOps_Release/il-ms-datahub-load-billing-mcaid-san-joaquin
1 HP-BIO-KPMC/KPIF-ON/il-fw-splunk-logclient/KPMCIntLayer/DevOps_Release/il-ms-datahub-load-billing-mcaid-san-fran
1 HP-BIO-KPMC/KPIF-ON/il-fw-splunk-logclient/KPMCIntLayer/DevOps_Release/il-ms-datahub-load-billing-mcaid-pmt-instructions
1 HP-BIO-KPMC/KPIF-ON/il-fw-splunk-logclient/KPMCIntLayer/DevOps_Release/il-ms-datahub-load-billing-mcaid-molina
1 HP-BIO-KPMC/KPIF-ON/il-fw-splunk-logclient/KPMCIntLayer/DevOps_Release/il-ms-datahub-load-billing-mcaid-md
1 HP-BIO-KPMC/KPIF-ON/il-fw-splunk-logclient/KPMCIntLayer/DevOps_Release/il-ms-datahub-load-billing-mcaid-la-care
1 HP-BIO-KPMC/KPIF-ON/il-fw-splunk-logclient/KPMCIntLayer/DevOps_Release/il-ms-datahub-load-billing-mcaid-inland-empire
1 HP-BIO-KPMC/KPIF-ON/il-fw-splunk-logclient/KPMCIntLayer/DevOps_Release/il-ms-datahub-load-billing-mcaid-gold-coast
1 HP-BIO-KPMC/KPIF-ON/il-fw-splunk-logclient/KPMCIntLayer/DevOps_Release/il-ms-datahub-load-billing-mcaid-cal-optima
1 HP-BIO-KPMC/KPIF-ON/il-fw-splunk-logclient/KPMCIntLayer/DevOps_Release/il-ms-datahub-load-billing-mcaid-alameda
1 HP-BIO-KPMC/KPIF-ON/il-fw-splunk-logclient/KPMCIntLayer/DevOps_Release/il-ms-datahub-load-billing-i820-subsidy
1 HP-BIO-KPMC/KPIF-ON/il-fw-splunk-logclient/KPMCIntLayer/DevOps_Release/il-ms-datahub-load-billing-covered-ca-carrier-fee
1 HP-BIO-KPMC/KPIF-ON/il-fw-splunk-logclient/KPMCIntLayer/DevOps_Release/il-ms-datahub-load-billing-cdph-pmt-instructions
1 HP-BIO-KPMC/KPIF-ON/il-fw-splunk-logclient/KPMCIntLayer/DevOps_Release/il-ms-datahub-load-billing-carrier-action-validation-report
1 HP-BIO-KPMC/KPIF-ON/il-fw-splunk-logclient/KPMCIntLayer/DevOps_Release/il-ms-datahub-load-billing-carrier-action-dspte-dspston
1 HP-BIO-KPMC/KPIF-ON/il-fw-splunk-logclient/KPMCIntLayer/DevOps_Release/il-ms-crm-dispute-message-publisher
1 HP-BIO-KPMC/KPIF-ON/il-fw-splunk-logclient/KPMCIntLayer/DevOps_Release/il-ms-crm-crosswalk
1 HP-BIO-KPMC/KPIF-ON/il-fw-splunk-logclient/KPMCIntLayer/DevOps_Release/il-ms-coverage-test
1 HP-BIO-KPMC/KPIF-ON/il-fw-splunk-logclient/KPMCIntLayer/DevOps_Release/il-ms-comparator-ene-covered-ca-carrier-action
1 HP-BIO-KPMC/KPIF-ON/il-fw-splunk-logclient/KPMCIntLayer/DevOps_Release/il-ms-comparator-ene-ca-gbfp-report
1 HP-BIO-KPMC/KPIF-ON/il-fw-splunk-logclient/KPMCIntLayer/DevOps_Release/il-ms-comparator
1 HP-BIO-KPMC/KPIF-ON/il-fw-splunk-logclient/KPMCIntLayer/DevOps_Release/il-ms-cano-bprs-test
1 HP-BIO-KPMC/KPIF-ON/il-fw-splunk-logclient/KPMCIntLayer/DevOps_Release/il-ms-cac-ormb-test
1 HP-BIO-KPMC/KPIF-ON/il-fw-splunk-logclient/KPMCIntLayer/DevOps_Release/il-ms-cac-epic-test
1 HP-BIO-KPMC/KPIF-ON/il-fw-splunk-logclient/KPMCIntLayer/DevOps_Release/il-ms-cac-emws-test
1 HP-BIO-KPMC/KPIF-ON/il-fw-splunk-logclient/KPMCIntLayer/DevOps_Release/il-ms-billing-tpp-pmt-instructions-test
1 HP-BIO-KPMC/KPIF-ON/il-fw-splunk-logclient/KPMCIntLayer/DevOps_Release/il-ms-billing-state-subsidy-pmt-instructions-test
1 HP-BIO-KPMC/KPIF-ON/il-fw-splunk-logclient/KPMCIntLayer/DevOps_Release/il-ms-billing-lockbox-wfargo-test
1 HP-BIO-KPMC/KPIF-ON/il-fw-splunk-logclient/KPMCIntLayer/DevOps_Release/il-ms-billing-covered-ca-carrier-fee-test
1 HP-BIO-KPMC/KPIF-ON/il-fw-splunk-logclient/KPMCIntLayer/DevOps_Release/il-ms-billing-cms-pmt-instructions-test
1 HP-BIO-KPMC/KPIF-ON/il-fw-splunk-logclient/KPMCIntLayer/DevOps_Release/il-ms-billing-cms-pmt-instructions-f820-test
1 HP-BIO-KPMC/KPIF-ON/il-fw-splunk-logclient/KPMCIntLayer/DevOps_Release/il-ms-billing-cdph-pmt-instructions-test
1 HP-BIO-KPMC/KPIF-ON/il-fw-splunk-logclient/KPMCIntLayer/DevOps_Release/il-ms-billing-broker-compensation-test
1 HP-BIO-KPMC/KPIF-ON/il-fw-splunk-logclient/KPMCIntLayer/DevOps_Release/il-fw-tams-applogger
1 HP-BIO-KPMC/KPIF-ON/il-fw-splunk-logclient/KPMCIntLayer/DevOps_Release/il-fw-splunk-logclient
1 HP-BIO-KPMC/KPIF-ON/il-fw-splunk-logclient/KPMCIntLayer/DevOps_Release/il-fw-sftp-service
1 HP-BIO-KPMC/KPIF-ON/il-fw-splunk-logclient/KPMCIntLayer/DevOps_Release/il-fw-servicenow
1 HP-BIO-KPMC/KPIF-ON/il-fw-splunk-logclient/KPMCIntLayer/DevOps_Release/il-fw-kafka-azclient
1 HP-BIO-KPMC/KPIF-ON/il-fw-splunk-logclient/KPMCIntLayer/DevOps_Release/il-fw-datahub-load
1 HP-BIO-KPMC/KPIF-ON/il-fw-splunk-logclient/KPMCIntLayer/DevOps_Release/il-fw-batch-excel
1 HP-BIO-KPMC/KPIF-ON/il-fw-splunk-logclient/KPMCIntLayer/DevOps_Release/il-extract-mcaid-dem-welkit-va-transformer
1 HP-BIO-KPMC/KPIF-ON/il-fw-splunk-logclient/KPMCIntLayer/DevOps_Release/il-ene-md-discrepancy-test-157
1 HP-BIO-KPMC/KPIF-ON/il-fw-splunk-logclient/KPMCIntLayer/DevOps_Release/il-ene-md-discrepancy-reportgen
1 HP-BIO-KPMC/KPIF-ON/il-fw-splunk-logclient/KPMCIntLayer/DevOps_Release/il-ene-md-discrepancy-fileload
1 HP-BIO-KPMC/KPIF-ON/il-fw-splunk-logclient/KPMCIntLayer/DevOps_Release/il-ene-md-discrepancy-datacompare
1 HP-BIO-KPMC/KPIF-ON/il-fw-splunk-logclient/KPMCIntLayer/DevOps_Release/il-ene-dc-discrepancy-test-158
1 HP-BIO-KPMC/KPIF-ON/il-fw-splunk-logclient/KPMCIntLayer/DevOps_Release/il-ene-dc-discrepancy-reportgen
1 HP-BIO-KPMC/KPIF-ON/il-fw-splunk-logclient/KPMCIntLayer/DevOps_Release/il-ene-dc-discrepancy-fileload
1 HP-BIO-KPMC/KPIF-ON/il-fw-splunk-logclient/KPMCIntLayer/DevOps_Release/il-ene-dc-discrepancy-datacompare
1 HP-BIO-KPMC/KPIF-ON/il-fw-splunk-logclient/KPMCIntLayer/DevOps_Release/il-datahub-maintenance-util
1 HP-BIO-KPMC/KPIF-ON/il-fw-splunk-logclient/KPMCIntLayer/DevOps_Release/il-datahub-load-tmsbenefit
1 HP-BIO-KPMC/KPIF-ON/il-fw-splunk-logclient/KPMCIntLayer/DevOps_Release/il-datahub-load-cm-benefit-choice-copay
1 HP-BIO-KPMC/KPIF-ON/il-fw-splunk-logclient/KPMCIntLayer/DevOps_Release/il-datahub-collect-stats
1 HP-BIO-KPMC/KPIF-ON/il-fw-splunk-logclient/KPMCDMS/Development/dm-ne-stageprocess
1 HP-BIO-KPMC/KPIF-ON/il-fw-splunk-logclient/KPMCCAM/Development/il-ms-crossregion-merge-medicare
1 HP-BIO-KPMC/KPIF-ON/il-fw-splunk-logclient/KPMCCAM/Development/il-ms-batch-dbdataload-mdwtodh-kpif-on
1 HP-BIO-KPMC/KPIF-ON/il-fw-splunk-logclient/KPMCCAM/Development/cam-batch-idl-v5compare
1 HP-BIO-KPMC/KPIF-ON/il-fw-splunk-logclient/KPMCCAM/Development/cam-batch-idl-storedprocutil
1 HP-BIO-KPMC/KPIF-ON/il-fw-splunk-logclient/KPMCCAM/Development/cam-batch-idl-pricingdtl-medicare
1 HP-BIO-KPMC/KPIF-ON/il-fw-splunk-logclient/KPMCCAM/Development/cam-batch-idl-pricing-medicare
1 HP-BIO-KPMC/KPIF-ON/il-fw-splunk-logclient/KPMCCAM/Development/cam-batch-idl-pricelinecalculationlineparams
1 HP-BIO-KPMC/KPIF-ON/il-fw-splunk-logclient/KPMCCAM/Development/cam-batch-idl-pricelinecalculation-medicare
1 HP-BIO-KPMC/KPIF-ON/il-fw-splunk-logclient/KPMCCAM/Development/cam-batch-idl-policy-medicare
1 HP-BIO-KPMC/KPIF-ON/il-fw-splunk-logclient/KPMCCAM/Development/cam-batch-idl-plan-medicare
1 HP-BIO-KPMC/KPIF-ON/il-fw-splunk-logclient/KPMCCAM/Development/cam-batch-idl-personbenefit-medicare
1 HP-BIO-KPMC/KPIF-ON/il-fw-splunk-logclient/KPMCCAM/Development/cam-batch-idl-person-medicare
1 HP-BIO-KPMC/KPIF-ON/il-fw-splunk-logclient/KPMCCAM/Development/cam-batch-idl-payment-medicare
1 HP-BIO-KPMC/KPIF-ON/il-fw-splunk-logclient/KPMCCAM/Development/cam-batch-idl-membershipperson-medicare
1 HP-BIO-KPMC/KPIF-ON/il-fw-splunk-logclient/KPMCCAM/Development/cam-batch-idl-member-medicare
1 HP-BIO-KPMC/KPIF-ON/il-fw-splunk-logclient/KPMCCAM/Development/cam-batch-idl-kpifbill-pricingdtl-dh-medicare
1 HP-BIO-KPMC/KPIF-ON/il-fw-splunk-logclient/KPMCCAM/Development/cam-batch-idl-kpifbill-pricing-dh-medicare
1 HP-BIO-KPMC/KPIF-ON/il-fw-splunk-logclient/KPMCCAM/Development/cam-batch-idl-kpifbill-pricelinecalculation-dh-medicare
1 HP-BIO-KPMC/KPIF-ON/il-fw-splunk-logclient/KPMCCAM/Development/cam-batch-idl-kpifbill-policy-dh-medicare
1 HP-BIO-KPMC/KPIF-ON/il-fw-splunk-logclient/KPMCCAM/Development/cam-batch-idl-kpifbill-plan-dh-medicare
1 HP-BIO-KPMC/KPIF-ON/il-fw-splunk-logclient/KPMCCAM/Development/cam-batch-idl-kpifbill-personbenefit-dh-medicare
1 HP-BIO-KPMC/KPIF-ON/il-fw-splunk-logclient/KPMCCAM/Development/cam-batch-idl-kpifbill-person-dh-medicare
1 HP-BIO-KPMC/KPIF-ON/il-fw-splunk-logclient/KPMCCAM/Development/cam-batch-idl-kpifbill-payment-dh-medicare
1 HP-BIO-KPMC/KPIF-ON/il-fw-splunk-logclient/KPMCCAM/Development/cam-batch-idl-kpifbill-membershipperson-dh-medicare
1 HP-BIO-KPMC/KPIF-ON/il-fw-splunk-logclient/KPMCCAM/Development/cam-batch-idl-kpifbill-member-dh-medicare
1 HP-BIO-KPMC/KPIF-ON/il-fw-splunk-logclient/KPMCCAM/Development/cam-batch-idl-kpifbill-externalparty-dh-medicare
1 HP-BIO-KPMC/KPIF-ON/il-fw-splunk-logclient/KPMCCAM/Development/cam-batch-idl-kpifbill-delinquincy-dh
1 HP-BIO-KPMC/KPIF-ON/il-fw-splunk-logclient/KPMCCAM/Development/cam-batch-idl-kpifbill-customer-dh-medicare
1 HP-BIO-KPMC/KPIF-ON/il-fw-splunk-logclient/KPMCCAM/Development/cam-batch-idl-kpifbill-bseg-dh-medicare
1 HP-BIO-KPMC/KPIF-ON/il-fw-splunk-logclient/KPMCCAM/Development/cam-batch-idl-kpifbill-billablechg-dh-medicare
1 HP-BIO-KPMC/KPIF-ON/il-fw-splunk-logclient/KPMCCAM/Development/cam-batch-idl-kpifbill-bill-dh-medicare
1 HP-BIO-KPMC/KPIF-ON/il-fw-splunk-logclient/KPMCCAM/Development/cam-batch-idl-kpifbill-adjustment-dh-medicare
1 HP-BIO-KPMC/KPIF-ON/il-fw-splunk-logclient/KPMCCAM/Development/cam-batch-idl-kpifbill-account-dh-medicare
1 HP-BIO-KPMC/KPIF-ON/il-fw-splunk-logclient/KPMCCAM/Development/cam-batch-idl-fsdeactivationack-medicare
1 HP-BIO-KPMC/KPIF-ON/il-fw-splunk-logclient/KPMCCAM/Development/cam-batch-idl-fsdeactivation-medicare
1 HP-BIO-KPMC/KPIF-ON/il-fw-splunk-logclient/KPMCCAM/Development/cam-batch-idl-file-loader
1 HP-BIO-KPMC/KPIF-ON/il-fw-splunk-logclient/KPMCCAM/Development/cam-batch-idl-externalparty-medicare
1 HP-BIO-KPMC/KPIF-ON/il-fw-splunk-logclient/KPMCCAM/Development/cam-batch-idl-dbutil-medicare
1 HP-BIO-KPMC/KPIF-ON/il-fw-splunk-logclient/KPMCCAM/Development/cam-batch-idl-customer-medicare
1 HP-BIO-KPMC/KPIF-ON/il-fw-splunk-logclient/KPMCCAM/Development/cam-batch-idl-compare-medicare
1 HP-BIO-KPMC/KPIF-ON/il-fw-splunk-logclient/KPMCCAM/Development/cam-batch-idl-bseg-medicare
1 HP-BIO-KPMC/KPIF-ON/il-fw-splunk-logclient/KPMCCAM/Development/cam-batch-idl-billablechgleplis-medicare
1 HP-BIO-KPMC/KPIF-ON/il-fw-splunk-logclient/KPMCCAM/Development/cam-batch-idl-billablechg-medicare
1 HP-BIO-KPMC/KPIF-ON/il-fw-splunk-logclient/KPMCCAM/Development/cam-batch-idl-bill-medicare
1 HP-BIO-KPMC/KPIF-ON/il-fw-splunk-logclient/KPMCCAM/Development/cam-batch-idl-adjustment-medicare
1 HP-BIO-KPMC/KPIF-ON/il-fw-splunk-logclient/KPMCCAM/Development/cam-batch-idl-account-medicare
1 HP-BIO-KPMC/KPIF-ON/il-fw-splunk-logclient/KPMCCAM/Development/cam-batch-cnd-migration-medicare
1 HP-BIO-KPMC/KPIF-ON/il-fw-splunk-logclient/KPMCCAM/Development/cam-batch-cac-adapter-medicare
1 HP-BIO-KPMC/KPIF-ON/il-fw-splunk-logclient/KPMCCAM/DevOps_Release/il-ms-crossregion-merge-medicare
1 HP-BIO-KPMC/KPIF-ON/il-fw-splunk-logclient/KPMCCAM/DevOps_Release/il-ms-batch-dbdataload-mdwtodh-kpif-on
1 HP-BIO-KPMC/KPIF-ON/il-fw-splunk-logclient/KPMCCAM/DevOps_Release/cam-batch-idl-v5compare
1 HP-BIO-KPMC/KPIF-ON/il-fw-splunk-logclient/KPMCCAM/DevOps_Release/cam-batch-idl-storedprocutil
1 HP-BIO-KPMC/KPIF-ON/il-fw-splunk-logclient/KPMCCAM/DevOps_Release/cam-batch-idl-pricingdtl-medicare
1 HP-BIO-KPMC/KPIF-ON/il-fw-splunk-logclient/KPMCCAM/DevOps_Release/cam-batch-idl-pricing-medicare
1 HP-BIO-KPMC/KPIF-ON/il-fw-splunk-logclient/KPMCCAM/DevOps_Release/cam-batch-idl-pricelinecalculation-medicare
1 HP-BIO-KPMC/KPIF-ON/il-fw-splunk-logclient/KPMCCAM/DevOps_Release/cam-batch-idl-policy-medicare
1 HP-BIO-KPMC/KPIF-ON/il-fw-splunk-logclient/KPMCCAM/DevOps_Release/cam-batch-idl-plan-medicare
1 HP-BIO-KPMC/KPIF-ON/il-fw-splunk-logclient/KPMCCAM/DevOps_Release/cam-batch-idl-personbenefit-medicare
1 HP-BIO-KPMC/KPIF-ON/il-fw-splunk-logclient/KPMCCAM/DevOps_Release/cam-batch-idl-person-medicare
1 HP-BIO-KPMC/KPIF-ON/il-fw-splunk-logclient/KPMCCAM/DevOps_Release/cam-batch-idl-payment-medicare
1 HP-BIO-KPMC/KPIF-ON/SelfService/DevOps_Release/azure-service-management
1 HP-BIO-KPMC/KPIF-ON/KPMCUserAuth/Development/il-ms-mqv-common
1 HP-BIO-KPMC/KPIF-ON/KPMCUserAuth/Development/il-lib-kpmc-client
1 HP-BIO-KPMC/KPIF-ON/KPMCUserAuth/Development/il-lib-common-util
1 HP-BIO-KPMC/KPIF-ON/KPMCUserAuth/DevOps_Release/il-ms-mqv-common
1 HP-BIO-KPMC/KPIF-ON/KPMCUserAuth/DevOps_Release/il-lib-kpmc-client
1 HP-BIO-KPMC/KPIF-ON/KPMCUserAuth/DevOps_Release/il-lib-common-util
1 HP-BIO-KPMC/KPIF-ON/KPMCUserAuth/DevOps_Release/il-lib-common-serviceclient
1 HP-BIO-KPMC/KPIF-ON/KPMCUserAuth/DevOps_Release/il-lib-classic-client
1 HP-BIO-KPMC/KPIF-ON/KPMCSS/Development/il-ui-crosswalk
1 HP-BIO-KPMC/KPIF-ON/KPMCSS/DevOps_Release/il-ui-crosswalk
1 HP-BIO-KPMC/KPIF-ON/KPMCIntLayer/Velocity/il-ms-landingpage-bff
1 HP-BIO-KPMC/KPIF-ON/KPMCIntLayer/Velocity/il-ms-fw-console-bff
1 HP-BIO-KPMC/KPIF-ON/KPMCIntLayer/Development/ormb-bill-cycles-run-validation
1 HP-BIO-KPMC/KPIF-ON/KPMCIntLayer/Development/il-ms-tpp-pap-hi-crm-msg-publisher
1 HP-BIO-KPMC/KPIF-ON/KPMCIntLayer/Development/il-ms-memberupdate-ncsobsolete-extractor
1 HP-BIO-KPMC/KPIF-ON/KPMCIntLayer/Development/il-ms-memberterminate-legacy
1 HP-BIO-KPMC/KPIF-ON/KPMCIntLayer/Development/il-ms-memberterminate
1 HP-BIO-KPMC/KPIF-ON/KPMCIntLayer/Development/il-ms-memberlookup-legacy
1 HP-BIO-KPMC/KPIF-ON/KPMCIntLayer/Development/il-ms-memberhistory
1 HP-BIO-KPMC/KPIF-ON/KPMCIntLayer/Development/il-ms-mcaid-crosswalk
1 HP-BIO-KPMC/KPIF-ON/KPMCIntLayer/Development/il-ms-mbrchgpub-tms-maspmos-adaptor
1 HP-BIO-KPMC/KPIF-ON/KPMCIntLayer/Development/il-ms-mbrchgpub-tms-demographics-adaptor
1 HP-BIO-KPMC/KPIF-ON/KPMCIntLayer/Development/il-ms-mbrchgpub-tms-classic-adaptor
1 HP-BIO-KPMC/KPIF-ON/KPMCIntLayer/Development/il-ms-mbrchgpub-tms-adaptor-kmate-PanelMgmt
1 HP-BIO-KPMC/KPIF-ON/KPMCIntLayer/Development/il-ms-mbrchgpub-message-generator
1 HP-BIO-KPMC/KPIF-ON/KPMCIntLayer/Development/il-ms-mbrchgpub-cm-demographics-adaptor-nw
1 HP-BIO-KPMC/KPIF-ON/KPMCIntLayer/Development/il-ms-mbrchgpub-cm-demographics-adaptor-ga
1 HP-BIO-KPMC/KPIF-ON/KPMCIntLayer/Development/il-ms-kbsql-recon-purge
1 HP-BIO-KPMC/KPIF-ON/KPMCIntLayer/Development/il-ms-kbsql-recon-cpg-div-extract_Obsolete
1 HP-BIO-KPMC/KPIF-ON/KPMCIntLayer/Development/il-ms-kbsql-ppg-cvg-del-extract
1 HP-BIO-KPMC/KPIF-ON/KPMCIntLayer/Development/il-ms-kbsql-nsc-wqf-extract
1 HP-BIO-KPMC/KPIF-ON/KPMCIntLayer/Development/il-ms-kbsql-nsc-sta-extract
1 HP-BIO-KPMC/KPIF-ON/KPMCIntLayer/Development/il-ms-kbsql-nsc-ept-extract
1 HP-BIO-KPMC/KPIF-ON/KPMCIntLayer/Development/il-ms-kbsql-nsc-elg-extract
1 HP-BIO-KPMC/KPIF-ON/KPMCIntLayer/Development/il-ms-kbsql-nsc-cvg-extract
1 HP-BIO-KPMC/KPIF-ON/KPMCIntLayer/Development/il-ms-kbsql-nsc-cus-extract
1 HP-BIO-KPMC/KPIF-ON/KPMCIntLayer/Development/il-ms-kbsql-npd-del-extract
1 HP-BIO-KPMC/KPIF-ON/KPMCIntLayer/Development/il-ms-kbsql-nec-del-extract
1 HP-BIO-KPMC/KPIF-ON/KPMCIntLayer/Development/il-ms-kbsql-mrn-del-extract
1 HP-BIO-KPMC/KPIF-ON/KPMCIntLayer/Development/il-ms-kbsql-mcr-del-extract
1 HP-BIO-KPMC/KPIF-ON/KPMCIntLayer/Development/il-ms-kbsql-lob-del-extract
1 HP-BIO-KPMC/KPIF-ON/KPMCIntLayer/Development/il-ms-kbsql-list-extracts
1 HP-BIO-KPMC/KPIF-ON/KPMCIntLayer/Development/il-ms-kbsql-iit-del-extract
1 HP-BIO-KPMC/KPIF-ON/KPMCIntLayer/Development/il-ms-kbsql-hno-txt-del-extract
1 HP-BIO-KPMC/KPIF-ON/KPMCIntLayer/Development/il-ms-kbsql-hno-ref-del-extract
1 HP-BIO-KPMC/KPIF-ON/KPMCIntLayer/Development/il-ms-kbsql-hno-del-extract
1 HP-BIO-KPMC/KPIF-ON/KPMCIntLayer/Development/il-ms-kbsql-epm-del-extract
1 HP-BIO-KPMC/KPIF-ON/KPMCIntLayer/Development/il-ms-kbsql-eci-del-extract
1 HP-BIO-KPMC/KPIF-ON/KPMCIntLayer/Development/il-ms-groupreinstate-processor
1 HP-BIO-KPMC/KPIF-ON/KPMCIntLayer/Development/il-ms-fifohold-library
1 HP-BIO-KPMC/KPIF-ON/KPMCIntLayer/Development/il-ms-familyinquiry
1 HP-BIO-KPMC/KPIF-ON/KPMCIntLayer/Development/il-ms-extract-tpp-pap-id-report-hi
1 HP-BIO-KPMC/KPIF-ON/KPMCIntLayer/Development/il-ms-extract-sampledemo-transformer
1 HP-BIO-KPMC/KPIF-ON/KPMCIntLayer/Development/il-ms-extract-saferide-transformer-ga
1 HP-BIO-KPMC/KPIF-ON/KPMCIntLayer/Development/il-ms-extract-saferide-transformer-co
1 HP-BIO-KPMC/KPIF-ON/KPMCIntLayer/Development/il-ms-extract-roc-lockbox-transformer
1 HP-BIO-KPMC/KPIF-ON/KPMCIntLayer/Development/il-ms-extract-questgalab-transformer
1 HP-BIO-KPMC/KPIF-ON/KPMCIntLayer/Development/il-ms-extract-pre-sor-filereader
1 HP-BIO-KPMC/KPIF-ON/KPMCIntLayer/Development/il-ms-extract-omada-member-transformer
1 HP-BIO-KPMC/KPIF-ON/KPMCIntLayer/Development/il-ms-extract-multi-dynamic-filewriter
1 HP-BIO-KPMC/KPIF-ON/KPMCIntLayer/Development/il-ms-extract-mcaid-error-analyzer
1 HP-BIO-KPMC/KPIF-ON/KPMCIntLayer/Development/il-ms-extract-mb446ft2-transformer
1 HP-BIO-KPMC/KPIF-ON/KPMCIntLayer/Development/il-ms-extract-maspoms-transformer
1 HP-BIO-KPMC/KPIF-ON/KPMCIntLayer/Development/il-ms-extract-libertydental-transformer
1 HP-BIO-KPMC/KPIF-ON/KPMCIntLayer/Development/il-ms-extract-libertydental-member-transformer
1 HP-BIO-KPMC/KPIF-ON/KPMCIntLayer/Development/il-ms-extract-libertydental-daily-transformer
1 HP-BIO-KPMC/KPIF-ON/KPMCIntLayer/Development/il-ms-extract-hawaiidentalservices32-transformer
1 HP-BIO-KPMC/KPIF-ON/KPMCIntLayer/Development/il-ms-extract-fw-common
1 HP-BIO-KPMC/KPIF-ON/KPMCIntLayer/Development/il-ms-extract-ene-tpp-augment-gold-transformer
1 HP-BIO-KPMC/KPIF-ON/KPMCIntLayer/Development/il-ms-extract-ene-sbmi-md-disc-transformer
1 HP-BIO-KPMC/KPIF-ON/KPMCIntLayer/Development/il-ms-extract-ene-sbmi-md-disc-report-generator
1 HP-BIO-KPMC/KPIF-ON/KPMCIntLayer/Development/il-ms-extract-ene-sbm-discrepancy-report
1 HP-BIO-KPMC/KPIF-ON/KPMCIntLayer/Development/il-ms-extract-ene-dispute-sub-ffm-filegenerator
1 HP-BIO-KPMC/KPIF-ON/KPMCIntLayer/Development/il-ms-extract-ene-dispute-sub-ca-transformer
1 HP-BIO-KPMC/KPIF-ON/KPMCIntLayer/Development/il-ms-extract-ene-dispute-disposition-response-crm-msg-publisher
1 HP-BIO-KPMC/KPIF-ON/KPMCIntLayer/Development/il-ms-extract-ene-cover-ca-weekly-audit-file-transformer
1 HP-BIO-KPMC/KPIF-ON/KPMCIntLayer/Development/il-ms-extract-ene-cover-ca-issuer-resp-file-transformer
1 HP-BIO-KPMC/KPIF-ON/KPMCIntLayer/Development/il-ms-extract-dpalockbox-transformer-mas
1 HP-BIO-KPMC/KPIF-ON/KPMCIntLayer/Development/il-ms-extract-demcvg-fs-transformer
1 HP-BIO-KPMC/KPIF-ON/KPMCIntLayer/Development/il-ms-extract-demcvg-fs-monthly-transformer
1 HP-BIO-KPMC/KPIF-ON/KPMCIntLayer/Development/il-ms-extract-deltadentalsgnonopmco-transformer
1 HP-BIO-KPMC/KPIF-ON/KPMCIntLayer/Development/il-ms-extract-deltadental-medicare-eligco-transformer
1 HP-BIO-KPMC/KPIF-ON/KPMCIntLayer/Development/il-ms-extract-chironeteligibilitynw-transformer
1 HP-BIO-KPMC/KPIF-ON/KPMCIntLayer/Development/il-ms-extract-broker-moccom-grpbg-pmt-transformer
1 HP-BIO-KPMC/KPIF-ON/KPMCIntLayer/Development/il-ms-extract-broker-moccom-group-payment-transformer
1 HP-BIO-KPMC/KPIF-ON/KPMCIntLayer/Development/il-ms-extract-broker-moccom-group-count-transformer
1 HP-BIO-KPMC/KPIF-ON/KPMCIntLayer/Development/il-ms-extract-billing-on-198-transformer
1 HP-BIO-KPMC/KPIF-ON/KPMCIntLayer/Development/il-ms-extract-billing-on-137-transformer
1 HP-BIO-KPMC/KPIF-ON/KPMCIntLayer/Development/il-ms-extract-billing-on-136-transformer
1 HP-BIO-KPMC/KPIF-ON/KPMCIntLayer/Development/il-ms-extract-billing-mcd-san-manteo-transformer_Obsolete
1 HP-BIO-KPMC/KPIF-ON/KPMCIntLayer/Development/il-ms-extract-billing-mcd-phc-transformer
1 HP-BIO-KPMC/KPIF-ON/KPMCIntLayer/Development/il-ms-extract-billing-mcd-contra-costa-transformer
1 HP-BIO-KPMC/KPIF-ON/KPMCIntLayer/Development/il-ms-extract-billing-mcaid-va-premier-transformer
1 HP-BIO-KPMC/KPIF-ON/KPMCIntLayer/Development/il-ms-extract-billing-mcaid-santa-clara-transformer
1 HP-BIO-KPMC/KPIF-ON/KPMCIntLayer/Development/il-ms-extract-billing-mcaid-san-joaquin-transformer
1 HP-BIO-KPMC/KPIF-ON/KPMCIntLayer/Development/il-ms-extract-billing-mcaid-san-fran-transformer
1 HP-BIO-KPMC/KPIF-ON/KPMCIntLayer/Development/il-ms-extract-billing-mcaid-pmt-instructions-transformer
1 HP-BIO-KPMC/KPIF-ON/KPMCIntLayer/Development/il-ms-extract-billing-mcaid-molina-transformer
1 HP-BIO-KPMC/KPIF-ON/KPMCIntLayer/Development/il-ms-extract-billing-mcaid-md-transformer_Obsolete
1 HP-BIO-KPMC/KPIF-ON/KPMCIntLayer/Development/il-ms-extract-billing-mcaid-la-care-transformer
1 HP-BIO-KPMC/KPIF-ON/KPMCIntLayer/Development/il-ms-extract-billing-mcaid-inland-empire-transformer
1 HP-BIO-KPMC/KPIF-ON/KPMCIntLayer/Development/il-ms-extract-billing-mcaid-gold-coast-transformer
1 HP-BIO-KPMC/KPIF-ON/KPMCIntLayer/Development/il-ms-extract-billing-mcaid-cal-optima-transformer
1 HP-BIO-KPMC/KPIF-ON/KPMCIntLayer/Development/il-ms-extract-billing-mcaid-alameda-transformer
1 HP-BIO-KPMC/KPIF-ON/KPMCIntLayer/Development/il-ms-extract-billing-carrier-actn-validation-rpt-transformer_Obsolete
1 HP-BIO-KPMC/KPIF-ON/KPMCIntLayer/Development/il-ms-extract-billing-carrier-action-dspte-dspston-transformer
1 HP-BIO-KPMC/KPIF-ON/KPMCIntLayer/Development/il-ms-extract-billing-broker-compensation-transformer
1 HP-BIO-KPMC/KPIF-ON/KPMCIntLayer/Development/il-ms-extract-avesisopticaleligibility-transformer
1 HP-BIO-KPMC/KPIF-ON/KPMCIntLayer/Development/il-ms-extene-exchange-outcomes-report
1 HP-BIO-KPMC/KPIF-ON/KPMCIntLayer/Development/il-ms-ene-mspmir-migration-router
1 HP-BIO-KPMC/KPIF-ON/KPMCIntLayer/Development/il-ms-ene-emws-transformer
1 HP-BIO-KPMC/KPIF-ON/KPMCIntLayer/Development/il-ms-delinquency-term-req-processor
1 HP-BIO-KPMC/KPIF-ON/KPMCIntLayer/Development/il-ms-delaymessage-processor
1 HP-BIO-KPMC/KPIF-ON/KPMCIntLayer/Development/il-ms-datahub-loader-writer-error-report
1 HP-BIO-KPMC/KPIF-ON/KPMCIntLayer/Development/il-ms-datahub-load-roc-lockbox
1 HP-BIO-KPMC/KPIF-ON/KPMCIntLayer/Development/il-ms-datahub-load-lockboxboa-147
1 HP-BIO-KPMC/KPIF-ON/KPMCIntLayer/Development/il-ms-datahub-load-ene-mspmir
1 HP-BIO-KPMC/KPIF-ON/KPMCIntLayer/Development/il-ms-datahub-load-ene-md-sbmi
1 HP-BIO-KPMC/KPIF-ON/KPMCIntLayer/Development/il-ms-datahub-load-ene-ffm-proactive-outreach-response
1 HP-BIO-KPMC/KPIF-ON/KPMCIntLayer/Development/il-ms-datahub-load-ene-ffm-preaudit
1 HP-BIO-KPMC/KPIF-ON/KPMCIntLayer/Development/il-ms-datahub-load-ene-ffm-dispute-response
1 HP-BIO-KPMC/KPIF-ON/KPMCIntLayer/Development/il-ms-datahub-load-ene-co-rcno
1 HP-BIO-KPMC/KPIF-ON/KPMCIntLayer/Development/il-ms-datahub-load-ene-carrier-financial
1 HP-BIO-KPMC/KPIF-ON/KPMCIntLayer/Development/il-ms-datahub-load-ene-carrier-enrollment
1 HP-BIO-KPMC/KPIF-ON/KPMCIntLayer/Development/il-ms-datahub-load-ene-ca-gbfp
1 HP-BIO-KPMC/KPIF-ON/KPMCIntLayer/Development/il-ms-datahub-load-billing-state-subsidy-remittance
1 HP-BIO-KPMC/KPIF-ON/KPMCIntLayer/Development/il-ms-datahub-load-billing-state-subsidy-pmt-instructions
1 HP-BIO-KPMC/KPIF-ON/KPMCIntLayer/Development/il-ms-datahub-load-billing-on-198
1 HP-BIO-KPMC/KPIF-ON/KPMCIntLayer/Development/il-ms-datahub-load-billing-on-137
1 HP-BIO-KPMC/KPIF-ON/KPMCIntLayer/Development/il-ms-datahub-load-billing-on-136
1 HP-BIO-KPMC/KPIF-ON/KPMCIntLayer/Development/il-ms-datahub-load-billing-mcd-san-manteo
1 HP-BIO-KPMC/KPIF-ON/KPMCIntLayer/Development/il-ms-datahub-load-billing-mcd-phc
1 HP-BIO-KPMC/KPIF-ON/KPMCIntLayer/Development/il-ms-datahub-load-billing-mcd-contra-costa
1 HP-BIO-KPMC/KPIF-ON/KPMCIntLayer/Development/il-ms-datahub-load-billing-mcaid-va-premier
1 HP-BIO-KPMC/KPIF-ON/KPMCIntLayer/Development/il-ms-datahub-load-billing-mcaid-santa-clara
1 HP-BIO-KPMC/KPIF-ON/KPMCIntLayer/Development/il-ms-datahub-load-billing-mcaid-san-joaquin
1 HP-BIO-KPMC/KPIF-ON/KPMCIntLayer/Development/il-ms-datahub-load-billing-mcaid-san-fran
1 HP-BIO-KPMC/KPIF-ON/KPMCIntLayer/Development/il-ms-datahub-load-billing-mcaid-pmt-instructions
1 HP-BIO-KPMC/KPIF-ON/KPMCIntLayer/Development/il-ms-datahub-load-billing-mcaid-molina
1 HP-BIO-KPMC/KPIF-ON/KPMCIntLayer/Development/il-ms-datahub-load-billing-mcaid-md
1 HP-BIO-KPMC/KPIF-ON/KPMCIntLayer/Development/il-ms-datahub-load-billing-mcaid-la-care
1 HP-BIO-KPMC/KPIF-ON/KPMCIntLayer/Development/il-ms-datahub-load-billing-mcaid-inland-empire
1 HP-BIO-KPMC/KPIF-ON/KPMCIntLayer/Development/il-ms-datahub-load-billing-mcaid-gold-coast
1 HP-BIO-KPMC/KPIF-ON/KPMCIntLayer/Development/il-ms-datahub-load-billing-mcaid-cal-optima
1 HP-BIO-KPMC/KPIF-ON/KPMCIntLayer/Development/il-ms-datahub-load-billing-mcaid-alameda
1 HP-BIO-KPMC/KPIF-ON/KPMCIntLayer/Development/il-ms-datahub-load-billing-cdph-tpp-pmt-instructions
1 HP-BIO-KPMC/KPIF-ON/KPMCIntLayer/Development/il-ms-datahub-load-billing-carrier-action-validation-report
1 HP-BIO-KPMC/KPIF-ON/KPMCIntLayer/Development/il-ms-datahub-load-billing-carrier-action-dspte-dspston
1 HP-BIO-KPMC/KPIF-ON/KPMCIntLayer/Development/il-ms-cr817-datamigration
1 HP-BIO-KPMC/KPIF-ON/KPMCIntLayer/Development/il-ms-comparator-ene-covered-ca-carrier-action
1 HP-BIO-KPMC/KPIF-ON/KPMCIntLayer/Development/il-ms-cac-salesconnect-schema
1 HP-BIO-KPMC/KPIF-ON/KPMCIntLayer/Development/il-ms-acirefund-requestor-m3p
1 HP-BIO-KPMC/KPIF-ON/KPMCIntLayer/Development/il-ms-acimpspaymentupdate-transformer-m3p
1 HP-BIO-KPMC/KPIF-ON/KPMCIntLayer/Development/il-fw-tams-core
1 HP-BIO-KPMC/KPIF-ON/KPMCIntLayer/Development/il-fw-splunk-logclient
1 HP-BIO-KPMC/KPIF-ON/KPMCIntLayer/Development/il-fw-sftp-service
1 HP-BIO-KPMC/KPIF-ON/KPMCIntLayer/Development/il-fw-services-common-utils
1 HP-BIO-KPMC/KPIF-ON/KPMCIntLayer/Development/il-fw-servicenow
1 HP-BIO-KPMC/KPIF-ON/KPMCIntLayer/Development/il-fw-restproxy
1 HP-BIO-KPMC/KPIF-ON/KPMCIntLayer/Development/il-fw-metrics
1 HP-BIO-KPMC/KPIF-ON/KPMCIntLayer/Development/il-fw-fifohold-scheduler
1 HP-BIO-KPMC/KPIF-ON/KPMCIntLayer/Development/il-fw-datahubclient
1 HP-BIO-KPMC/KPIF-ON/KPMCIntLayer/Development/il-extract-mcaid-dem-welkit-va-transformer
1 HP-BIO-KPMC/KPIF-ON/KPMCIntLayer/Development/il-ene-md-discrepancy-reportgen
1 HP-BIO-KPMC/KPIF-ON/KPMCIntLayer/Development/il-ene-md-discrepancy-fileload
1 HP-BIO-KPMC/KPIF-ON/KPMCIntLayer/Development/il-ene-md-discrepancy-datacompare
1 HP-BIO-KPMC/KPIF-ON/KPMCIntLayer/Development/il-ene-dc-discrepancy-fileload
1 HP-BIO-KPMC/KPIF-ON/KPMCIntLayer/Development/il-datahub-load-product-financial
1 HP-BIO-KPMC/KPIF-ON/KPMCIntLayer/Development/il-datahub-load-lockbox-nw
1 HP-BIO-KPMC/KPIF-ON/KPMCIntLayer/Development/il-datahub-load-lockbox-mas
1 HP-BIO-KPMC/KPIF-ON/KPMCIntLayer/Development/il-datahub-load-lockbox-ga
1 HP-BIO-KPMC/KPIF-ON/KPMCIntLayer/Development/il-datahub-collect-stats
1 HP-BIO-KPMC/KPIF-ON/KPMCIntLayer/Development/il-batch-outbound-cpcbilltransformer-consolidated
1 HP-BIO-KPMC/KPIF-ON/KPMCIntLayer/Development/il-batch-dataextract-softheon
1 HP-BIO-KPMC/KPIF-ON/KPMCIntLayer/Development/OCP/mcp/il-ms-memberupdate-transformer
1 HP-BIO-KPMC/KPIF-ON/KPMCIntLayer/Development/OCP/mcp/il-ms-mbrchgpub-binder-ormb-transformer
1 HP-BIO-KPMC/KPIF-ON/KPMCIntLayer/Development/OCP/mcp/il-ms-cac-epicschema
1 HP-BIO-KPMC/KPIF-ON/KPMCIntLayer/Development/OCP/mcp/il-ms-acipaymentreversal-transformer-m3p
1 HP-BIO-KPMC/KPIF-ON/KPMCIntLayer/Development/OCP/mcp/Il-ms-medicare-change-inbound
1 HP-BIO-KPMC/KPIF-ON/KPMCIntLayer/Development/OCP/mcp/Il-ms-adpt-ormb
1 HP-BIO-KPMC/KPIF-ON/KPMCIntLayer/Development/OCP/extracts/whatever
1 HP-BIO-KPMC/KPIF-ON/KPMCIntLayer/Development/OCP/extracts/il-ms-extract-tpp-invoice-transformer
1 HP-BIO-KPMC/KPIF-ON/KPMCIntLayer/Development/OCP/extracts/il-ms-extract-soteriaga-transformer
1 HP-BIO-KPMC/KPIF-ON/KPMCIntLayer/Development/OCP/extracts/il-ms-extract-mcaid-fulfill-mas-transformer
1 HP-BIO-KPMC/KPIF-ON/KPMCIntLayer/Development/OCP/extracts/il-ms-extract-masdominiondentalterm-transformer
1 HP-BIO-KPMC/KPIF-ON/KPMCIntLayer/Development/OCP/extracts/il-ms-extract-masdominiondentalgroup-transformer
1 HP-BIO-KPMC/KPIF-ON/KPMCIntLayer/Development/OCP/extracts/il-ms-extract-masdominiondentalactive-transformer
1 HP-BIO-KPMC/KPIF-ON/KPMCIntLayer/Development/OCP/extracts/il-ms-extract-kpwa-empi-transformer
1 HP-BIO-KPMC/KPIF-ON/KPMCIntLayer/Development/OCP/extracts/il-ms-extract-fw-stager
1 HP-BIO-KPMC/KPIF-ON/KPMCIntLayer/Development/OCP/extracts/il-ms-extract-fw-sor-filewriter
1 HP-BIO-KPMC/KPIF-ON/KPMCIntLayer/Development/OCP/extracts/il-ms-extract-fw-sor-filereader
1 HP-BIO-KPMC/KPIF-ON/KPMCIntLayer/Development/OCP/extracts/il-ms-extract-ene-full-carrier-audit-transformer
1 HP-BIO-KPMC/KPIF-ON/KPMCIntLayer/Development/OCP/extracts/il-ms-extract-ene-dispute-sub-ca-transformer
1 HP-BIO-KPMC/KPIF-ON/KPMCIntLayer/Development/OCP/extracts/il-ms-extract-dpalockbox-transformer-nw
1 HP-BIO-KPMC/KPIF-ON/KPMCIntLayer/Development/OCP/extracts/il-ms-extract-dpalockbox-transformer-mas
1 HP-BIO-KPMC/KPIF-ON/KPMCIntLayer/Development/OCP/extracts/il-ms-extract-dpalockbox-transformer-hi
1 HP-BIO-KPMC/KPIF-ON/KPMCIntLayer/Development/OCP/extracts/il-ms-extract-dpalockbox-transformer-ga
1 HP-BIO-KPMC/KPIF-ON/KPMCIntLayer/Development/OCP/extracts/il-ms-extract-dpalockbox-transformer-co
1 HP-BIO-KPMC/KPIF-ON/KPMCIntLayer/Development/OCP/extracts/il-ms-extract-demcvgwa-transformer
1 HP-BIO-KPMC/KPIF-ON/KPMCIntLayer/Development/OCP/extracts/il-ms-extract-demcvgwa-dqr
1 HP-BIO-KPMC/KPIF-ON/KPMCIntLayer/Development/OCP/extracts/il-ms-extract-demcvg-fs-transformer
1 HP-BIO-KPMC/KPIF-ON/KPMCIntLayer/Development/OCP/extracts/il-ms-extract-demcvg-fs-monthly-transformer
1 HP-BIO-KPMC/KPIF-ON/KPMCIntLayer/Development/OCP/extracts/il-ms-extract-deltadentalnonopmeligco-transformer
1 HP-BIO-KPMC/KPIF-ON/KPMCIntLayer/Development/OCP/extracts/il-ms-extract-deltadentaleligga-transformer
1 HP-BIO-KPMC/KPIF-ON/KPMCIntLayer/Development/OCP/extracts/il-ms-extract-collectivemedicaltech-transformer
1 HP-BIO-KPMC/KPIF-ON/KPMCIntLayer/Development/OCP/extracts/il-ms-extract-broker-moccom-grpbg-pmt-transformer
1 HP-BIO-KPMC/KPIF-ON/KPMCIntLayer/Development/OCP/extracts/il-ms-extract-broker-moccom-group-payment-transformer
1 HP-BIO-KPMC/KPIF-ON/KPMCIntLayer/Development/OCP/extracts/il-ms-extract-billing-tpp-pmt-instructions-transformer
1 HP-BIO-KPMC/KPIF-ON/KPMCIntLayer/Development/OCP/extracts/il-ms-extract-billing-tpp-invoice-report-generator/il-ms-extract-soteriaga-transformer
1 HP-BIO-KPMC/KPIF-ON/KPMCIntLayer/Development/OCP/extracts/il-ms-extract-billing-tpp-invoice-report-generator/il-ms-extract-maspoms-transformer
1 HP-BIO-KPMC/KPIF-ON/KPMCIntLayer/Development/OCP/extracts/il-ms-extract-billing-tpp-invoice-report-generator/il-ms-extract-masdominiondentalgroup-transformer
1 HP-BIO-KPMC/KPIF-ON/KPMCIntLayer/Development/OCP/extracts/il-ms-extract-billing-tpp-invoice-report-generator/il-ms-extract-libertydental-transformer
1 HP-BIO-KPMC/KPIF-ON/KPMCIntLayer/Development/OCP/extracts/il-ms-extract-billing-tpp-invoice-report-generator/il-ms-extract-libertydental-member-transformer
1 HP-BIO-KPMC/KPIF-ON/KPMCIntLayer/Development/OCP/extracts/il-ms-extract-billing-tpp-invoice-report-generator/il-ms-extract-libertydental-daily-transformer
1 HP-BIO-KPMC/KPIF-ON/KPMCIntLayer/Development/OCP/extracts/il-ms-extract-billing-tpp-invoice-report-generator/il-ms-extract-kpwamarketprominence-transformer
1 HP-BIO-KPMC/KPIF-ON/KPMCIntLayer/Development/OCP/extracts/il-ms-extract-billing-tpp-invoice-report-generator/il-ms-extract-kpwacac-transformer
1 HP-BIO-KPMC/KPIF-ON/KPMCIntLayer/Development/OCP/extracts/il-ms-extract-billing-tpp-invoice-report-generator/il-ms-extract-deltadentaleligga-transformer
1 HP-BIO-KPMC/KPIF-ON/KPMCIntLayer/Development/OCP/extracts/il-ms-extract-billing-tpp-invoice-report-generator/il-ms-extract-billing-tpp-invoice-report-generator
1 HP-BIO-KPMC/KPIF-ON/KPMCIntLayer/Development/OCP/extracts/il-ms-extract-billing-tpp-invoice-report-generator/il-ms-extract-billing-state-subsidy-remittance-transformer
1 HP-BIO-KPMC/KPIF-ON/KPMCIntLayer/Development/OCP/extracts/il-ms-extract-billing-tpp-invoice-report-generator/il-fw-extracts-utility
1 HP-BIO-KPMC/KPIF-ON/KPMCIntLayer/Development/OCP/extracts/il-ms-extract-billing-tpp-invoice-report-generator/datahub-load-billing-cms-pmt-instructions
1 HP-BIO-KPMC/KPIF-ON/KPMCIntLayer/Development/OCP/extracts/il-ms-extract-billing-state-subsidy-remittance-transformer
1 HP-BIO-KPMC/KPIF-ON/KPMCIntLayer/Development/OCP/extracts/il-ms-extract-billing-lockbox-wfargo-transformer
1 HP-BIO-KPMC/KPIF-ON/KPMCIntLayer/Development/OCP/extracts/il-ms-extract-billing-i820-subsidy-transformer
1 HP-BIO-KPMC/KPIF-ON/KPMCIntLayer/Development/OCP/extracts/il-ms-extract-billing-cms-pmt-instructions-transformer
1 HP-BIO-KPMC/KPIF-ON/KPMCIntLayer/Development/OCP/extracts/il-ms-extract-billing-broker-compensation-transformer
1 HP-BIO-KPMC/KPIF-ON/KPMCIntLayer/Development/OCP/extracts/il-batch-outbound-bcsrockmonthly-transformer
1 HP-BIO-KPMC/KPIF-ON/KPMCIntLayer/Development/OCP/extracts/il-batch-outbound-bcsrockmonthly-filewriter
1 HP-BIO-KPMC/KPIF-ON/KPMCIntLayer/Development/OCP/extracts/il-batch-bcsmemberextract-trasformer
1 HP-BIO-KPMC/KPIF-ON/KPMCIntLayer/Development/OCP/extracts/il-batch-bcsmemberextract-filewriter
1 HP-BIO-KPMC/KPIF-ON/KPMCIntLayer/Development/OCP/docMgmt/dm-sftp-statusconsumer
1 HP-BIO-KPMC/KPIF-ON/KPMCIntLayer/Development/OCP/docMgmt/dm-ne-stageweb
1 HP-BIO-KPMC/KPIF-ON/KPMCIntLayer/Development/OCP/docMgmt/dm-ne-stagetrigger
1 HP-BIO-KPMC/KPIF-ON/KPMCIntLayer/Development/OCP/docMgmt/dm-ne-pnotification
1 HP-BIO-KPMC/KPIF-ON/KPMCIntLayer/Development/OCP/docMgmt/dm-ne-dafe-statusackprocess
1 HP-BIO-KPMC/KPIF-ON/KPMCIntLayer/Development/OCP/docMgmt/dm-idce-lidcardh
1 HP-BIO-KPMC/KPIF-ON/KPMCIntLayer/Development/OCP/docMgmt/dm-idce-cpidcard
1 HP-BIO-KPMC/KPIF-ON/KPMCIntLayer/Development/OCP/docMgmt/dm-de-lstmnt
1 HP-BIO-KPMC/KPIF-ON/KPMCIntLayer/Development/OCP/docMgmt/dm-de-lrdr
1 HP-BIO-KPMC/KPIF-ON/KPMCIntLayer/Development/OCP/docMgmt/dm-de-lenrlettertrigger
1 HP-BIO-KPMC/KPIF-ON/KPMCIntLayer/Development/OCP/docMgmt/dm-de-lblettertrigger
1 HP-BIO-KPMC/KPIF-ON/KPMCIntLayer/Development/OCP/docMgmt/dm-de-lbill
1 HP-BIO-KPMC/KPIF-ON/KPMCIntLayer/Development/OCP/docMgmt/dm-dafe-importprocess
1 HP-BIO-KPMC/KPIF-ON/KPMCIntLayer/Development/OCP/docMgmt/dm-dafe-extractprocess
1 HP-BIO-KPMC/KPIF-ON/KPMCIntLayer/Development/OCP/docMgmt/dm-dafe-ackweb
1 HP-BIO-KPMC/KPIF-ON/KPMCIntLayer/Development/OCP/docMgmt/dm-dafe-ackprocess
1 HP-BIO-KPMC/KPIF-ON/KPMCIntLayer/Development/OCP/billing/whateve
1 HP-BIO-KPMC/KPIF-ON/KPMCIntLayer/Development/OCP/billing/il-ms-paymentupdate-transformer
1 HP-BIO-KPMC/KPIF-ON/KPMCIntLayer/Development/OCP/billing/il-ms-groupreinstate-processor
1 HP-BIO-KPMC/KPIF-ON/KPMCIntLayer/Development/OCP/billing/il-ms-gljournal-transformer
1 HP-BIO-KPMC/KPIF-ON/KPMCIntLayer/Development/OCP/billing/il-ms-gljournal-fsextractor
1 HP-BIO-KPMC/KPIF-ON/KPMCIntLayer/Development/OCP/billing/il-ms-extract-BGFTPWAS-transformer
1 HP-BIO-KPMC/KPIF-ON/KPMCIntLayer/Development/OCP/billing/il-ms-cpcautopay-transformer
1 HP-BIO-KPMC/KPIF-ON/KPMCIntLayer/Development/OCP/billing/il-ms-cpcautopay-processor
1 HP-BIO-KPMC/KPIF-ON/KPMCIntLayer/Development/OCP/billing/il-ms-aprefund-transformer
1 HP-BIO-KPMC/KPIF-ON/KPMCIntLayer/Development/OCP/billing/il-ms-acirefund-requestor
1 HP-BIO-KPMC/KPIF-ON/KPMCIntLayer/Development/OCP/billing/il-ms-acipaymentupdate-transformer-m3p
1 HP-BIO-KPMC/KPIF-ON/KPMCIntLayer/Development/OCP/billing/il-ms-aciautopay-transformer-m3
1 HP-BIO-KPMC/KPIF-ON/KPMCIntLayer/Development/OCP/billing/il-batch-payment-instructions-filewriter
1 HP-BIO-KPMC/KPIF-ON/KPMCIntLayer/Development/OCP/billing/il-batch-payinstructions-filewriter
1 HP-BIO-KPMC/KPIF-ON/KPMCIntLayer/Development/OCP/billing/il-batch-outbound-cpcextract
1 HP-BIO-KPMC/KPIF-ON/KPMCIntLayer/Development/OCP/billing/il-batch-outbound-cpcbilltransformer
1 HP-BIO-KPMC/KPIF-ON/KPMCIntLayer/Development/OCP/billing/il-batch-outbound-cpcbillextract-ormb
1 HP-BIO-KPMC/KPIF-ON/KPMCIntLayer/Development/OCP/billing/il-batch-outbound-aciextract
1 HP-BIO-KPMC/KPIF-ON/KPMCIntLayer/Development/OCP/billing/il-batch-grouptermination-fsextractor
1 HP-BIO-KPMC/KPIF-ON/KPMCIntLayer/Development/OCP/billing/il-batch-cpcextract-filewriter
1 HP-BIO-KPMC/KPIF-ON/KPMCIntLayer/Development/OCP/billing/il-batch-aprefund-fsextractor
1 HP-BIO-KPMC/KPIF-ON/KPMCIntLayer/Development/OCP/billing/il-batch-aciextract-filewriter
1 HP-BIO-KPMC/KPIF-ON/KPMCIntLayer/Development/OCP/billing/il-batch-acibinderpay-releasefilewriter
1 HP-BIO-KPMC/KPIF-ON/KPMCIntLayer/Development/OCP/billing/Il-batch-payinstructions-transformer
1 HP-BIO-KPMC/KPIF-ON/KPMCIntLayer/Development/OCP/aci/il-ms-acipaymentupdate-transformer
1 HP-BIO-KPMC/KPIF-ON/KPMCIntLayer/Development/OCP/aci/il-ms-acipaymentreversal-transformer
1 HP-BIO-KPMC/KPIF-ON/KPMCIntLayer/Development/OCP/aci/il-batch-outbound-aciextract-m3p
1 HP-BIO-KPMC/KPIF-ON/KPMCIntLayer/Development/OCP/aci/il-batch-aciextract-filewriter-m3p
1 HP-BIO-KPMC/KPIF-ON/KPMCIntLayer/Development/OCP/_to-be-regrouped/il-ms-memberupdate-processor
1 HP-BIO-KPMC/KPIF-ON/KPMCIntLayer/Development/OCP/_to-be-deleted/il-ms-tdeadaptor
1 HP-BIO-KPMC/KPIF-ON/KPMCIntLayer/Development/OCP/_to-be-deleted/il-ms-memberupdate-transformer
1 HP-BIO-KPMC/KPIF-ON/KPMCIntLayer/Development/OCP/_to-be-deleted/il-ms-mbrchgpub-tms-classic-adaptor
1 HP-BIO-KPMC/KPIF-ON/KPMCIntLayer/Development/OCP/_to-be-deleted/il-ms-mbrchgpub-tms-adaptor-kmate-PanelMgmt
1 HP-BIO-KPMC/KPIF-ON/KPMCIntLayer/Development/OCP/_to-be-deleted/il-ms-mbrchgpub-outbound-processor
1 HP-BIO-KPMC/KPIF-ON/KPMCIntLayer/Development/OCP/_to-be-deleted/il-ms-mbrchgpub-message-generator
1 HP-BIO-KPMC/KPIF-ON/KPMCIntLayer/Development/OCP/_to-be-deleted/il-ms-mbrchgpub-inbound-processor
1 HP-BIO-KPMC/KPIF-ON/KPMCIntLayer/Development/OCP/_to-be-deleted/il-ms-mbrchgpub-hl7-adaptor
1 HP-BIO-KPMC/KPIF-ON/KPMCIntLayer/Development/OCP/_to-be-deleted/il-ms-mbrchgpub-empi-adaptor
1 HP-BIO-KPMC/KPIF-ON/KPMCIntLayer/Development/OCP/_to-be-deleted/il-ms-mbrchgpub-cm-demographics-adaptor-nw
1 HP-BIO-KPMC/KPIF-ON/KPMCIntLayer/Development/OCP/_to-be-deleted/il-ms-mbrchgpub-cm-demographics-adaptor-hi
1 HP-BIO-KPMC/KPIF-ON/KPMCIntLayer/Development/OCP/_to-be-deleted/il-ms-mbrchgpub-cm-demographics-adaptor-co
1 HP-BIO-KPMC/KPIF-ON/KPMCIntLayer/Development/OCP/_to-be-deleted/il-ms-mbrchgpub-cm-demographics-adaptor
1 HP-BIO-KPMC/KPIF-ON/KPMCIntLayer/Development/OCP/_to-be-deleted/il-ms-mbrchgpub-cm-classic-adaptor
1 HP-BIO-KPMC/KPIF-ON/KPMCIntLayer/Development/OCP/_to-be-deleted/il-ms-mbrchgpub-cano-ormb-transformer
1 HP-BIO-KPMC/KPIF-ON/KPMCIntLayer/Development/OCP/_to-be-deleted/il-ms-mbrchgpub-binder-ormb-transformer
1 HP-BIO-KPMC/KPIF-ON/KPMCIntLayer/Development/OCP/_to-be-deleted/il-ms-ene-bndr-pymt-fulfill-prcssr
1 HP-BIO-KPMC/KPIF-ON/KPMCIntLayer/Development/OCP/_to-be-deleted/il-ms-cano-bprs
1 HP-BIO-KPMC/KPIF-ON/KPMCIntLayer/Development/OCP/_to-be-deleted/il-ms-cac-epicschema
1 HP-BIO-KPMC/KPIF-ON/KPMCIntLayer/Development/OCP/_to-be-deleted/il-ms-adpt-tapmem
1 HP-BIO-KPMC/KPIF-ON/KPMCIntLayer/Development/OCP/_to-be-deleted/il-ms-adpt-ormb-kpif
1 HP-BIO-KPMC/KPIF-ON/KPMCIntLayer/Development/OCP/_to-be-deleted/il-batch-inbound-filelistener
1 HP-BIO-KPMC/KPIF-ON/KPMCIntLayer/Development/OCP/_to-be-deleted/Il-ms-medicare-change-transformer
1 HP-BIO-KPMC/KPIF-ON/KPMCIntLayer/Development/OCP/_to-be-deleted/Il-ms-adpt-ormb
1 HP-BIO-KPMC/KPIF-ON/KPMCIntLayer/DevOps_Release/ss-ui-mgmt-console_obsolete
1 HP-BIO-KPMC/KPIF-ON/KPMCIntLayer/DevOps_Release/ss-ms-mgmt-console
1 HP-BIO-KPMC/KPIF-ON/KPMCIntLayer/DevOps_Release/ormb-bill-cycles-run-validation
1 HP-BIO-KPMC/KPIF-ON/KPMCIntLayer/DevOps_Release/il-ms-workflowem-transformer
1 HP-BIO-KPMC/KPIF-ON/KPMCIntLayer/DevOps_Release/il-ms-tpp-pap-hi-crm-msg-publisher
1 HP-BIO-KPMC/KPIF-ON/KPMCIntLayer/DevOps_Release/il-ms-memberupdate-processor-test
1 HP-BIO-KPMC/KPIF-ON/KPMCIntLayer/DevOps_Release/il-ms-memberterminatei
1 HP-BIO-KPMC/KPIF-ON/KPMCIntLayer/DevOps_Release/il-ms-memberterminate-legacy
1 HP-BIO-KPMC/KPIF-ON/KPMCIntLayer/DevOps_Release/il-ms-memberreinstate-processor
1 HP-BIO-KPMC/KPIF-ON/KPMCIntLayer/DevOps_Release/il-ms-member-inquiry-test
1 HP-BIO-KPMC/KPIF-ON/KPMCIntLayer/DevOps_Release/il-ms-member-delinquency-test
1 HP-BIO-KPMC/KPIF-ON/KPMCIntLayer/DevOps_Release/il-ms-mcaid-crosswalk
1 HP-BIO-KPMC/KPIF-ON/KPMCIntLayer/DevOps_Release/il-ms-mbrchgpub-tms-maspmos-adaptor
1 HP-BIO-KPMC/KPIF-ON/KPMCIntLayer/DevOps_Release/il-ms-mbrchgpub-test
1 HP-BIO-KPMC/KPIF-ON/KPMCIntLayer/DevOps_Release/il-ms-mbrchgpub-message-generator
1 HP-BIO-KPMC/KPIF-ON/KPMCIntLayer/DevOps_Release/il-ms-mbrchgpub-empi-adaptor-test
1 HP-BIO-KPMC/KPIF-ON/KPMCIntLayer/DevOps_Release/il-ms-mbrchgpub-cm-demographics-adaptor-nw
1 HP-BIO-KPMC/KPIF-ON/KPMCIntLayer/DevOps_Release/il-ms-mbrchgpub-cm-demographics-adaptor-ga
1 HP-BIO-KPMC/KPIF-ON/KPMCIntLayer/DevOps_Release/il-ms-mbrchgpub-cm-demographics-adaptor-co
1 HP-BIO-KPMC/KPIF-ON/KPMCIntLayer/DevOps_Release/il-ms-lockboxboa-147-test
1 HP-BIO-KPMC/KPIF-ON/KPMCIntLayer/DevOps_Release/il-ms-kpmcmrnsearch-test
1 HP-BIO-KPMC/KPIF-ON/KPMCIntLayer/DevOps_Release/il-ms-kbsql-recon-purge
1 HP-BIO-KPMC/KPIF-ON/KPMCIntLayer/DevOps_Release/il-ms-kbsql-recon-ept-obs-extract_obsolete
1 HP-BIO-KPMC/KPIF-ON/KPMCIntLayer/DevOps_Release/il-ms-kbsql-recon-ept-ent-extract_obsolete
1 HP-BIO-KPMC/KPIF-ON/KPMCIntLayer/DevOps_Release/il-ms-kbsql-ppg-rol-extract
1 HP-BIO-KPMC/KPIF-ON/KPMCIntLayer/DevOps_Release/il-ms-kbsql-ppg-rol-del-extract
1 HP-BIO-KPMC/KPIF-ON/KPMCIntLayer/DevOps_Release/il-ms-kbsql-ppg-rid-del-extract
1 HP-BIO-KPMC/KPIF-ON/KPMCIntLayer/DevOps_Release/il-ms-kbsql-ppg-nrg-del-extract
1 HP-BIO-KPMC/KPIF-ON/KPMCIntLayer/DevOps_Release/il-ms-kbsql-ppg-epp-del-extract
1 HP-BIO-KPMC/KPIF-ON/KPMCIntLayer/DevOps_Release/il-ms-kbsql-ppg-cvg-del-extract
1 HP-BIO-KPMC/KPIF-ON/KPMCIntLayer/DevOps_Release/il-ms-kbsql-nsc-wqf-extract
1 HP-BIO-KPMC/KPIF-ON/KPMCIntLayer/DevOps_Release/il-ms-kbsql-nsc-ept-extract
1 HP-BIO-KPMC/KPIF-ON/KPMCIntLayer/DevOps_Release/il-ms-kbsql-nsc-cvg-extract
1 HP-BIO-KPMC/KPIF-ON/KPMCIntLayer/DevOps_Release/il-ms-kbsql-nsc-cus-extract
1 HP-BIO-KPMC/KPIF-ON/KPMCIntLayer/DevOps_Release/il-ms-kbsql-nsc-cmt-extract
1 HP-BIO-KPMC/KPIF-ON/KPMCIntLayer/DevOps_Release/il-ms-kbsql-nrg-map-del-extract
1 HP-BIO-KPMC/KPIF-ON/KPMCIntLayer/DevOps_Release/il-ms-kbsql-npd-del-extract
1 HP-BIO-KPMC/KPIF-ON/KPMCIntLayer/DevOps_Release/il-ms-kbsql-nec-sta-del-extract
1 HP-BIO-KPMC/KPIF-ON/KPMCIntLayer/DevOps_Release/il-ms-kbsql-nec-del-extract
1 HP-BIO-KPMC/KPIF-ON/KPMCIntLayer/DevOps_Release/il-ms-kbsql-nec-coe-del-extract
1 HP-BIO-KPMC/KPIF-ON/KPMCIntLayer/DevOps_Release/il-ms-kbsql-nec-age-del-extract
1 HP-BIO-KPMC/KPIF-ON/KPMCIntLayer/DevOps_Release/il-ms-kbsql-ncs-tsk-del-extract
1 HP-BIO-KPMC/KPIF-ON/KPMCIntLayer/DevOps_Release/il-ms-kbsql-ncs-lst-del-extract
1 HP-BIO-KPMC/KPIF-ON/KPMCIntLayer/DevOps_Release/il-ms-kbsql-mcr-del-extract
1 HP-BIO-KPMC/KPIF-ON/KPMCIntLayer/DevOps_Release/il-ms-kbsql-lob-del-extract
1 HP-BIO-KPMC/KPIF-ON/KPMCIntLayer/DevOps_Release/il-ms-kbsql-list_value_extracts
1 HP-BIO-KPMC/KPIF-ON/KPMCIntLayer/DevOps_Release/il-ms-kbsql-list-value-stg-extract
1 HP-BIO-KPMC/KPIF-ON/KPMCIntLayer/DevOps_Release/il-ms-kbsql-list-extracts
1 HP-BIO-KPMC/KPIF-ON/KPMCIntLayer/DevOps_Release/il-ms-kbsql-iit-del-extract
1 HP-BIO-KPMC/KPIF-ON/KPMCIntLayer/DevOps_Release/il-ms-kbsql-hno-txt-del-extract
1 HP-BIO-KPMC/KPIF-ON/KPMCIntLayer/DevOps_Release/il-ms-kbsql-hno-ref-del-extract
1 HP-BIO-KPMC/KPIF-ON/KPMCIntLayer/DevOps_Release/il-ms-kbsql-hno-del-extract
1 HP-BIO-KPMC/KPIF-ON/KPMCIntLayer/DevOps_Release/il-ms-kbsql-hlv-val-del-extract
1 HP-BIO-KPMC/KPIF-ON/KPMCIntLayer/DevOps_Release/il-ms-kbsql-ept-pre-del-extract
1 HP-BIO-KPMC/KPIF-ON/KPMCIntLayer/DevOps_Release/il-ms-kbsql-ept-pho-del-extract
1 HP-BIO-KPMC/KPIF-ON/KPMCIntLayer/DevOps_Release/il-ms-kbsql-ept-obs-del-extract
1 HP-BIO-KPMC/KPIF-ON/KPMCIntLayer/DevOps_Release/il-ms-kbsql-ept-mrn-del-extract
1 HP-BIO-KPMC/KPIF-ON/KPMCIntLayer/DevOps_Release/il-ms-kbsql-ept-mer-del-extract
1 HP-BIO-KPMC/KPIF-ON/KPMCIntLayer/DevOps_Release/il-ms-kbsql-ept-lan-del-extract
1 HP-BIO-KPMC/KPIF-ON/KPMCIntLayer/DevOps_Release/il-ms-kbsql-ept-ide-del-extract
1 HP-BIO-KPMC/KPIF-ON/KPMCIntLayer/DevOps_Release/il-ms-kbsql-ept-eum-del-extract
1 HP-BIO-KPMC/KPIF-ON/KPMCIntLayer/DevOps_Release/il-ms-kbsql-ept-ent-del-extract
1 HP-BIO-KPMC/KPIF-ON/KPMCIntLayer/DevOps_Release/il-ms-kbsql-ept-eml-del-extract
1 HP-BIO-KPMC/KPIF-ON/KPMCIntLayer/DevOps_Release/il-ms-kbsql-ept-doc-del-extract
1 HP-BIO-KPMC/KPIF-ON/KPMCIntLayer/DevOps_Release/il-ms-kbsql-ept-det-del-extract
1 HP-BIO-KPMC/KPIF-ON/KPMCIntLayer/DevOps_Release/il-ms-kbsql-ept-dem-del-extract
1 HP-BIO-KPMC/KPIF-ON/KPMCIntLayer/DevOps_Release/il-ms-kbsql-ept-cvg-del-extract
1 HP-BIO-KPMC/KPIF-ON/KPMCIntLayer/DevOps_Release/il-ms-kbsql-ept-ali-del-extract
1 HP-BIO-KPMC/KPIF-ON/KPMCIntLayer/DevOps_Release/il-ms-kbsql-ept-add-del-extract
1 HP-BIO-KPMC/KPIF-ON/KPMCIntLayer/DevOps_Release/il-ms-kbsql-epm-del-extract
1 HP-BIO-KPMC/KPIF-ON/KPMCIntLayer/DevOps_Release/il-ms-kbsql-eci-del-extract
1 HP-BIO-KPMC/KPIF-ON/KPMCIntLayer/DevOps_Release/il-ms-kbsql-dpg-ppg-del-extract
1 HP-BIO-KPMC/KPIF-ON/KPMCIntLayer/DevOps_Release/il-ms-kbsql-dpg-nec-extract
1 HP-BIO-KPMC/KPIF-ON/KPMCIntLayer/DevOps_Release/il-ms-kbsql-dpg-extract
1 HP-BIO-KPMC/KPIF-ON/KPMCIntLayer/DevOps_Release/il-ms-kbsql-cvg-thr-del-extract
1 HP-BIO-KPMC/KPIF-ON/KPMCIntLayer/DevOps_Release/il-ms-kbsql-cvg-his-del-extract
1 HP-BIO-KPMC/KPIF-ON/KPMCIntLayer/DevOps_Release/il-ms-kbsql-cvg-add-del-extract
1 HP-BIO-KPMC/KPIF-ON/KPMCIntLayer/DevOps_Release/il-ms-health-insurance-product-test
1 HP-BIO-KPMC/KPIF-ON/KPMCIntLayer/DevOps_Release/il-ms-groupupdate-processor-test
1 HP-BIO-KPMC/KPIF-ON/KPMCIntLayer/DevOps_Release/il-ms-fw-kafka-interface-test
1 HP-BIO-KPMC/KPIF-ON/KPMCIntLayer/DevOps_Release/il-ms-fs-mrn-tapmem-processor
1 HP-BIO-KPMC/KPIF-ON/KPMCIntLayer/DevOps_Release/il-ms-fileprocess-utility
1 HP-BIO-KPMC/KPIF-ON/KPMCIntLayer/DevOps_Release/il-ms-familyinquiry
1 HP-BIO-KPMC/KPIF-ON/KPMCIntLayer/DevOps_Release/il-ms-extract-tpp-pap-id-report-hi-test
1 HP-BIO-KPMC/KPIF-ON/KPMCIntLayer/DevOps_Release/il-ms-extract-tpp-invoice-transformer
1 HP-BIO-KPMC/KPIF-ON/KPMCIntLayer/DevOps_Release/il-ms-extract-tpp-invoice-test
1 HP-BIO-KPMC/KPIF-ON/KPMCIntLayer/DevOps_Release/il-ms-extract-sampledemo-transformer
1 HP-BIO-KPMC/KPIF-ON/KPMCIntLayer/DevOps_Release/il-ms-extract-saferide-transformer-ga
1 HP-BIO-KPMC/KPIF-ON/KPMCIntLayer/DevOps_Release/il-ms-extract-saferide-transformer-co
1 HP-BIO-KPMC/KPIF-ON/KPMCIntLayer/DevOps_Release/il-ms-extract-roc-lockbox-transformer
1 HP-BIO-KPMC/KPIF-ON/KPMCIntLayer/DevOps_Release/il-ms-extract-pre-sor-filereader
1 HP-BIO-KPMC/KPIF-ON/KPMCIntLayer/DevOps_Release/il-ms-extract-mcaid-va-transport-transformer
1 HP-BIO-KPMC/KPIF-ON/KPMCIntLayer/DevOps_Release/il-ms-extract-mcaid-fulfill-mas-transformer
1 HP-BIO-KPMC/KPIF-ON/KPMCIntLayer/DevOps_Release/il-ms-extract-mcaid-error-analyzer
1 HP-BIO-KPMC/KPIF-ON/KPMCIntLayer/DevOps_Release/il-ms-extract-mb446ft2-transformer
1 HP-BIO-KPMC/KPIF-ON/KPMCIntLayer/DevOps_Release/il-ms-extract-mb446ft2-test
1 HP-BIO-KPMC/KPIF-ON/KPMCIntLayer/DevOps_Release/il-ms-extract-lockboxboa-147-transformer
1 HP-BIO-KPMC/KPIF-ON/KPMCIntLayer/DevOps_Release/il-ms-extract-libertydental-daily-transformer
1 HP-BIO-KPMC/KPIF-ON/KPMCIntLayer/DevOps_Release/il-ms-extract-kpwamarketprominence-test
1 HP-BIO-KPMC/KPIF-ON/KPMCIntLayer/DevOps_Release/il-ms-extract-kpwa-empi-transformer
1 HP-BIO-KPMC/KPIF-ON/KPMCIntLayer/DevOps_Release/il-ms-extract-kpwa-empi-test
1 HP-BIO-KPMC/KPIF-ON/KPMCIntLayer/DevOps_Release/il-ms-extract-hawaiidentalservices36-transformer
1 HP-BIO-KPMC/KPIF-ON/KPMCIntLayer/DevOps_Release/il-ms-extract-fw-common
1 HP-BIO-KPMC/KPIF-ON/KPMCIntLayer/DevOps_Release/il-ms-extract-ene-sbmi-md-disc-transformer
1 HP-BIO-KPMC/KPIF-ON/KPMCIntLayer/DevOps_Release/il-ms-extract-ene-sbmi-md-disc-report-generator
1 HP-BIO-KPMC/KPIF-ON/KPMCIntLayer/DevOps_Release/il-ms-extract-ene-sbm-discrepancy-report
1 HP-BIO-KPMC/KPIF-ON/KPMCIntLayer/DevOps_Release/il-ms-extract-ene-membershipenrollmentsc-test
1 HP-BIO-KPMC/KPIF-ON/KPMCIntLayer/DevOps_Release/il-ms-extract-ene-full-carrier-audit-transformer
1 HP-BIO-KPMC/KPIF-ON/KPMCIntLayer/DevOps_Release/il-ms-extract-ene-ffm-switch-transformer
1 HP-BIO-KPMC/KPIF-ON/KPMCIntLayer/DevOps_Release/il-ms-extract-ene-dispute-sub-ffm-filegenerator
1 HP-BIO-KPMC/KPIF-ON/KPMCIntLayer/DevOps_Release/il-ms-extract-ene-dispute-disposition-response-transformer
1 HP-BIO-KPMC/KPIF-ON/KPMCIntLayer/DevOps_Release/il-ms-extract-ene-cover-ca-issuer-resp-file-transformer
1 HP-BIO-KPMC/KPIF-ON/KPMCIntLayer/DevOps_Release/il-ms-extract-dpalockbox-transformer-hi
1 HP-BIO-KPMC/KPIF-ON/KPMCIntLayer/DevOps_Release/il-ms-extract-demcvgwa-dqr-test
1 HP-BIO-KPMC/KPIF-ON/KPMCIntLayer/DevOps_Release/il-ms-extract-deltadentalsgnonopmco-transformer
1 HP-BIO-KPMC/KPIF-ON/KPMCIntLayer/DevOps_Release/il-ms-extract-deltadentalnonopmeligco-transformer
1 HP-BIO-KPMC/KPIF-ON/KPMCIntLayer/DevOps_Release/il-ms-extract-deltadentaleligco-transformer
1 HP-BIO-KPMC/KPIF-ON/KPMCIntLayer/DevOps_Release/il-ms-extract-deltadental-medicare-eligco-transformer
1 HP-BIO-KPMC/KPIF-ON/KPMCIntLayer/DevOps_Release/il-ms-extract-ca-soldplan-cac-test
1 HP-BIO-KPMC/KPIF-ON/KPMCIntLayer/DevOps_Release/il-ms-extract-broker-moccom-group-payment-transformer
1 HP-BIO-KPMC/KPIF-ON/KPMCIntLayer/DevOps_Release/il-ms-extract-broker-compensation-transformer
1 HP-BIO-KPMC/KPIF-ON/KPMCIntLayer/DevOps_Release/il-ms-extract-boalockbox-transformer-wa
1 HP-BIO-KPMC/KPIF-ON/KPMCIntLayer/DevOps_Release/il-ms-extract-billinglockbox-wfargo-hpstransforme
1 HP-BIO-KPMC/KPIF-ON/KPMCIntLayer/DevOps_Release/il-ms-extract-billing-state-subsidy-pmt-instructions-transformer
1 HP-BIO-KPMC/KPIF-ON/KPMCIntLayer/DevOps_Release/il-ms-extract-billing-on-198-transformer
1 HP-BIO-KPMC/KPIF-ON/KPMCIntLayer/DevOps_Release/il-ms-extract-billing-on-137-transformer
1 HP-BIO-KPMC/KPIF-ON/KPMCIntLayer/DevOps_Release/il-ms-extract-billing-on-136-transformer
1 HP-BIO-KPMC/KPIF-ON/KPMCIntLayer/DevOps_Release/il-ms-extract-billing-mcd-san-manteo-transformer_Obsolete
1 HP-BIO-KPMC/KPIF-ON/KPMCIntLayer/DevOps_Release/il-ms-extract-billing-mcd-phc-transformer
1 HP-BIO-KPMC/KPIF-ON/KPMCIntLayer/DevOps_Release/il-ms-extract-billing-mcd-contra-costa-transformer
1 HP-BIO-KPMC/KPIF-ON/KPMCIntLayer/DevOps_Release/il-ms-extract-billing-mcaid-va-premier-transformer
1 HP-BIO-KPMC/KPIF-ON/KPMCIntLayer/DevOps_Release/il-ms-extract-billing-mcaid-santa-clara-transformer
1 HP-BIO-KPMC/KPIF-ON/KPMCIntLayer/DevOps_Release/il-ms-extract-billing-mcaid-san-joaquin-transformer
1 HP-BIO-KPMC/KPIF-ON/KPMCIntLayer/DevOps_Release/il-ms-extract-billing-mcaid-san-fran-transformer
1 HP-BIO-KPMC/KPIF-ON/KPMCIntLayer/DevOps_Release/il-ms-extract-billing-mcaid-pmt-instructions-transformer
1 HP-BIO-KPMC/KPIF-ON/KPMCIntLayer/DevOps_Release/il-ms-extract-billing-mcaid-molina-transformer
1 HP-BIO-KPMC/KPIF-ON/KPMCIntLayer/DevOps_Release/il-ms-extract-billing-mcaid-md-transformer_Obsolete
1 HP-BIO-KPMC/KPIF-ON/KPMCIntLayer/DevOps_Release/il-ms-extract-billing-mcaid-la-care-transformer
1 HP-BIO-KPMC/KPIF-ON/KPMCIntLayer/DevOps_Release/il-ms-extract-billing-mcaid-inland-empire-transformer
1 HP-BIO-KPMC/KPIF-ON/KPMCIntLayer/DevOps_Release/il-ms-extract-billing-mcaid-gold-coast-transformer
1 HP-BIO-KPMC/KPIF-ON/KPMCIntLayer/DevOps_Release/il-ms-extract-billing-mcaid-cal-optima-transformer
1 HP-BIO-KPMC/KPIF-ON/KPMCIntLayer/DevOps_Release/il-ms-extract-billing-mcaid-alameda-transformer
1 HP-BIO-KPMC/KPIF-ON/KPMCIntLayer/DevOps_Release/il-ms-extract-billing-lockbox-wfargo-transformer
1 HP-BIO-KPMC/KPIF-ON/KPMCIntLayer/DevOps_Release/il-ms-extract-billing-ebox-wfargo-ormb-transformer
1 HP-BIO-KPMC/KPIF-ON/KPMCIntLayer/DevOps_Release/il-ms-extract-billing-ebox-wfargo-hps-transformer
1 HP-BIO-KPMC/KPIF-ON/KPMCIntLayer/DevOps_Release/il-ms-extract-billing-covered-ca-carrier-fee-transformer
1 HP-BIO-KPMC/KPIF-ON/KPMCIntLayer/DevOps_Release/il-ms-extract-billing-cdph-pmt-instructions-transformer
1 HP-BIO-KPMC/KPIF-ON/KPMCIntLayer/DevOps_Release/il-ms-extract-billing-carrier-actn-validation-rpt-transformer_Obsolete
1 HP-BIO-KPMC/KPIF-ON/KPMCIntLayer/DevOps_Release/il-ms-extract-billing-carrier-action-dspte-dspston-transformer
1 HP-BIO-KPMC/KPIF-ON/KPMCIntLayer/DevOps_Release/il-ms-extract-billing-broker-compensation-transformer
1 HP-BIO-KPMC/KPIF-ON/KPMCIntLayer/DevOps_Release/il-ms-extract-beaconeligmembers-transformer
1 HP-BIO-KPMC/KPIF-ON/KPMCIntLayer/DevOps_Release/il-ms-extract-ash-hi-member-weekly-xfit-transformer
1 HP-BIO-KPMC/KPIF-ON/KPMCIntLayer/DevOps_Release/il-ms-extract-BGFTPWAS-transformer
1 HP-BIO-KPMC/KPIF-ON/KPMCIntLayer/DevOps_Release/il-ms-extene-fca-recon-comparison-transformer
1 HP-BIO-KPMC/KPIF-ON/KPMCIntLayer/DevOps_Release/il-ms-extene-fca-recon-comparison-reportgen
1 HP-BIO-KPMC/KPIF-ON/KPMCIntLayer/DevOps_Release/il-ms-extene-fca-recon-comparison-fileload
1 HP-BIO-KPMC/KPIF-ON/KPMCIntLayer/DevOps_Release/il-ms-extene-exchange-outcomes-report
1 HP-BIO-KPMC/KPIF-ON/KPMCIntLayer/DevOps_Release/il-ms-epic-msg-publisher
1 HP-BIO-KPMC/KPIF-ON/KPMCIntLayer/DevOps_Release/il-ms-ene-mspmir-migration-router
1 HP-BIO-KPMC/KPIF-ON/KPMCIntLayer/DevOps_Release/il-ms-ene-full-carrier-audit-test
1 HP-BIO-KPMC/KPIF-ON/KPMCIntLayer/DevOps_Release/il-ms-ene-ffm-dispute-response-transformer
1 HP-BIO-KPMC/KPIF-ON/KPMCIntLayer/DevOps_Release/il-ms-ene-emws-transformer
1 HP-BIO-KPMC/KPIF-ON/KPMCIntLayer/DevOps_Release/il-ms-ene-cover-ca-weekly-audit-file-test
1 HP-BIO-KPMC/KPIF-ON/KPMCIntLayer/DevOps_Release/il-ms-ene-cover-ca-issuer-resp-file-test
1 HP-BIO-KPMC/KPIF-ON/KPMCIntLayer/DevOps_Release/il-ms-ene-cover-ca-gobk-resp-ext-test
1 HP-BIO-KPMC/KPIF-ON/KPMCIntLayer/DevOps_Release/il-ms-ene-bndr-pymt-fulfill-prcssr-test
1 HP-BIO-KPMC/KPIF-ON/KPMCIntLayer/DevOps_Release/il-ms-dqr-contract-coverage-comparator
1 HP-BIO-KPMC/KPIF-ON/KPMCIntLayer/DevOps_Release/il-ms-dpamanagement-processor
1 HP-BIO-KPMC/KPIF-ON/KPMCIntLayer/DevOps_Release/il-ms-doclink-transformer
1 HP-BIO-KPMC/KPIF-ON/KPMCIntLayer/DevOps_Release/il-ms-delaymessage-processor
1 HP-BIO-KPMC/KPIF-ON/KPMCIntLayer/DevOps_Release/il-ms-datahub-transformer-ene-ffm-rcno
1 HP-BIO-KPMC/KPIF-ON/KPMCIntLayer/DevOps_Release/il-ms-datahub-transformer-ene-co-rcno
1 HP-BIO-KPMC/KPIF-ON/KPMCIntLayer/DevOps_Release/il-ms-datahub-loader-writer-error-report
1 HP-BIO-KPMC/KPIF-ON/KPMCIntLayer/DevOps_Release/il-ms-datahub-load-roc-lockbox
1 HP-BIO-KPMC/KPIF-ON/KPMCIntLayer/DevOps_Release/il-ms-datahub-load-lockboxboa-147
1 HP-BIO-KPMC/KPIF-ON/KPMCIntLayer/DevOps_Release/il-ms-datahub-load-l2-validation-report
1 HP-BIO-KPMC/KPIF-ON/KPMCIntLayer/DevOps_Release/il-ms-datahub-load-ene-rcni
1 HP-BIO-KPMC/KPIF-ON/KPMCIntLayer/DevOps_Release/il-ms-datahub-load-ene-preaudit
1 HP-BIO-KPMC/KPIF-ON/KPMCIntLayer/DevOps_Release/il-ms-datahub-load-ene-mspmir
1 HP-BIO-KPMC/KPIF-ON/KPMCIntLayer/DevOps_Release/il-ms-datahub-load-ene-ffm-switch-file
1 HP-BIO-KPMC/KPIF-ON/KPMCIntLayer/DevOps_Release/il-ms-datahub-load-ene-ffm-rcno
1 HP-BIO-KPMC/KPIF-ON/KPMCIntLayer/DevOps_Release/il-ms-datahub-load-ene-ffm-dispute-response
1 HP-BIO-KPMC/KPIF-ON/KPMCIntLayer/DevOps_Release/il-ms-datahub-load-ene-cover-ca-weekly-audit-file
1 HP-BIO-KPMC/KPIF-ON/KPMCIntLayer/DevOps_Release/il-ms-datahub-load-ene-co-rcno
1 HP-BIO-KPMC/KPIF-ON/KPMCIntLayer/DevOps_Release/il-ms-datahub-load-billing-state-subsidy-pmt-instructions
1 HP-BIO-KPMC/KPIF-ON/KPMCIntLayer/DevOps_Release/il-ms-datahub-load-billing-mcd-san-manteo
1 HP-BIO-KPMC/KPIF-ON/KPMCIntLayer/DevOps_Release/il-ms-datahub-load-billing-mcd-phc
1 HP-BIO-KPMC/KPIF-ON/KPMCIntLayer/DevOps_Release/il-ms-datahub-load-billing-mcd-contra-costa
1 HP-BIO-KPMC/KPIF-ON/KPMCIntLayer/DevOps_Release/il-ms-datahub-load-billing-mcaid-va-premier
1 HP-BIO-KPMC/KPIF-ON/KPMCIntLayer/DevOps_Release/il-ms-datahub-load-billing-mcaid-santa-clara
1 HP-BIO-KPMC/KPIF-ON/KPMCIntLayer/DevOps_Release/il-ms-datahub-load-billing-mcaid-san-joaquin
1 HP-BIO-KPMC/KPIF-ON/KPMCIntLayer/DevOps_Release/il-ms-datahub-load-billing-mcaid-san-fran
1 HP-BIO-KPMC/KPIF-ON/KPMCIntLayer/DevOps_Release/il-ms-datahub-load-billing-mcaid-pmt-instructions
1 HP-BIO-KPMC/KPIF-ON/KPMCIntLayer/DevOps_Release/il-ms-datahub-load-billing-mcaid-molina
1 HP-BIO-KPMC/KPIF-ON/KPMCIntLayer/DevOps_Release/il-ms-datahub-load-billing-mcaid-md
1 HP-BIO-KPMC/KPIF-ON/KPMCIntLayer/DevOps_Release/il-ms-datahub-load-billing-mcaid-la-care
1 HP-BIO-KPMC/KPIF-ON/KPMCIntLayer/DevOps_Release/il-ms-datahub-load-billing-mcaid-inland-empire
1 HP-BIO-KPMC/KPIF-ON/KPMCIntLayer/DevOps_Release/il-ms-datahub-load-billing-mcaid-gold-coast
1 HP-BIO-KPMC/KPIF-ON/KPMCIntLayer/DevOps_Release/il-ms-datahub-load-billing-mcaid-cal-optima
1 HP-BIO-KPMC/KPIF-ON/KPMCIntLayer/DevOps_Release/il-ms-datahub-load-billing-mcaid-alameda
1 HP-BIO-KPMC/KPIF-ON/KPMCIntLayer/DevOps_Release/il-ms-datahub-load-billing-lockbox-wfargo
1 HP-BIO-KPMC/KPIF-ON/KPMCIntLayer/DevOps_Release/il-ms-datahub-load-billing-ebox-wfargo
1 HP-BIO-KPMC/KPIF-ON/KPMCIntLayer/DevOps_Release/il-ms-datahub-load-billing-covered-ca-carrier-fee
1 HP-BIO-KPMC/KPIF-ON/KPMCIntLayer/DevOps_Release/il-ms-datahub-load-billing-cdph-pmt-instructions
1 HP-BIO-KPMC/KPIF-ON/KPMCIntLayer/DevOps_Release/il-ms-datahub-load-billing-carrier-action-validation-report
1 HP-BIO-KPMC/KPIF-ON/KPMCIntLayer/DevOps_Release/il-ms-datahub-load-billing-carrier-action-dspte-dspston
1 HP-BIO-KPMC/KPIF-ON/KPMCIntLayer/DevOps_Release/il-ms-crm-message-publisher
1 HP-BIO-KPMC/KPIF-ON/KPMCIntLayer/DevOps_Release/il-ms-crm-crosswalk
1 HP-BIO-KPMC/KPIF-ON/KPMCIntLayer/DevOps_Release/il-ms-cr817-datamigration
1 HP-BIO-KPMC/KPIF-ON/KPMCIntLayer/DevOps_Release/il-ms-coverage-test
1 HP-BIO-KPMC/KPIF-ON/KPMCIntLayer/DevOps_Release/il-ms-cano-bprs-test
1 HP-BIO-KPMC/KPIF-ON/KPMCIntLayer/DevOps_Release/il-ms-cac-salesconnect-schema
1 HP-BIO-KPMC/KPIF-ON/KPMCIntLayer/DevOps_Release/il-ms-cac-ormb-test
1 HP-BIO-KPMC/KPIF-ON/KPMCIntLayer/DevOps_Release/il-ms-cac-epic-test
1 HP-BIO-KPMC/KPIF-ON/KPMCIntLayer/DevOps_Release/il-ms-cac-emws-test
1 HP-BIO-KPMC/KPIF-ON/KPMCIntLayer/DevOps_Release/il-ms-billingaccount-processor
1 HP-BIO-KPMC/KPIF-ON/KPMCIntLayer/DevOps_Release/il-ms-billing-tpp-pmt-instructions-test
1 HP-BIO-KPMC/KPIF-ON/KPMCIntLayer/DevOps_Release/il-ms-billing-state-subsidy-pmt-instructions-test
1 HP-BIO-KPMC/KPIF-ON/KPMCIntLayer/DevOps_Release/il-ms-billing-lockbox-wfargo-test
1 HP-BIO-KPMC/KPIF-ON/KPMCIntLayer/DevOps_Release/il-ms-billing-covered-ca-carrier-fee-test
1 HP-BIO-KPMC/KPIF-ON/KPMCIntLayer/DevOps_Release/il-ms-billing-cms-pmt-instructions-test
1 HP-BIO-KPMC/KPIF-ON/KPMCIntLayer/DevOps_Release/il-ms-billing-cms-pmt-instructions-f820-test
1 HP-BIO-KPMC/KPIF-ON/KPMCIntLayer/DevOps_Release/il-ms-billing-cdph-pmt-instructions-test
1 HP-BIO-KPMC/KPIF-ON/KPMCIntLayer/DevOps_Release/il-ms-billing-broker-compensation-test
1 HP-BIO-KPMC/KPIF-ON/KPMCIntLayer/DevOps_Release/il-ms-acirefund-requestor-m3p
1 HP-BIO-KPMC/KPIF-ON/KPMCIntLayer/DevOps_Release/il-ms-acipaymentupdate-transformer-m3p
1 HP-BIO-KPMC/KPIF-ON/KPMCIntLayer/DevOps_Release/il-ms-acipaymentupdate-transformer
1 HP-BIO-KPMC/KPIF-ON/KPMCIntLayer/DevOps_Release/il-ms-acipaymentreversal-transformer-m3p
1 HP-BIO-KPMC/KPIF-ON/KPMCIntLayer/DevOps_Release/il-ms-acimpspaymentupdate-transformer-m3p
1 HP-BIO-KPMC/KPIF-ON/KPMCIntLayer/DevOps_Release/il-ms-aciautopay-transformer-m3p
1 HP-BIO-KPMC/KPIF-ON/KPMCIntLayer/DevOps_Release/il-ms-aciautopay-transformer
1 HP-BIO-KPMC/KPIF-ON/KPMCIntLayer/DevOps_Release/il-fw-tams-core
1 HP-BIO-KPMC/KPIF-ON/KPMCIntLayer/DevOps_Release/il-fw-sorclient
1 HP-BIO-KPMC/KPIF-ON/KPMCIntLayer/DevOps_Release/il-fw-services-common-utils
1 HP-BIO-KPMC/KPIF-ON/KPMCIntLayer/DevOps_Release/il-fw-servicenow
1 HP-BIO-KPMC/KPIF-ON/KPMCIntLayer/DevOps_Release/il-fw-restproxy
1 HP-BIO-KPMC/KPIF-ON/KPMCIntLayer/DevOps_Release/il-fw-kbsql-extract-shared
1 HP-BIO-KPMC/KPIF-ON/KPMCIntLayer/DevOps_Release/il-fw-extracts-utility
1 HP-BIO-KPMC/KPIF-ON/KPMCIntLayer/DevOps_Release/il-fw-error
1 HP-BIO-KPMC/KPIF-ON/KPMCIntLayer/DevOps_Release/il-fw-datahub-load
1 HP-BIO-KPMC/KPIF-ON/KPMCIntLayer/DevOps_Release/il-fw-batch-excel
1 HP-BIO-KPMC/KPIF-ON/KPMCIntLayer/DevOps_Release/il-extract-mcaid-dem-welkit-va-transformer
1 HP-BIO-KPMC/KPIF-ON/KPMCIntLayer/DevOps_Release/il-ene-md-discrepancy-test-157
1 HP-BIO-KPMC/KPIF-ON/KPMCIntLayer/DevOps_Release/il-ene-md-discrepancy-reportgen
1 HP-BIO-KPMC/KPIF-ON/KPMCIntLayer/DevOps_Release/il-ene-md-discrepancy-fileload
1 HP-BIO-KPMC/KPIF-ON/KPMCIntLayer/DevOps_Release/il-ene-md-discrepancy-datacompare
1 HP-BIO-KPMC/KPIF-ON/KPMCIntLayer/DevOps_Release/il-ene-ffm-baa-fileload
1 HP-BIO-KPMC/KPIF-ON/KPMCIntLayer/DevOps_Release/il-ene-ffm-baa-crm-gen
1 HP-BIO-KPMC/KPIF-ON/KPMCIntLayer/DevOps_Release/il-ene-dc-discrepancy-test-158
1 HP-BIO-KPMC/KPIF-ON/KPMCIntLayer/DevOps_Release/il-ene-dc-discrepancy-fileload
1 HP-BIO-KPMC/KPIF-ON/KPMCIntLayer/DevOps_Release/il-ene-dc-discrepancy-datacompare
1 HP-BIO-KPMC/KPIF-ON/KPMCIntLayer/DevOps_Release/il-datahub-maintenance-util
1 HP-BIO-KPMC/KPIF-ON/KPMCIntLayer/DevOps_Release/il-datahub-load-tmsbenefit
1 HP-BIO-KPMC/KPIF-ON/KPMCIntLayer/DevOps_Release/il-datahub-load-product-financial
1 HP-BIO-KPMC/KPIF-ON/KPMCIntLayer/DevOps_Release/il-datahub-load-product
1 HP-BIO-KPMC/KPIF-ON/KPMCIntLayer/DevOps_Release/il-datahub-load-lockbox-mas
1 HP-BIO-KPMC/KPIF-ON/KPMCIntLayer/DevOps_Release/il-datahub-load-lockbox-hi
1 HP-BIO-KPMC/KPIF-ON/KPMCIntLayer/DevOps_Release/il-datahub-load-kpwa-deductible-oop
1 HP-BIO-KPMC/KPIF-ON/KPMCIntLayer/DevOps_Release/il-datahub-load-kpwa-contract
1 HP-BIO-KPMC/KPIF-ON/KPMCIntLayer/DevOps_Release/il-datahub-load-kpwa
1 HP-BIO-KPMC/KPIF-ON/KPMCIntLayer/DevOps_Release/il-datahub-collect-stats
1 HP-BIO-KPMC/KPIF-ON/KPMCIntLayer/DevOps_Release/il-batch-payinstructions-filewriter
1 HP-BIO-KPMC/KPIF-ON/KPMCIntLayer/DevOps_Release/il-batch-outbound-bcsrockmonthly-filewriter
1 HP-BIO-KPMC/KPIF-ON/KPMCIntLayer/DevOps_Release/il-batch-outbound-aciextract-m3p
1 HP-BIO-KPMC/KPIF-ON/KPMCIntLayer/DevOps_Release/il-batch-dataextract-softheon
1 HP-BIO-KPMC/KPIF-ON/KPMCIntLayer/DevOps_Release/il-batch-bill-run-validator
1 HP-BIO-KPMC/KPIF-ON/KPMCIntLayer/DevOps_Release/il-batch-bcsmemberextract-filewriter
1 HP-BIO-KPMC/KPIF-ON/KPMCIntLayer/DevOps_Release/il-batch-bcsbaseerror-filewriter
1 HP-BIO-KPMC/KPIF-ON/KPMCIntLayer/DevOps_Release/il-batch-aciextract-filewriter-updmam
1 HP-BIO-KPMC/KPIF-ON/KPMCIntLayer/DevOps_Release/il-batch-aciextract-filewriter-m3p
1 HP-BIO-KPMC/KPIF-ON/KPMCIntLayer/DevOps_Release/il-batch-aciextract-filewriter
1 HP-BIO-KPMC/KPIF-ON/KPMCGSU/Development/common-integration-test-lib
1 HP-BIO-KPMC/KPIF-ON/KPMCDMS/Development/docmgmt-ui-eoc-bff
1 HP-BIO-KPMC/KPIF-ON/KPMCDMS/Development/dm-ne-stageprocess
1 HP-BIO-KPMC/KPIF-ON/KPMCDMS/Development/dm-carsdoc-proxy
1 HP-BIO-KPMC/KPIF-ON/KPMCDMS/Development/dm-can-shared-library
1 HP-BIO-KPMC/KPIF-ON/KPMCDMS/Development/dm-can-preports
1 HP-BIO-KPMC/KPIF-ON/KPMCDMS/Development/dm-can-pminvoice
1 HP-BIO-KPMC/KPIF-ON/KPMCDMS/Development/dm-can-pm3pinvoice_test
1 HP-BIO-KPMC/KPIF-ON/KPMCDMS/Development/dm-can-pm3pbletter
1 HP-BIO-KPMC/KPIF-ON/KPMCDMS/Development/dm-can-pidcard
1 HP-BIO-KPMC/KPIF-ON/KPMCDMS/Development/dm-can-penrletter
1 HP-BIO-KPMC/KPIF-ON/KPMCDMS/Development/dm-can-pbletter
1 HP-BIO-KPMC/KPIF-ON/KPMCDMS/Development/dm-can-lreports
1 HP-BIO-KPMC/KPIF-ON/KPMCDMS/Development/dm-can-lm3pinvoice
1 HP-BIO-KPMC/KPIF-ON/KPMCDMS/Development/dm-can-lm3pbletter
1 HP-BIO-KPMC/KPIF-ON/KPMCDMS/Development/dm-can-fasetapi
1 HP-BIO-KPMC/KPIF-ON/KPMCDMS/DevOps_Release/docmgmt-ui-idcard-bff
1 HP-BIO-KPMC/KPIF-ON/KPMCDMS/DevOps_Release/docmgmt-ui-eoc-bff
1 HP-BIO-KPMC/KPIF-ON/KPMCDMS/DevOps_Release/dm-softheon-lhcorres
1 HP-BIO-KPMC/KPIF-ON/KPMCDMS/DevOps_Release/dm-ne-stageweb
1 HP-BIO-KPMC/KPIF-ON/KPMCDMS/DevOps_Release/dm-ne-stagetrigger
1 HP-BIO-KPMC/KPIF-ON/KPMCDMS/DevOps_Release/dm-ne-stagedbcore
1 HP-BIO-KPMC/KPIF-ON/KPMCDMS/DevOps_Release/dm-ne-pnotification
1 HP-BIO-KPMC/KPIF-ON/KPMCDMS/DevOps_Release/dm-can-shared-library
1 HP-BIO-KPMC/KPIF-ON/KPMCDMS/DevOps_Release/dm-can-preports
1 HP-BIO-KPMC/KPIF-ON/KPMCDMS/DevOps_Release/dm-can-pminvoice
1 HP-BIO-KPMC/KPIF-ON/KPMCDMS/DevOps_Release/dm-can-pm3pinvoice
1 HP-BIO-KPMC/KPIF-ON/KPMCDMS/DevOps_Release/dm-can-pm3pbletter
1 HP-BIO-KPMC/KPIF-ON/KPMCDMS/DevOps_Release/dm-can-pidcard
1 HP-BIO-KPMC/KPIF-ON/KPMCDMS/DevOps_Release/dm-can-penrletter
1 HP-BIO-KPMC/KPIF-ON/KPMCDMS/DevOps_Release/dm-can-pbletter
1 HP-BIO-KPMC/KPIF-ON/KPMCDMS/DevOps_Release/dm-can-lreports
1 HP-BIO-KPMC/KPIF-ON/KPMCDMS/DevOps_Release/dm-can-lm3pinvoice
1 HP-BIO-KPMC/KPIF-ON/KPMCDMS/DevOps_Release/dm-can-lm3pbletter
1 HP-BIO-KPMC/KPIF-ON/KPMCDMS/DevOps_Release/dm-can-fasetapi
1 HP-BIO-KPMC/KPIF-ON/KPMCCAM/Development/il-ms-crossregion-merge-medicare
1 HP-BIO-KPMC/KPIF-ON/KPMCCAM/Development/genai-portal-notebook
1 HP-BIO-KPMC/KPIF-ON/KPMCCAM/Development/genai-portal-app_uat
1 HP-BIO-KPMC/KPIF-ON/KPMCCAM/Development/genai-port-client
1 HP-BIO-KPMC/KPIF-ON/KPMCCAM/Development/cam-sor-shared-library
1 HP-BIO-KPMC/KPIF-ON/KPMCCAM/Development/cam-ms-router-regionalcutover-smokeTest
1 HP-BIO-KPMC/KPIF-ON/KPMCCAM/Development/cam-batch-ormb-migration-kpif-on_obsolete
1 HP-BIO-KPMC/KPIF-ON/KPMCCAM/Development/cam-batch-idl-storedprocutil
1 HP-BIO-KPMC/KPIF-ON/KPMCCAM/Development/cam-batch-idl-pricingdtl-medicare
1 HP-BIO-KPMC/KPIF-ON/KPMCCAM/Development/cam-batch-idl-pricingdtl
1 HP-BIO-KPMC/KPIF-ON/KPMCCAM/Development/cam-batch-idl-pricing-medicare
1 HP-BIO-KPMC/KPIF-ON/KPMCCAM/Development/cam-batch-idl-pricelinecalculationlineparams
1 HP-BIO-KPMC/KPIF-ON/KPMCCAM/Development/cam-batch-idl-pricelinecalculation-medicare
1 HP-BIO-KPMC/KPIF-ON/KPMCCAM/Development/cam-batch-idl-policy-medicare
1 HP-BIO-KPMC/KPIF-ON/KPMCCAM/Development/cam-batch-idl-policy
1 HP-BIO-KPMC/KPIF-ON/KPMCCAM/Development/cam-batch-idl-plan-medicare
1 HP-BIO-KPMC/KPIF-ON/KPMCCAM/Development/cam-batch-idl-plan
1 HP-BIO-KPMC/KPIF-ON/KPMCCAM/Development/cam-batch-idl-personbenefit-medicare
1 HP-BIO-KPMC/KPIF-ON/KPMCCAM/Development/cam-batch-idl-personbenefit
1 HP-BIO-KPMC/KPIF-ON/KPMCCAM/Development/cam-batch-idl-person-medicare
1 HP-BIO-KPMC/KPIF-ON/KPMCCAM/Development/cam-batch-idl-payment-medicare
1 HP-BIO-KPMC/KPIF-ON/KPMCCAM/Development/cam-batch-idl-payment
1 HP-BIO-KPMC/KPIF-ON/KPMCCAM/Development/cam-batch-idl-membershipperson-medicare
1 HP-BIO-KPMC/KPIF-ON/KPMCCAM/Development/cam-batch-idl-membershipperson
1 HP-BIO-KPMC/KPIF-ON/KPMCCAM/Development/cam-batch-idl-member-medicare
1 HP-BIO-KPMC/KPIF-ON/KPMCCAM/Development/cam-batch-idl-kpifbill-pricingdtl-dh-medicare
1 HP-BIO-KPMC/KPIF-ON/KPMCCAM/Development/cam-batch-idl-kpifbill-pricing-dh-medicare
1 HP-BIO-KPMC/KPIF-ON/KPMCCAM/Development/cam-batch-idl-kpifbill-pricelinecalculation-dh-medicare
1 HP-BIO-KPMC/KPIF-ON/KPMCCAM/Development/cam-batch-idl-kpifbill-policy-dh-medicare
1 HP-BIO-KPMC/KPIF-ON/KPMCCAM/Development/cam-batch-idl-kpifbill-plan-dh-medicare
1 HP-BIO-KPMC/KPIF-ON/KPMCCAM/Development/cam-batch-idl-kpifbill-personbenefit-dh-medicare
1 HP-BIO-KPMC/KPIF-ON/KPMCCAM/Development/cam-batch-idl-kpifbill-person-dh-medicare
1 HP-BIO-KPMC/KPIF-ON/KPMCCAM/Development/cam-batch-idl-kpifbill-payment-dh-medicare
1 HP-BIO-KPMC/KPIF-ON/KPMCCAM/Development/cam-batch-idl-kpifbill-membershipperson-dh-medicare
1 HP-BIO-KPMC/KPIF-ON/KPMCCAM/Development/cam-batch-idl-kpifbill-member-dh-medicare
1 HP-BIO-KPMC/KPIF-ON/KPMCCAM/Development/cam-batch-idl-kpifbill-externalparty-dh-medicare
1 HP-BIO-KPMC/KPIF-ON/KPMCCAM/Development/cam-batch-idl-kpifbill-delinquincy-dh
1 HP-BIO-KPMC/KPIF-ON/KPMCCAM/Development/cam-batch-idl-kpifbill-customer-dh-medicare
1 HP-BIO-KPMC/KPIF-ON/KPMCCAM/Development/cam-batch-idl-kpifbill-bseg-dh-medicare
1 HP-BIO-KPMC/KPIF-ON/KPMCCAM/Development/cam-batch-idl-kpifbill-billablechg-dh-medicare
1 HP-BIO-KPMC/KPIF-ON/KPMCCAM/Development/cam-batch-idl-kpifbill-bill-dh-medicare
1 HP-BIO-KPMC/KPIF-ON/KPMCCAM/Development/cam-batch-idl-kpifbill-adjustment-dh-medicare
1 HP-BIO-KPMC/KPIF-ON/KPMCCAM/Development/cam-batch-idl-kpifbill-account-dh-medicare
1 HP-BIO-KPMC/KPIF-ON/KPMCCAM/Development/cam-batch-idl-fsdeactivationack-medicare
1 HP-BIO-KPMC/KPIF-ON/KPMCCAM/Development/cam-batch-idl-fsdeactivation-medicare
1 HP-BIO-KPMC/KPIF-ON/KPMCCAM/Development/cam-batch-idl-file-loader
1 HP-BIO-KPMC/KPIF-ON/KPMCCAM/Development/cam-batch-idl-externalparty-medicare
1 HP-BIO-KPMC/KPIF-ON/KPMCCAM/Development/cam-batch-idl-dbutil-medicare
1 HP-BIO-KPMC/KPIF-ON/KPMCCAM/Development/cam-batch-idl-customer-medicare
1 HP-BIO-KPMC/KPIF-ON/KPMCCAM/Development/cam-batch-idl-common
1 HP-BIO-KPMC/KPIF-ON/KPMCCAM/Development/cam-batch-idl-bseg-medicare
1 HP-BIO-KPMC/KPIF-ON/KPMCCAM/Development/cam-batch-idl-billablechgleplis-medicare
1 HP-BIO-KPMC/KPIF-ON/KPMCCAM/Development/cam-batch-idl-billablechg-medicare
1 HP-BIO-KPMC/KPIF-ON/KPMCCAM/Development/cam-batch-idl-bill-medicare
1 HP-BIO-KPMC/KPIF-ON/KPMCCAM/Development/cam-batch-idl-adjustment-medicare
1 HP-BIO-KPMC/KPIF-ON/KPMCCAM/Development/cam-batch-idl-adjustment
1 HP-BIO-KPMC/KPIF-ON/KPMCCAM/Development/cam-batch-idl-account-medicare
1 HP-BIO-KPMC/KPIF-ON/KPMCCAM/DevOps_Release/il-ms-crossregion-merge-medicare
1 HP-BIO-KPMC/KPIF-ON/KPMCCAM/DevOps_Release/cam-sor-shared-library
1 HP-BIO-KPMC/KPIF-ON/KPMCCAM/DevOps_Release/cam-batch-router-customeraudit
1 HP-BIO-KPMC/KPIF-ON/KPMCCAM/DevOps_Release/cam-batch-ormb-migration
1 HP-BIO-KPMC/KPIF-ON/KPMCCAM/DevOps_Release/cam-batch-idl-trueup
1 HP-BIO-KPMC/KPIF-ON/KPMCCAM/DevOps_Release/cam-batch-idl-storedprocutil
1 HP-BIO-KPMC/KPIF-ON/KPMCCAM/DevOps_Release/cam-batch-idl-pricingdtl-medicare
1 HP-BIO-KPMC/KPIF-ON/KPMCCAM/DevOps_Release/cam-batch-idl-pricingdtl
1 HP-BIO-KPMC/KPIF-ON/KPMCCAM/DevOps_Release/cam-batch-idl-pricing-medicare
1 HP-BIO-KPMC/KPIF-ON/KPMCCAM/DevOps_Release/cam-batch-idl-pricelinecalculation-medicare
1 HP-BIO-KPMC/KPIF-ON/KPMCCAM/DevOps_Release/cam-batch-idl-pricelinecalculation
1 HP-BIO-KPMC/KPIF-ON/KPMCCAM/DevOps_Release/cam-batch-idl-policy-medicare
1 HP-BIO-KPMC/KPIF-ON/KPMCCAM/DevOps_Release/cam-batch-idl-policy
1 HP-BIO-KPMC/KPIF-ON/KPMCCAM/DevOps_Release/cam-batch-idl-plan-medicare
1 HP-BIO-KPMC/KPIF-ON/KPMCCAM/DevOps_Release/cam-batch-idl-plan
1 HP-BIO-KPMC/KPIF-ON/KPMCCAM/DevOps_Release/cam-batch-idl-personbenefit-medicare
1 HP-BIO-KPMC/KPIF-ON/KPMCCAM/DevOps_Release/cam-batch-idl-personbenefit
1 HP-BIO-KPMC/KPIF-ON/KPMCCAM/DevOps_Release/cam-batch-idl-person-medicare
1 HP-BIO-KPMC/KPIF-ON/KPMCCAM/DevOps_Release/cam-batch-idl-payment-medicare
1 HP-BIO-KPMC/KPIF-ON/KPMCCAM/DevOps_Release/cam-batch-idl-payment
1 HP-BIO-KPMC/KPIF-ON/KPMCCAM/DevOps_Release/cam-batch-idl-membershipperson-medicare
1 HP-BIO-KPMC/KPIF-ON/KPMCCAM/DevOps_Release/cam-batch-idl-membershipperson
1 HP-BIO-KPMC/KPIF-ON/KPMCCAM/DevOps_Release/cam-batch-idl-member-medicare
1 HP-BIO-KPMC/KPIF-ON/KPMCCAM/DevOps_Release/cam-batch-idl-kpifbill-pricingdtl-dh-medicare
1 HP-BIO-KPMC/KPIF-ON/KPMCCAM/DevOps_Release/cam-batch-idl-kpifbill-pricing-dh-medicare
1 HP-BIO-KPMC/KPIF-ON/KPMCCAM/DevOps_Release/cam-batch-idl-kpifbill-pricelinecalculation-dh-medicare
1 HP-BIO-KPMC/KPIF-ON/KPMCCAM/DevOps_Release/cam-batch-idl-kpifbill-policy-dh-medicare
1 HP-BIO-KPMC/KPIF-ON/KPMCCAM/DevOps_Release/cam-batch-idl-kpifbill-plan-dh-medicare
1 HP-BIO-KPMC/KPIF-ON/KPMCCAM/DevOps_Release/cam-batch-idl-kpifbill-personbenefit-dh-medicare
1 HP-BIO-KPMC/KPIF-ON/KPMCCAM/DevOps_Release/cam-batch-idl-kpifbill-person-dh-medicare
1 HP-BIO-KPMC/KPIF-ON/KPMCCAM/DevOps_Release/cam-batch-idl-kpifbill-payment-dh-medicare
1 HP-BIO-KPMC/KPIF-ON/KPMCCAM/DevOps_Release/cam-batch-idl-kpifbill-membershipperson-dh-medicare
1 HP-BIO-KPMC/KPIF-ON/KPMCCAM/DevOps_Release/cam-batch-idl-kpifbill-member-dh-medicare
1 HP-BIO-KPMC/KPIF-ON/KPMCCAM/DevOps_Release/cam-batch-idl-kpifbill-externalparty-dh-medicare
1 HP-BIO-KPMC/KPIF-ON/KPMCCAM/DevOps_Release/cam-batch-idl-kpifbill-customer-dh-medicare
1 HP-BIO-KPMC/KPIF-ON/KPMCCAM/DevOps_Release/cam-batch-idl-kpifbill-bseg-dh-medicare
1 HP-BIO-KPMC/KPIF-ON/KPMCCAM/DevOps_Release/cam-batch-idl-kpifbill-billablechg-dh-medicare
1 HP-BIO-KPMC/KPIF-ON/KPMCCAM/DevOps_Release/cam-batch-idl-kpifbill-bill-dh-medicare
1 HP-BIO-KPMC/KPIF-ON/KPMCCAM/DevOps_Release/cam-batch-idl-kpifbill-account-dh-medicare
1 HP-BIO-KPMC/KPIF-ON/KPMCCAM/DevOps_Release/cam-batch-idl-fsdeactivationack-medicare
1 HP-BIO-KPMC/KPIF-ON/KPMCCAM/DevOps_Release/cam-batch-idl-fsdeactivation-medicare
1 HP-BIO-KPMC/KPIF-ON/KPMCCAM/DevOps_Release/cam-batch-idl-externalparty-medicare
1 HP-BIO-KPMC/KPIF-ON/KPMCCAM/DevOps_Release/cam-batch-idl-externalparty
1 HP-BIO-KPMC/KPIF-ON/KPMCCAM/DevOps_Release/cam-batch-idl-dbutil-medicare
1 HP-BIO-KPMC/KPIF-ON/KPMCCAM/DevOps_Release/cam-batch-idl-customer-medicare
1 HP-BIO-KPMC/KPIF-ON/KPMCCAM/DevOps_Release/cam-batch-idl-compare-medicare
1 HP-BIO-KPMC/KPIF-ON/KPMCCAM/DevOps_Release/cam-batch-idl-bseg-medicare
1 HP-BIO-KPMC/KPIF-ON/KPMCCAM/DevOps_Release/cam-batch-idl-billablechgleplis-medicare
1 HP-BIO-KPMC/KPIF-ON/KPMCCAM/DevOps_Release/cam-batch-idl-billablechg-medicare
1 HP-BIO-KPMC/KPIF-ON/KPMCCAM/DevOps_Release/cam-batch-idl-bill-medicare
1 HP-BIO-KPMC/KPIF-ON/KPMCCAM/DevOps_Release/cam-batch-idl-adjustment-medicare
1 HP-BIO-KPMC/KPIF-ON/KPMCCAM/DevOps_Release/cam-batch-idl-adjustment
1 HP-BIO-KPMC/KPIF-ON/KPMCCAM/DevOps_Release/cam-batch-idl-account-medicare
1 HP-BIO-KPMC/KPIF-ON/KPMCCAM/DevOps_Release/cam-batch-idl-account
1 HP-BIO-KPMC/KPIF-ON/KPMCCAM/DevOps_Release/cam-batch-dbdataload-cuatodh
1 HP-BIO-KPMC/KPIF-ON/KPMCCAM/DevOps_Release/cam-batch-dbdataload-cactodh
1 HP-BIO-KPMC/KPIF-ON/KPMCCAM/DevOps_Release/cam-batch-cnd-migration-medicare
1 HP-BIO-KPMC/KPIF-ON/KPMCCAM/DevOps_Release/cam-batch-cac-adapter-medicare
1 HP-BIO-KPMC/KPIF-ON/KPMCCAM/DevOps_Release/cam-batch-cac-adapter
1 HP-BIO-KPMC/KPIF-OFF/KPMCUserAuth/DevOps_Release/il-ms-fw-userauth-bff
1 HP-BIO-KPMC/KPIF-OFF/KPMCIntLayer/Devops_Release/il-ms-memberterminate-legacy
1 HP-BIO-KPMC/KPIF-OFF/KPMCIntLayer/Devops_Release/il-ms-memberlookup-legacy
1 HP-BIO-KPMC/KPIF-OFF/KPMCIntLayer/Devops_Release/il-ms-memberenrollment-legacy
1 HP-BIO-KPMC/KPIF-OFF/KPMCIntLayer/Devops_Release/il-ms-mbrchgpub-empi-adaptor
1 HP-BIO-KPMC/KPIF-OFF/KPMCIntLayer/Devops_Release/il-ms-groupmanagement-transformer_cluster
1 HP-BIO-KPMC/KPIF-OFF/KPMCIntLayer/Devops_Release/il-ms-classic-inquiry
1 HP-BIO-KPMC/KPIF-OFF/KPMCIntLayer/Development/il-ms-extract-beaconeligmembers-transformer-obsolete
1 HP-BIO-KPMC/KPIF-OFF/KPMCIntLayer/Development/il-ms-billing-inquiry-obsolete
1 HP-BIO-KPMC/KPIF-OFF/KPMCIntLayer/Development/il-ms-batch-dbdataload-cuatodh-obsolete
1 HP-BIO-KPMC/KPIF-OFF/KPMCDMS/Development/docmgmt-ui-idcard-de-obsolete
1 HP-BIO-KPMC/KPIF-OFF/KPMCDMS/Development/docmgmt-ui-idcard-bff
1 HP-BIO-KPMC/KPIF-OFF/KPMCCAM/Development/cam-batch-ormb-migration-obsolete
1 HP-BIO-KPMC/KPIF-OFF/KPMCCAM/DevOps_Release/il-ui-fw-cam-routing
1 HP-BIO-KPMC/KPIF-OFF/KPMCCAM/DevOps_Release/cam-batch-ormb-migration
1 HP-BIO-KPMC/AutoSQLDeployment/il-ms-referencetypes-bff_release
1 HP-BIO-KPMC/AutoSQLDeployment/il-ms-mbrchgpub-cm-demographics-adaptor_sandbox
1 HP-BIO-KPMC/AutoSQLDeployment/il-ms-mbrchgpub-cm-demographics-adaptor_release
1 HP-BIO-KPMC/AutoSQLDeployment/il-ms-kbsql-db-scripts-extract_sandbox
1 HP-BIO-KPMC/AutoSQLDeployment/il-ms-kbsql-db-scripts-extract_release
1 HP-BIO-KPMC/AutoSQLDeployment/il-ms-fifohold-library_sandbox
1 HP-BIO-KPMC/AutoSQLDeployment/il-ms-fifohold-library_release
1 HP-BIO-KPMC/AutoSQLDeployment/il-ms-adpt-sftp_sandbox
1 HP-BIO-KPMC/AutoSQLDeployment/il-ms-adpt-sftp_release
1 HP-BIO-KPMC/AutoSQLDeployment/il-fw-fifohold-scheduler_sandbox
1 HP-BIO-KPMC/AutoSQLDeployment/il-fw-fifohold-scheduler_release
1 HP-BIO-KPMC/AutoSQLDeployment/il-db-aciselfservice-liquibase-sandbox
1 HP-BIO-KPMC/AutoSQLDeployment/devops_oracle_onboard
1 HP-BIO-KPMC/AutoSQLDeployment/USERAUTH-USERPROFILES-LIQUIBASE
1 HP-BIO-KPMC/AutoSQLDeployment/USERAUTH-ROLECAPABILITIES-LIQUIBASE
1 HP-BIO-KPMC/AutoSQLDeployment/Release_Automation_Liquibase/postgres-velocity-liquibase
1 HP-BIO-KPMC/AutoSQLDeployment/DryRun/ods-batch-db
1 HP-BIO-KPMC/AutoSQLDeployment/DryRun/il-ms-referencetypes-bff
1 HP-BIO-KPMC/AutoSQLDeployment/DryRun/il-ms-kbsql-db-scripts-extract
1 HP-BIO-KPMC/AutoSQLDeployment/DryRun/il-db-aciselfservice-liquibase
1 HP-BIO-KPMC/AutoSQLDeployment/DryRun/dm-db-scripts
1 HP-BIO-KPMC/AutoSQLDeployment/DryRun/cam-db-load-base-data-scripts
1 HP-BIO-KPMC/AutoSQLDeployment/CAC-RULE-LIQUIBASE-DB
1 HP-BIO-KPMC/AutoSQLDeployment/CAC-REQUEST-LIQUIBASE-DB
1 HP-BIO-KPMC/AutoSQLDeployment/CAC-PLAN-LIQUIBASE-DB
1 HP-BIO-KPMC/AutoSQLDeployment/CAC-CUSTOMER-LIQUIBASE-DB
1 HP-BIO-KPMC/AutoSQLDeployment/CAC-CONTRACT-LIQUIBASE-DB
1 HP-BIO-KPMC/AutoSQLDeployment/CAC-CONTACT-LIQUIBASE-DB
1 HP-BIO-KPMC/AutoSQLDeployment/CAC-BATCH-LIQUIBASE-DB
1 HP-BIO-EBSS/medicare/devops_release/binderpaysamlvalidator
1 HP-BIO-EBSS/medicare/development/ssfamilymbrinq
1 HP-BIO-EBSS/medicare/development/binderpaysamlvalidator
1 HP-BIO-EBSS/medicare/Velocity/mmsswls
1 HP-BIO-EBSS/gusto_cpa/devops_release/ssusergroupsdata
1 HP-BIO-EBSS/ebss/development/dev-toolbox-ui
1 HP-BIO-EBSS/ebss/development/dev-toolbox-nodejs
1 HP-BIO-EBSS/ManagePayments_Final_Regression_QA/medicare/devops_release/mmssmedicaresearch
1 HP-BIO-EBSS/ManagePayments_Final_Regression_QA/medicare/devops_release/mmssmedicareload
1 HP-BIO-EBSS/ManagePayments_Final_Regression_QA/medicare/development/ssindvmbrsrch
1 HP-BIO-EBSS/ManagePayments_Final_Regression_QA/ebss/devops_release/membersearch
1 HP-BIO-EBSS/ManagePayments_Final_Regression_QA/ebss/devops_release/member_maintain
1 HP-BIO-EBSS/ManagePayments_Final_Regression_QA/ebss/devops_release/enrollmentworkflow
1 HP-BIO-EBSS/ManagePayments_Final_Regression_QA/ebss/devops_release/ebssbff
1 HP-BIO-EBSS/ManagePayments_Final_Regression_QA/ebss/development/ssepicservicewrapper
1 HP-BIO-EBSS/ManagePayments_Final_Regression_QA/ebss/development/dev-toolbox-nodejs
1 HP-BIO-EBSS/ManagePayments_Final_Regression_QA/ebss/Velocity/nccsui
1 HP-BIO-EBSS/ManagePayments_Final_Regression_QA/ebss/Velocity/membersearch
1 HP-BIO-EBSS/ManagePayments_Final_Regression_QA/ebss/Velocity/membermrnsearchv2
1 HP-BIO-EBSS/ManagePayments_Final_Regression_QA/ebss/Velocity/membermaintain
1 HP-BIO-EBSS/ManagePayments_Final_Regression_QA/ebss/Velocity/memberappsaveretrieve
1 HP-BIO-EBSS/ManagePayments_Final_Regression_QA/ebss/Velocity/mbrshputility
1 HP-BIO-EBSS/ManagePayments_Final_Regression_QA/ebss/Velocity/mbrshperrorworkflow
1 HP-BIO-EBSS/ManagePayments_Final_Regression_QA/ebss/Velocity/hp-ss-virtualization
1 HP-BIO-EBSS/ManagePayments_Final_Regression_QA/ebss/Velocity/groupchangemqpull
1 HP-BIO-EBSS/ManagePayments_Final_Regression_QA/ebss/Velocity/familymbrenrollment
1 HP-BIO-EBSS/ManagePayments_Final_Regression_QA/ebss/Velocity/ebssmassenrollment
1 HP-BIO-EBSS/ManagePayments_Final_Regression_QA/ebss/Velocity/ebssdocumentarchive
1 HP-BIO-EBSS/ManagePayments_Final_Regression_QA/ebss/Velocity/batchmembermrnsearchv2
1 HP-BIO-EBSS/ManagePayments_Final_Regression_QA/commercialbilling/Velocity/hp-ss-UserAuthorization
1 HP-BIO-EBSS/ManagePayments_Final_Regression_QA/commercialbilling/Velocity/cb-ms-schedule-payments
1 HP-BIO-EBSS/ManagePayments_Final_Regression_QA/commercialbilling/Velocity/cb-ms-reporting-services
1 HP-BIO-EBSS/ManagePayments_Final_Regression_QA/commercialbilling/Velocity/cb-ms-payments
1 HP-BIO-EBSS/ManagePayments_Final_Regression_QA/commercialbilling/Velocity/cb-ms-paymentreversalrefunds
1 HP-BIO-EBSS/ManagePayments_Final_Regression_QA/commercialbilling/Velocity/cb-ms-kickout-retry-services
1 HP-BIO-EBSS/ManagePayments_Final_Regression_QA/commercialbilling/Velocity/cb-ms-fileprocessing
1 HP-BIO-EBSS/ManagePayments_Final_Regression_QA/commercialbilling/Velocity/cb-ms-fabillgroups
1 HP-BIO-EBSS/ManagePayments_Final_Regression_QA/commercialbilling/Velocity/cb-ms-faaccountdetails
1 HP-BIO-EBSS/ManagePayments_Final_Regression_QA/commercialbilling/Velocity/cb-ms-documentsBFF
1 HP-BIO-EBSS/ManagePayments_Final_Regression_QA/commercialbilling/Velocity/cb-ms-billandpay-bff
1 HP-BIO-EBSS/ManagePayments_Final_Regression_QA/commercialbilling/Velocity/cb-ms-accountsummary
1 HP-BIO-EBSS/ManagePayments_Final_Regression_QA/COVID-21/Velocity/indvmbrshputil
1 HP-BIO-EBSS/ManagePayments_Final_Regression_QA/COVID-21/Velocity/capersonmrnassignment
1 HP-BIO-EBSS/ManagePayments_Final_Regression_QA/COVID-21/Velocity/bulkmrnprocess
1 HP-BIO-EBSS/ManagePayments_Final_Regression_QA/CCPE/Velocity/ssindvbrkrmbrlkup
1 HP-BIO-EBSS/CCPE/development/ssindvbrkrmbrlkup
1 HP-BIO-DMS/PSP/liquibase-nonprod-database-deployment2-rollback-only
1 HP-BIO-DMS/PSP/liquibase-nonprod-database-deployment2
1 HP-BIO-DMS/ICE/Azure-Utilities/New-Automation-Pipelines/DEV3-ICEWS
1 HP-BIO-DMS/ICE/Azure-Utilities/ICE Azure DELETE, check services and Service Provision - PLEASE BE CAREFUL when this pipelines
1 HP-BIO-DMS/ICE-PROD/Azure-Migration/ice-editor
1 HP-BIO-DMS/ICE-PROD/Azure-Migration/ICE-WS-DR
1 HP-BIO-DMS/CARS/Liquibase/LiquibasePOC_Sample
1 HP-BIO-DMS/CARS/Liquibase/LiquibasePOC_DEV
1 HP-BIO-DMP/AZ Migration TDM/TDM WLS
1 HP-BIO-DMP/AZ Migration TDM/TDM UI
1 HP-BIO-DMP/AZ Migration TDM/TDM NONKPMC LOAD
1 HP-BIO-DMP/AZ Migration TDM/TDM API
1 HP-BIO-CMS/datamodel/cms-db-reports-np
1 HP-BIO-CMS/datamodel/cms-db-audit-np
1 HP-BIO-CMS/datamodel/cms-db-admin-np
1 HP-BIO-CMS/datamodel-prod/cms-db-reports-prod
1 HP-BIO-CMS/datamodel-prod/cms-db-interop-prod
1 HP-BIO-CMS/datamodel-prod/cms-db-audit-prod
1 HP-BIO-CMS/apps/cms-hybrid-provider
1 HP-BIO-CMS/apps/cms-hppdm-recon
1 DnA/NCAP/Automated Peer Review for AzDF-Synapse - Upstream
1 DivisionOfResearch/RCP
1 DEVOPS/AKS Pipeline Test Applications/aks-uc1
1 DCSS/DCSS-EWALLET/hhub-bff-visoinsvc-apigee
1 ClarityInt/kp-clarityint
1 ClarityInt/clrty_dbx_co_idr_pipeline
1 CTO-KPX/KPX-Secrets-Management
1 CTO-EIS/testmlpipeline
1 CTO-EIS/poc-ignite-kafka-deploy
1 CTO-EIS/nextgensvc-kphc-apigee
1 CTO-EIS/kafka-selfservice-plugin
1 CTO-EIS/aks-secrets-management/frontofficebff-secrets-management
1 CTO-EIS/aks-secrets-management/clinicalbff-secrets-management
1 CTO-EIS/aks-secrets-management/backofficebff-secrets-management
1 CTO-EIS/aks-secrets-management/ancillarybff-secrets-management
1 CTO-EIS/Ignite Kafka Config Management/ignite-kafka-kpcc-test9
1 CTO-EIS/Ignite Kafka Config Management/ignite-kafka-kpcc-test7
1 CTO-EIS/Ignite Kafka Config Management/ignite-kafka-kpcc-test5
1 CTO-EIS/Ignite Kafka Config Management/ignite-kafka-kpcc-test3
1 CTO-EIS/Ignite Kafka Config Management/ignite-kafka-kpcc-test2
1 CTO-EIS/Ignite Kafka Config Management/ignite-kafka-kpcc-test1
1 CTO-EIS/Ignite Kafka Config Management/ignite-kafka-kpcc-first1
1 CTO-EIS/Ignite Kafka Config Management/ignite-kafka-kpcc-demo1
1 CTO-EIS/Ignite Kafka Config Management/ignite-kafka-kpcc-accounts2
1 CTO-EIS/Az-NextGen/waittimesvc
1 CTO-EIS/Az-NextGen/mnpadpt
1 CTO-EIS/Az-NextGen/clinicalbff
1 CTO-EIS/Az-NextGen/ancillarybff
1 CTO-EA-SOI/CTO-EA-SOI-Infrastructure/Selfservice-Nonprod/SOI-Selfservice-Postgres-Nonprod
1 CTO-EA-SOI/CTO-EA-SOI-Infrastructure/SOI-Selfservice-Prod-Spark-Unsecure
1 CTO-EA-SOI/CTO-EA-SOI-Infrastructure/SOI-Selfservice-Prod-LLAP-Secure
1 CTO-EA-SOI/CTO-EA-SOI-Infrastructure/SOI-Selfservice-LLAP-Secure-Nonprod
1 CTO-EA-SOI/CTO-EA-SOI-Infrastructure/SOI-SelfService-Nonprod/SOI-Selfservice-Spark-Secure-Nonprod
1 CTO-EA-SOI/CTO-EA-SOI-Infrastructure/SOI-KPD-azdf
1 CTO-EA-SOI/CTO-EA-SOI-Infrastructure/SOI-KPD-Selfservice-SQL
1 CTO-EA-SOI/CTO-EA-SOI-Infrastructure/SOI-KPD-Selfservice-Language
1 CTO-EA-SOI/CTO-EA-SOI-Infrastructure/SOI-KPD-Selfservice-AzureML-cron
1 CTO-EA-SOI/CTO-EA-SOI-Infrastructure/SOI-KPD-Selfservice-AzureML
1 CTO-EA-SOI/CTO-EA-SOI-Infrastructure/SOI-KPD-Selfservice-AZDF
1 CTO-EA-SOI/CTO-EA-SOI-Infrastructure/SOI-KPD-Selfservice-ASE
1 CTO-EA-SOI/CTO-EA-SOI-Infrastructure/SOI-KPD-Selfservice-ADLSGen2
1 CTO-EA-SOI/CTO-EA-SOI-Infrastructure/SOI-KPD-DAIP-Spark secure
1 CTO-EA-SOI/CTO-EA-SOI-Infrastructure/SOI-KPD-Athena-Oncall
1 CTO-EA-SOI/CTO-EA-SOI-Infrastructure/KPD-SecureSpark
1 CTO-EA-SOI/CTO-EA-SOI-Infrastructure/KPD-REDIS
1 CTO-EA-SOI/CTO-EA-SOI-Infrastructure/KPD-Postgres-flex
1 CTO-EA-SOI/CTO-EA-SOI-Infrastructure/KPD-Postgres-Flex
1 CTO-EA-SOI/CTO-EA-SOI-Infrastructure/KPD-EVENTHUB
1 CTO-EA-SOI/CTO-EA-SOI-Infrastructure/KPD-Cosmos-SQL
1 CTO-EA-SOI/CTO-EA-SOI-Framework/HDI4-Framework-Components/KP-AKS-ChatBox/kp-kpd-daip-models-redflag
1 CTO-EA-SOI/CTO-EA-SOI-Framework/HDI4-Framework-Components/KP-AKS-ChatBox/kp-kpd-daip-models-email
1 CTO-EA-SOI/CTO-EA-SOI-Framework/HDI4-Framework-Components/KP-AKS-ChatBox/KP-ADF-KPD-VIC-SERVICES-LOCATION
1 CTO-EA-SOI/CTO-EA-SOI-Framework/HDI4-Framework-Components/KP-AKS-ChatBox/KP-ADF-KPD-QROLE-MGMT
1 CTO-EA-SOI/CTO-EA-SOI-Framework/HDI4-Framework-Components/KP-AKS-ChatBox/KP-ADF-KPD-MetricsCollector
1 CTO-EA-SOI/CTO-EA-SOI-Framework/ADF-NonProd-PROD-Pipeline/KP-ADF-Trino
1 CTO-EA-SOI/CTO-EA-SOI-Framework/ADF-NonProd-PROD-Pipeline/KP-ADF-SOI-INSIGHT_DRIVEN/ID-OwlWebPortal-Velocity
1 CTO-EA-SOI/CTO-EA-SOI-Framework/ADF-NonProd-PROD-Pipeline/KP-ADF-SOI-INSIGHT_DRIVEN/ID-OWL-SVC-VELOCITY
1 CTO-EA-SOI/CTO-EA-SOI-Framework/ADF-NonProd-PROD-Pipeline/KP-ADF-SOI-INSIGHT_DRIVEN/ID-DataOrchestrator-Velocity
1 CTO-EA-SOI/CTO-EA-SOI-Framework/ADF-NonProd-PROD-Pipeline/KP-ADF-SOI-INSIGHT_DRIVEN/ID-DP-VELOCITY
1 CTO-EA-SOI/CTO-EA-SOI-Framework/ADF-NonProd-PROD-Pipeline/KP-ADF-SOI-INSIGHT_DRIVEN/ID-BFF-Velocity
1 CSG/PipelineUI
1 CS-IT/RADA/RADA_Services
1 CS-IT/NFST/KPRB/kprb_blob_db_pipeline
1 CS-IT/CPXQATESTING/cpx-mychart-qa-automation
1 CS-IT/CPXQATESTING/archival/epims-groups
1 CS-IT/CPXPAYMENTCORE/presence-monitor
1 CS-IT/CPXPAYMENTCORE/cpx-xsd-epspos
1 CS-IT/CPXPAYMENTCORE/cpx-pmtcore-kplogger
1 CS-IT/CPXPAYMENTCORE/cpx-pmtcore-ewallet-api-model
1 CS-IT/CPXPAYMENTCORE/Test-AKS-Resource-Mgmt-patch2
1 CS-IT/CPXPAYMENTCORE/Test-AKS-Resource-Mgmt
1 CS-IT/CPXPAYMENTCORE/QA-Automation/QA-Karate-multibranch-pipeline
1 CS-IT/CPXPAYMENTCORE/CPX-Secret-Management
1 CS-IT/CPCMPCPIE/pie-schedule-payment-service
1 CS-IT/CPCMPCPIE/pie-payment-service
1 CS-IT/CPCMPCPIE/pie-notification-client
1 CS-IT/CPCMPCPIE/pie-common-service
1 CS-IT/CPCMPCPIE/cpc-mpc
1 CS-IT/ASD/MMT/OMS/MMT_OMS_DBX
1 CS-IT/ASD/MMT/MMT_rskss_Services
1 CS-IT/ASD/MMT/MMT_RSS_DBX_DLT
1 CS-IT/ASD/KPI_Databricks
1 CS-IT/ASD/ITOM/ITOM_Services
1 CS-IT/ASD/IMS
1 CS-IT/ASD/Event Hub
1 CS-IT/ASD/DIAS/NatOps/NatOps_AZ_DF
1 CS-IT/ASD/CSTDM/CSTDM_Services
1 CS-IT/ASD/Admin/test_idvn_ml
1 CS-IT/ASD/Admin/ncap_autoscale
1 CS-IT/ASD/Admin/Trial Jobs/ebx_trial
1 CS-IT/ASD/Admin/Trial Jobs/databricks/ASD_demo-databricks
1 CS-IT/ASD/Admin/Trial Jobs/Python/simple-python-pyinstaller-app
1 CS-IT/ASD/Admin/Trial Jobs/ADLS_automation
1 CS-IT/ASD/ARR/ARR-Services
1 CS-IT/ASD/AE/NMF
1 CS-IT/ASD/AE/MOCHPA
1 CS-IT/ASD/AE/KPMF
1 CS-IT/ASD/A20 Program Cost/AzDF Code Promotion
1 CS-IT/ASD/A20 Audit and Monitor/a20a_Services
1 CNOE/kp-devSecOps-Prod-Scheduler-Trigger
1 CNOE/chandrapipelines/testpipeline
1 CNOE/chandrapipelines/servicebusv2patch
1 CNOE/chandrapipelines/Servicebus
1 CNOE/chandrapipelines/ML Compute
1 CNOE/aks-workloads/kp-cloud4js-netperf
1 CNOE/VivSharedLibrary/logicappdeploy
1 CNOE/VivSharedLibrary/chatbotdeploy/appsvcplan
1 CNOE/VivSharedLibrary/KeniceChatbot/appsvcplan
1 CNOE/BOT_Enhancement/JavaHelloWorld
1 CNOE/AzureSamples/Promotion_pipelines/postGresJobs/az_version_test
1 CNOE/AzureSamples/Promotion_pipelines/mssqlJobs/synapseOperations
1 CNOE/AzureSamples/Promotion_pipelines/hdinsights/azure_hdinsights_sql_setups_all
1 CNOE/AzureSamples/Promotion_pipelines/hdinsights/az_test
1 CNOE/AzureSamples/Promotion_pipelines/databricks/az-databricks-pipeline-sample-test
1 CNOE/AzureSamples/Promotion_pipelines/StorageAccountJobs/az_storage_file
1 CNOE/AzureSamples/Promotion_pipelines/PostgresFlexi/PostgresFlexi
1 CNOE/Azure Services/Insights Test Services/storage
1 CNOE/Azure Services/Insights Test Services/Azure Redis
1 CNOE/Azure Services/Insights Test Services/Azure Cognitive Services/cqadevops
1 CNOE/Azure Services/Insights Test Services/Azure Cognitive Services/cludevops_v3
1 CNOE/Azure Services/Insights Test Services/Azure Cognitive Services/cludevops_v2
1 CNOE/Azure Services/Insights Test Services/Azure Cognitive Services/cludevops_v1
1 CNOE/Azure Services/Insights Test Services/Azure Cognitive Services/Luis
1 CNOE/Azure Services/Insights Test Services/Azure Cognitive Services/Azure Translator Service
1 CNOE/Azure Services/Insights Test Services/Azure Cognitive Services/Azure Speech Service
1 CNOE/Azure Services/Insights Test Services/Azure Cognitive Services/Azure Cognitive Language Service
1 CNOE/Azure Services/Insights Test Services/Azure Cognitive Services/Azure CLU
1 CNOE/Azure Services/Azure Cosmos Database Account/azure_master_cosomodb_sqlapi
1 CNOE/Azure Services/Azure Cosmos Database Account/azure_master_cosomodb_mongo_api
1 CNOE/Azure Services/Azure Cosmos Database Account/azure_master_cosomodb_all_api
1 CNOE/Azure Services/Azure Cognitive Services/cludevops
1 CNOE/Azure Services/Azure Cognitive Services/Luis
1 CNOE/Azure Services/Azure Cognitive Services/Azure Translator Service
1 CDTS/HIE/OAT_SIDETRACK_SCAN_MULTI_BRANCH_PIPELINE
1 CDTS-Telehealth/RCDI/APIGEE/rcdi-bff-identity
1 CCS-TI/Deploy Rx CLU Model
1 CAS-Paas/azuredash/kpd-azuredash-azservices
1 CAS-Paas/azuredash/debugging
1 CAS-Paas/Azure-COE/p278871/Promotion_pipelines/hdinsights/az_test
1 CAS-Paas/Azure-COE/p278871/Promotion_pipelines/StorageAccountJobs/storage_v2/jenkins_all_services
1 CAS-Paas/Azure-COE/chandrapipelines/testpipeline
1 CAS-Paas/Azure-COE/chandrapipelines/ML Compute
1 CAS-Paas/Azure-COE/VivSharedLibrary/logicappdeploy
1 CAS-Paas/Azure-COE/VivSharedLibrary/chatbotdeploy/appsvcplan
1 CAS-Paas/Azure-COE/VivSharedLibrary/KeniceChatbot/appsvcplan
1 CAS-Paas/Azure-COE/VivSharedLibrary/AppServicePlan/appsvcplan
1 CAS-Paas/Azure-COE/RajMarri/cosmosdb-table-api
1 CAS-Paas/Azure-COE/RajMarri/azure-luis-pipeline
1 CAS-Paas/Azure-COE/RajMarri/azure-loadbalancer
1 CAS-Paas/Azure-CLI/JenkinSharedLibrary/Synapse_GA_Deploy
1 CAS-Paas/Azure-CLI/JenkinSharedLibrary/Playground/shireesha/codepromotion
1 CAS-Paas/Azure-CLI/JenkinSharedLibrary/Playground/madhuri/databricks_operations
1 CAS-Paas/Azure-CLI/JenkinSharedLibrary/Playground/ivana
1 CAS-Paas/Azure-CLI/JenkinSharedLibrary/Playground/dima/azcap-dmru-eng-deployments
1 CAS-Paas/Azure-CLI/JenkinSharedLibrary/Data Factory Deployments Finalized/adfcodedeployment
1 CAS-Paas/Azure-CLI/JenkinSharedLibrary/ADFcodepromtion
1 CAS-Paas/AKS/aks-cpe-java1
1 BCP/chatbot/kp-encee-bot-ui-v5
1 BCP/chatbot/kp-encee-bot-svc-v5
1 BCP/chatbot/KPD-ENT-ROOTBOT
1 ASG-RAS/Testsupport
