     78 CTO/Apigee-Hybrid/engineering/Ignite Apigee Hybrid Proxy Deploy/apigee-hybrid-epims_ehost_drug_pricing_tp_management_web_ui_flow_v1rh
     59 CTO/Apigee-Hybrid/engineering/Ignite Apigee Hybrid Proxy Deploy/apigee-hybrid-aks-platform-config
     58 CTO/Apigee-Hybrid/engineering/Ignite Apigee Hybrid Proxy Deploy/apigee-hybrid-interactive_user_information_v1rc
     45 CTO/Apigee-Hybrid/engineering/Ignite Apigee Hybrid Proxy Deploy/apigee-hybrid-gcp-platform-config
     37 CTO/Apigee-Hybrid/engineering/Ignite Apigee Hybrid Proxy Deploy/apigee-hybrid-entitlement_v2c
     37 CTO/Apigee-Hybrid/engineering/Ignite Apigee Hybrid Proxy Deploy/apigee-hybrid-dpt_messaging_v2c
     35 CTO/Apigee-Hybrid/engineering/Ignite Apigee Hybrid Proxy Deploy/apigee-hybrid-user_data_v214
     35 CTO/Apigee-Hybrid/engineering/Ignite Apigee Hybrid Proxy Deploy/apigee-hybrid-aks-platform-images
     34 CTO/Apigee-Hybrid/engineering/Ignite Apigee Hybrid Proxy Deploy/apigee-hybrid-secure-epic_patientaccess_gs_external_dexcare_v2012r
     34 CTO/Apigee-Hybrid/engineering/Ignite Apigee Hybrid Proxy Deploy/apigee-hybrid-proxy_management_v1_0_8c
     34 CTO/Apigee-Hybrid/engineering/Ignite Apigee Hybrid Proxy Deploy/apigee-hybrid-kpd_email_classifier_api_v1rh
     31 CTO/Apigee-Hybrid/engineering/Ignite Apigee Hybrid Proxy Deploy/apigee-hybrid-dpt_medical_bill_pay_v1rc
     30 CTO/Apigee-Hybrid/engineering/Ignite Apigee Hybrid Proxy Deploy/apigee-hybrid-az-secure-kpd_consumer_interactions_v1rh
     28 CTO/Apigee-Hybrid/engineering/Ignite Apigee Hybrid Proxy Deploy/apigee-hybrid-messaging_v12
     28 CTO/Apigee-Hybrid/engineering/Ignite Apigee Hybrid Proxy Deploy/apigee-hybrid-member_web_v44
     28 CTO/Apigee-Hybrid/engineering/Ignite Apigee Hybrid Proxy Deploy/apigee-hybrid-kpd_consumer_interactions_v1rh
     27 CTO/Apigee-Hybrid/engineering/Ignite Apigee Hybrid Proxy Deploy/apigee-hybrid-secure-benefits_validation_v11
     27 CTO/Apigee-Hybrid/engineering/Ignite Apigee Hybrid Proxy Deploy/apigee-hybrid-dpt_user_registration_v1_0_1c
     25 CTO/Apigee-Hybrid/engineering/Ignite Apigee Hybrid Proxy Deploy/apigee-hybrid-secure-kp_polaris_oauth2
     25 CTO/Apigee-Hybrid/engineering/Ignite Apigee Hybrid Proxy Deploy/apigee-hybrid-secure-clinician_connect_api_v2r
     24 CTO/Apigee-Hybrid/engineering/Ignite Apigee Hybrid Proxy Deploy/apigee-hybrid-secure-kp_polaris_dstu2
     23 CTO/Apigee-Hybrid/engineering/Ignite Apigee Hybrid Proxy Deploy/apigee-hybrid-secure-mps_pie_common_services_api
     23 CTO/Apigee-Hybrid/engineering/Ignite Apigee Hybrid Proxy Deploy/apigee-hybrid-secure-kphc_text_message_option_v1
     23 CTO/Apigee-Hybrid/engineering/Ignite Apigee Hybrid Proxy Deploy/apigee-hybrid-secure-epic_edi_fhir_services_api_v2014r
     23 CTO/Apigee-Hybrid/engineering/Ignite Apigee Hybrid Proxy Deploy/apigee-hybrid-dpt_unsubscribe_notification_v1rc
     23 CTO/Apigee-Hybrid/engineering/Ignite Apigee Hybrid Proxy Deploy/apigee-hybrid-az-secure-kpd_email_classifier_api_v1rh
     22 CTO/Apigee-Hybrid/engineering/Ignite Apigee Hybrid Proxy Deploy/apigee-hybrid-secure-one_link_multi_operation_api_v10
     22 CTO/Apigee-Hybrid/engineering/Ignite Apigee Hybrid Proxy Deploy/apigee-hybrid-secure-epic_mychart_mobile_services_v2020r
     22 CTO/Apigee-Hybrid/engineering/Ignite Apigee Hybrid Proxy Deploy/apigee-hybrid-ncal_appointment_management_v2_5c
     22 CTO/Apigee-Hybrid/engineering/Ignite Apigee Hybrid Proxy Deploy/apigee-hybrid-ncal_appointment_management_v21_c
     22 CTO/Apigee-Hybrid/engineering/Ignite Apigee Hybrid Proxy Deploy/apigee-hybrid-dpt_release_of_information_request_v1r
     22 CTO/Apigee-Hybrid/engineering/Ignite Apigee Hybrid Proxy Deploy/apigee-hybrid-dpt_ncal_appointment_management_v3_0_2c
     22 CTO/Apigee-Hybrid/engineering/Ignite Apigee Hybrid Proxy Deploy/apigee-hybrid-dpt_document_v1rc
     21 CTO/Apigee-Hybrid/engineering/Ignite Apigee Hybrid Proxy Deploy/apigee-hybrid-secure-epic_patientaccess_gs_external_dexcare_v2014r
     20 CTO/Apigee-Hybrid/engineering/Ignite Apigee Hybrid Proxy Deploy/apigee-hybrid-secure-epic_edi_fhir_oauth2_services_api_v2014r
     20 CTO/Apigee-Hybrid/engineering/Ignite Apigee Hybrid Proxy Deploy/apigee-hybrid-kphc_get_provider_info_v3
     19 CTO/Apigee-Hybrid/engineering/Ignite Apigee Hybrid Proxy Deploy/apigee-hybrid-notification_platform_event_v1_2mch
     19 CTO/Apigee-Hybrid/engineering/Ignite Apigee Hybrid Proxy Deploy/apigee-hybrid-notification_gateway_v1_2mch
     19 CTO/Apigee-Hybrid/engineering/Ignite Apigee Hybrid Proxy Deploy/apigee-hybrid-messaging_ws_v1_2
     19 CTO/Apigee-Hybrid/engineering/Ignite Apigee Hybrid Proxy Deploy/apigee-hybrid-automation-testsuite
     18 CTO/Apigee-Hybrid/engineering/Ignite Apigee Hybrid Proxy Deploy/apigee-hybrid-secure-one_link_attachment_service
     18 CTO/Apigee-Hybrid/engineering/Ignite Apigee Hybrid Proxy Deploy/apigee-hybrid-secure-kp_polaris_r4
     18 CTO/Apigee-Hybrid/engineering/Ignite Apigee Hybrid Proxy Deploy/apigee-hybrid-secure-kp_polaris_legacy_oauth2
     18 CTO/Apigee-Hybrid/engineering/Ignite Apigee Hybrid Proxy Deploy/apigee-hybrid-secure-ansible_automation_controller_v4r
     18 CTO/Apigee-Hybrid/engineering/Ignite Apigee Hybrid Proxy Deploy/apigee-hybrid-notification_adaptor_v2sh
     18 CTO/Apigee-Hybrid/engineering/Ignite Apigee Hybrid Proxy Deploy/apigee-hybrid-epims_ecc_storeinformationservice_v6s
     17 CTO/Apigee-Hybrid/engineering/Ignite Apigee Hybrid Proxy Deploy/apigee-hybrid-secure-cost_model_web_v10
     17 CTO/Apigee-Hybrid/engineering/Ignite Apigee Hybrid Proxy Deploy/apigee-hybrid-now_create_update_incident_v10
     17 CTO/Apigee-Hybrid/engineering/Ignite Apigee Hybrid Proxy Deploy/apigee-hybrid-digital_notification_v2rch
     16 CTO/Apigee-Hybrid/engineering/Ignite Apigee Hybrid Proxy Deploy/apigee-hybrid-secure-video_visits_api_v3
     16 CTO/Apigee-Hybrid/engineering/Ignite Apigee Hybrid Proxy Deploy/apigee-hybrid-secure-mps_pie_account_balance_v1
     16 CTO/Apigee-Hybrid/engineering/Ignite Apigee Hybrid Proxy Deploy/apigee-hybrid-secure-kp_polaris_stu3
     16 CTO/Apigee-Hybrid/engineering/Ignite Apigee Hybrid Proxy Deploy/apigee-hybrid-secure-kp_polaris_openpk
     16 CTO/Apigee-Hybrid/engineering/Ignite Apigee Hybrid Proxy Deploy/apigee-hybrid-secure-kp_polaris_epicsecuritypersonnelmanagement_v2014
     16 CTO/Apigee-Hybrid/engineering/Ignite Apigee Hybrid Proxy Deploy/apigee-hybrid-secure-kp_polaris_epicschedulingprovider_v2013
     16 CTO/Apigee-Hybrid/engineering/Ignite Apigee Hybrid Proxy Deploy/apigee-hybrid-secure-epic_edi_fhir_services_r4
     16 CTO/Apigee-Hybrid/engineering/Ignite Apigee Hybrid Proxy Deploy/apigee-hybrid-secure-dss_wex_search_r_v10
     16 CTO/Apigee-Hybrid/engineering/Ignite Apigee Hybrid Proxy Deploy/apigee-hybrid-kp_rounding_v1rh
     15 CTO/Apigee-Hybrid/engineering/Ignite Apigee Hybrid Proxy Deploy/apigee-hybrid-secure-clinicianconnect_api_v3
     15 CTO/Apigee-Hybrid/engineering/Ignite Apigee Hybrid Proxy Deploy/apigee-hybrid-secure-atlas_get_token_v20r
     15 CTO/Apigee-Hybrid/engineering/Ignite Apigee Hybrid Proxy Deploy/apigee-hybrid-dss_provider_photo_v1rc
     15 CTO/Apigee-Hybrid/engineering/Ignite Apigee Hybrid Proxy Deploy/apigee-hybrid-dpt_profile_and_preferences_v1r
     15 CTO/Apigee-Hybrid/engineering/Ignite Apigee Hybrid Proxy Deploy/apigee-hybrid-dpt_authorization_v2rc
     15 CTO/Apigee-Hybrid/engineering/Ignite Apigee Hybrid Proxy Deploy/apigee-hybrid-dnp_notification_v2ch
     15 CTO/Apigee-Hybrid/engineering/Ignite Apigee Hybrid Proxy Deploy/apigee-hybrid-Search-Engine-MyKP
     14 CTO/Apigee-Hybrid/engineering/Ignite Apigee Hybrid Proxy Deploy/apigee-hybrid-secure-pharmacy_mobile_checkin_v1rc
     14 CTO/Apigee-Hybrid/engineering/Ignite Apigee Hybrid Proxy Deploy/apigee-hybrid-secure-kphc_get_blank_questionnaire_fam_v1
     14 CTO/Apigee-Hybrid/engineering/Ignite Apigee Hybrid Proxy Deploy/apigee-hybrid-secure-kp_polaris_epicclinicalvoiceassistant_v2021
     14 CTO/Apigee-Hybrid/engineering/Ignite Apigee Hybrid Proxy Deploy/apigee-hybrid-provider_aggregate_v2_1_2
     14 CTO/Apigee-Hybrid/engineering/Ignite Apigee Hybrid Proxy Deploy/apigee-hybrid-member_correspondence_v1
     14 CTO/Apigee-Hybrid/engineering/Ignite Apigee Hybrid Proxy Deploy/apigee-hybrid-kat_user_profile_v1r
     14 CTO/Apigee-Hybrid/engineering/Ignite Apigee Hybrid Proxy Deploy/apigee-hybrid-dss_user_registration_v1r
     13 CTO/Apigee-Hybrid/engineering/Ignite Apigee Hybrid Proxy Deploy/apigee-hybrid-secure-mps_pie_payment_initiation_v1
     13 CTO/Apigee-Hybrid/engineering/Ignite Apigee Hybrid Proxy Deploy/apigee-hybrid-secure-kp_polaris_epiccreditcard_v2016
     13 CTO/Apigee-Hybrid/engineering/Ignite Apigee Hybrid Proxy Deploy/apigee-hybrid-secure-epic_edi_xml_sure_scripts_receiver_services_v2015r
     13 CTO/Apigee-Hybrid/engineering/Ignite Apigee Hybrid Proxy Deploy/apigee-hybrid-secure-cafm_building_information_v10
     13 CTO/Apigee-Hybrid/engineering/Ignite Apigee Hybrid Proxy Deploy/apigee-hybrid-rmis_sbo_dmss_event_api_v1r
     13 CTO/Apigee-Hybrid/engineering/Ignite Apigee Hybrid Proxy Deploy/apigee-hybrid-mcc_biz_epic_payment_adapter_api_v1h
     13 CTO/Apigee-Hybrid/engineering/Ignite Apigee Hybrid Proxy Deploy/apigee-hybrid-kphc_get_guarantor_account_v1
     13 CTO/Apigee-Hybrid/engineering/Ignite Apigee Hybrid Proxy Deploy/apigee-hybrid-kpd_plan_recommender_v1r
     13 CTO/Apigee-Hybrid/engineering/Ignite Apigee Hybrid Proxy Deploy/apigee-hybrid-kpd_benefit_api_v1r
     13 CTO/Apigee-Hybrid/engineering/Ignite Apigee Hybrid Proxy Deploy/apigee-hybrid-dxp_api_event_v1rh
     13 CTO/Apigee-Hybrid/engineering/Ignite Apigee Hybrid Proxy Deploy/apigee-hybrid-dnp_notification_gateway_v2ch
     13 CTO/Apigee-Hybrid/engineering/Ignite Apigee Hybrid Proxy Deploy/apigee-hybrid-dnp_notification_callback_v2rch
     12 CTO/Apigee-Hybrid/engineering/Ignite Apigee Hybrid Proxy Deploy/apigee-hybrid-secure-nce_member_profile_eligibility_v10_c
     12 CTO/Apigee-Hybrid/engineering/Ignite Apigee Hybrid Proxy Deploy/apigee-hybrid-secure-mps_pie_scheduled_payments_v1
     12 CTO/Apigee-Hybrid/engineering/Ignite Apigee Hybrid Proxy Deploy/apigee-hybrid-secure-member_inquiry_v21
     12 CTO/Apigee-Hybrid/engineering/Ignite Apigee Hybrid Proxy Deploy/apigee-hybrid-secure-kphc_get_appt_home_v1
     12 CTO/Apigee-Hybrid/engineering/Ignite Apigee Hybrid Proxy Deploy/apigee-hybrid-secure-health_plan_kpx_v1rc
     12 CTO/Apigee-Hybrid/engineering/Ignite Apigee Hybrid Proxy Deploy/apigee-hybrid-secure-epic_clinical_notes_services_v2017r
     12 CTO/Apigee-Hybrid/engineering/Ignite Apigee Hybrid Proxy Deploy/apigee-hybrid-secure-employer_broker_selfservice_internal_bff_v1r
     12 CTO/Apigee-Hybrid/engineering/Ignite Apigee Hybrid Proxy Deploy/apigee-hybrid-secure-atlas_update_v20r
     12 CTO/Apigee-Hybrid/engineering/Ignite Apigee Hybrid Proxy Deploy/apigee-hybrid-secure-Clinicallibraryfavoriteapi_1.0.0v1
     12 CTO/Apigee-Hybrid/engineering/Ignite Apigee Hybrid Proxy Deploy/apigee-hybrid-new-env-bootstrap
     12 CTO/Apigee-Hybrid/engineering/Ignite Apigee Hybrid Proxy Deploy/apigee-hybrid-member_information_v1r
     12 CTO/Apigee-Hybrid/engineering/Ignite Apigee Hybrid Proxy Deploy/apigee-hybrid-kp_digital_incubation_cardiac_rehab_ba_v1rh
     12 CTO/Apigee-Hybrid/engineering/Ignite Apigee Hybrid Proxy Deploy/apigee-hybrid-epic_billing_gs_patient_services_v2015ar
     12 CTO/Apigee-Hybrid/engineering/Ignite Apigee Hybrid Proxy Deploy/apigee-hybrid-dpt_user_audit_v1r
     12 CTO/Apigee-Hybrid/engineering/Ignite Apigee Hybrid Proxy Deploy/apigee-hybrid-boomi_atomsphere_interface_v1r
     11 CTO/Apigee-Hybrid/engineering/Ignite Apigee Hybrid Proxy Deploy/apigee-hybrid-trda_data_etl_v52s
     11 CTO/Apigee-Hybrid/engineering/Ignite Apigee Hybrid Proxy Deploy/apigee-hybrid-secure-rate_quote_request_details_v10
     11 CTO/Apigee-Hybrid/engineering/Ignite Apigee Hybrid Proxy Deploy/apigee-hybrid-secure-onelink_apex_vendor_data_inbound_v1r
     11 CTO/Apigee-Hybrid/engineering/Ignite Apigee Hybrid Proxy Deploy/apigee-hybrid-secure-oak_view_app_diagram_r_v10
     11 CTO/Apigee-Hybrid/engineering/Ignite Apigee Hybrid Proxy Deploy/apigee-hybrid-secure-kphp_fhir_resources_r4
     11 CTO/Apigee-Hybrid/engineering/Ignite Apigee Hybrid Proxy Deploy/apigee-hybrid-secure-kp_polaris_epicedihl7v2receiver_v2015
     11 CTO/Apigee-Hybrid/engineering/Ignite Apigee Hybrid Proxy Deploy/apigee-hybrid-secure-chart_of_accounts_microservice_v1r
     11 CTO/Apigee-Hybrid/engineering/Ignite Apigee Hybrid Proxy Deploy/apigee-hybrid-oms_cms_facility_affiliation_v1rh
     11 CTO/Apigee-Hybrid/engineering/Ignite Apigee Hybrid Proxy Deploy/apigee-hybrid-marketo_kp_prospects_and_members_v1rh
     11 CTO/Apigee-Hybrid/engineering/Ignite Apigee Hybrid Proxy Deploy/apigee-hybrid-kphc_get_provider_info_v3r
     11 CTO/Apigee-Hybrid/engineering/Ignite Apigee Hybrid Proxy Deploy/apigee-hybrid-kpcc_get_claim_summary_v6rc
     11 CTO/Apigee-Hybrid/engineering/Ignite Apigee Hybrid Proxy Deploy/apigee-hybrid-kpcc_get_claim_detail_v5r
     11 CTO/Apigee-Hybrid/engineering/Ignite Apigee Hybrid Proxy Deploy/apigee-hybrid-kp_ipaas_interface_v1r
     11 CTO/Apigee-Hybrid/engineering/Ignite Apigee Hybrid Proxy Deploy/apigee-hybrid-kp_digital_incubation_cardiac_kpmarketportal_api_ba_v1rh
     11 CTO/Apigee-Hybrid/engineering/Ignite Apigee Hybrid Proxy Deploy/apigee-hybrid-fs_purchaser_v10
     11 CTO/Apigee-Hybrid/engineering/Ignite Apigee Hybrid Proxy Deploy/apigee-hybrid-epic_core_services_v200804
     11 CTO/Apigee-Hybrid/engineering/Ignite Apigee Hybrid Proxy Deploy/apigee-hybrid-epic_common_services_v200804
     11 CTO/Apigee-Hybrid/engineering/Ignite Apigee Hybrid Proxy Deploy/apigee-hybrid-epic_access_gs_patient_services_v2012
     11 CTO/Apigee-Hybrid/engineering/Ignite Apigee Hybrid Proxy Deploy/apigee-hybrid-dpt_dmc_self_tool_v1
     11 CTO/Apigee-Hybrid/engineering/Ignite Apigee Hybrid Proxy Deploy/apigee-hybrid-dpt_configuration_v1r
     11 CTO/Apigee-Hybrid/engineering/Ignite Apigee Hybrid Proxy Deploy/apigee-hybrid-cc_benefit_v1rc
     11 CTO/Apigee-Hybrid/engineering/Ignite Apigee Hybrid Proxy Deploy/apigee-hybrid-cas_amp_validation_v5r
     10 CTO/Apigee-Hybrid/engineering/Ignite Apigee Hybrid Proxy Deploy/apigee-hybrid-update_nonpatient_demographics_api_v1sh
     10 CTO/Apigee-Hybrid/engineering/Ignite Apigee Hybrid Proxy Deploy/apigee-hybrid-secure-mbrshp_bff_ss_member_inquiry_v1r
     10 CTO/Apigee-Hybrid/engineering/Ignite Apigee Hybrid Proxy Deploy/apigee-hybrid-secure-kphc_get_appointments_v1
     10 CTO/Apigee-Hybrid/engineering/Ignite Apigee Hybrid Proxy Deploy/apigee-hybrid-secure-kp_polaris_epicedisoapreceiver_v2009
     10 CTO/Apigee-Hybrid/engineering/Ignite Apigee Hybrid Proxy Deploy/apigee-hybrid-secure-epic_mychart_mobile_care_services_v2020r
     10 CTO/Apigee-Hybrid/engineering/Ignite Apigee Hybrid Proxy Deploy/apigee-hybrid-secure-dss_wex_autocomplete_r_v10
     10 CTO/Apigee-Hybrid/engineering/Ignite Apigee Hybrid Proxy Deploy/apigee-hybrid-secure-cdads_cyclecount_v20r
     10 CTO/Apigee-Hybrid/engineering/Ignite Apigee Hybrid Proxy Deploy/apigee-hybrid-secure-address_validation_v20
     10 CTO/Apigee-Hybrid/engineering/Ignite Apigee Hybrid Proxy Deploy/apigee-hybrid-receive_care_after_visits_experience_v1rh
     10 CTO/Apigee-Hybrid/engineering/Ignite Apigee Hybrid Proxy Deploy/apigee-hybrid-oci_validator_v10
     10 CTO/Apigee-Hybrid/engineering/Ignite Apigee Hybrid Proxy Deploy/apigee-hybrid-membership_selfservice_mrnassignmentui_bff_v1rh
     10 CTO/Apigee-Hybrid/engineering/Ignite Apigee Hybrid Proxy Deploy/apigee-hybrid-kphc_put_questionnaire_v2
     10 CTO/Apigee-Hybrid/engineering/Ignite Apigee Hybrid Proxy Deploy/apigee-hybrid-kphc_facility_census_api_v20
     10 CTO/Apigee-Hybrid/engineering/Ignite Apigee Hybrid Proxy Deploy/apigee-hybrid-kpcc_get_claim_detail_v3
     10 CTO/Apigee-Hybrid/engineering/Ignite Apigee Hybrid Proxy Deploy/apigee-hybrid-hrconnect_person_details_by_client_v1s
     10 CTO/Apigee-Hybrid/engineering/Ignite Apigee Hybrid Proxy Deploy/apigee-hybrid-facility_directory_data_v1r
     10 CTO/Apigee-Hybrid/engineering/Ignite Apigee Hybrid Proxy Deploy/apigee-hybrid-epims_psb_member_identification_v1r
     10 CTO/Apigee-Hybrid/engineering/Ignite Apigee Hybrid Proxy Deploy/apigee-hybrid-epic_scheduling_gs_provider_services_v2012
     10 CTO/Apigee-Hybrid/engineering/Ignite Apigee Hybrid Proxy Deploy/apigee-hybrid-epic_oauth2_v2022r
     10 CTO/Apigee-Hybrid/engineering/Ignite Apigee Hybrid Proxy Deploy/apigee-hybrid-epic_empi_gs_patient_services_v2012
     10 CTO/Apigee-Hybrid/engineering/Ignite Apigee Hybrid Proxy Deploy/apigee-hybrid-epic_edi_soapreceiver_v2009s
     10 CTO/Apigee-Hybrid/engineering/Ignite Apigee Hybrid Proxy Deploy/apigee-hybrid-epic_edi_fhir_diagnostic_report_vdstu2r
     10 CTO/Apigee-Hybrid/engineering/Ignite Apigee Hybrid Proxy Deploy/apigee-hybrid-epic_edi_fhir_allergy_intolerance_vdstu2r
     10 CTO/Apigee-Hybrid/engineering/Ignite Apigee Hybrid Proxy Deploy/apigee-hybrid-epic_crm_gs_utility_services_v2014b
     10 CTO/Apigee-Hybrid/engineering/Ignite Apigee Hybrid Proxy Deploy/apigee-hybrid-epic_crm_gs_utility_services_2014br
     10 CTO/Apigee-Hybrid/engineering/Ignite Apigee Hybrid Proxy Deploy/apigee-hybrid-epic_community_empi_services_v200405
     10 CTO/Apigee-Hybrid/engineering/Ignite Apigee Hybrid Proxy Deploy/apigee-hybrid-epic_clinical_gs_patient_services_v2010
     10 CTO/Apigee-Hybrid/engineering/Ignite Apigee Hybrid Proxy Deploy/apigee-hybrid-epic_billing_gs_patient_services_v2015a
     10 CTO/Apigee-Hybrid/engineering/Ignite Apigee Hybrid Proxy Deploy/apigee-hybrid-dnp1_notification_v1sh
     10 CTO/Apigee-Hybrid/engineering/Ignite Apigee Hybrid Proxy Deploy/apigee-hybrid-colorado_iis_v2011
     10 CTO/Apigee-Hybrid/engineering/Ignite Apigee Hybrid Proxy Deploy/apigee-hybrid-az-secure-epic_haiku_canto_rover_prelogin_r_v3rh
      9 CTO/Apigee-Hybrid/engineering/Ignite Apigee Hybrid Proxy Deploy/apigee-hybrid-trdl_nist_cvss_v2rh
      9 CTO/Apigee-Hybrid/engineering/Ignite Apigee Hybrid Proxy Deploy/apigee-hybrid-smt_questionnaire_api_v1r
      9 CTO/Apigee-Hybrid/engineering/Ignite Apigee Hybrid Proxy Deploy/apigee-hybrid-secure-kphc_send_inbasket_message_v1
      9 CTO/Apigee-Hybrid/engineering/Ignite Apigee Hybrid Proxy Deploy/apigee-hybrid-secure-kphc_put_questionnaire_fam_v2s
      9 CTO/Apigee-Hybrid/engineering/Ignite Apigee Hybrid Proxy Deploy/apigee-hybrid-secure-kphc_pointclickcare_webhook_listener_v1r
      9 CTO/Apigee-Hybrid/engineering/Ignite Apigee Hybrid Proxy Deploy/apigee-hybrid-secure-kphc_orders_v2
      9 CTO/Apigee-Hybrid/engineering/Ignite Apigee Hybrid Proxy Deploy/apigee-hybrid-secure-kphc_get_user_base_deployment_v1
      9 CTO/Apigee-Hybrid/engineering/Ignite Apigee Hybrid Proxy Deploy/apigee-hybrid-secure-kphc_get_referrals_v4
      9 CTO/Apigee-Hybrid/engineering/Ignite Apigee Hybrid Proxy Deploy/apigee-hybrid-secure-kphc_comm_prefs_fam_v1
      9 CTO/Apigee-Hybrid/engineering/Ignite Apigee Hybrid Proxy Deploy/apigee-hybrid-secure-kp_polaris_epictelehealthexternal_v2020
      9 CTO/Apigee-Hybrid/engineering/Ignite Apigee Hybrid Proxy Deploy/apigee-hybrid-secure-iam_user_management_v1
      9 CTO/Apigee-Hybrid/engineering/Ignite Apigee Hybrid Proxy Deploy/apigee-hybrid-secure-epic_revenue_managedcare_v2019r
      9 CTO/Apigee-Hybrid/engineering/Ignite Apigee Hybrid Proxy Deploy/apigee-hybrid-secure-epic_common_gs_patient_dexcare_v2015r
      9 CTO/Apigee-Hybrid/engineering/Ignite Apigee Hybrid Proxy Deploy/apigee-hybrid-secure-epic_clinical_gs_notes_fam_v2018r
      9 CTO/Apigee-Hybrid/engineering/Ignite Apigee Hybrid Proxy Deploy/apigee-hybrid-secure-epic_access_gs_referral_services_v2012
      9 CTO/Apigee-Hybrid/engineering/Ignite Apigee Hybrid Proxy Deploy/apigee-hybrid-secure-dast_amp_custom_validation_v1rh
      9 CTO/Apigee-Hybrid/engineering/Ignite Apigee Hybrid Proxy Deploy/apigee-hybrid-secure-cdads_member_preference_notification_v10r
      9 CTO/Apigee-Hybrid/engineering/Ignite Apigee Hybrid Proxy Deploy/apigee-hybrid-receive_care_pvi_hub_v1r
      9 CTO/Apigee-Hybrid/engineering/Ignite Apigee Hybrid Proxy Deploy/apigee-hybrid-quality_claims_portal_biz_v1rh
      9 CTO/Apigee-Hybrid/engineering/Ignite Apigee Hybrid Proxy Deploy/apigee-hybrid-opap_smt_maintenance_status_v1
      9 CTO/Apigee-Hybrid/engineering/Ignite Apigee Hybrid Proxy Deploy/apigee-hybrid-one_link_receipt_confirmation_v10
      9 CTO/Apigee-Hybrid/engineering/Ignite Apigee Hybrid Proxy Deploy/apigee-hybrid-notification_adaptor_v2rh
      9 CTO/Apigee-Hybrid/engineering/Ignite Apigee Hybrid Proxy Deploy/apigee-hybrid-member_enrollment_nw_v1
      9 CTO/Apigee-Hybrid/engineering/Ignite Apigee Hybrid Proxy Deploy/apigee-hybrid-kpsc_sbcevent_v10
      9 CTO/Apigee-Hybrid/engineering/Ignite Apigee Hybrid Proxy Deploy/apigee-hybrid-kphc_surgery_v6r
      9 CTO/Apigee-Hybrid/engineering/Ignite Apigee Hybrid Proxy Deploy/apigee-hybrid-kphc_set_paperless_billing_v1s
      9 CTO/Apigee-Hybrid/engineering/Ignite Apigee Hybrid Proxy Deploy/apigee-hybrid-kphc_send_mychart_message_v2r
      9 CTO/Apigee-Hybrid/engineering/Ignite Apigee Hybrid Proxy Deploy/apigee-hybrid-kphc_scaffold_v1
      9 CTO/Apigee-Hybrid/engineering/Ignite Apigee Hybrid Proxy Deploy/apigee-hybrid-kphc_patient_notes_v2
      9 CTO/Apigee-Hybrid/engineering/Ignite Apigee Hybrid Proxy Deploy/apigee-hybrid-kphc_patient_care_team_v4r
      9 CTO/Apigee-Hybrid/engineering/Ignite Apigee Hybrid Proxy Deploy/apigee-hybrid-kphc_get_provider_info_v20
      9 CTO/Apigee-Hybrid/engineering/Ignite Apigee Hybrid Proxy Deploy/apigee-hybrid-kphc_get_patient_flags_v1s
      9 CTO/Apigee-Hybrid/engineering/Ignite Apigee Hybrid Proxy Deploy/apigee-hybrid-kphc_get_mychartlog_v1r
      9 CTO/Apigee-Hybrid/engineering/Ignite Apigee Hybrid Proxy Deploy/apigee-hybrid-kphc_get_encounters_v4s
      9 CTO/Apigee-Hybrid/engineering/Ignite Apigee Hybrid Proxy Deploy/apigee-hybrid-kphc_get_ear_home_v1
      9 CTO/Apigee-Hybrid/engineering/Ignite Apigee Hybrid Proxy Deploy/apigee-hybrid-kphc_get_demographics_v3r
      9 CTO/Apigee-Hybrid/engineering/Ignite Apigee Hybrid Proxy Deploy/apigee-hybrid-kphc_get_appt_details_v5r
      9 CTO/Apigee-Hybrid/engineering/Ignite Apigee Hybrid Proxy Deploy/apigee-hybrid-kphc_get_appt_details_v5
      9 CTO/Apigee-Hybrid/engineering/Ignite Apigee Hybrid Proxy Deploy/apigee-hybrid-kphc_get_appt_details_v25
      9 CTO/Apigee-Hybrid/engineering/Ignite Apigee Hybrid Proxy Deploy/apigee-hybrid-kpcc_get_claim_summary_v6c
      9 CTO/Apigee-Hybrid/engineering/Ignite Apigee Hybrid Proxy Deploy/apigee-hybrid-kpcc_get_claim_summary_v3
      9 CTO/Apigee-Hybrid/engineering/Ignite Apigee Hybrid Proxy Deploy/apigee-hybrid-kpcc_accum_detail_v1
      9 CTO/Apigee-Hybrid/engineering/Ignite Apigee Hybrid Proxy Deploy/apigee-hybrid-kp_splunk_cloud_api_v1r
      9 CTO/Apigee-Hybrid/engineering/Ignite Apigee Hybrid Proxy Deploy/apigee-hybrid-innovation_scm_inventory_response_v10
      9 CTO/Apigee-Hybrid/engineering/Ignite Apigee Hybrid Proxy Deploy/apigee-hybrid-hybrid_kphc_get_appointments_s_v1sh
      9 CTO/Apigee-Hybrid/engineering/Ignite Apigee Hybrid Proxy Deploy/apigee-hybrid-epims_rapid_delivery_order_tracking_v1rch
      9 CTO/Apigee-Hybrid/engineering/Ignite Apigee Hybrid Proxy Deploy/apigee-hybrid-epic_security_openid_v2019r
      9 CTO/Apigee-Hybrid/engineering/Ignite Apigee Hybrid Proxy Deploy/apigee-hybrid-epic_scheduling_gs_patient_services_v2017
      9 CTO/Apigee-Hybrid/engineering/Ignite Apigee Hybrid Proxy Deploy/apigee-hybrid-epic_scheduling_gs_patient_services_v2012
      9 CTO/Apigee-Hybrid/engineering/Ignite Apigee Hybrid Proxy Deploy/apigee-hybrid-epic_revenue_gs_apclaims_services_v2021r
      9 CTO/Apigee-Hybrid/engineering/Ignite Apigee Hybrid Proxy Deploy/apigee-hybrid-epic_patientaccess_gs_external_v2021r
      9 CTO/Apigee-Hybrid/engineering/Ignite Apigee Hybrid Proxy Deploy/apigee-hybrid-epic_patientaccess_gs_account_v2020r
      9 CTO/Apigee-Hybrid/engineering/Ignite Apigee Hybrid Proxy Deploy/apigee-hybrid-epic_patient_access_sp07
      9 CTO/Apigee-Hybrid/engineering/Ignite Apigee Hybrid Proxy Deploy/apigee-hybrid-epic_patient_access_mobile_services_v2011
      9 CTO/Apigee-Hybrid/engineering/Ignite Apigee Hybrid Proxy Deploy/apigee-hybrid-epic_patient_access_gs_patient_services_v2014a
      9 CTO/Apigee-Hybrid/engineering/Ignite Apigee Hybrid Proxy Deploy/apigee-hybrid-epic_interconnect_gs_utility_v2021r
      9 CTO/Apigee-Hybrid/engineering/Ignite Apigee Hybrid Proxy Deploy/apigee-hybrid-epic_fhir_organization_r4_mux
      9 CTO/Apigee-Hybrid/engineering/Ignite Apigee Hybrid Proxy Deploy/apigee-hybrid-epic_fhir_encounter_r4_mux
      9 CTO/Apigee-Hybrid/engineering/Ignite Apigee Hybrid Proxy Deploy/apigee-hybrid-epic_empi_gs_patient_services_v2012r
      9 CTO/Apigee-Hybrid/engineering/Ignite Apigee Hybrid Proxy Deploy/apigee-hybrid-epic_edi_xml_bridges_receiver_v2020r
      9 CTO/Apigee-Hybrid/engineering/Ignite Apigee Hybrid Proxy Deploy/apigee-hybrid-epic_edi_fhir_patient_vdstu2r
      9 CTO/Apigee-Hybrid/engineering/Ignite Apigee Hybrid Proxy Deploy/apigee-hybrid-epic_edi_fhir_observation_vdstu2r
      9 CTO/Apigee-Hybrid/engineering/Ignite Apigee Hybrid Proxy Deploy/apigee-hybrid-epic_edi_fhir_medication_statement_vdstu2r
      9 CTO/Apigee-Hybrid/engineering/Ignite Apigee Hybrid Proxy Deploy/apigee-hybrid-epic_edi_fhir_condition_vdstu2r
      9 CTO/Apigee-Hybrid/engineering/Ignite Apigee Hybrid Proxy Deploy/apigee-hybrid-epic_common_web_services_v2016m
      9 CTO/Apigee-Hybrid/engineering/Ignite Apigee Hybrid Proxy Deploy/apigee-hybrid-epic_billing_gs_external_v2019r
      9 CTO/Apigee-Hybrid/engineering/Ignite Apigee Hybrid Proxy Deploy/apigee-hybrid-epic_access_gs_patient_services_v2014a
      9 CTO/Apigee-Hybrid/engineering/Ignite Apigee Hybrid Proxy Deploy/apigee-hybrid-empi_service_api
      9 CTO/Apigee-Hybrid/engineering/Ignite Apigee Hybrid Proxy Deploy/apigee-hybrid-ebss_plancoverage_bff_v1r
      9 CTO/Apigee-Hybrid/engineering/Ignite Apigee Hybrid Proxy Deploy/apigee-hybrid-dss_healthwise_metadatar_v10
      9 CTO/Apigee-Hybrid/engineering/Ignite Apigee Hybrid Proxy Deploy/apigee-hybrid-dpt_user_audit_v1_1r
      9 CTO/Apigee-Hybrid/engineering/Ignite Apigee Hybrid Proxy Deploy/apigee-hybrid-dpt_notification_platform_event_v1h
      9 CTO/Apigee-Hybrid/engineering/Ignite Apigee Hybrid Proxy Deploy/apigee-hybrid-dpt_identity_management_v1rc
      9 CTO/Apigee-Hybrid/engineering/Ignite Apigee Hybrid Proxy Deploy/apigee-hybrid-check_prescription_v1r
      9 CTO/Apigee-Hybrid/engineering/Ignite Apigee Hybrid Proxy Deploy/apigee-hybrid-cc_benefit_v2rc
      9 CTO/Apigee-Hybrid/engineering/Ignite Apigee Hybrid Proxy Deploy/apigee-hybrid-cair_iz_portal_v10
      9 CTO/Apigee-Hybrid/engineering/Ignite Apigee Hybrid Proxy Deploy/apigee-hybrid-az-secure-dnp_callback_v2rch
      9 CTO/Apigee-Hybrid/engineering/Ignite Apigee Hybrid Proxy Deploy/apigee-hybrid-autocal_insulin_infusion_calculator_v20
      8 CTO/Apigee-Hybrid/engineering/Ignite Apigee Hybrid Proxy Deploy/apigee-hybrid-servicenow_generic_api_v1
      8 CTO/Apigee-Hybrid/engineering/Ignite Apigee Hybrid Proxy Deploy/apigee-hybrid-secure-tpamemberlookup_v10
      8 CTO/Apigee-Hybrid/engineering/Ignite Apigee Hybrid Proxy Deploy/apigee-hybrid-secure-mbrshp_member_self_service_bff_v1r
      8 CTO/Apigee-Hybrid/engineering/Ignite Apigee Hybrid Proxy Deploy/apigee-hybrid-secure-kpmc_bill_and_pay_bff_v1_1r
      8 CTO/Apigee-Hybrid/engineering/Ignite Apigee Hybrid Proxy Deploy/apigee-hybrid-secure-kphc_medications_v5
      8 CTO/Apigee-Hybrid/engineering/Ignite Apigee Hybrid Proxy Deploy/apigee-hybrid-secure-kphc_lab_orders_v5
      8 CTO/Apigee-Hybrid/engineering/Ignite Apigee Hybrid Proxy Deploy/apigee-hybrid-secure-kphc_lab_orders_v3
      8 CTO/Apigee-Hybrid/engineering/Ignite Apigee Hybrid Proxy Deploy/apigee-hybrid-secure-kphc_get_referral_claims_v3
      8 CTO/Apigee-Hybrid/engineering/Ignite Apigee Hybrid Proxy Deploy/apigee-hybrid-secure-kphc_get_encounters_v3
      8 CTO/Apigee-Hybrid/engineering/Ignite Apigee Hybrid Proxy Deploy/apigee-hybrid-secure-kphc_get_demographics_v3
      8 CTO/Apigee-Hybrid/engineering/Ignite Apigee Hybrid Proxy Deploy/apigee-hybrid-secure-kphc_get_demographics_v1
      8 CTO/Apigee-Hybrid/engineering/Ignite Apigee Hybrid Proxy Deploy/apigee-hybrid-secure-kphc_get_appt_details_v4
      8 CTO/Apigee-Hybrid/engineering/Ignite Apigee Hybrid Proxy Deploy/apigee-hybrid-secure-kp_polaris_legacy_r4
      8 CTO/Apigee-Hybrid/engineering/Ignite Apigee Hybrid Proxy Deploy/apigee-hybrid-secure-kp_polaris_epictelehealthcontextlinking_v2018
      8 CTO/Apigee-Hybrid/engineering/Ignite Apigee Hybrid Proxy Deploy/apigee-hybrid-secure-kp2020_ocuco_a2r
      8 CTO/Apigee-Hybrid/engineering/Ignite Apigee Hybrid Proxy Deploy/apigee-hybrid-secure-etl_odw_bigpanda_v1r
      8 CTO/Apigee-Hybrid/engineering/Ignite Apigee Hybrid Proxy Deploy/apigee-hybrid-secure-epic_scheduling_gs_provider_dexcare_v2012r
      8 CTO/Apigee-Hybrid/engineering/Ignite Apigee Hybrid Proxy Deploy/apigee-hybrid-secure-epic_reporting_predictive_v2018r
      8 CTO/Apigee-Hybrid/engineering/Ignite Apigee Hybrid Proxy Deploy/apigee-hybrid-secure-epic_reporting_predictive_services_v2017r
      8 CTO/Apigee-Hybrid/engineering/Ignite Apigee Hybrid Proxy Deploy/apigee-hybrid-secure-epic_nebula_cognitive_computing_v1r
      8 CTO/Apigee-Hybrid/engineering/Ignite Apigee Hybrid Proxy Deploy/apigee-hybrid-secure-epic_fhir_patient_r4_mux
      8 CTO/Apigee-Hybrid/engineering/Ignite Apigee Hybrid Proxy Deploy/apigee-hybrid-secure-epic_fhir_muxoauth2_v2021
      8 CTO/Apigee-Hybrid/engineering/Ignite Apigee Hybrid Proxy Deploy/apigee-hybrid-secure-epic_common_gs_patient_services_v2015r
      8 CTO/Apigee-Hybrid/engineering/Ignite Apigee Hybrid Proxy Deploy/apigee-hybrid-secure-epic_clinical_pharmacy_v2018s
      8 CTO/Apigee-Hybrid/engineering/Ignite Apigee Hybrid Proxy Deploy/apigee-hybrid-secure-epic_clinical_gs_patient_v2011
      8 CTO/Apigee-Hybrid/engineering/Ignite Apigee Hybrid Proxy Deploy/apigee-hybrid-secure-epic_billing_external_v2017r
      8 CTO/Apigee-Hybrid/engineering/Ignite Apigee Hybrid Proxy Deploy/apigee-hybrid-secure-atlas_application_full_report_v2r
      8 CTO/Apigee-Hybrid/engineering/Ignite Apigee Hybrid Proxy Deploy/apigee-hybrid-prada_planbenefit_v1rh
      8 CTO/Apigee-Hybrid/engineering/Ignite Apigee Hybrid Proxy Deploy/apigee-hybrid-pop_audit_v1r
      8 CTO/Apigee-Hybrid/engineering/Ignite Apigee Hybrid Proxy Deploy/apigee-hybrid-pie_payment_tempus_outbound_v1rh
      8 CTO/Apigee-Hybrid/engineering/Ignite Apigee Hybrid Proxy Deploy/apigee-hybrid-opap_smt_session_v1
      8 CTO/Apigee-Hybrid/engineering/Ignite Apigee Hybrid Proxy Deploy/apigee-hybrid-oms_cms_asc_v1rh
      8 CTO/Apigee-Hybrid/engineering/Ignite Apigee Hybrid Proxy Deploy/apigee-hybrid-ncmd_kana_pega_v1rh
      8 CTO/Apigee-Hybrid/engineering/Ignite Apigee Hybrid Proxy Deploy/apigee-hybrid-myhr_nw_attendance_listener_v10
      8 CTO/Apigee-Hybrid/engineering/Ignite Apigee Hybrid Proxy Deploy/apigee-hybrid-kpmc_ssgroupinfo_v1r
      8 CTO/Apigee-Hybrid/engineering/Ignite Apigee Hybrid Proxy Deploy/apigee-hybrid-kphc_update_patient_demographics_v1r
      8 CTO/Apigee-Hybrid/engineering/Ignite Apigee Hybrid Proxy Deploy/apigee-hybrid-kphc_update_patient_demographics_v1
      8 CTO/Apigee-Hybrid/engineering/Ignite Apigee Hybrid Proxy Deploy/apigee-hybrid-kphc_trigger_update_v1
      8 CTO/Apigee-Hybrid/engineering/Ignite Apigee Hybrid Proxy Deploy/apigee-hybrid-kphc_surgery_v5
      8 CTO/Apigee-Hybrid/engineering/Ignite Apigee Hybrid Proxy Deploy/apigee-hybrid-kphc_set_visit_contact_info_v1r
      8 CTO/Apigee-Hybrid/engineering/Ignite Apigee Hybrid Proxy Deploy/apigee-hybrid-kphc_set_primary_location_v1
      8 CTO/Apigee-Hybrid/engineering/Ignite Apigee Hybrid Proxy Deploy/apigee-hybrid-kphc_set_nquiry_status_v1
      8 CTO/Apigee-Hybrid/engineering/Ignite Apigee Hybrid Proxy Deploy/apigee-hybrid-kphc_set_conference_status_v1
      8 CTO/Apigee-Hybrid/engineering/Ignite Apigee Hybrid Proxy Deploy/apigee-hybrid-kphc_set_appt_target_date_v1
      8 CTO/Apigee-Hybrid/engineering/Ignite Apigee Hybrid Proxy Deploy/apigee-hybrid-kphc_set_appt_notifications_v1
      8 CTO/Apigee-Hybrid/engineering/Ignite Apigee Hybrid Proxy Deploy/apigee-hybrid-kphc_scheduling_reports_v1
      8 CTO/Apigee-Hybrid/engineering/Ignite Apigee Hybrid Proxy Deploy/apigee-hybrid-kphc_radiology_exam_list_v1
      8 CTO/Apigee-Hybrid/engineering/Ignite Apigee Hybrid Proxy Deploy/apigee-hybrid-kphc_radiology_exam_details_v2
      8 CTO/Apigee-Hybrid/engineering/Ignite Apigee Hybrid Proxy Deploy/apigee-hybrid-kphc_radiology_exam_details_v1
      8 CTO/Apigee-Hybrid/engineering/Ignite Apigee Hybrid Proxy Deploy/apigee-hybrid-kphc_put_questionnaire_chr_v1
      8 CTO/Apigee-Hybrid/engineering/Ignite Apigee Hybrid Proxy Deploy/apigee-hybrid-kphc_patient_vital_signs_v4
      8 CTO/Apigee-Hybrid/engineering/Ignite Apigee Hybrid Proxy Deploy/apigee-hybrid-kphc_patient_verification_v1
      8 CTO/Apigee-Hybrid/engineering/Ignite Apigee Hybrid Proxy Deploy/apigee-hybrid-kphc_patient_care_team_v2
      8 CTO/Apigee-Hybrid/engineering/Ignite Apigee Hybrid Proxy Deploy/apigee-hybrid-kphc_medical_conditions_v4r
      8 CTO/Apigee-Hybrid/engineering/Ignite Apigee Hybrid Proxy Deploy/apigee-hybrid-kphc_letters_v4
      8 CTO/Apigee-Hybrid/engineering/Ignite Apigee Hybrid Proxy Deploy/apigee-hybrid-kphc_lab_orders_v4
      8 CTO/Apigee-Hybrid/engineering/Ignite Apigee Hybrid Proxy Deploy/apigee-hybrid-kphc_hra_prepop_v1
      8 CTO/Apigee-Hybrid/engineering/Ignite Apigee Hybrid Proxy Deploy/apigee-hybrid-kphc_get_wdf_config_v1r
      8 CTO/Apigee-Hybrid/engineering/Ignite Apigee Hybrid Proxy Deploy/apigee-hybrid-kphc_get_sched_depts_v3
      8 CTO/Apigee-Hybrid/engineering/Ignite Apigee Hybrid Proxy Deploy/apigee-hybrid-kphc_get_referrals_v5
      8 CTO/Apigee-Hybrid/engineering/Ignite Apigee Hybrid Proxy Deploy/apigee-hybrid-kphc_get_prof_billing_details_v1
      8 CTO/Apigee-Hybrid/engineering/Ignite Apigee Hybrid Proxy Deploy/apigee-hybrid-kphc_get_prescription_v3
      8 CTO/Apigee-Hybrid/engineering/Ignite Apigee Hybrid Proxy Deploy/apigee-hybrid-kphc_get_prescription_v2
      8 CTO/Apigee-Hybrid/engineering/Ignite Apigee Hybrid Proxy Deploy/apigee-hybrid-kphc_get_mychartfdilink_v1r
      8 CTO/Apigee-Hybrid/engineering/Ignite Apigee Hybrid Proxy Deploy/apigee-hybrid-kphc_get_ldaw_v1
      8 CTO/Apigee-Hybrid/engineering/Ignite Apigee Hybrid Proxy Deploy/apigee-hybrid-kphc_get_hosp_billing_account_v1
      8 CTO/Apigee-Hybrid/engineering/Ignite Apigee Hybrid Proxy Deploy/apigee-hybrid-kphc_get_guarantor_patient_list_v20r
      8 CTO/Apigee-Hybrid/engineering/Ignite Apigee Hybrid Proxy Deploy/apigee-hybrid-kphc_get_guarantor_patient_list_v2
      8 CTO/Apigee-Hybrid/engineering/Ignite Apigee Hybrid Proxy Deploy/apigee-hybrid-kphc_get_guarantor_patient_list_v1
      8 CTO/Apigee-Hybrid/engineering/Ignite Apigee Hybrid Proxy Deploy/apigee-hybrid-kphc_get_future_appointments_v1r
      8 CTO/Apigee-Hybrid/engineering/Ignite Apigee Hybrid Proxy Deploy/apigee-hybrid-kphc_get_encounters_v1
      8 CTO/Apigee-Hybrid/engineering/Ignite Apigee Hybrid Proxy Deploy/apigee-hybrid-kphc_get_encounter_summary_v20
      8 CTO/Apigee-Hybrid/engineering/Ignite Apigee Hybrid Proxy Deploy/apigee-hybrid-kphc_get_echeckin_warnings_v1
      8 CTO/Apigee-Hybrid/engineering/Ignite Apigee Hybrid Proxy Deploy/apigee-hybrid-kphc_get_diagnosis_v1
      8 CTO/Apigee-Hybrid/engineering/Ignite Apigee Hybrid Proxy Deploy/apigee-hybrid-kphc_get_demographics_v2
      8 CTO/Apigee-Hybrid/engineering/Ignite Apigee Hybrid Proxy Deploy/apigee-hybrid-kphc_get_blank_questionnaire_v1
      8 CTO/Apigee-Hybrid/engineering/Ignite Apigee Hybrid Proxy Deploy/apigee-hybrid-kphc_get_appt_details_v51
      8 CTO/Apigee-Hybrid/engineering/Ignite Apigee Hybrid Proxy Deploy/apigee-hybrid-kphc_get_appt_details_v40r
      8 CTO/Apigee-Hybrid/engineering/Ignite Apigee Hybrid Proxy Deploy/apigee-hybrid-kphc_get_appt_details_v3
      8 CTO/Apigee-Hybrid/engineering/Ignite Apigee Hybrid Proxy Deploy/apigee-hybrid-kphc_get_appt_details_v1
      8 CTO/Apigee-Hybrid/engineering/Ignite Apigee Hybrid Proxy Deploy/apigee-hybrid-kphc_external_visit_identifier_v1r
      8 CTO/Apigee-Hybrid/engineering/Ignite Apigee Hybrid Proxy Deploy/apigee-hybrid-kphc_event_listener_api_v10r
      8 CTO/Apigee-Hybrid/engineering/Ignite Apigee Hybrid Proxy Deploy/apigee-hybrid-kphc_create_event_v1r
      8 CTO/Apigee-Hybrid/engineering/Ignite Apigee Hybrid Proxy Deploy/apigee-hybrid-kphc_cost_estimate_v1
      8 CTO/Apigee-Hybrid/engineering/Ignite Apigee Hybrid Proxy Deploy/apigee-hybrid-kphc_confirm_appointment_v1
      8 CTO/Apigee-Hybrid/engineering/Ignite Apigee Hybrid Proxy Deploy/apigee-hybrid-kphc_comm_prefs_v1r
      8 CTO/Apigee-Hybrid/engineering/Ignite Apigee Hybrid Proxy Deploy/apigee-hybrid-kphc_comm_prefs_v1
      8 CTO/Apigee-Hybrid/engineering/Ignite Apigee Hybrid Proxy Deploy/apigee-hybrid-kphc_clinical_call_center_v2
      8 CTO/Apigee-Hybrid/engineering/Ignite Apigee Hybrid Proxy Deploy/apigee-hybrid-kphc_adt_orders_api_v30
      8 CTO/Apigee-Hybrid/engineering/Ignite Apigee Hybrid Proxy Deploy/apigee-hybrid-kpd_fitbit_v1r
      8 CTO/Apigee-Hybrid/engineering/Ignite Apigee Hybrid Proxy Deploy/apigee-hybrid-kpd_cardiac_analytics_v1r
      8 CTO/Apigee-Hybrid/engineering/Ignite Apigee Hybrid Proxy Deploy/apigee-hybrid-kpcc_kphc_get_coverages_v10
      8 CTO/Apigee-Hybrid/engineering/Ignite Apigee Hybrid Proxy Deploy/apigee-hybrid-kpcc_claim_summary_v1
      8 CTO/Apigee-Hybrid/engineering/Ignite Apigee Hybrid Proxy Deploy/apigee-hybrid-kpanpapmnextgen_v1r
      8 CTO/Apigee-Hybrid/engineering/Ignite Apigee Hybrid Proxy Deploy/apigee-hybrid-kp_splunk_r_api_v10
      8 CTO/Apigee-Hybrid/engineering/Ignite Apigee Hybrid Proxy Deploy/apigee-hybrid-kp_polaris_router_v1
      8 CTO/Apigee-Hybrid/engineering/Ignite Apigee Hybrid Proxy Deploy/apigee-hybrid-hps_membership_transaction_status_v1r
      8 CTO/Apigee-Hybrid/engineering/Ignite Apigee Hybrid Proxy Deploy/apigee-hybrid-hcm_salesforce_case_managementr_v10
      8 CTO/Apigee-Hybrid/engineering/Ignite Apigee Hybrid Proxy Deploy/apigee-hybrid-fs_member_summary_v10
      8 CTO/Apigee-Hybrid/engineering/Ignite Apigee Hybrid Proxy Deploy/apigee-hybrid-epims_cm_benefits_v5
      8 CTO/Apigee-Hybrid/engineering/Ignite Apigee Hybrid Proxy Deploy/apigee-hybrid-epic_specialty_gs_surgery_services_v2015r
      8 CTO/Apigee-Hybrid/engineering/Ignite Apigee Hybrid Proxy Deploy/apigee-hybrid-epic_scheduling_gs_utility_services_v2014
      8 CTO/Apigee-Hybrid/engineering/Ignite Apigee Hybrid Proxy Deploy/apigee-hybrid-epic_scheduling_gs_patient_v2020r
      8 CTO/Apigee-Hybrid/engineering/Ignite Apigee Hybrid Proxy Deploy/apigee-hybrid-epic_scheduling_gs_patient_services_v2017r
      8 CTO/Apigee-Hybrid/engineering/Ignite Apigee Hybrid Proxy Deploy/apigee-hybrid-epic_scheduling_gs_patient_services_v2014
      8 CTO/Apigee-Hybrid/engineering/Ignite Apigee Hybrid Proxy Deploy/apigee-hybrid-epic_reporting_metrics_v2018
      8 CTO/Apigee-Hybrid/engineering/Ignite Apigee Hybrid Proxy Deploy/apigee-hybrid-epic_proxy_activation_ws_v1
      8 CTO/Apigee-Hybrid/engineering/Ignite Apigee Hybrid Proxy Deploy/apigee-hybrid-epic_patientaccess_gs_patient_v2020r
      8 CTO/Apigee-Hybrid/engineering/Ignite Apigee Hybrid Proxy Deploy/apigee-hybrid-epic_patientaccess_gs_patient_v2015r
      8 CTO/Apigee-Hybrid/engineering/Ignite Apigee Hybrid Proxy Deploy/apigee-hybrid-epic_patient_access_services_v2011
      8 CTO/Apigee-Hybrid/engineering/Ignite Apigee Hybrid Proxy Deploy/apigee-hybrid-epic_patient_access_services_v2009
      8 CTO/Apigee-Hybrid/engineering/Ignite Apigee Hybrid Proxy Deploy/apigee-hybrid-epic_patient_access_mobile_services_v2013a
      8 CTO/Apigee-Hybrid/engineering/Ignite Apigee Hybrid Proxy Deploy/apigee-hybrid-epic_patient_access_gs_patient_v2018
      8 CTO/Apigee-Hybrid/engineering/Ignite Apigee Hybrid Proxy Deploy/apigee-hybrid-epic_patient_access_gs_patient_services_v2016r
      8 CTO/Apigee-Hybrid/engineering/Ignite Apigee Hybrid Proxy Deploy/apigee-hybrid-epic_patient_access_gs_patient_services_v2012
      8 CTO/Apigee-Hybrid/engineering/Ignite Apigee Hybrid Proxy Deploy/apigee-hybrid-epic_patient_access_gs_account_v2018r
      8 CTO/Apigee-Hybrid/engineering/Ignite Apigee Hybrid Proxy Deploy/apigee-hybrid-epic_patient_access_gs_account_services_v2012
      8 CTO/Apigee-Hybrid/engineering/Ignite Apigee Hybrid Proxy Deploy/apigee-hybrid-epic_fhir_reviewcollection_r4_mux
      8 CTO/Apigee-Hybrid/engineering/Ignite Apigee Hybrid Proxy Deploy/apigee-hybrid-epic_fhir_practitionerrole_r4_mux
      8 CTO/Apigee-Hybrid/engineering/Ignite Apigee Hybrid Proxy Deploy/apigee-hybrid-epic_fhir_practitioner_stu3_mux
      8 CTO/Apigee-Hybrid/engineering/Ignite Apigee Hybrid Proxy Deploy/apigee-hybrid-epic_fhir_patient_stu3_mux
      8 CTO/Apigee-Hybrid/engineering/Ignite Apigee Hybrid Proxy Deploy/apigee-hybrid-epic_fhir_openid_r4_mux
      8 CTO/Apigee-Hybrid/engineering/Ignite Apigee Hybrid Proxy Deploy/apigee-hybrid-epic_fhir_observation_stu3_mux
      8 CTO/Apigee-Hybrid/engineering/Ignite Apigee Hybrid Proxy Deploy/apigee-hybrid-epic_fhir_location_r4_mux
      8 CTO/Apigee-Hybrid/engineering/Ignite Apigee Hybrid Proxy Deploy/apigee-hybrid-epic_fhir_encounter_stu3_mux
      8 CTO/Apigee-Hybrid/engineering/Ignite Apigee Hybrid Proxy Deploy/apigee-hybrid-epic_fhir_criteriareview_r4_mux
      8 CTO/Apigee-Hybrid/engineering/Ignite Apigee Hybrid Proxy Deploy/apigee-hybrid-epic_fhir_condition_r4_mux
      8 CTO/Apigee-Hybrid/engineering/Ignite Apigee Hybrid Proxy Deploy/apigee-hybrid-epic_edi_xml_sure_scripts_receiver_services_v2015br
      8 CTO/Apigee-Hybrid/engineering/Ignite Apigee Hybrid Proxy Deploy/apigee-hybrid-epic_edi_fhir_metadata_vdstu2r
      8 CTO/Apigee-Hybrid/engineering/Ignite Apigee Hybrid Proxy Deploy/apigee-hybrid-epic_edi_fhir_medication_vdstu2r
      8 CTO/Apigee-Hybrid/engineering/Ignite Apigee Hybrid Proxy Deploy/apigee-hybrid-epic_edi_fhir_medication_order_vdstu2r
      8 CTO/Apigee-Hybrid/engineering/Ignite Apigee Hybrid Proxy Deploy/apigee-hybrid-epic_crm_gs_utility_v2018r
      8 CTO/Apigee-Hybrid/engineering/Ignite Apigee Hybrid Proxy Deploy/apigee-hybrid-epic_common_services_v2009
      8 CTO/Apigee-Hybrid/engineering/Ignite Apigee Hybrid Proxy Deploy/apigee-hybrid-epic_common_gs_utility_services_v2017
      8 CTO/Apigee-Hybrid/engineering/Ignite Apigee Hybrid Proxy Deploy/apigee-hybrid-epic_common_gs_patient_services_v2012r
      8 CTO/Apigee-Hybrid/engineering/Ignite Apigee Hybrid Proxy Deploy/apigee-hybrid-epic_clinical_pharmacy_services_v2015
      8 CTO/Apigee-Hybrid/engineering/Ignite Apigee Hybrid Proxy Deploy/apigee-hybrid-epic_clinical_notes_v2018
      8 CTO/Apigee-Hybrid/engineering/Ignite Apigee Hybrid Proxy Deploy/apigee-hybrid-epic_clinical_gs_utility_services_v2013a
      8 CTO/Apigee-Hybrid/engineering/Ignite Apigee Hybrid Proxy Deploy/apigee-hybrid-epic_clinical_gs_order_services_v2011
      8 CTO/Apigee-Hybrid/engineering/Ignite Apigee Hybrid Proxy Deploy/apigee-hybrid-epic_billing_gs_account_services_v2012r
      8 CTO/Apigee-Hybrid/engineering/Ignite Apigee Hybrid Proxy Deploy/apigee-hybrid-epic_billing_gs_account_services_v2012
      8 CTO/Apigee-Hybrid/engineering/Ignite Apigee Hybrid Proxy Deploy/apigee-hybrid-epic_access_gs_referral_services_api_v2014
      8 CTO/Apigee-Hybrid/engineering/Ignite Apigee Hybrid Proxy Deploy/apigee-hybrid-epic_access_gs_patient_services_v2017r
      8 CTO/Apigee-Hybrid/engineering/Ignite Apigee Hybrid Proxy Deploy/apigee-hybrid-epic_access_gs_patient_services_v2014b
      8 CTO/Apigee-Hybrid/engineering/Ignite Apigee Hybrid Proxy Deploy/apigee-hybrid-epharmacy_placer_order_v1c
      8 CTO/Apigee-Hybrid/engineering/Ignite Apigee Hybrid Proxy Deploy/apigee-hybrid-enterprise_eligibility_and_demographics_v5
      8 CTO/Apigee-Hybrid/engineering/Ignite Apigee Hybrid Proxy Deploy/apigee-hybrid-dpt_facility_directory_data_v1
      8 CTO/Apigee-Hybrid/engineering/Ignite Apigee Hybrid Proxy Deploy/apigee-hybrid-dnp_digital_notification_v1_2rc
      8 CTO/Apigee-Hybrid/engineering/Ignite Apigee Hybrid Proxy Deploy/apigee-hybrid-dnp1_notification_v1rch
      8 CTO/Apigee-Hybrid/engineering/Ignite Apigee Hybrid Proxy Deploy/apigee-hybrid-dast_amp_validation_v1rh
      8 CTO/Apigee-Hybrid/engineering/Ignite Apigee Hybrid Proxy Deploy/apigee-hybrid-cpx_payment_epims_inbound_v1
      8 CTO/Apigee-Hybrid/engineering/Ignite Apigee Hybrid Proxy Deploy/apigee-hybrid-az-secure-AutoGenProxy2
      8 CTO/Apigee-Hybrid/engineering/Ignite Apigee Hybrid Proxy Deploy/apigee-hybrid-adept_marketo_workforce_v1rh
      8 CTO/Apigee-Hybrid/engineering/Ignite Apigee Hybrid Proxy Deploy/apigee-hybrid-Search-Engine-KPorg
      7 CTO/Apigee-Hybrid/engineering/Ignite Apigee Hybrid Proxy Deploy/apigee-hybrid-trda_data_etl_v52r
      7 CTO/Apigee-Hybrid/engineering/Ignite Apigee Hybrid Proxy Deploy/apigee-hybrid-servicenow_table_api_fam_v1
      7 CTO/Apigee-Hybrid/engineering/Ignite Apigee Hybrid Proxy Deploy/apigee-hybrid-servicenow_sc_task_table_fam_v2
      7 CTO/Apigee-Hybrid/engineering/Ignite Apigee Hybrid Proxy Deploy/apigee-hybrid-servicenow_obtain_oauth2_token_fam_v2r
      7 CTO/Apigee-Hybrid/engineering/Ignite Apigee Hybrid Proxy Deploy/apigee-hybrid-servicenow_incident_table_fam_v1
      7 CTO/Apigee-Hybrid/engineering/Ignite Apigee Hybrid Proxy Deploy/apigee-hybrid-servicenow_change_task_table_fam_v1
      7 CTO/Apigee-Hybrid/engineering/Ignite Apigee Hybrid Proxy Deploy/apigee-hybrid-servicenow_change_request_table_fam_v2
      7 CTO/Apigee-Hybrid/engineering/Ignite Apigee Hybrid Proxy Deploy/apigee-hybrid-secure-mbrshp_bff_ssgroupservice_v1r
      7 CTO/Apigee-Hybrid/engineering/Ignite Apigee Hybrid Proxy Deploy/apigee-hybrid-secure-kpx-access-apiv1
      7 CTO/Apigee-Hybrid/engineering/Ignite Apigee Hybrid Proxy Deploy/apigee-hybrid-secure-kphc_patient_care_team_v4
      7 CTO/Apigee-Hybrid/engineering/Ignite Apigee Hybrid Proxy Deploy/apigee-hybrid-secure-kp_polaris_epicedixmlreceiver_v2022
      7 CTO/Apigee-Hybrid/engineering/Ignite Apigee Hybrid Proxy Deploy/apigee-hybrid-secure-itops_ips_foglifter_v1r
      7 CTO/Apigee-Hybrid/engineering/Ignite Apigee Hybrid Proxy Deploy/apigee-hybrid-secure-epic_telehealth_gs_external_eoauth_v2020r
      7 CTO/Apigee-Hybrid/engineering/Ignite Apigee Hybrid Proxy Deploy/apigee-hybrid-secure-epic_telehealth_gs_contextlinking_eoauth_v2018r
      7 CTO/Apigee-Hybrid/engineering/Ignite Apigee Hybrid Proxy Deploy/apigee-hybrid-secure-epic_scheduling_gs_patient_services_v2011
      7 CTO/Apigee-Hybrid/engineering/Ignite Apigee Hybrid Proxy Deploy/apigee-hybrid-secure-epic_fhir_practitioner_r4_mux
      7 CTO/Apigee-Hybrid/engineering/Ignite Apigee Hybrid Proxy Deploy/apigee-hybrid-secure-epic_fhir_observation_r4_mux
      7 CTO/Apigee-Hybrid/engineering/Ignite Apigee Hybrid Proxy Deploy/apigee-hybrid-secure-epic_empi_gs_patient_services_v2012a
      7 CTO/Apigee-Hybrid/engineering/Ignite Apigee Hybrid Proxy Deploy/apigee-hybrid-secure-epic_edi_fhir_routing_services_api_v1
      7 CTO/Apigee-Hybrid/engineering/Ignite Apigee Hybrid Proxy Deploy/apigee-hybrid-secure-epic_common_gs_patient_services_v2010
      7 CTO/Apigee-Hybrid/engineering/Ignite Apigee Hybrid Proxy Deploy/apigee-hybrid-secure-cpx_gateway_inbound_tempus_v1r
      7 CTO/Apigee-Hybrid/engineering/Ignite Apigee Hybrid Proxy Deploy/apigee-hybrid-secure-covid_accumulation_v1rc
      7 CTO/Apigee-Hybrid/engineering/Ignite Apigee Hybrid Proxy Deploy/apigee-hybrid-secure-cdads_psb_event_trigger_notification_v1r
      7 CTO/Apigee-Hybrid/engineering/Ignite Apigee Hybrid Proxy Deploy/apigee-hybrid-secure-bpm_task_apir_v10
      7 CTO/Apigee-Hybrid/engineering/Ignite Apigee Hybrid Proxy Deploy/apigee-hybrid-secure-aca_access_enforcement_v1r
      7 CTO/Apigee-Hybrid/engineering/Ignite Apigee Hybrid Proxy Deploy/apigee-hybrid-scal_msg_mgmt_trans_hub_v1r
      7 CTO/Apigee-Hybrid/engineering/Ignite Apigee Hybrid Proxy Deploy/apigee-hybrid-salesconnect_spas_account_v10
      7 CTO/Apigee-Hybrid/engineering/Ignite Apigee Hybrid Proxy Deploy/apigee-hybrid-ratev10_api
      7 CTO/Apigee-Hybrid/engineering/Ignite Apigee Hybrid Proxy Deploy/apigee-hybrid-quote_request_details_v10
      7 CTO/Apigee-Hybrid/engineering/Ignite Apigee Hybrid Proxy Deploy/apigee-hybrid-qmsidispenser_ma_v10
      7 CTO/Apigee-Hybrid/engineering/Ignite Apigee Hybrid Proxy Deploy/apigee-hybrid-poe_care_gaps_v1r
      7 CTO/Apigee-Hybrid/engineering/Ignite Apigee Hybrid Proxy Deploy/apigee-hybrid-poe_care_gaps_satisfied_v1r
      7 CTO/Apigee-Hybrid/engineering/Ignite Apigee Hybrid Proxy Deploy/apigee-hybrid-opap_smt_notification_v1
      7 CTO/Apigee-Hybrid/engineering/Ignite Apigee Hybrid Proxy Deploy/apigee-hybrid-opap_smt_medication_v1
      7 CTO/Apigee-Hybrid/engineering/Ignite Apigee Hybrid Proxy Deploy/apigee-hybrid-oms_wa_provider_license_v1rh
      7 CTO/Apigee-Hybrid/engineering/Ignite Apigee Hybrid Proxy Deploy/apigee-hybrid-kpmc_tap_mem_kafka_rest_proxy_v1r
      7 CTO/Apigee-Hybrid/engineering/Ignite Apigee Hybrid Proxy Deploy/apigee-hybrid-kpmc_faset_v1rh
      7 CTO/Apigee-Hybrid/engineering/Ignite Apigee Hybrid Proxy Deploy/apigee-hybrid-kphc_set_visit_contact_info_v1
      7 CTO/Apigee-Hybrid/engineering/Ignite Apigee Hybrid Proxy Deploy/apigee-hybrid-kphc_provisioning_tools_v1
      7 CTO/Apigee-Hybrid/engineering/Ignite Apigee Hybrid Proxy Deploy/apigee-hybrid-kphc_orders_v3s
      7 CTO/Apigee-Hybrid/engineering/Ignite Apigee Hybrid Proxy Deploy/apigee-hybrid-kphc_operating_room_checklist_application_v1
      7 CTO/Apigee-Hybrid/engineering/Ignite Apigee Hybrid Proxy Deploy/apigee-hybrid-kphc_medical_conditions_v4
      7 CTO/Apigee-Hybrid/engineering/Ignite Apigee Hybrid Proxy Deploy/apigee-hybrid-kphc_get_sched_depts_v4r
      7 CTO/Apigee-Hybrid/engineering/Ignite Apigee Hybrid Proxy Deploy/apigee-hybrid-kphc_get_sched_depts_v2
      7 CTO/Apigee-Hybrid/engineering/Ignite Apigee Hybrid Proxy Deploy/apigee-hybrid-kphc_get_provider_schedule_v3r
      7 CTO/Apigee-Hybrid/engineering/Ignite Apigee Hybrid Proxy Deploy/apigee-hybrid-kphc_get_appointments_v1
      7 CTO/Apigee-Hybrid/engineering/Ignite Apigee Hybrid Proxy Deploy/apigee-hybrid-kp_splunk_itsi_cloud_api_v1r
      7 CTO/Apigee-Hybrid/engineering/Ignite Apigee Hybrid Proxy Deploy/apigee-hybrid-kp_splunk_authentication_r_v10
      7 CTO/Apigee-Hybrid/engineering/Ignite Apigee Hybrid Proxy Deploy/apigee-hybrid-kp_splunk_api_v1r
      7 CTO/Apigee-Hybrid/engineering/Ignite Apigee Hybrid Proxy Deploy/apigee-hybrid-hybrid_epic_empi_s_v1sh
      7 CTO/Apigee-Hybrid/engineering/Ignite Apigee Hybrid Proxy Deploy/apigee-hybrid-hr_connect_hcm_third_party_location_v1
      7 CTO/Apigee-Hybrid/engineering/Ignite Apigee Hybrid Proxy Deploy/apigee-hybrid-hp_balance_inquiry_v1
      7 CTO/Apigee-Hybrid/engineering/Ignite Apigee Hybrid Proxy Deploy/apigee-hybrid-hermes_gate_internal_v1
      7 CTO/Apigee-Hybrid/engineering/Ignite Apigee Hybrid Proxy Deploy/apigee-hybrid-facility_census_service_api
      7 CTO/Apigee-Hybrid/engineering/Ignite Apigee Hybrid Proxy Deploy/apigee-hybrid-epims_epharmacy_online_v4c
      7 CTO/Apigee-Hybrid/engineering/Ignite Apigee Hybrid Proxy Deploy/apigee-hybrid-epic_security_gs_personnel_management_accessnow_v2016
      7 CTO/Apigee-Hybrid/engineering/Ignite Apigee Hybrid Proxy Deploy/apigee-hybrid-epic_patientaccess_mobile_services_v2017r
      7 CTO/Apigee-Hybrid/engineering/Ignite Apigee Hybrid Proxy Deploy/apigee-hybrid-epic_patient_access_mobile_services_v2010
      7 CTO/Apigee-Hybrid/engineering/Ignite Apigee Hybrid Proxy Deploy/apigee-hybrid-epic_notification_broker_oauth_v2r
      7 CTO/Apigee-Hybrid/engineering/Ignite Apigee Hybrid Proxy Deploy/apigee-hybrid-epic_edi_fhir_immunization_vdstu2r
      7 CTO/Apigee-Hybrid/engineering/Ignite Apigee Hybrid Proxy Deploy/apigee-hybrid-epic_clinical_gs_utility_services_v2013r
      7 CTO/Apigee-Hybrid/engineering/Ignite Apigee Hybrid Proxy Deploy/apigee-hybrid-epharmacy_placer_order_v1rc
      7 CTO/Apigee-Hybrid/engineering/Ignite Apigee Hybrid Proxy Deploy/apigee-hybrid-emc_form_interceptor
      7 CTO/Apigee-Hybrid/engineering/Ignite Apigee Hybrid Proxy Deploy/apigee-hybrid-dss_fdb_monographs_xmlr_v10
      7 CTO/Apigee-Hybrid/engineering/Ignite Apigee Hybrid Proxy Deploy/apigee-hybrid-dss_business_event_routing_v10_c
      7 CTO/Apigee-Hybrid/engineering/Ignite Apigee Hybrid Proxy Deploy/apigee-hybrid-dpt_provider_aggregate_v2
      7 CTO/Apigee-Hybrid/engineering/Ignite Apigee Hybrid Proxy Deploy/apigee-hybrid-dpt_membership_card_data_provisioning_v1rc
      7 CTO/Apigee-Hybrid/engineering/Ignite Apigee Hybrid Proxy Deploy/apigee-hybrid-dpt_crypto_v1rh
      7 CTO/Apigee-Hybrid/engineering/Ignite Apigee Hybrid Proxy Deploy/apigee-hybrid-dexcare_backend_services_v1r
      7 CTO/Apigee-Hybrid/engineering/Ignite Apigee Hybrid Proxy Deploy/apigee-hybrid-datahub_microservices_bff_v10r
      7 CTO/Apigee-Hybrid/engineering/Ignite Apigee Hybrid Proxy Deploy/apigee-hybrid-cpx_payment_services_v1
      7 CTO/Apigee-Hybrid/engineering/Ignite Apigee Hybrid Proxy Deploy/apigee-hybrid-cpx_payment_pdiach_inbound_v1
      7 CTO/Apigee-Hybrid/engineering/Ignite Apigee Hybrid Proxy Deploy/apigee-hybrid-covid19_test_kit_v1rc
      7 CTO/Apigee-Hybrid/engineering/Ignite Apigee Hybrid Proxy Deploy/apigee-hybrid-common_provider_master_data_v2r
      7 CTO/Apigee-Hybrid/engineering/Ignite Apigee Hybrid Proxy Deploy/apigee-hybrid-common_provider_master_data_v10r
      7 CTO/Apigee-Hybrid/engineering/Ignite Apigee Hybrid Proxy Deploy/apigee-hybrid-clinician_connect_api_internal_v1r
      7 CTO/Apigee-Hybrid/engineering/Ignite Apigee Hybrid Proxy Deploy/apigee-hybrid-cars_nonmember_getdocr_v10
      7 CTO/Apigee-Hybrid/engineering/Ignite Apigee Hybrid Proxy Deploy/apigee-hybrid-bigpanda_general_ingestion_v1r
      7 CTO/Apigee-Hybrid/engineering/Ignite Apigee Hybrid Proxy Deploy/apigee-hybrid-az-secure-epic_haiku_canto_rover_listener_apig_s_v3sh
      7 CTO/Apigee-Hybrid/engineering/Ignite Apigee Hybrid Proxy Deploy/apigee-hybrid-aspect_wfm_custom_v1
      7 CTO/Apigee-Hybrid/engineering/Ignite Apigee Hybrid Proxy Deploy/apigee-hybrid-apptctr-bff-aptmgmt-apiv1
      6 CTO/Apigee-Hybrid/engineering/Ignite Apigee Hybrid Proxy Deploy/apigee-hybrid-user_group_detail_v10r
      6 CTO/Apigee-Hybrid/engineering/Ignite Apigee Hybrid Proxy Deploy/apigee-hybrid-update_initiate_sold_quote_process_v10
      6 CTO/Apigee-Hybrid/engineering/Ignite Apigee Hybrid Proxy Deploy/apigee-hybrid-unite_us_crn_v1r
      6 CTO/Apigee-Hybrid/engineering/Ignite Apigee Hybrid Proxy Deploy/apigee-hybrid-surescripts_epa_messaging_v1r
      6 CTO/Apigee-Hybrid/engineering/Ignite Apigee Hybrid Proxy Deploy/apigee-hybrid-ssn_solicitation_rest_v1
      6 CTO/Apigee-Hybrid/engineering/Ignite Apigee Hybrid Proxy Deploy/apigee-hybrid-shp_data_acceptor_v1
      6 CTO/Apigee-Hybrid/engineering/Ignite Apigee Hybrid Proxy Deploy/apigee-hybrid-secure-vvewebhookservice_1.0.0v1
      6 CTO/Apigee-Hybrid/engineering/Ignite Apigee Hybrid Proxy Deploy/apigee-hybrid-secure-vveconsentservice_1.0.0v1
      6 CTO/Apigee-Hybrid/engineering/Ignite Apigee Hybrid Proxy Deploy/apigee-hybrid-secure-vveconferenceservice_1.0.0v1
      6 CTO/Apigee-Hybrid/engineering/Ignite Apigee Hybrid Proxy Deploy/apigee-hybrid-secure-user_identifier_external_v1r
      6 CTO/Apigee-Hybrid/engineering/Ignite Apigee Hybrid Proxy Deploy/apigee-hybrid-secure-sam_document_library_v1r
      6 CTO/Apigee-Hybrid/engineering/Ignite Apigee Hybrid Proxy Deploy/apigee-hybrid-secure-onelink_rfxcel_pharmacy_receipts_inbound_v1r
      6 CTO/Apigee-Hybrid/engineering/Ignite Apigee Hybrid Proxy Deploy/apigee-hybrid-secure-one_link_macro_helix_inbound_v10
      6 CTO/Apigee-Hybrid/engineering/Ignite Apigee Hybrid Proxy Deploy/apigee-hybrid-secure-one_link_http_connector_r_v10
      6 CTO/Apigee-Hybrid/engineering/Ignite Apigee Hybrid Proxy Deploy/apigee-hybrid-secure-nuvolo_paragon_v1r
      6 CTO/Apigee-Hybrid/engineering/Ignite Apigee Hybrid Proxy Deploy/apigee-hybrid-secure-nps_rqr_management_v1r
      6 CTO/Apigee-Hybrid/engineering/Ignite Apigee Hybrid Proxy Deploy/apigee-hybrid-secure-nps_interfaces_gateway_v10r
      6 CTO/Apigee-Hybrid/engineering/Ignite Apigee Hybrid Proxy Deploy/apigee-hybrid-secure-nps_alternate_management_v1r
      6 CTO/Apigee-Hybrid/engineering/Ignite Apigee Hybrid Proxy Deploy/apigee-hybrid-secure-mpeople_to_salesforce_v1r
      6 CTO/Apigee-Hybrid/engineering/Ignite Apigee Hybrid Proxy Deploy/apigee-hybrid-secure-kpmc_ssindvbinderpayment_bff_v1_1r
      6 CTO/Apigee-Hybrid/engineering/Ignite Apigee Hybrid Proxy Deploy/apigee-hybrid-secure-kpmc_documents_internal_bff_v1
      6 CTO/Apigee-Hybrid/engineering/Ignite Apigee Hybrid Proxy Deploy/apigee-hybrid-secure-kphc_put_questionnaire_v1
      6 CTO/Apigee-Hybrid/engineering/Ignite Apigee Hybrid Proxy Deploy/apigee-hybrid-secure-kphc_get_registry_v1r
      6 CTO/Apigee-Hybrid/engineering/Ignite Apigee Hybrid Proxy Deploy/apigee-hybrid-secure-kphc_get_problem_list_v1
      6 CTO/Apigee-Hybrid/engineering/Ignite Apigee Hybrid Proxy Deploy/apigee-hybrid-secure-kphc_get_patient_care_team_v1
      6 CTO/Apigee-Hybrid/engineering/Ignite Apigee Hybrid Proxy Deploy/apigee-hybrid-secure-kphc_get_encounters_v2
      6 CTO/Apigee-Hybrid/engineering/Ignite Apigee Hybrid Proxy Deploy/apigee-hybrid-secure-kp_hrconnect_va_employee_details_v1r
      6 CTO/Apigee-Hybrid/engineering/Ignite Apigee Hybrid Proxy Deploy/apigee-hybrid-secure-health_plan_medication_knowledge_v1rc
      6 CTO/Apigee-Hybrid/engineering/Ignite Apigee Hybrid Proxy Deploy/apigee-hybrid-secure-groupmanagement_v70
      6 CTO/Apigee-Hybrid/engineering/Ignite Apigee Hybrid Proxy Deploy/apigee-hybrid-secure-family_inquiry_v10
      6 CTO/Apigee-Hybrid/engineering/Ignite Apigee Hybrid Proxy Deploy/apigee-hybrid-secure-epic_fhir_patient_empi_r4_mux
      6 CTO/Apigee-Hybrid/engineering/Ignite Apigee Hybrid Proxy Deploy/apigee-hybrid-secure-epic_fhir_Metadata_r4_mux
      6 CTO/Apigee-Hybrid/engineering/Ignite Apigee Hybrid Proxy Deploy/apigee-hybrid-secure-epic_edi_fhir_metadata_dstu2_mux
      6 CTO/Apigee-Hybrid/engineering/Ignite Apigee Hybrid Proxy Deploy/apigee-hybrid-secure-covid_claim_submission_v1r
      6 CTO/Apigee-Hybrid/engineering/Ignite Apigee Hybrid Proxy Deploy/apigee-hybrid-secure-cms_beneficiary_eligibility_query_v1r
      6 CTO/Apigee-Hybrid/engineering/Ignite Apigee Hybrid Proxy Deploy/apigee-hybrid-secure-cdtssp_kp_ambassador_v1r
      6 CTO/Apigee-Hybrid/engineering/Ignite Apigee Hybrid Proxy Deploy/apigee-hybrid-secure-cdads_owl_bff_api_v10r
      6 CTO/Apigee-Hybrid/engineering/Ignite Apigee Hybrid Proxy Deploy/apigee-hybrid-secure-c2c_hours_of_operation_v1r
      6 CTO/Apigee-Hybrid/engineering/Ignite Apigee Hybrid Proxy Deploy/apigee-hybrid-secure-api_ecosystem_external_bff_v1
      6 CTO/Apigee-Hybrid/engineering/Ignite Apigee Hybrid Proxy Deploy/apigee-hybrid-salesconnect_spas_rqr_v10
      6 CTO/Apigee-Hybrid/engineering/Ignite Apigee Hybrid Proxy Deploy/apigee-hybrid-risant_vendor_api_v1_0rh
      6 CTO/Apigee-Hybrid/engineering/Ignite Apigee Hybrid Proxy Deploy/apigee-hybrid-risant_dexcare_proxy_r_v1rh
      6 CTO/Apigee-Hybrid/engineering/Ignite Apigee Hybrid Proxy Deploy/apigee-hybrid-qmsidispensernw_v10
      6 CTO/Apigee-Hybrid/engineering/Ignite Apigee Hybrid Proxy Deploy/apigee-hybrid-psb_prescription_notification_exclusion_v1rc
      6 CTO/Apigee-Hybrid/engineering/Ignite Apigee Hybrid Proxy Deploy/apigee-hybrid-onelink_nuvolo_workorder_requisition_outbound_v1r
      6 CTO/Apigee-Hybrid/engineering/Ignite Apigee Hybrid Proxy Deploy/apigee-hybrid-onelink_hypatos_services_v1r
      6 CTO/Apigee-Hybrid/engineering/Ignite Apigee Hybrid Proxy Deploy/apigee-hybrid-oms_kp_arcgis_v1rh
      6 CTO/Apigee-Hybrid/engineering/Ignite Apigee Hybrid Proxy Deploy/apigee-hybrid-nsgcpa_package_v1r
      6 CTO/Apigee-Hybrid/engineering/Ignite Apigee Hybrid Proxy Deploy/apigee-hybrid-meth_check_v2
      6 CTO/Apigee-Hybrid/engineering/Ignite Apigee Hybrid Proxy Deploy/apigee-hybrid-member_inquiry_v20
      6 CTO/Apigee-Hybrid/engineering/Ignite Apigee Hybrid Proxy Deploy/apigee-hybrid-member_ewallet_v1rc
      6 CTO/Apigee-Hybrid/engineering/Ignite Apigee Hybrid Proxy Deploy/apigee-hybrid-ltk_cas_test_hello_world_v4r
      6 CTO/Apigee-Hybrid/engineering/Ignite Apigee Hybrid Proxy Deploy/apigee-hybrid-kpsc_prospectgroup_v10r
      6 CTO/Apigee-Hybrid/engineering/Ignite Apigee Hybrid Proxy Deploy/apigee-hybrid-kpmc_member_lookup_v2_1
      6 CTO/Apigee-Hybrid/engineering/Ignite Apigee Hybrid Proxy Deploy/apigee-hybrid-kpmc_individual_data_v1r
      6 CTO/Apigee-Hybrid/engineering/Ignite Apigee Hybrid Proxy Deploy/apigee-hybrid-kpmc_dafe_acknowledgement_message_v10r
      6 CTO/Apigee-Hybrid/engineering/Ignite Apigee Hybrid Proxy Deploy/apigee-hybrid-kpmc_customer_and_contract_bff_ba
      6 CTO/Apigee-Hybrid/engineering/Ignite Apigee Hybrid Proxy Deploy/apigee-hybrid-kpmc_customer_and_contract_bff
      6 CTO/Apigee-Hybrid/engineering/Ignite Apigee Hybrid Proxy Deploy/apigee-hybrid-kphc_mychart_messaging_wrapper_v1
      6 CTO/Apigee-Hybrid/engineering/Ignite Apigee Hybrid Proxy Deploy/apigee-hybrid-kphc_get_user_base_deployment_v10r
      6 CTO/Apigee-Hybrid/engineering/Ignite Apigee Hybrid Proxy Deploy/apigee-hybrid-kphc_get_provider_info_from_home_v3r
      6 CTO/Apigee-Hybrid/engineering/Ignite Apigee Hybrid Proxy Deploy/apigee-hybrid-kphc_get_documents_v3m
      6 CTO/Apigee-Hybrid/engineering/Ignite Apigee Hybrid Proxy Deploy/apigee-hybrid-kp_panel_management_hppdm_v1r
      6 CTO/Apigee-Hybrid/engineering/Ignite Apigee Hybrid Proxy Deploy/apigee-hybrid-kp_hrconnect_im_oic_v2r
      6 CTO/Apigee-Hybrid/engineering/Ignite Apigee Hybrid Proxy Deploy/apigee-hybrid-hms_rx_verify_v10r
      6 CTO/Apigee-Hybrid/engineering/Ignite Apigee Hybrid Proxy Deploy/apigee-hybrid-hcm_security_uam_idcs_r_v1r
      6 CTO/Apigee-Hybrid/engineering/Ignite Apigee Hybrid Proxy Deploy/apigee-hybrid-hcm_oacs_odi_invoke_v1
      6 CTO/Apigee-Hybrid/engineering/Ignite Apigee Hybrid Proxy Deploy/apigee-hybrid-hcm_kp_cframe_extract_dyn_param_values_r_service
      6 CTO/Apigee-Hybrid/engineering/Ignite Apigee Hybrid Proxy Deploy/apigee-hybrid-group_membership_list_v20
      6 CTO/Apigee-Hybrid/engineering/Ignite Apigee Hybrid Proxy Deploy/apigee-hybrid-grits_ga_immunization_v1
      6 CTO/Apigee-Hybrid/engineering/Ignite Apigee Hybrid Proxy Deploy/apigee-hybrid-grits_3231_v1
      6 CTO/Apigee-Hybrid/engineering/Ignite Apigee Hybrid Proxy Deploy/apigee-hybrid-fda_gudid_device_lookup_api_v1r
      6 CTO/Apigee-Hybrid/engineering/Ignite Apigee Hybrid Proxy Deploy/apigee-hybrid-evv_sandata_v1r
      6 CTO/Apigee-Hybrid/engineering/Ignite Apigee Hybrid Proxy Deploy/apigee-hybrid-epims_rx_notification_history_v1rh
      6 CTO/Apigee-Hybrid/engineering/Ignite Apigee Hybrid Proxy Deploy/apigee-hybrid-epims_rx_eligibility_v1r
      6 CTO/Apigee-Hybrid/engineering/Ignite Apigee Hybrid Proxy Deploy/apigee-hybrid-epims_psbverifyrx_v1rc
      6 CTO/Apigee-Hybrid/engineering/Ignite Apigee Hybrid Proxy Deploy/apigee-hybrid-epims_pos_gsl_rx_api_v10r
      6 CTO/Apigee-Hybrid/engineering/Ignite Apigee Hybrid Proxy Deploy/apigee-hybrid-epims_patient_attributes_v1r
      6 CTO/Apigee-Hybrid/engineering/Ignite Apigee Hybrid Proxy Deploy/apigee-hybrid-epims_epr_ecompatient_s_v9s
      6 CTO/Apigee-Hybrid/engineering/Ignite Apigee Hybrid Proxy Deploy/apigee-hybrid-epims_cm_benefits_v40
      6 CTO/Apigee-Hybrid/engineering/Ignite Apigee Hybrid Proxy Deploy/apigee-hybrid-epic_revenue_utility_services_v2020r
      6 CTO/Apigee-Hybrid/engineering/Ignite Apigee Hybrid Proxy Deploy/apigee-hybrid-epic_revenue_gs_member_services_v2020r
      6 CTO/Apigee-Hybrid/engineering/Ignite Apigee Hybrid Proxy Deploy/apigee-hybrid-epic_revenue_gs_member_services_v2019r
      6 CTO/Apigee-Hybrid/engineering/Ignite Apigee Hybrid Proxy Deploy/apigee-hybrid-epic_patientaccess_update_services_v2005-01
      6 CTO/Apigee-Hybrid/engineering/Ignite Apigee Hybrid Proxy Deploy/apigee-hybrid-epic_patient_access_gs_patient_services_v2013
      6 CTO/Apigee-Hybrid/engineering/Ignite Apigee Hybrid Proxy Deploy/apigee-hybrid-epic_orders_v1
      6 CTO/Apigee-Hybrid/engineering/Ignite Apigee Hybrid Proxy Deploy/apigee-hybrid-epic_notification_broker_v2r
      6 CTO/Apigee-Hybrid/engineering/Ignite Apigee Hybrid Proxy Deploy/apigee-hybrid-epdm_v10
      6 CTO/Apigee-Hybrid/engineering/Ignite Apigee Hybrid Proxy Deploy/apigee-hybrid-dss_healthwise_knowledge_contentr_v10
      6 CTO/Apigee-Hybrid/engineering/Ignite Apigee Hybrid Proxy Deploy/apigee-hybrid-dss_fdb_drug_encyclopediar_v10
      6 CTO/Apigee-Hybrid/engineering/Ignite Apigee Hybrid Proxy Deploy/apigee-hybrid-dpt_release_of_information_document_v1c
      6 CTO/Apigee-Hybrid/engineering/Ignite Apigee Hybrid Proxy Deploy/apigee-hybrid-content_api_v1r
      6 CTO/Apigee-Hybrid/engineering/Ignite Apigee Hybrid Proxy Deploy/apigee-hybrid-cmsinterop_hp_fhirmemberaccess_v1r
      6 CTO/Apigee-Hybrid/engineering/Ignite Apigee Hybrid Proxy Deploy/apigee-hybrid-cdis_adminuser_v1r
      6 CTO/Apigee-Hybrid/engineering/Ignite Apigee Hybrid Proxy Deploy/apigee-hybrid-cdads_owl_internal_v1r
      6 CTO/Apigee-Hybrid/engineering/Ignite Apigee Hybrid Proxy Deploy/apigee-hybrid-cas_amp_pt_v2r
      6 CTO/Apigee-Hybrid/engineering/Ignite Apigee Hybrid Proxy Deploy/apigee-hybrid-cars_upload_docv10r
      6 CTO/Apigee-Hybrid/engineering/Ignite Apigee Hybrid Proxy Deploy/apigee-hybrid-cars_repository_v30
      6 CTO/Apigee-Hybrid/engineering/Ignite Apigee Hybrid Proxy Deploy/apigee-hybrid-cars_get_doc_rl_service
      6 CTO/Apigee-Hybrid/engineering/Ignite Apigee Hybrid Proxy Deploy/apigee-hybrid-az-secure-mykp_shared_profile_api_v1
      6 CTO/Apigee-Hybrid/engineering/Ignite Apigee Hybrid Proxy Deploy/apigee-hybrid-az-secure-kpd_risant_app_v1rh
      6 CTO/Apigee-Hybrid/engineering/Ignite Apigee Hybrid Proxy Deploy/apigee-hybrid-az-secure-hp_balance_inquiry_v1
      6 CTO/Apigee-Hybrid/engineering/Ignite Apigee Hybrid Proxy Deploy/apigee-hybrid-az-secure-epic_haiku_canto_rover_signalr_r_v3rh
      6 CTO/Apigee-Hybrid/engineering/Ignite Apigee Hybrid Proxy Deploy/apigee-hybrid-az-secure-epic_haiku_canto_rover_oauth2_apig_v3rh
      6 CTO/Apigee-Hybrid/engineering/Ignite Apigee Hybrid Proxy Deploy/apigee-hybrid-az-secure-epic_haiku_canto_rover_mobile_apig_r_v3rh
      6 CTO/Apigee-Hybrid/engineering/Ignite Apigee Hybrid Proxy Deploy/apigee-hybrid-atlas_get_token_v1
      6 CTO/Apigee-Hybrid/engineering/Ignite Apigee Hybrid Proxy Deploy/apigee-hybrid-ars_idw_integration
      6 CTO/Apigee-Hybrid/engineering/Ignite Apigee Hybrid Proxy Deploy/apigee-hybrid-application_mediator_r_v1r
      6 CTO/Apigee-Hybrid/engineering/Ignite Apigee Hybrid Proxy Deploy/apigee-hybrid-amwell_consumer_enrollment_v1
      6 CTO/Apigee-Hybrid/engineering/Ignite Apigee Hybrid Proxy Deploy/apigee-hybrid-ais_metrs_predict_v1r
      5 CTO/Apigee-Hybrid/engineering/Ignite Apigee Hybrid Proxy Deploy/apigee-hybrid-wex_autopay_balance_inquiry_claims_s_v1sh
      5 CTO/Apigee-Hybrid/engineering/Ignite Apigee Hybrid Proxy Deploy/apigee-hybrid-unite_us_platform_api_v1r
      5 CTO/Apigee-Hybrid/engineering/Ignite Apigee Hybrid Proxy Deploy/apigee-hybrid-trial_claim_v1r
      5 CTO/Apigee-Hybrid/engineering/Ignite Apigee Hybrid Proxy Deploy/apigee-hybrid-transcare_patient_v1r
      5 CTO/Apigee-Hybrid/engineering/Ignite Apigee Hybrid Proxy Deploy/apigee-hybrid-tms_memberbenefitsinquiry_v10
      5 CTO/Apigee-Hybrid/engineering/Ignite Apigee Hybrid Proxy Deploy/apigee-hybrid-tms_groupinquiry_v20
      5 CTO/Apigee-Hybrid/engineering/Ignite Apigee Hybrid Proxy Deploy/apigee-hybrid-support_monitoring_and_recovery_tool_v3r
      5 CTO/Apigee-Hybrid/engineering/Ignite Apigee Hybrid Proxy Deploy/apigee-hybrid-snap_nsgcp_package_v1r
      5 CTO/Apigee-Hybrid/engineering/Ignite Apigee Hybrid Proxy Deploy/apigee-hybrid-smt_maintenance_status_v1r
      5 CTO/Apigee-Hybrid/engineering/Ignite Apigee Hybrid Proxy Deploy/apigee-hybrid-smt_appointment_api_v1r
      5 CTO/Apigee-Hybrid/engineering/Ignite Apigee Hybrid Proxy Deploy/apigee-hybrid-servicenow_generic_release_task_create_update_v1r
      5 CTO/Apigee-Hybrid/engineering/Ignite Apigee Hybrid Proxy Deploy/apigee-hybrid-secure-vers_retail_v10
      5 CTO/Apigee-Hybrid/engineering/Ignite Apigee Hybrid Proxy Deploy/apigee-hybrid-secure-vers_patient_v10
      5 CTO/Apigee-Hybrid/engineering/Ignite Apigee Hybrid Proxy Deploy/apigee-hybrid-secure-vers_ows_v10
      5 CTO/Apigee-Hybrid/engineering/Ignite Apigee Hybrid Proxy Deploy/apigee-hybrid-secure-vers_login_v10
      5 CTO/Apigee-Hybrid/engineering/Ignite Apigee Hybrid Proxy Deploy/apigee-hybrid-secure-vers_health_insurance_v10
      5 CTO/Apigee-Hybrid/engineering/Ignite Apigee Hybrid Proxy Deploy/apigee-hybrid-secure-triduum_mental_health_and_wellness_controller_v1r
      5 CTO/Apigee-Hybrid/engineering/Ignite Apigee Hybrid Proxy Deploy/apigee-hybrid-secure-ssglobalheader_bff_v1r
      5 CTO/Apigee-Hybrid/engineering/Ignite Apigee Hybrid Proxy Deploy/apigee-hybrid-secure-snap_gabrkr_package_v10
      5 CTO/Apigee-Hybrid/engineering/Ignite Apigee Hybrid Proxy Deploy/apigee-hybrid-secure-servicenow_obtain_oauth2_token_v1r
      5 CTO/Apigee-Hybrid/engineering/Ignite Apigee Hybrid Proxy Deploy/apigee-hybrid-secure-servicenow_incident_verizon_ebonding_v1r
      5 CTO/Apigee-Hybrid/engineering/Ignite Apigee Hybrid Proxy Deploy/apigee-hybrid-secure-servicenow_incident_convergeone_ebonding_v1r
      5 CTO/Apigee-Hybrid/engineering/Ignite Apigee Hybrid Proxy Deploy/apigee-hybrid-secure-servicenow_catalog_task_verizon_ebonding_v1r
      5 CTO/Apigee-Hybrid/engineering/Ignite Apigee Hybrid Proxy Deploy/apigee-hybrid-secure-see_quote_v1r
      5 CTO/Apigee-Hybrid/engineering/Ignite Apigee Hybrid Proxy Deploy/apigee-hybrid-secure-see_kpif_plans_v1r
      5 CTO/Apigee-Hybrid/engineering/Ignite Apigee Hybrid Proxy Deploy/apigee-hybrid-secure-sales_eligibility_engine_service_area_v1r
      5 CTO/Apigee-Hybrid/engineering/Ignite Apigee Hybrid Proxy Deploy/apigee-hybrid-secure-payment_posting_integration_v1rc
      5 CTO/Apigee-Hybrid/engineering/Ignite Apigee Hybrid Proxy Deploy/apigee-hybrid-secure-onelink_invoice_micro_inbound_v1r
      5 CTO/Apigee-Hybrid/engineering/Ignite Apigee Hybrid Proxy Deploy/apigee-hybrid-secure-onelink_drofus_order_validation_inbound_v1r
      5 CTO/Apigee-Hybrid/engineering/Ignite Apigee Hybrid Proxy Deploy/apigee-hybrid-secure-onelink_drofus_order_submission_inbound_v1r
      5 CTO/Apigee-Hybrid/engineering/Ignite Apigee Hybrid Proxy Deploy/apigee-hybrid-secure-one_link_requisition_inquiry_service
      5 CTO/Apigee-Hybrid/engineering/Ignite Apigee Hybrid Proxy Deploy/apigee-hybrid-secure-one_link_project_creation_v1r
      5 CTO/Apigee-Hybrid/engineering/Ignite Apigee Hybrid Proxy Deploy/apigee-hybrid-secure-one_link_gl_combo_validation_v1r
      5 CTO/Apigee-Hybrid/engineering/Ignite Apigee Hybrid Proxy Deploy/apigee-hybrid-secure-membership_selfservice_member_roster_v1r
      5 CTO/Apigee-Hybrid/engineering/Ignite Apigee Hybrid Proxy Deploy/apigee-hybrid-secure-membership_selfservice_member_maintain_v1r
      5 CTO/Apigee-Hybrid/engineering/Ignite Apigee Hybrid Proxy Deploy/apigee-hybrid-secure-membership_selfservice_member_inquiry_v1r
      5 CTO/Apigee-Hybrid/engineering/Ignite Apigee Hybrid Proxy Deploy/apigee-hybrid-secure-membership_selfservice_member_enrollment_v1r
      5 CTO/Apigee-Hybrid/engineering/Ignite Apigee Hybrid Proxy Deploy/apigee-hybrid-secure-membership_bff_ss_member_roster_v1r
      5 CTO/Apigee-Hybrid/engineering/Ignite Apigee Hybrid Proxy Deploy/apigee-hybrid-secure-memberbenefitsinquiry_v21
      5 CTO/Apigee-Hybrid/engineering/Ignite Apigee Hybrid Proxy Deploy/apigee-hybrid-secure-member_lookup_v21
      5 CTO/Apigee-Hybrid/engineering/Ignite Apigee Hybrid Proxy Deploy/apigee-hybrid-secure-member_benefits_inquiry_v20
      5 CTO/Apigee-Hybrid/engineering/Ignite Apigee Hybrid Proxy Deploy/apigee-hybrid-secure-mbrshp_bff_ss_member_maintain_v1r
      5 CTO/Apigee-Hybrid/engineering/Ignite Apigee Hybrid Proxy Deploy/apigee-hybrid-secure-mbrshp_bff_ss_member_enrollment_v1r
      5 CTO/Apigee-Hybrid/engineering/Ignite Apigee Hybrid Proxy Deploy/apigee-hybrid-secure-kpmc_transactiontracking_bff
      5 CTO/Apigee-Hybrid/engineering/Ignite Apigee Hybrid Proxy Deploy/apigee-hybrid-secure-kpmc_cam_group_sor_v1r
      5 CTO/Apigee-Hybrid/engineering/Ignite Apigee Hybrid Proxy Deploy/apigee-hybrid-secure-kphc_radiology_orders_v5
      5 CTO/Apigee-Hybrid/engineering/Ignite Apigee Hybrid Proxy Deploy/apigee-hybrid-secure-hcm_rss_case_status_updater_v10
      5 CTO/Apigee-Hybrid/engineering/Ignite Apigee Hybrid Proxy Deploy/apigee-hybrid-secure-hcm_kp_cframe_seniority_date_r_v10
      5 CTO/Apigee-Hybrid/engineering/Ignite Apigee Hybrid Proxy Deploy/apigee-hybrid-secure-hcm_ee_inquiryr_v10
      5 CTO/Apigee-Hybrid/engineering/Ignite Apigee Hybrid Proxy Deploy/apigee-hybrid-secure-epic_oauth2introspect_v2023r
      5 CTO/Apigee-Hybrid/engineering/Ignite Apigee Hybrid Proxy Deploy/apigee-hybrid-secure-epic_fhir_consent_r4_mux
      5 CTO/Apigee-Hybrid/engineering/Ignite Apigee Hybrid Proxy Deploy/apigee-hybrid-secure-epic_fhir_binary_r4_mux
      5 CTO/Apigee-Hybrid/engineering/Ignite Apigee Hybrid Proxy Deploy/apigee-hybrid-secure-compliance_connect_membership_lookup_v1r
      5 CTO/Apigee-Hybrid/engineering/Ignite Apigee Hybrid Proxy Deploy/apigee-hybrid-secure-cdads_clinical_library_federated_search_v10r
      5 CTO/Apigee-Hybrid/engineering/Ignite Apigee Hybrid Proxy Deploy/apigee-hybrid-script_drop_v1r
      5 CTO/Apigee-Hybrid/engineering/Ignite Apigee Hybrid Proxy Deploy/apigee-hybrid-rx_workflow_details_v1r
      5 CTO/Apigee-Hybrid/engineering/Ignite Apigee Hybrid Proxy Deploy/apigee-hybrid-rx_policy_bot_v1rh
      5 CTO/Apigee-Hybrid/engineering/Ignite Apigee Hybrid Proxy Deploy/apigee-hybrid-refill_reminder_rx_preference_v1r
      5 CTO/Apigee-Hybrid/engineering/Ignite Apigee Hybrid Proxy Deploy/apigee-hybrid-rcia_inquiry_update_v10r
      5 CTO/Apigee-Hybrid/engineering/Ignite Apigee Hybrid Proxy Deploy/apigee-hybrid-qmsi_dispenser_wa_v1
      5 CTO/Apigee-Hybrid/engineering/Ignite Apigee Hybrid Proxy Deploy/apigee-hybrid-qmsi_dispenser_nca_v1
      5 CTO/Apigee-Hybrid/engineering/Ignite Apigee Hybrid Proxy Deploy/apigee-hybrid-psych_provider_panel_business_service_v2
      5 CTO/Apigee-Hybrid/engineering/Ignite Apigee Hybrid Proxy Deploy/apigee-hybrid-psb_ldap_login_v1r
      5 CTO/Apigee-Hybrid/engineering/Ignite Apigee Hybrid Proxy Deploy/apigee-hybrid-provider_data_service_az_v2rc
      5 CTO/Apigee-Hybrid/engineering/Ignite Apigee Hybrid Proxy Deploy/apigee-hybrid-phis_get_available_pcp_providers_v10r
      5 CTO/Apigee-Hybrid/engineering/Ignite Apigee Hybrid Proxy Deploy/apigee-hybrid-payment_solutions_pharmacy_qr_code_v1r
      5 CTO/Apigee-Hybrid/engineering/Ignite Apigee Hybrid Proxy Deploy/apigee-hybrid-outpatient_wait_time_calc_decision_v10
      5 CTO/Apigee-Hybrid/engineering/Ignite Apigee Hybrid Proxy Deploy/apigee-hybrid-optum_membersearchauth_v1r
      5 CTO/Apigee-Hybrid/engineering/Ignite Apigee Hybrid Proxy Deploy/apigee-hybrid-optum_membersearch_v1r
      5 CTO/Apigee-Hybrid/engineering/Ignite Apigee Hybrid Proxy Deploy/apigee-hybrid-optum_bestpriceengineauth_v1r
      5 CTO/Apigee-Hybrid/engineering/Ignite Apigee Hybrid Proxy Deploy/apigee-hybrid-optum_bestpriceengine_v1r
      5 CTO/Apigee-Hybrid/engineering/Ignite Apigee Hybrid Proxy Deploy/apigee-hybrid-oms_cms_v1rh
      5 CTO/Apigee-Hybrid/engineering/Ignite Apigee Hybrid Proxy Deploy/apigee-hybrid-oms_cms_asc_qr_v1rh
      5 CTO/Apigee-Hybrid/engineering/Ignite Apigee Hybrid Proxy Deploy/apigee-hybrid-nuvolo_mwo_project_status_update_v1r
      5 CTO/Apigee-Hybrid/engineering/Ignite Apigee Hybrid Proxy Deploy/apigee-hybrid-nquiry_request_v1
      5 CTO/Apigee-Hybrid/engineering/Ignite Apigee Hybrid Proxy Deploy/apigee-hybrid-nonameonboardws_v1rh
      5 CTO/Apigee-Hybrid/engineering/Ignite Apigee Hybrid Proxy Deploy/apigee-hybrid-nipr_npn_lookup_v10
      5 CTO/Apigee-Hybrid/engineering/Ignite Apigee Hybrid Proxy Deploy/apigee-hybrid-mykp_rules_personalization_odmoc_v1r
      5 CTO/Apigee-Hybrid/engineering/Ignite Apigee Hybrid Proxy Deploy/apigee-hybrid-myhr_oracle_hcm_report_web_v10
      5 CTO/Apigee-Hybrid/engineering/Ignite Apigee Hybrid Proxy Deploy/apigee-hybrid-myhr_oracle_hcm_ess_web_v10
      5 CTO/Apigee-Hybrid/engineering/Ignite Apigee Hybrid Proxy Deploy/apigee-hybrid-metrs_case_leveling_v1r
      5 CTO/Apigee-Hybrid/engineering/Ignite Apigee Hybrid Proxy Deploy/apigee-hybrid-metrs_case_document_update_v10
      5 CTO/Apigee-Hybrid/engineering/Ignite Apigee Hybrid Proxy Deploy/apigee-hybrid-meth_check_token_v1r
      5 CTO/Apigee-Hybrid/engineering/Ignite Apigee Hybrid Proxy Deploy/apigee-hybrid-membertransfer_v10
      5 CTO/Apigee-Hybrid/engineering/Ignite Apigee Hybrid Proxy Deploy/apigee-hybrid-member_zero_copay_and_delivery_fee_waiver_v1rc
      5 CTO/Apigee-Hybrid/engineering/Ignite Apigee Hybrid Proxy Deploy/apigee-hybrid-member_rx_order_status_v1r
      5 CTO/Apigee-Hybrid/engineering/Ignite Apigee Hybrid Proxy Deploy/apigee-hybrid-member_prescription_v1r
      5 CTO/Apigee-Hybrid/engineering/Ignite Apigee Hybrid Proxy Deploy/apigee-hybrid-member_prescription_eligibility_v1r
      5 CTO/Apigee-Hybrid/engineering/Ignite Apigee Hybrid Proxy Deploy/apigee-hybrid-member_order_status_and_rx_refill_percentage_v1r
      5 CTO/Apigee-Hybrid/engineering/Ignite Apigee Hybrid Proxy Deploy/apigee-hybrid-member_enrollment_ga_v1
      5 CTO/Apigee-Hybrid/engineering/Ignite Apigee Hybrid Proxy Deploy/apigee-hybrid-member_enrollment_co_v1
      5 CTO/Apigee-Hybrid/engineering/Ignite Apigee Hybrid Proxy Deploy/apigee-hybrid-member_details_v1r
      5 CTO/Apigee-Hybrid/engineering/Ignite Apigee Hybrid Proxy Deploy/apigee-hybrid-medimpact_drugauth_v1r
      5 CTO/Apigee-Hybrid/engineering/Ignite Apigee Hybrid Proxy Deploy/apigee-hybrid-mcapps_v1321
      5 CTO/Apigee-Hybrid/engineering/Ignite Apigee Hybrid Proxy Deploy/apigee-hybrid-mapquest_mychart_geo_data_v1r
      5 CTO/Apigee-Hybrid/engineering/Ignite Apigee Hybrid Proxy Deploy/apigee-hybrid-lenelopenaccess_v1r
      5 CTO/Apigee-Hybrid/engineering/Ignite Apigee Hybrid Proxy Deploy/apigee-hybrid-kpsc_soldrqr_v10r
      5 CTO/Apigee-Hybrid/engineering/Ignite Apigee Hybrid Proxy Deploy/apigee-hybrid-kpsc_enterprise_v10
      5 CTO/Apigee-Hybrid/engineering/Ignite Apigee Hybrid Proxy Deploy/apigee-hybrid-kpoj_ohm_r_v10
      5 CTO/Apigee-Hybrid/engineering/Ignite Apigee Hybrid Proxy Deploy/apigee-hybrid-kpmc_ssindv_bff_v10r
      5 CTO/Apigee-Hybrid/engineering/Ignite Apigee Hybrid Proxy Deploy/apigee-hybrid-kpmc_member_lookup_v2
      5 CTO/Apigee-Hybrid/engineering/Ignite Apigee Hybrid Proxy Deploy/apigee-hybrid-kpmc_maspmos_memberchangepublish_v1r
      5 CTO/Apigee-Hybrid/engineering/Ignite Apigee Hybrid Proxy Deploy/apigee-hybrid-kpmc_mas_pre_enrollment
      5 CTO/Apigee-Hybrid/engineering/Ignite Apigee Hybrid Proxy Deploy/apigee-hybrid-kpmc_ma_correspondence_bff_v10r
      5 CTO/Apigee-Hybrid/engineering/Ignite Apigee Hybrid Proxy Deploy/apigee-hybrid-kpmc_landingpage_bff_v10
      5 CTO/Apigee-Hybrid/engineering/Ignite Apigee Hybrid Proxy Deploy/apigee-hybrid-kphc_provisioning_tools_accessnow_v1
      5 CTO/Apigee-Hybrid/engineering/Ignite Apigee Hybrid Proxy Deploy/apigee-hybrid-kphc_aeg_integration_v1r
      5 CTO/Apigee-Hybrid/engineering/Ignite Apigee Hybrid Proxy Deploy/apigee-hybrid-kpd_marketo_v1rh
      5 CTO/Apigee-Hybrid/engineering/Ignite Apigee Hybrid Proxy Deploy/apigee-hybrid-kpcmemberchangenotification_v20
      5 CTO/Apigee-Hybrid/engineering/Ignite Apigee Hybrid Proxy Deploy/apigee-hybrid-kpcc_ui
      5 CTO/Apigee-Hybrid/engineering/Ignite Apigee Hybrid Proxy Deploy/apigee-hybrid-kpaths_scripts_v15r
      5 CTO/Apigee-Hybrid/engineering/Ignite Apigee Hybrid Proxy Deploy/apigee-hybrid-kpaths_scripts_rest_connector_v1r
      5 CTO/Apigee-Hybrid/engineering/Ignite Apigee Hybrid Proxy Deploy/apigee-hybrid-kpaths_provider_v14rc
      5 CTO/Apigee-Hybrid/engineering/Ignite Apigee Hybrid Proxy Deploy/apigee-hybrid-kpaths_provider_rest_connector_v1r
      5 CTO/Apigee-Hybrid/engineering/Ignite Apigee Hybrid Proxy Deploy/apigee-hybrid-kpaths_locking_rest_connector_v1r
      5 CTO/Apigee-Hybrid/engineering/Ignite Apigee Hybrid Proxy Deploy/apigee-hybrid-kpaths_booking_v22rc
      5 CTO/Apigee-Hybrid/engineering/Ignite Apigee Hybrid Proxy Deploy/apigee-hybrid-kpaths_booking_rest_connector_v1r
      5 CTO/Apigee-Hybrid/engineering/Ignite Apigee Hybrid Proxy Deploy/apigee-hybrid-kp_splunk_server_info_r_v10
      5 CTO/Apigee-Hybrid/engineering/Ignite Apigee Hybrid Proxy Deploy/apigee-hybrid-kp_panel_management_linking_v1r
      5 CTO/Apigee-Hybrid/engineering/Ignite Apigee Hybrid Proxy Deploy/apigee-hybrid-kp_mobile_bff_services_internal_v1rh
      5 CTO/Apigee-Hybrid/engineering/Ignite Apigee Hybrid Proxy Deploy/apigee-hybrid-knapp_dispenser_sca_v1
      5 CTO/Apigee-Hybrid/engineering/Ignite Apigee Hybrid Proxy Deploy/apigee-hybrid-identity_hub_v20
      5 CTO/Apigee-Hybrid/engineering/Ignite Apigee Hybrid Proxy Deploy/apigee-hybrid-hrconnect_hcm_oam_oauth_v1rh
      5 CTO/Apigee-Hybrid/engineering/Ignite Apigee Hybrid Proxy Deploy/apigee-hybrid-hpchats_kana_interface
      5 CTO/Apigee-Hybrid/engineering/Ignite Apigee Hybrid Proxy Deploy/apigee-hybrid-gen5_private_cloud_management_platform_status_v1r
      5 CTO/Apigee-Hybrid/engineering/Ignite Apigee Hybrid Proxy Deploy/apigee-hybrid-geisinger_patient_360_v1rh
      5 CTO/Apigee-Hybrid/engineering/Ignite Apigee Hybrid Proxy Deploy/apigee-hybrid-epims_rx_intervention_v40
      5 CTO/Apigee-Hybrid/engineering/Ignite Apigee Hybrid Proxy Deploy/apigee-hybrid-epims_pore_v1r
      5 CTO/Apigee-Hybrid/engineering/Ignite Apigee Hybrid Proxy Deploy/apigee-hybrid-epims_evow_v6
      5 CTO/Apigee-Hybrid/engineering/Ignite Apigee Hybrid Proxy Deploy/apigee-hybrid-epims_event_hub_v1r
      5 CTO/Apigee-Hybrid/engineering/Ignite Apigee Hybrid Proxy Deploy/apigee-hybrid-epims_epr_ecompatient_v8
      5 CTO/Apigee-Hybrid/engineering/Ignite Apigee Hybrid Proxy Deploy/apigee-hybrid-epims_epr_ecompatient_s_v10s
      5 CTO/Apigee-Hybrid/engineering/Ignite Apigee Hybrid Proxy Deploy/apigee-hybrid-epims_epharmacy_online_v10r
      5 CTO/Apigee-Hybrid/engineering/Ignite Apigee Hybrid Proxy Deploy/apigee-hybrid-epims_ehost_drug_search_flow_v1rh
      5 CTO/Apigee-Hybrid/engineering/Ignite Apigee Hybrid Proxy Deploy/apigee-hybrid-epims_druginvservice_v1rc
      5 CTO/Apigee-Hybrid/engineering/Ignite Apigee Hybrid Proxy Deploy/apigee-hybrid-epims_druginvhandler_v1r
      5 CTO/Apigee-Hybrid/engineering/Ignite Apigee Hybrid Proxy Deploy/apigee-hybrid-epims_dayssupply_rules_v1r
      5 CTO/Apigee-Hybrid/engineering/Ignite Apigee Hybrid Proxy Deploy/apigee-hybrid-epic_patient_access_mobile_services_v2013m
      5 CTO/Apigee-Hybrid/engineering/Ignite Apigee Hybrid Proxy Deploy/apigee-hybrid-epic_mychart_mobile_v2020r
      5 CTO/Apigee-Hybrid/engineering/Ignite Apigee Hybrid Proxy Deploy/apigee-hybrid-emi_web_service_v10
      5 CTO/Apigee-Hybrid/engineering/Ignite Apigee Hybrid Proxy Deploy/apigee-hybrid-elentra_services_v1
      5 CTO/Apigee-Hybrid/engineering/Ignite Apigee Hybrid Proxy Deploy/apigee-hybrid-ehost_v1rh
      5 CTO/Apigee-Hybrid/engineering/Ignite Apigee Hybrid Proxy Deploy/apigee-hybrid-ecc_pbminfo_v1r
      5 CTO/Apigee-Hybrid/engineering/Ignite Apigee Hybrid Proxy Deploy/apigee-hybrid-dptrelease_of_information_document_v10_c
      5 CTO/Apigee-Hybrid/engineering/Ignite Apigee Hybrid Proxy Deploy/apigee-hybrid-dnp_file_processing_v2rh
      5 CTO/Apigee-Hybrid/engineering/Ignite Apigee Hybrid Proxy Deploy/apigee-hybrid-dexcare_bff_services_v1r
      5 CTO/Apigee-Hybrid/engineering/Ignite Apigee Hybrid Proxy Deploy/apigee-hybrid-desktop_medicine_messages_ingestion_v1r
      5 CTO/Apigee-Hybrid/engineering/Ignite Apigee Hybrid Proxy Deploy/apigee-hybrid-cpx_session_tempus_outbound_v1
      5 CTO/Apigee-Hybrid/engineering/Ignite Apigee Hybrid Proxy Deploy/apigee-hybrid-cpx_rx_pos_txfillservice_r_v1r
      5 CTO/Apigee-Hybrid/engineering/Ignite Apigee Hybrid Proxy Deploy/apigee-hybrid-cpx_payment_tempus_outbound_v1
      5 CTO/Apigee-Hybrid/engineering/Ignite Apigee Hybrid Proxy Deploy/apigee-hybrid-cpx_payment_epims_outbound_v1r
      5 CTO/Apigee-Hybrid/engineering/Ignite Apigee Hybrid Proxy Deploy/apigee-hybrid-cpx_ewallet_v1
      5 CTO/Apigee-Hybrid/engineering/Ignite Apigee Hybrid Proxy Deploy/apigee-hybrid-cpx_ewallet_gen_v1
      5 CTO/Apigee-Hybrid/engineering/Ignite Apigee Hybrid Proxy Deploy/apigee-hybrid-covid_vaccine_authorization_bff_v1r
      5 CTO/Apigee-Hybrid/engineering/Ignite Apigee Hybrid Proxy Deploy/apigee-hybrid-colorado_salesforce_broker_login_v1
      5 CTO/Apigee-Hybrid/engineering/Ignite Apigee Hybrid Proxy Deploy/apigee-hybrid-cms_pecos_v2r
      5 CTO/Apigee-Hybrid/engineering/Ignite Apigee Hybrid Proxy Deploy/apigee-hybrid-cms_oec_obtain_oauth_token_v1r
      5 CTO/Apigee-Hybrid/engineering/Ignite Apigee Hybrid Proxy Deploy/apigee-hybrid-cms_oec_enrollments_v1r
      5 CTO/Apigee-Hybrid/engineering/Ignite Apigee Hybrid Proxy Deploy/apigee-hybrid-cm_group_inquiry_v20
      5 CTO/Apigee-Hybrid/engineering/Ignite Apigee Hybrid Proxy Deploy/apigee-hybrid-chats_case_updates_v10
      5 CTO/Apigee-Hybrid/engineering/Ignite Apigee Hybrid Proxy Deploy/apigee-hybrid-chamai_sal_v1rc
      5 CTO/Apigee-Hybrid/engineering/Ignite Apigee Hybrid Proxy Deploy/apigee-hybrid-cc_accumulation_summary_v20
      5 CTO/Apigee-Hybrid/engineering/Ignite Apigee Hybrid Proxy Deploy/apigee-hybrid-cc_accumulation_summary_v10
      5 CTO/Apigee-Hybrid/engineering/Ignite Apigee Hybrid Proxy Deploy/apigee-hybrid-cas_amp_hybrid_test_v1rh
      5 CTO/Apigee-Hybrid/engineering/Ignite Apigee Hybrid Proxy Deploy/apigee-hybrid-cardinal_health_nuctrac_v1r
      5 CTO/Apigee-Hybrid/engineering/Ignite Apigee Hybrid Proxy Deploy/apigee-hybrid-cardinal_health_nuctrac_oauth_v1r
      5 CTO/Apigee-Hybrid/engineering/Ignite Apigee Hybrid Proxy Deploy/apigee-hybrid-bigpanda_transfer_agent_v1r
      5 CTO/Apigee-Hybrid/engineering/Ignite Apigee Hybrid Proxy Deploy/apigee-hybrid-batch_member_mrn_search_v2v10r
      5 CTO/Apigee-Hybrid/engineering/Ignite Apigee Hybrid Proxy Deploy/apigee-hybrid-az-secure-mykp_yammer_v10h
      5 CTO/Apigee-Hybrid/engineering/Ignite Apigee Hybrid Proxy Deploy/apigee-hybrid-az-secure-mykp_workforce_notifications_v10h
      5 CTO/Apigee-Hybrid/engineering/Ignite Apigee Hybrid Proxy Deploy/apigee-hybrid-az-secure-mykp_profile_read_only_v1h
      5 CTO/Apigee-Hybrid/engineering/Ignite Apigee Hybrid Proxy Deploy/apigee-hybrid-az-secure-my_kp_secured_search_api_v10h
      5 CTO/Apigee-Hybrid/engineering/Ignite Apigee Hybrid Proxy Deploy/apigee-hybrid-az-secure-my_kp_public_search_api_v10h
      5 CTO/Apigee-Hybrid/engineering/Ignite Apigee Hybrid Proxy Deploy/apigee-hybrid-az-secure-my_kp_application_v1h
      5 CTO/Apigee-Hybrid/engineering/Ignite Apigee Hybrid Proxy Deploy/apigee-hybrid-az-secure-kpd_fdl2epic_az_v1rh
      5 CTO/Apigee-Hybrid/engineering/Ignite Apigee Hybrid Proxy Deploy/apigee-hybrid-az-secure-infosource_search_v1rh
      5 CTO/Apigee-Hybrid/engineering/Ignite Apigee Hybrid Proxy Deploy/apigee-hybrid-az-secure-dxp_api_event_v1rh
      5 CTO/Apigee-Hybrid/engineering/Ignite Apigee Hybrid Proxy Deploy/apigee-hybrid-az-secure-digital_notification_v2rch
      5 CTO/Apigee-Hybrid/engineering/Ignite Apigee Hybrid Proxy Deploy/apigee-hybrid-az-secure-dal_event_external_v1rh
      5 CTO/Apigee-Hybrid/engineering/Ignite Apigee Hybrid Proxy Deploy/apigee-hybrid-auto1
      5 CTO/Apigee-Hybrid/engineering/Ignite Apigee Hybrid Proxy Deploy/apigee-hybrid-ars_kpirs_v1r
      5 CTO/Apigee-Hybrid/engineering/Ignite Apigee Hybrid Proxy Deploy/apigee-hybrid-aks-platform-sandboxes
      5 CTO/Apigee-Hybrid/engineering/Ignite Apigee Hybrid Proxy Deploy/apigee-hybrid-accessnow_svc_account_management_v1r
      5 CTO/Apigee-Hybrid/engineering/Ignite Apigee Hybrid Proxy Deploy/apigee-hybrid-Digital-Notification-API-Internal_2.0v1
      5 CTO/Apigee-Hybrid/engineering/Ignite Apigee Hybrid Proxy Deploy/apigee-hybrid-AMZ-AZ-DMZ-kvm_admin_v1
      4 CTO/Apigee-Hybrid/engineering/Ignite Apigee Hybrid Proxy Deploy/apigee-hybrid-zoom-platform-apiv1
      4 CTO/Apigee-Hybrid/engineering/Ignite Apigee Hybrid Proxy Deploy/apigee-hybrid-word_and_brown_membership_transaction_status_v1r
      4 CTO/Apigee-Hybrid/engineering/Ignite Apigee Hybrid Proxy Deploy/apigee-hybrid-washington_child_profile_v1r
      4 CTO/Apigee-Hybrid/engineering/Ignite Apigee Hybrid Proxy Deploy/apigee-hybrid-warner_pacific_membership_transaction_status_v1r
      4 CTO/Apigee-Hybrid/engineering/Ignite Apigee Hybrid Proxy Deploy/apigee-hybrid-vericred_membership_transaction_status
      4 CTO/Apigee-Hybrid/engineering/Ignite Apigee Hybrid Proxy Deploy/apigee-hybrid-usps_webtools_v1r
      4 CTO/Apigee-Hybrid/engineering/Ignite Apigee Hybrid Proxy Deploy/apigee-hybrid-update_provider_panel_status_v20
      4 CTO/Apigee-Hybrid/engineering/Ignite Apigee Hybrid Proxy Deploy/apigee-hybrid-tms_familyinquiry_v10
      4 CTO/Apigee-Hybrid/engineering/Ignite Apigee Hybrid Proxy Deploy/apigee-hybrid-surveyconnectdistlist_v1r
      4 CTO/Apigee-Hybrid/engineering/Ignite Apigee Hybrid Proxy Deploy/apigee-hybrid-survey_connect_patient_encounter_v1r
      4 CTO/Apigee-Hybrid/engineering/Ignite Apigee Hybrid Proxy Deploy/apigee-hybrid-subscriberaccount_v1r
      4 CTO/Apigee-Hybrid/engineering/Ignite Apigee Hybrid Proxy Deploy/apigee-hybrid-ssindvbinderpayaci_v1r
      4 CTO/Apigee-Hybrid/engineering/Ignite Apigee Hybrid Proxy Deploy/apigee-hybrid-spas_commission_schedule_v1
      4 CTO/Apigee-Hybrid/engineering/Ignite Apigee Hybrid Proxy Deploy/apigee-hybrid-snap_ssp_package_restful_v10
      4 CTO/Apigee-Hybrid/engineering/Ignite Apigee Hybrid Proxy Deploy/apigee-hybrid-snap_dms_package_restful_v10
      4 CTO/Apigee-Hybrid/engineering/Ignite Apigee Hybrid Proxy Deploy/apigee-hybrid-simplifyhealth_planbenefit_v1r
      4 CTO/Apigee-Hybrid/engineering/Ignite Apigee Hybrid Proxy Deploy/apigee-hybrid-servicenow_u_sn_asset_manager_table_v1r
      4 CTO/Apigee-Hybrid/engineering/Ignite Apigee Hybrid Proxy Deploy/apigee-hybrid-servicenow_u_ansible_decommission_3_0_table_v1r
      4 CTO/Apigee-Hybrid/engineering/Ignite Apigee Hybrid Proxy Deploy/apigee-hybrid-servicenow_sys_attachment_table_v1r
      4 CTO/Apigee-Hybrid/engineering/Ignite Apigee Hybrid Proxy Deploy/apigee-hybrid-servicenow_sc_task_table_v1r
      4 CTO/Apigee-Hybrid/engineering/Ignite Apigee Hybrid Proxy Deploy/apigee-hybrid-servicenow_rm_task_table_v1r
      4 CTO/Apigee-Hybrid/engineering/Ignite Apigee Hybrid Proxy Deploy/apigee-hybrid-servicenow_release_task_update_inbound_v1r
      4 CTO/Apigee-Hybrid/engineering/Ignite Apigee Hybrid Proxy Deploy/apigee-hybrid-servicenow_problem_task_table_v1r
      4 CTO/Apigee-Hybrid/engineering/Ignite Apigee Hybrid Proxy Deploy/apigee-hybrid-servicenow_ot_security_v1r
      4 CTO/Apigee-Hybrid/engineering/Ignite Apigee Hybrid Proxy Deploy/apigee-hybrid-servicenow_incident_table_get_v1r
      4 CTO/Apigee-Hybrid/engineering/Ignite Apigee Hybrid Proxy Deploy/apigee-hybrid-servicenow_demand_api_v1r
      4 CTO/Apigee-Hybrid/engineering/Ignite Apigee Hybrid Proxy Deploy/apigee-hybrid-servicenow_cmdb_ci_table_v1r
      4 CTO/Apigee-Hybrid/engineering/Ignite Apigee Hybrid Proxy Deploy/apigee-hybrid-secure-workforce_central_v1r
      4 CTO/Apigee-Hybrid/engineering/Ignite Apigee Hybrid Proxy Deploy/apigee-hybrid-secure-vers_patient_v20
      4 CTO/Apigee-Hybrid/engineering/Ignite Apigee Hybrid Proxy Deploy/apigee-hybrid-secure-provider_directory_attestation_v1r
      4 CTO/Apigee-Hybrid/engineering/Ignite Apigee Hybrid Proxy Deploy/apigee-hybrid-secure-pmtssbff-apiv1
      4 CTO/Apigee-Hybrid/engineering/Ignite Apigee Hybrid Proxy Deploy/apigee-hybrid-secure-kpmc_restproxy_v1r
      4 CTO/Apigee-Hybrid/engineering/Ignite Apigee Hybrid Proxy Deploy/apigee-hybrid-secure-kpcc_kphc_get_coverages_v4
      4 CTO/Apigee-Hybrid/engineering/Ignite Apigee Hybrid Proxy Deploy/apigee-hybrid-secure-infosource_solr_v9r
      4 CTO/Apigee-Hybrid/engineering/Ignite Apigee Hybrid Proxy Deploy/apigee-hybrid-secure-health_plan_provider_v1r_c
      4 CTO/Apigee-Hybrid/engineering/Ignite Apigee Hybrid Proxy Deploy/apigee-hybrid-secure-health_plan_explanation_of_benefit_capability_v1r
      4 CTO/Apigee-Hybrid/engineering/Ignite Apigee Hybrid Proxy Deploy/apigee-hybrid-secure-epic_fhir_servicerequest_r4_mux
      4 CTO/Apigee-Hybrid/engineering/Ignite Apigee Hybrid Proxy Deploy/apigee-hybrid-secure-epic_fhir_documentreference_r4_mux
      4 CTO/Apigee-Hybrid/engineering/Ignite Apigee Hybrid Proxy Deploy/apigee-hybrid-secure-epic_fhir_communication_r4_mux
      4 CTO/Apigee-Hybrid/engineering/Ignite Apigee Hybrid Proxy Deploy/apigee-hybrid-secure-cas_amp_validation_custom_v1rh
      4 CTO/Apigee-Hybrid/engineering/Ignite Apigee Hybrid Proxy Deploy/apigee-hybrid-samdl_v1r
      4 CTO/Apigee-Hybrid/engineering/Ignite Apigee Hybrid Proxy Deploy/apigee-hybrid-salesconnect_enterprise_rest_token_v10
      4 CTO/Apigee-Hybrid/engineering/Ignite Apigee Hybrid Proxy Deploy/apigee-hybrid-sales_eligibility_engine_plans_and_benefits_v1r
      4 CTO/Apigee-Hybrid/engineering/Ignite Apigee Hybrid Proxy Deploy/apigee-hybrid-sales_eligibility_engine_data_loader_v1r
      4 CTO/Apigee-Hybrid/engineering/Ignite Apigee Hybrid Proxy Deploy/apigee-hybrid-sales_connect_nsg_r_v10
      4 CTO/Apigee-Hybrid/engineering/Ignite Apigee Hybrid Proxy Deploy/apigee-hybrid-sales_connect_cpq_v1r
      4 CTO/Apigee-Hybrid/engineering/Ignite Apigee Hybrid Proxy Deploy/apigee-hybrid-rqr_workflow_status_update_v10
      4 CTO/Apigee-Hybrid/engineering/Ignite Apigee Hybrid Proxy Deploy/apigee-hybrid-rqr_data_setupr_v10
      4 CTO/Apigee-Hybrid/engineering/Ignite Apigee Hybrid Proxy Deploy/apigee-hybrid-ride_iz_portal_v1
      4 CTO/Apigee-Hybrid/engineering/Ignite Apigee Hybrid Proxy Deploy/apigee-hybrid-renal_healthcare_hie_v1r
      4 CTO/Apigee-Hybrid/engineering/Ignite Apigee Hybrid Proxy Deploy/apigee-hybrid-renal_healthcare_hie_oauth_v1r
      4 CTO/Apigee-Hybrid/engineering/Ignite Apigee Hybrid Proxy Deploy/apigee-hybrid-rdc_document_composition_v1r
      4 CTO/Apigee-Hybrid/engineering/Ignite Apigee Hybrid Proxy Deploy/apigee-hybrid-rcdi_cms_v1
      4 CTO/Apigee-Hybrid/engineering/Ignite Apigee Hybrid Proxy Deploy/apigee-hybrid-psp_address_validation_v10r
      4 CTO/Apigee-Hybrid/engineering/Ignite Apigee Hybrid Proxy Deploy/apigee-hybrid-psb_prescription_data_srvc_v1r
      4 CTO/Apigee-Hybrid/engineering/Ignite Apigee Hybrid Proxy Deploy/apigee-hybrid-proxy_management_v1_soap
      4 CTO/Apigee-Hybrid/engineering/Ignite Apigee Hybrid Proxy Deploy/apigee-hybrid-prometheus_query_r_v1
      4 CTO/Apigee-Hybrid/engineering/Ignite Apigee Hybrid Proxy Deploy/apigee-hybrid-premium_rate_increase_v10r
      4 CTO/Apigee-Hybrid/engineering/Ignite Apigee Hybrid Proxy Deploy/apigee-hybrid-point_click_care_oauth_v1r
      4 CTO/Apigee-Hybrid/engineering/Ignite Apigee Hybrid Proxy Deploy/apigee-hybrid-point_click_care_api_v1r
      4 CTO/Apigee-Hybrid/engineering/Ignite Apigee Hybrid Proxy Deploy/apigee-hybrid-pie_kphc_refund_payment_tempus_outbound_v1rh
      4 CTO/Apigee-Hybrid/engineering/Ignite Apigee Hybrid Proxy Deploy/apigee-hybrid-pay_to_provider_connector_v1r
      4 CTO/Apigee-Hybrid/engineering/Ignite Apigee Hybrid Proxy Deploy/apigee-hybrid-outpatient_dashboard_r_v10
      4 CTO/Apigee-Hybrid/engineering/Ignite Apigee Hybrid Proxy Deploy/apigee-hybrid-oregon_alert_iis_v2011
      4 CTO/Apigee-Hybrid/engineering/Ignite Apigee Hybrid Proxy Deploy/apigee-hybrid-optum_rx_oauth_security_v1r
      4 CTO/Apigee-Hybrid/engineering/Ignite Apigee Hybrid Proxy Deploy/apigee-hybrid-optum_rx_formulary_v1r
      4 CTO/Apigee-Hybrid/engineering/Ignite Apigee Hybrid Proxy Deploy/apigee-hybrid-onelink_work_order_validation_v1r
      4 CTO/Apigee-Hybrid/engineering/Ignite Apigee Hybrid Proxy Deploy/apigee-hybrid-onelink_provisioning_v10
      4 CTO/Apigee-Hybrid/engineering/Ignite Apigee Hybrid Proxy Deploy/apigee-hybrid-onelink_kpim_v10
      4 CTO/Apigee-Hybrid/engineering/Ignite Apigee Hybrid Proxy Deploy/apigee-hybrid-onelink_drofus_order_confirmation_requisition_outbound_v1r
      4 CTO/Apigee-Hybrid/engineering/Ignite Apigee Hybrid Proxy Deploy/apigee-hybrid-onelink_apex_vendor_data_outbound
      4 CTO/Apigee-Hybrid/engineering/Ignite Apigee Hybrid Proxy Deploy/apigee-hybrid-one_link_min_max_messages_v10
      4 CTO/Apigee-Hybrid/engineering/Ignite Apigee Hybrid Proxy Deploy/apigee-hybrid-one_link_mh_publish_v10
      4 CTO/Apigee-Hybrid/engineering/Ignite Apigee Hybrid Proxy Deploy/apigee-hybrid-one_link_kp_gateway
      4 CTO/Apigee-Hybrid/engineering/Ignite Apigee Hybrid Proxy Deploy/apigee-hybrid-one_link_inventory_transaction_v10
      4 CTO/Apigee-Hybrid/engineering/Ignite Apigee Hybrid Proxy Deploy/apigee-hybrid-one_link_inventory_balance_v10
      4 CTO/Apigee-Hybrid/engineering/Ignite Apigee Hybrid Proxy Deploy/apigee-hybrid-one_link_arxium_inbound_v10
      4 CTO/Apigee-Hybrid/engineering/Ignite Apigee Hybrid Proxy Deploy/apigee-hybrid-one_health_port_elr_v1r
      4 CTO/Apigee-Hybrid/engineering/Ignite Apigee Hybrid Proxy Deploy/apigee-hybrid-oms_cms_medicare_claims_v1rh
      4 CTO/Apigee-Hybrid/engineering/Ignite Apigee Hybrid Proxy Deploy/apigee-hybrid-oms_cms_ascqr_v1rh
      4 CTO/Apigee-Hybrid/engineering/Ignite Apigee Hybrid Proxy Deploy/apigee-hybrid-oms_ca_provider_license_status_v1rh
      4 CTO/Apigee-Hybrid/engineering/Ignite Apigee Hybrid Proxy Deploy/apigee-hybrid-oms_ca_provider_license_search_v1rh
      4 CTO/Apigee-Hybrid/engineering/Ignite Apigee Hybrid Proxy Deploy/apigee-hybrid-oms_ca_provider_license_modifiers_v1rh
      4 CTO/Apigee-Hybrid/engineering/Ignite Apigee Hybrid Proxy Deploy/apigee-hybrid-nps_rating_engine_services_v10r
      4 CTO/Apigee-Hybrid/engineering/Ignite Apigee Hybrid Proxy Deploy/apigee-hybrid-nps_rating_engine_overrides_services_v10r
      4 CTO/Apigee-Hybrid/engineering/Ignite Apigee Hybrid Proxy Deploy/apigee-hybrid-nps_rating_engine_common_s_v10r
      4 CTO/Apigee-Hybrid/engineering/Ignite Apigee Hybrid Proxy Deploy/apigee-hybrid-nps_rating_engine_batches_services_v10r
      4 CTO/Apigee-Hybrid/engineering/Ignite Apigee Hybrid Proxy Deploy/apigee-hybrid-nps_business_application_services_v10r
      4 CTO/Apigee-Hybrid/engineering/Ignite Apigee Hybrid Proxy Deploy/apigee-hybrid-nps_application_callback_services_v10r
      4 CTO/Apigee-Hybrid/engineering/Ignite Apigee Hybrid Proxy Deploy/apigee-hybrid-noyo_membership_transaction_status_v1r
      4 CTO/Apigee-Hybrid/engineering/Ignite Apigee Hybrid Proxy Deploy/apigee-hybrid-microsoft_identity_v1r
      4 CTO/Apigee-Hybrid/engineering/Ignite Apigee Hybrid Proxy Deploy/apigee-hybrid-microsoft_graph_v1r
      4 CTO/Apigee-Hybrid/engineering/Ignite Apigee Hybrid Proxy Deploy/apigee-hybrid-metrs_rules_v1r
      4 CTO/Apigee-Hybrid/engineering/Ignite Apigee Hybrid Proxy Deploy/apigee-hybrid-memberinquiry_v3_1
      4 CTO/Apigee-Hybrid/engineering/Ignite Apigee Hybrid Proxy Deploy/apigee-hybrid-member_update_v1
      4 CTO/Apigee-Hybrid/engineering/Ignite Apigee Hybrid Proxy Deploy/apigee-hybrid-member_request_v1
      4 CTO/Apigee-Hybrid/engineering/Ignite Apigee Hybrid Proxy Deploy/apigee-hybrid-member_level_rating_tool_for_kpif_api_v1
      4 CTO/Apigee-Hybrid/engineering/Ignite Apigee Hybrid Proxy Deploy/apigee-hybrid-member_inquiry_v3
      4 CTO/Apigee-Hybrid/engineering/Ignite Apigee Hybrid Proxy Deploy/apigee-hybrid-member_enrollment_ncal_v1
      4 CTO/Apigee-Hybrid/engineering/Ignite Apigee Hybrid Proxy Deploy/apigee-hybrid-member_coverage_r_v1
      4 CTO/Apigee-Hybrid/engineering/Ignite Apigee Hybrid Proxy Deploy/apigee-hybrid-member_benefit_inquiry_r_v1
      4 CTO/Apigee-Hybrid/engineering/Ignite Apigee Hybrid Proxy Deploy/apigee-hybrid-medimpact_drugpricer_v1r
      4 CTO/Apigee-Hybrid/engineering/Ignite Apigee Hybrid Proxy Deploy/apigee-hybrid-md_guidelines_v2r
      4 CTO/Apigee-Hybrid/engineering/Ignite Apigee Hybrid Proxy Deploy/apigee-hybrid-mbe_member_medicare_update_v1
      4 CTO/Apigee-Hybrid/engineering/Ignite Apigee Hybrid Proxy Deploy/apigee-hybrid-mbe_member_medicare_inquiry_v1
      4 CTO/Apigee-Hybrid/engineering/Ignite Apigee Hybrid Proxy Deploy/apigee-hybrid-mbe_medicare_enrollment_request_v1
      4 CTO/Apigee-Hybrid/engineering/Ignite Apigee Hybrid Proxy Deploy/apigee-hybrid-mas_eligibility_and_demographics_v10
      4 CTO/Apigee-Hybrid/engineering/Ignite Apigee Hybrid Proxy Deploy/apigee-hybrid-ltk_cpe_test_hello_world_v1_2_3h
      4 CTO/Apigee-Hybrid/engineering/Ignite Apigee Hybrid Proxy Deploy/apigee-hybrid-lexisnexisrisk_rest_api_v10
      4 CTO/Apigee-Hybrid/engineering/Ignite Apigee Hybrid Proxy Deploy/apigee-hybrid-lab_wait_time_calc_decision_v10
      4 CTO/Apigee-Hybrid/engineering/Ignite Apigee Hybrid Proxy Deploy/apigee-hybrid-kpsc_soldworkflowstatusupdate_v10r
      4 CTO/Apigee-Hybrid/engineering/Ignite Apigee Hybrid Proxy Deploy/apigee-hybrid-kpoj_enterprise_rest_token_v10
      4 CTO/Apigee-Hybrid/engineering/Ignite Apigee Hybrid Proxy Deploy/apigee-hybrid-kpns_ivr_wrapper_v1r
      4 CTO/Apigee-Hybrid/engineering/Ignite Apigee Hybrid Proxy Deploy/apigee-hybrid-kpmc_system_consolebff_service
      4 CTO/Apigee-Hybrid/engineering/Ignite Apigee Hybrid Proxy Deploy/apigee-hybrid-kpmc_search_crosswalk_bff_ba_v10
      4 CTO/Apigee-Hybrid/engineering/Ignite Apigee Hybrid Proxy Deploy/apigee-hybrid-kpmc_phiaccessbaservice_v1r
      4 CTO/Apigee-Hybrid/engineering/Ignite Apigee Hybrid Proxy Deploy/apigee-hybrid-kpmc_mrn_search_v1r
      4 CTO/Apigee-Hybrid/engineering/Ignite Apigee Hybrid Proxy Deploy/apigee-hybrid-kpmc_mrn_assignmentand_notification_service
      4 CTO/Apigee-Hybrid/engineering/Ignite Apigee Hybrid Proxy Deploy/apigee-hybrid-kpmc_member_request_v1
      4 CTO/Apigee-Hybrid/engineering/Ignite Apigee Hybrid Proxy Deploy/apigee-hybrid-kpmc_member_inquiry_v2_2
      4 CTO/Apigee-Hybrid/engineering/Ignite Apigee Hybrid Proxy Deploy/apigee-hybrid-kpmc_mastercode_v1r
      4 CTO/Apigee-Hybrid/engineering/Ignite Apigee Hybrid Proxy Deploy/apigee-hybrid-kpmc_mas_traveling_member_v1r
      4 CTO/Apigee-Hybrid/engineering/Ignite Apigee Hybrid Proxy Deploy/apigee-hybrid-kpmc_evidence_of_coverage_bff_v1r
      4 CTO/Apigee-Hybrid/engineering/Ignite Apigee Hybrid Proxy Deploy/apigee-hybrid-kphp_member_idcard_request_v1rc
      4 CTO/Apigee-Hybrid/engineering/Ignite Apigee Hybrid Proxy Deploy/apigee-hybrid-kphp_coverage_eligibility_request_v1rc
      4 CTO/Apigee-Hybrid/engineering/Ignite Apigee Hybrid Proxy Deploy/apigee-hybrid-kphc_notes_comments_v2
      4 CTO/Apigee-Hybrid/engineering/Ignite Apigee Hybrid Proxy Deploy/apigee-hybrid-kpd_nlu_screening_az_v1h
      4 CTO/Apigee-Hybrid/engineering/Ignite Apigee Hybrid Proxy Deploy/apigee-hybrid-kpd_marketo_v1r
      4 CTO/Apigee-Hybrid/engineering/Ignite Apigee Hybrid Proxy Deploy/apigee-hybrid-kpd_consumer_profile_api_v1rh
      4 CTO/Apigee-Hybrid/engineering/Ignite Apigee Hybrid Proxy Deploy/apigee-hybrid-kpcc_sensitive_code_v1r
      4 CTO/Apigee-Hybrid/engineering/Ignite Apigee Hybrid Proxy Deploy/apigee-hybrid-kp_polaris_epictelehealthcontextlinking_v2018
      4 CTO/Apigee-Hybrid/engineering/Ignite Apigee Hybrid Proxy Deploy/apigee-hybrid-kp_cframe_api_v10
      4 CTO/Apigee-Hybrid/engineering/Ignite Apigee Hybrid Proxy Deploy/apigee-hybrid-kp_adobe_sign_oauth_v6r
      4 CTO/Apigee-Hybrid/engineering/Ignite Apigee Hybrid Proxy Deploy/apigee-hybrid-kp_adobe_sign_api_v6r
      4 CTO/Apigee-Hybrid/engineering/Ignite Apigee Hybrid Proxy Deploy/apigee-hybrid-jfrog_artifactory_v1r
      4 CTO/Apigee-Hybrid/engineering/Ignite Apigee Hybrid Proxy Deploy/apigee-hybrid-ivr_member_authentication_v1
      4 CTO/Apigee-Hybrid/engineering/Ignite Apigee Hybrid Proxy Deploy/apigee-hybrid-ivr_benefits_v20_c
      4 CTO/Apigee-Hybrid/engineering/Ignite Apigee Hybrid Proxy Deploy/apigee-hybrid-hybrid_kpmc_washington_integration_rc_v1rch
      4 CTO/Apigee-Hybrid/engineering/Ignite Apigee Hybrid Proxy Deploy/apigee-hybrid-hub_rx_eligibility_v1rc
      4 CTO/Apigee-Hybrid/engineering/Ignite Apigee Hybrid Proxy Deploy/apigee-hybrid-hub_delivery_v1r
      4 CTO/Apigee-Hybrid/engineering/Ignite Apigee Hybrid Proxy Deploy/apigee-hybrid-hrconnect_person_term_event_to_salesforce_v1r
      4 CTO/Apigee-Hybrid/engineering/Ignite Apigee Hybrid Proxy Deploy/apigee-hybrid-hr_connect_hcm_third_party_organization_v1
      4 CTO/Apigee-Hybrid/engineering/Ignite Apigee Hybrid Proxy Deploy/apigee-hybrid-hp_ca_medicare_management
      4 CTO/Apigee-Hybrid/engineering/Ignite Apigee Hybrid Proxy Deploy/apigee-hybrid-hp_ca_dpa_management_v2
      4 CTO/Apigee-Hybrid/engineering/Ignite Apigee Hybrid Proxy Deploy/apigee-hybrid-hcm_uam_fieldglass_web_v1
      4 CTO/Apigee-Hybrid/engineering/Ignite Apigee Hybrid Proxy Deploy/apigee-hybrid-hcm_security_uam_idcsapi_r_v1r
      4 CTO/Apigee-Hybrid/engineering/Ignite Apigee Hybrid Proxy Deploy/apigee-hybrid-hawaii_iis_v2011
      4 CTO/Apigee-Hybrid/engineering/Ignite Apigee Hybrid Proxy Deploy/apigee-hybrid-groupmanagement_v60
      4 CTO/Apigee-Hybrid/engineering/Ignite Apigee Hybrid Proxy Deploy/apigee-hybrid-fs_memberchangepublish_v10
      4 CTO/Apigee-Hybrid/engineering/Ignite Apigee Hybrid Proxy Deploy/apigee-hybrid-fdb_meducation_rest_api_v1r
      4 CTO/Apigee-Hybrid/engineering/Ignite Apigee Hybrid Proxy Deploy/apigee-hybrid-epims_rxfilleligilibity_handler_v1r
      4 CTO/Apigee-Hybrid/engineering/Ignite Apigee Hybrid Proxy Deploy/apigee-hybrid-epims_rxfilleligibility_v1rc
      4 CTO/Apigee-Hybrid/engineering/Ignite Apigee Hybrid Proxy Deploy/apigee-hybrid-epims_rxeligibilityrule_v1rc
      4 CTO/Apigee-Hybrid/engineering/Ignite Apigee Hybrid Proxy Deploy/apigee-hybrid-epims_psb_shipping_status_v1r
      4 CTO/Apigee-Hybrid/engineering/Ignite Apigee Hybrid Proxy Deploy/apigee-hybrid-epims_prescription_scal_v1r
      4 CTO/Apigee-Hybrid/engineering/Ignite Apigee Hybrid Proxy Deploy/apigee-hybrid-epims_prescription_roc_v1r
      4 CTO/Apigee-Hybrid/engineering/Ignite Apigee Hybrid Proxy Deploy/apigee-hybrid-epims_prescription_ncal_v1r
      4 CTO/Apigee-Hybrid/engineering/Ignite Apigee Hybrid Proxy Deploy/apigee-hybrid-epims_nonkphc_outbound_v1r
      4 CTO/Apigee-Hybrid/engineering/Ignite Apigee Hybrid Proxy Deploy/apigee-hybrid-epims_moca_order_v1r
      4 CTO/Apigee-Hybrid/engineering/Ignite Apigee Hybrid Proxy Deploy/apigee-hybrid-epims_member_profile_preference_v2r
      4 CTO/Apigee-Hybrid/engineering/Ignite Apigee Hybrid Proxy Deploy/apigee-hybrid-epims_member_profile_preference_eventhub_v1rc
      4 CTO/Apigee-Hybrid/engineering/Ignite Apigee Hybrid Proxy Deploy/apigee-hybrid-epims_inventory_v10
      4 CTO/Apigee-Hybrid/engineering/Ignite Apigee Hybrid Proxy Deploy/apigee-hybrid-epims_costestimator_v1r
      4 CTO/Apigee-Hybrid/engineering/Ignite Apigee Hybrid Proxy Deploy/apigee-hybrid-epic_security_gs_personnel_management_accessnow_v2014
      4 CTO/Apigee-Hybrid/engineering/Ignite Apigee Hybrid Proxy Deploy/apigee-hybrid-epic_security_gs_personnel_management_accessnow_v2012
      4 CTO/Apigee-Hybrid/engineering/Ignite Apigee Hybrid Proxy Deploy/apigee-hybrid-epic_printing_gs_eps_local_v2017r
      4 CTO/Apigee-Hybrid/engineering/Ignite Apigee Hybrid Proxy Deploy/apigee-hybrid-epic_patientaccess_update_services_v2005-07
      4 CTO/Apigee-Hybrid/engineering/Ignite Apigee Hybrid Proxy Deploy/apigee-hybrid-enterprise_profile_and_preferences_hp_v30
      4 CTO/Apigee-Hybrid/engineering/Ignite Apigee Hybrid Proxy Deploy/apigee-hybrid-emws_int_mod_inbound_v1
      4 CTO/Apigee-Hybrid/engineering/Ignite Apigee Hybrid Proxy Deploy/apigee-hybrid-emws_inbound_v1
      4 CTO/Apigee-Hybrid/engineering/Ignite Apigee Hybrid Proxy Deploy/apigee-hybrid-emws_file_net_p8_content_engine_web_v4
      4 CTO/Apigee-Hybrid/engineering/Ignite Apigee Hybrid Proxy Deploy/apigee-hybrid-econsult_ssb_v1r
      4 CTO/Apigee-Hybrid/engineering/Ignite Apigee Hybrid Proxy Deploy/apigee-hybrid-dst_plan_benefits_data_lookup_v10r
      4 CTO/Apigee-Hybrid/engineering/Ignite Apigee Hybrid Proxy Deploy/apigee-hybrid-dss_healthwise_inventoryr_v10
      4 CTO/Apigee-Hybrid/engineering/Ignite Apigee Hybrid Proxy Deploy/apigee-hybrid-drug_exclusion_otc_med_list_v1r
      4 CTO/Apigee-Hybrid/engineering/Ignite Apigee Hybrid Proxy Deploy/apigee-hybrid-dpt_provider_aggregater_v20_c
      4 CTO/Apigee-Hybrid/engineering/Ignite Apigee Hybrid Proxy Deploy/apigee-hybrid-dpa_billing_v20_c
      4 CTO/Apigee-Hybrid/engineering/Ignite Apigee Hybrid Proxy Deploy/apigee-hybrid-dnp_notification_callback_v2rc
      4 CTO/Apigee-Hybrid/engineering/Ignite Apigee Hybrid Proxy Deploy/apigee-hybrid-dnp_callback_v2rch
      4 CTO/Apigee-Hybrid/engineering/Ignite Apigee Hybrid Proxy Deploy/apigee-hybrid-complaint_inquiry_v2
      4 CTO/Apigee-Hybrid/engineering/Ignite Apigee Hybrid Proxy Deploy/apigee-hybrid-colorado_salesforce_bob_v10
      4 CTO/Apigee-Hybrid/engineering/Ignite Apigee Hybrid Proxy Deploy/apigee-hybrid-colonoscopy_risk_stratification_v1r
      4 CTO/Apigee-Hybrid/engineering/Ignite Apigee Hybrid Proxy Deploy/apigee-hybrid-colonoscopy_pathology_integration_v1rc
      4 CTO/Apigee-Hybrid/engineering/Ignite Apigee Hybrid Proxy Deploy/apigee-hybrid-cdis_snp_v1r
      4 CTO/Apigee-Hybrid/engineering/Ignite Apigee Hybrid Proxy Deploy/apigee-hybrid-cdis_messaging_v1r
      4 CTO/Apigee-Hybrid/engineering/Ignite Apigee Hybrid Proxy Deploy/apigee-hybrid-cdis_booking_v1r
      4 CTO/Apigee-Hybrid/engineering/Ignite Apigee Hybrid Proxy Deploy/apigee-hybrid-cdads_cyclecount_internal_v10r
      4 CTO/Apigee-Hybrid/engineering/Ignite Apigee Hybrid Proxy Deploy/apigee-hybrid-cc_sandbox_v1r
      4 CTO/Apigee-Hybrid/engineering/Ignite Apigee Hybrid Proxy Deploy/apigee-hybrid-cas_amp_validation_standard_v4rc
      4 CTO/Apigee-Hybrid/engineering/Ignite Apigee Hybrid Proxy Deploy/apigee-hybrid-c2chours_of_operation_v1r
      4 CTO/Apigee-Hybrid/engineering/Ignite Apigee Hybrid Proxy Deploy/apigee-hybrid-broker_membership_selfservice_v1r
      4 CTO/Apigee-Hybrid/engineering/Ignite Apigee Hybrid Proxy Deploy/apigee-hybrid-az-secure-notification_adaptor_v2rh
      4 CTO/Apigee-Hybrid/engineering/Ignite Apigee Hybrid Proxy Deploy/apigee-hybrid-appointment_scheduling_v61c
      4 CTO/Apigee-Hybrid/engineering/Ignite Apigee Hybrid Proxy Deploy/apigee-hybrid-appointing_choreography_micro_v11rc
      4 CTO/Apigee-Hybrid/engineering/Ignite Apigee Hybrid Proxy Deploy/apigee-hybrid-api_ecosystem_v1r
      4 CTO/Apigee-Hybrid/engineering/Ignite Apigee Hybrid Proxy Deploy/apigee-hybrid-am_dev_validation_v1r
      4 CTO/Apigee-Hybrid/engineering/Ignite Apigee Hybrid Proxy Deploy/apigee-hybrid-adobe_sign_api_v6r
      4 CTO/Apigee-Hybrid/engineering/Ignite Apigee Hybrid Proxy Deploy/apigee-hybrid-address_validation_v3
      4 CTO/Apigee-Hybrid/engineering/Ignite Apigee Hybrid Proxy Deploy/apigee-hybrid-account_data_setup_r_v10
      4 CTO/Apigee-Hybrid/engineering/Ignite Apigee Hybrid Proxy Deploy/apigee-hybrid-aca_pingid_v1r
      3 CTO/Apigee-Hybrid/engineering/Ignite Apigee Hybrid Proxy Deploy/apigee-hybrid-verids_kba_identity_verification_rest_v1rh
      3 CTO/Apigee-Hybrid/engineering/Ignite Apigee Hybrid Proxy Deploy/apigee-hybrid-validic_order_v1r
      3 CTO/Apigee-Hybrid/engineering/Ignite Apigee Hybrid Proxy Deploy/apigee-hybrid-validic_oauth_v1r
      3 CTO/Apigee-Hybrid/engineering/Ignite Apigee Hybrid Proxy Deploy/apigee-hybrid-surescripts_retail_messaging_v10r
      3 CTO/Apigee-Hybrid/engineering/Ignite Apigee Hybrid Proxy Deploy/apigee-hybrid-servicenow_genericincidentcreateupdate_v1r
      3 CTO/Apigee-Hybrid/engineering/Ignite Apigee Hybrid Proxy Deploy/apigee-hybrid-sequoia_membership_transaction_status_v1rh
      3 CTO/Apigee-Hybrid/engineering/Ignite Apigee Hybrid Proxy Deploy/apigee-hybrid-secure-zoom-app-bff-v1r
      3 CTO/Apigee-Hybrid/engineering/Ignite Apigee Hybrid Proxy Deploy/apigee-hybrid-secure-vve_zoom_app_cliniciandir_bff_v1r
      3 CTO/Apigee-Hybrid/engineering/Ignite Apigee Hybrid Proxy Deploy/apigee-hybrid-secure-video_visits_api_v2r
      3 CTO/Apigee-Hybrid/engineering/Ignite Apigee Hybrid Proxy Deploy/apigee-hybrid-secure-vers_health_insurance_v20
      3 CTO/Apigee-Hybrid/engineering/Ignite Apigee Hybrid Proxy Deploy/apigee-hybrid-secure-onelink_valid_gl_string_fda_approver_inbound_v1r
      3 CTO/Apigee-Hybrid/engineering/Ignite Apigee Hybrid Proxy Deploy/apigee-hybrid-secure-onelink_financial_delegation_inbound_v1r
      3 CTO/Apigee-Hybrid/engineering/Ignite Apigee Hybrid Proxy Deploy/apigee-hybrid-secure-onelink_3pl_inbound_v1r
      3 CTO/Apigee-Hybrid/engineering/Ignite Apigee Hybrid Proxy Deploy/apigee-hybrid-secure-kptwsservice_v1r
      3 CTO/Apigee-Hybrid/engineering/Ignite Apigee Hybrid Proxy Deploy/apigee-hybrid-secure-kp_cframe_salesforce_r_v10
      3 CTO/Apigee-Hybrid/engineering/Ignite Apigee Hybrid Proxy Deploy/apigee-hybrid-secure-ipm_aci_payment_notification_v10
      3 CTO/Apigee-Hybrid/engineering/Ignite Apigee Hybrid Proxy Deploy/apigee-hybrid-secure-epic_fhir_task_r4_mux
      3 CTO/Apigee-Hybrid/engineering/Ignite Apigee Hybrid Proxy Deploy/apigee-hybrid-secure-epic_edi_xml_ncpdp_receiver_services_v2015r
      3 CTO/Apigee-Hybrid/engineering/Ignite Apigee Hybrid Proxy Deploy/apigee-hybrid-secure-drm_unity_v1r
      3 CTO/Apigee-Hybrid/engineering/Ignite Apigee Hybrid Proxy Deploy/apigee-hybrid-secure-bpm_start_process_r_v10
      3 CTO/Apigee-Hybrid/engineering/Ignite Apigee Hybrid Proxy Deploy/apigee-hybrid-secure-bpm_get_list_of_tasks_r_v10
      3 CTO/Apigee-Hybrid/engineering/Ignite Apigee Hybrid Proxy Deploy/apigee-hybrid-scal_msg_mgmt_trans_hub_fam_v2r
      3 CTO/Apigee-Hybrid/engineering/Ignite Apigee Hybrid Proxy Deploy/apigee-hybrid-sbcet_v1r
      3 CTO/Apigee-Hybrid/engineering/Ignite Apigee Hybrid Proxy Deploy/apigee-hybrid-roc_cm_eligibility_and_demographics_v30
      3 CTO/Apigee-Hybrid/engineering/Ignite Apigee Hybrid Proxy Deploy/apigee-hybrid-reprint_ada_web_v10
      3 CTO/Apigee-Hybrid/engineering/Ignite Apigee Hybrid Proxy Deploy/apigee-hybrid-receive_care_pvi_hub_internal_v1rh
      3 CTO/Apigee-Hybrid/engineering/Ignite Apigee Hybrid Proxy Deploy/apigee-hybrid-qualifieddigitalnew_v1r
      3 CTO/Apigee-Hybrid/engineering/Ignite Apigee Hybrid Proxy Deploy/apigee-hybrid-psp_document_setup_web_service
      3 CTO/Apigee-Hybrid/engineering/Ignite Apigee Hybrid Proxy Deploy/apigee-hybrid-provider_aggregate_v2_1_2c
      3 CTO/Apigee-Hybrid/engineering/Ignite Apigee Hybrid Proxy Deploy/apigee-hybrid-proship_pierbridge_interface_v1r
      3 CTO/Apigee-Hybrid/engineering/Ignite Apigee Hybrid Proxy Deploy/apigee-hybrid-premiuminquiry_v10
      3 CTO/Apigee-Hybrid/engineering/Ignite Apigee Hybrid Proxy Deploy/apigee-hybrid-phosphorus_v1r
      3 CTO/Apigee-Hybrid/engineering/Ignite Apigee Hybrid Proxy Deploy/apigee-hybrid-onelinkv3plpublishr_v10
      3 CTO/Apigee-Hybrid/engineering/Ignite Apigee Hybrid Proxy Deploy/apigee-hybrid-onelink_cardinal_oauth_token_v1r
      3 CTO/Apigee-Hybrid/engineering/Ignite Apigee Hybrid Proxy Deploy/apigee-hybrid-onelink_3pl_outbound_v1r
      3 CTO/Apigee-Hybrid/engineering/Ignite Apigee Hybrid Proxy Deploy/apigee-hybrid-oms_ca_provider_license_types_v1rh
      3 CTO/Apigee-Hybrid/engineering/Ignite Apigee Hybrid Proxy Deploy/apigee-hybrid-oms_ca_provider_license_ranks_v1rh
      3 CTO/Apigee-Hybrid/engineering/Ignite Apigee Hybrid Proxy Deploy/apigee-hybrid-oms_ca_provider_license_boards_v1rh
      3 CTO/Apigee-Hybrid/engineering/Ignite Apigee Hybrid Proxy Deploy/apigee-hybrid-oauth_automation_via_accessnow_v1r
      3 CTO/Apigee-Hybrid/engineering/Ignite Apigee Hybrid Proxy Deploy/apigee-hybrid-nw_esb_kphc_document_delivery_api_v10r
      3 CTO/Apigee-Hybrid/engineering/Ignite Apigee Hybrid Proxy Deploy/apigee-hybrid-ncal_eligibility_and_demographics_v30
      3 CTO/Apigee-Hybrid/engineering/Ignite Apigee Hybrid Proxy Deploy/apigee-hybrid-national_member_benefits_inquiry_v1
      3 CTO/Apigee-Hybrid/engineering/Ignite Apigee Hybrid Proxy Deploy/apigee-hybrid-multichannel_notification_v20
      3 CTO/Apigee-Hybrid/engineering/Ignite Apigee Hybrid Proxy Deploy/apigee-hybrid-member_update_v2
      3 CTO/Apigee-Hybrid/engineering/Ignite Apigee Hybrid Proxy Deploy/apigee-hybrid-member_termination_v1
      3 CTO/Apigee-Hybrid/engineering/Ignite Apigee Hybrid Proxy Deploy/apigee-hybrid-member_enrollment_scal_v1
      3 CTO/Apigee-Hybrid/engineering/Ignite Apigee Hybrid Proxy Deploy/apigee-hybrid-member_demographics_update_v1
      3 CTO/Apigee-Hybrid/engineering/Ignite Apigee Hybrid Proxy Deploy/apigee-hybrid-med_impact_formulary_v1r
      3 CTO/Apigee-Hybrid/engineering/Ignite Apigee Hybrid Proxy Deploy/apigee-hybrid-mdpeople_accme_v1r
      3 CTO/Apigee-Hybrid/engineering/Ignite Apigee Hybrid Proxy Deploy/apigee-hybrid-mbrshp_bff_ss_member_transaction_status
      3 CTO/Apigee-Hybrid/engineering/Ignite Apigee Hybrid Proxy Deploy/apigee-hybrid-kpwa_kpmc_integration_v1rc
      3 CTO/Apigee-Hybrid/engineering/Ignite Apigee Hybrid Proxy Deploy/apigee-hybrid-kporgfusion_v1r
      3 CTO/Apigee-Hybrid/engineering/Ignite Apigee Hybrid Proxy Deploy/apigee-hybrid-kpmc_user_authbff_service
      3 CTO/Apigee-Hybrid/engineering/Ignite Apigee Hybrid Proxy Deploy/apigee-hybrid-kpmc_user_authbff_ba_service
      3 CTO/Apigee-Hybrid/engineering/Ignite Apigee Hybrid Proxy Deploy/apigee-hybrid-kpmc_ssmanagecp_bff_v1
      3 CTO/Apigee-Hybrid/engineering/Ignite Apigee Hybrid Proxy Deploy/apigee-hybrid-kpmc_ssindvormb_bff_v10r
      3 CTO/Apigee-Hybrid/engineering/Ignite Apigee Hybrid Proxy Deploy/apigee-hybrid-kpmc_ssindvbinderpayment_bff_v1r
      3 CTO/Apigee-Hybrid/engineering/Ignite Apigee Hybrid Proxy Deploy/apigee-hybrid-kpmc_reftypesbff_ba_service
      3 CTO/Apigee-Hybrid/engineering/Ignite Apigee Hybrid Proxy Deploy/apigee-hybrid-kpmc_quick_viewbff
      3 CTO/Apigee-Hybrid/engineering/Ignite Apigee Hybrid Proxy Deploy/apigee-hybrid-kpmc_member_update_v2_services
      3 CTO/Apigee-Hybrid/engineering/Ignite Apigee Hybrid Proxy Deploy/apigee-hybrid-kpmc_member_enroll_v1
      3 CTO/Apigee-Hybrid/engineering/Ignite Apigee Hybrid Proxy Deploy/apigee-hybrid-kpmc_maspmos_groupchangepublish_v1r
      3 CTO/Apigee-Hybrid/engineering/Ignite Apigee Hybrid Proxy Deploy/apigee-hybrid-kpmc_management_console_bff_v1r
      3 CTO/Apigee-Hybrid/engineering/Ignite Apigee Hybrid Proxy Deploy/apigee-hybrid-kpmc_config_management_bff_v1r
      3 CTO/Apigee-Hybrid/engineering/Ignite Apigee Hybrid Proxy Deploy/apigee-hybrid-kpmc_cam_router_bff_v10r
      3 CTO/Apigee-Hybrid/engineering/Ignite Apigee Hybrid Proxy Deploy/apigee-hybrid-kpmc_cam_member_sor_v10r
      3 CTO/Apigee-Hybrid/engineering/Ignite Apigee Hybrid Proxy Deploy/apigee-hybrid-kpmc_cam_coverage_sor_v10r
      3 CTO/Apigee-Hybrid/engineering/Ignite Apigee Hybrid Proxy Deploy/apigee-hybrid-kpmc_bill_and_pay_bff_v1r
      3 CTO/Apigee-Hybrid/engineering/Ignite Apigee Hybrid Proxy Deploy/apigee-hybrid-kphc_surgery_v1
      3 CTO/Apigee-Hybrid/engineering/Ignite Apigee Hybrid Proxy Deploy/apigee-hybrid-kphc_patient_vital_signs_v2
      3 CTO/Apigee-Hybrid/engineering/Ignite Apigee Hybrid Proxy Deploy/apigee-hybrid-kphc_patient_vital_signs_api_v30
      3 CTO/Apigee-Hybrid/engineering/Ignite Apigee Hybrid Proxy Deploy/apigee-hybrid-kphc_medical_conditions_v3
      3 CTO/Apigee-Hybrid/engineering/Ignite Apigee Hybrid Proxy Deploy/apigee-hybrid-kphc_get_future_appointments_v1
      3 CTO/Apigee-Hybrid/engineering/Ignite Apigee Hybrid Proxy Deploy/apigee-hybrid-kphc_get_demographics_v4r
      3 CTO/Apigee-Hybrid/engineering/Ignite Apigee Hybrid Proxy Deploy/apigee-hybrid-kphc_cardiology_orders_v1
      3 CTO/Apigee-Hybrid/engineering/Ignite Apigee Hybrid Proxy Deploy/apigee-hybrid-kphc_adt_events_api_v20
      3 CTO/Apigee-Hybrid/engineering/Ignite Apigee Hybrid Proxy Deploy/apigee-hybrid-kpd_fdl2epic_az_v1rh
      3 CTO/Apigee-Hybrid/engineering/Ignite Apigee Hybrid Proxy Deploy/apigee-hybrid-kpcc_kphc_get_coverages_api_v20
      3 CTO/Apigee-Hybrid/engineering/Ignite Apigee Hybrid Proxy Deploy/apigee-hybrid-kpcc_get_claim_detail_v5
      3 CTO/Apigee-Hybrid/engineering/Ignite Apigee Hybrid Proxy Deploy/apigee-hybrid-kp_polaris_epicclinicalutility_v2013
      3 CTO/Apigee-Hybrid/engineering/Ignite Apigee Hybrid Proxy Deploy/apigee-hybrid-kp_hrconnect_im_oic_sec_v1r
      3 CTO/Apigee-Hybrid/engineering/Ignite Apigee Hybrid Proxy Deploy/apigee-hybrid-kp_digital_cardiac_kpmarketportal_v2rh
      3 CTO/Apigee-Hybrid/engineering/Ignite Apigee Hybrid Proxy Deploy/apigee-hybrid-ivr_provider_v10_c
      3 CTO/Apigee-Hybrid/engineering/Ignite Apigee Hybrid Proxy Deploy/apigee-hybrid-innova_lab_mgmt_v2r
      3 CTO/Apigee-Hybrid/engineering/Ignite Apigee Hybrid Proxy Deploy/apigee-hybrid-incident_report_v2
      3 CTO/Apigee-Hybrid/engineering/Ignite Apigee Hybrid Proxy Deploy/apigee-hybrid-hybrid_kpcc_get_claim_summary_rc_v6rch
      3 CTO/Apigee-Hybrid/engineering/Ignite Apigee Hybrid Proxy Deploy/apigee-hybrid-hybrid_cc_sensitive_code_v1rh
      3 CTO/Apigee-Hybrid/engineering/Ignite Apigee Hybrid Proxy Deploy/apigee-hybrid-hrconnect_extensions_employee_info_v1
      3 CTO/Apigee-Hybrid/engineering/Ignite Apigee Hybrid Proxy Deploy/apigee-hybrid-hr_benefits_actions_v1r
      3 CTO/Apigee-Hybrid/engineering/Ignite Apigee Hybrid Proxy Deploy/apigee-hybrid-hpub_cps_delegate_v1
      3 CTO/Apigee-Hybrid/engineering/Ignite Apigee Hybrid Proxy Deploy/apigee-hybrid-hp_group_setup_v30
      3 CTO/Apigee-Hybrid/engineering/Ignite Apigee Hybrid Proxy Deploy/apigee-hybrid-hp_dpa_payment_web_v10
      3 CTO/Apigee-Hybrid/engineering/Ignite Apigee Hybrid Proxy Deploy/apigee-hybrid-hms_rx_verify_r_v1rh
      3 CTO/Apigee-Hybrid/engineering/Ignite Apigee Hybrid Proxy Deploy/apigee-hybrid-health_plan_workflow_audit_v1r
      3 CTO/Apigee-Hybrid/engineering/Ignite Apigee Hybrid Proxy Deploy/apigee-hybrid-health_plan_third_party_validation_sandbox_explanation_of_benefit_v1r
      3 CTO/Apigee-Hybrid/engineering/Ignite Apigee Hybrid Proxy Deploy/apigee-hybrid-health_plan_explanation_of_benefit_v1r
      3 CTO/Apigee-Hybrid/engineering/Ignite Apigee Hybrid Proxy Deploy/apigee-hybrid-health_plan_directory_v1r
      3 CTO/Apigee-Hybrid/engineering/Ignite Apigee Hybrid Proxy Deploy/apigee-hybrid-hcm_security_uam_kpim_r_v10
      3 CTO/Apigee-Hybrid/engineering/Ignite Apigee Hybrid Proxy Deploy/apigee-hybrid-gusto_membership_transaction_status
      3 CTO/Apigee-Hybrid/engineering/Ignite Apigee Hybrid Proxy Deploy/apigee-hybrid-groupmembershiplist_v10
      3 CTO/Apigee-Hybrid/engineering/Ignite Apigee Hybrid Proxy Deploy/apigee-hybrid-groupmanagement_v70
      3 CTO/Apigee-Hybrid/engineering/Ignite Apigee Hybrid Proxy Deploy/apigee-hybrid-groupmanagement_v62
      3 CTO/Apigee-Hybrid/engineering/Ignite Apigee Hybrid Proxy Deploy/apigee-hybrid-genesys_chat_v3r
      3 CTO/Apigee-Hybrid/engineering/Ignite Apigee Hybrid Proxy Deploy/apigee-hybrid-gen5_private_cloud_management_platform_order_info_v1r
      3 CTO/Apigee-Hybrid/engineering/Ignite Apigee Hybrid Proxy Deploy/apigee-hybrid-gen5_private_cloud_management_platform_oauth_v1r
      3 CTO/Apigee-Hybrid/engineering/Ignite Apigee Hybrid Proxy Deploy/apigee-hybrid-fwda_api_v1_0r
      3 CTO/Apigee-Hybrid/engineering/Ignite Apigee Hybrid Proxy Deploy/apigee-hybrid-fs_member_transfer_v10
      3 CTO/Apigee-Hybrid/engineering/Ignite Apigee Hybrid Proxy Deploy/apigee-hybrid-foundation_system_member_search_web
      3 CTO/Apigee-Hybrid/engineering/Ignite Apigee Hybrid Proxy Deploy/apigee-hybrid-file_exchange_v1
      3 CTO/Apigee-Hybrid/engineering/Ignite Apigee Hybrid Proxy Deploy/apigee-hybrid-family_inquiry_v10
      3 CTO/Apigee-Hybrid/engineering/Ignite Apigee Hybrid Proxy Deploy/apigee-hybrid-epims_business_rules_r_v1r
      3 CTO/Apigee-Hybrid/engineering/Ignite Apigee Hybrid Proxy Deploy/apigee-hybrid-epic_revenue_utility_v2023r
      3 CTO/Apigee-Hybrid/engineering/Ignite Apigee Hybrid Proxy Deploy/apigee-hybrid-epic_revenue_gs_member_v2023r
      3 CTO/Apigee-Hybrid/engineering/Ignite Apigee Hybrid Proxy Deploy/apigee-hybrid-epic_empi_legacy_v5
      3 CTO/Apigee-Hybrid/engineering/Ignite Apigee Hybrid Proxy Deploy/apigee-hybrid-epic_clinical_gs_patient_onprem_v2011
      3 CTO/Apigee-Hybrid/engineering/Ignite Apigee Hybrid Proxy Deploy/apigee-hybrid-epic_billing_gs_patient_services_v2015
      3 CTO/Apigee-Hybrid/engineering/Ignite Apigee Hybrid Proxy Deploy/apigee-hybrid-enterprise_messaging_affm_care_giver_v1r
      3 CTO/Apigee-Hybrid/engineering/Ignite Apigee Hybrid Proxy Deploy/apigee-hybrid-ensodata_v1r
      3 CTO/Apigee-Hybrid/engineering/Ignite Apigee Hybrid Proxy Deploy/apigee-hybrid-empi_xpath_test_v1s
      3 CTO/Apigee-Hybrid/engineering/Ignite Apigee Hybrid Proxy Deploy/apigee-hybrid-eci_case_track_single_audit_v1r
      3 CTO/Apigee-Hybrid/engineering/Ignite Apigee Hybrid Proxy Deploy/apigee-hybrid-eci_case_track_audits_list_v1r
      3 CTO/Apigee-Hybrid/engineering/Ignite Apigee Hybrid Proxy Deploy/apigee-hybrid-eci_case_track_audit_lookup_list_v1r
      3 CTO/Apigee-Hybrid/engineering/Ignite Apigee Hybrid Proxy Deploy/apigee-hybrid-dpt_notification_platform_event_v12
      3 CTO/Apigee-Hybrid/engineering/Ignite Apigee Hybrid Proxy Deploy/apigee-hybrid-docusign_oauth_v2r
      3 CTO/Apigee-Hybrid/engineering/Ignite Apigee Hybrid Proxy Deploy/apigee-hybrid-digital-notification-api-internal_1.2.0v1
      3 CTO/Apigee-Hybrid/engineering/Ignite Apigee Hybrid Proxy Deploy/apigee-hybrid-diagnostic_wait_time_calc_decision_v10
      3 CTO/Apigee-Hybrid/engineering/Ignite Apigee Hybrid Proxy Deploy/apigee-hybrid-contract_production_distribution_v1r
      3 CTO/Apigee-Hybrid/engineering/Ignite Apigee Hybrid Proxy Deploy/apigee-hybrid-contract_production_data_mapping_v1r
      3 CTO/Apigee-Hybrid/engineering/Ignite Apigee Hybrid Proxy Deploy/apigee-hybrid-contract_production_data_extraction_v1r
      3 CTO/Apigee-Hybrid/engineering/Ignite Apigee Hybrid Proxy Deploy/apigee-hybrid-contract_production_bundle_validation_v1r
      3 CTO/Apigee-Hybrid/engineering/Ignite Apigee Hybrid Proxy Deploy/apigee-hybrid-cm_member_change_publish_v1
      3 CTO/Apigee-Hybrid/engineering/Ignite Apigee Hybrid Proxy Deploy/apigee-hybrid-cm_group_change_publish_v1
      3 CTO/Apigee-Hybrid/engineering/Ignite Apigee Hybrid Proxy Deploy/apigee-hybrid-cdis_telephone_treatment_v1r
      3 CTO/Apigee-Hybrid/engineering/Ignite Apigee Hybrid Proxy Deploy/apigee-hybrid-cdis_facinfo_v1r
      3 CTO/Apigee-Hybrid/engineering/Ignite Apigee Hybrid Proxy Deploy/apigee-hybrid-cdis_cti_v1r
      3 CTO/Apigee-Hybrid/engineering/Ignite Apigee Hybrid Proxy Deploy/apigee-hybrid-cas_amp_validation_v3rh
      3 CTO/Apigee-Hybrid/engineering/Ignite Apigee Hybrid Proxy Deploy/apigee-hybrid-carsws_docs_v20
      3 CTO/Apigee-Hybrid/engineering/Ignite Apigee Hybrid Proxy Deploy/apigee-hybrid-cars_docv10
      3 CTO/Apigee-Hybrid/engineering/Ignite Apigee Hybrid Proxy Deploy/apigee-hybrid-az-secure-vic_application_v1r
      3 CTO/Apigee-Hybrid/engineering/Ignite Apigee Hybrid Proxy Deploy/apigee-hybrid-az-secure-onelink_apex_vendor_data_inbound_v1r
      3 CTO/Apigee-Hybrid/engineering/Ignite Apigee Hybrid Proxy Deploy/apigee-hybrid-az-secure-notification_adaptor_v2sh
      3 CTO/Apigee-Hybrid/engineering/Ignite Apigee Hybrid Proxy Deploy/apigee-hybrid-az-secure-AutoGenProxy
      3 CTO/Apigee-Hybrid/engineering/Ignite Apigee Hybrid Proxy Deploy/apigee-hybrid-armis_access_token_v1r
      3 CTO/Apigee-Hybrid/engineering/Ignite Apigee Hybrid Proxy Deploy/apigee-hybrid-am_dev_validation_v1rh
      3 CTO/Apigee-Hybrid/engineering/Ignite Apigee Hybrid Proxy Deploy/apigee-hybrid-ada_posthog_v1rh
      3 CTO/Apigee-Hybrid/engineering/Ignite Apigee Hybrid Proxy Deploy/apigee-hybrid-aclr_v1rh
      3 CTO/Apigee-Hybrid/engineering/Ignite Apigee Hybrid Proxy Deploy/apigee-hybrid-accessnow_manage_groups_v1rh
      3 CTO/Apigee-Hybrid/engineering/Ignite Apigee Hybrid Proxy Deploy/apigee-hybrid-accessnow_generic_v1r
      3 CTO/Apigee-Hybrid/engineering/Ignite Apigee Hybrid Proxy Deploy/apigee-hybrid-accessnow_ad_groups_management_v1r
      3 CTO/Apigee-Hybrid/engineering/Ignite Apigee Hybrid Proxy Deploy/apigee-hybrid-KPORG-Router-Test-Proxy
      2 CTO/Apigee-Hybrid/engineering/Ignite Apigee Hybrid Proxy Deploy/apigee-hybrid-wa_provider_license_v1rh
      2 CTO/Apigee-Hybrid/engineering/Ignite Apigee Hybrid Proxy Deploy/apigee-hybrid-veteran_confirmation_v1r
      2 CTO/Apigee-Hybrid/engineering/Ignite Apigee Hybrid Proxy Deploy/apigee-hybrid-validic_impact_v1r
      2 CTO/Apigee-Hybrid/engineering/Ignite Apigee Hybrid Proxy Deploy/apigee-hybrid-tufin_securechange_v1_0r
      2 CTO/Apigee-Hybrid/engineering/Ignite Apigee Hybrid Proxy Deploy/apigee-hybrid-tms_member_history_v1
      2 CTO/Apigee-Hybrid/engineering/Ignite Apigee Hybrid Proxy Deploy/apigee-hybrid-tms_grouplookup_v10
      2 CTO/Apigee-Hybrid/engineering/Ignite Apigee Hybrid Proxy Deploy/apigee-hybrid-tms_groupinquiry_v10
      2 CTO/Apigee-Hybrid/engineering/Ignite Apigee Hybrid Proxy Deploy/apigee-hybrid-tms_dpaaccountmanagement_v10
      2 CTO/Apigee-Hybrid/engineering/Ignite Apigee Hybrid Proxy Deploy/apigee-hybrid-test_proxy_generator_v1_0_8r
      2 CTO/Apigee-Hybrid/engineering/Ignite Apigee Hybrid Proxy Deploy/apigee-hybrid-secure-vve_zoom_app_attendeerpt_bff_v1r
      2 CTO/Apigee-Hybrid/engineering/Ignite Apigee Hybrid Proxy Deploy/apigee-hybrid-secure-vers_retail_v20
      2 CTO/Apigee-Hybrid/engineering/Ignite Apigee Hybrid Proxy Deploy/apigee-hybrid-secure-vers_ows_v20
      2 CTO/Apigee-Hybrid/engineering/Ignite Apigee Hybrid Proxy Deploy/apigee-hybrid-secure-vers_login_v20
      2 CTO/Apigee-Hybrid/engineering/Ignite Apigee Hybrid Proxy Deploy/apigee-hybrid-secure-vers_booking_v20
      2 CTO/Apigee-Hybrid/engineering/Ignite Apigee Hybrid Proxy Deploy/apigee-hybrid-secure-sbmo_epims_v4
      2 CTO/Apigee-Hybrid/engineering/Ignite Apigee Hybrid Proxy Deploy/apigee-hybrid-secure-kp_controller_v1r
      2 CTO/Apigee-Hybrid/engineering/Ignite Apigee Hybrid Proxy Deploy/apigee-hybrid-secure-fs_consumer_manifest_v1r
      2 CTO/Apigee-Hybrid/engineering/Ignite Apigee Hybrid Proxy Deploy/apigee-hybrid-secure-cm_memberinquiry_v10
      2 CTO/Apigee-Hybrid/engineering/Ignite Apigee Hybrid Proxy Deploy/apigee-hybrid-secure-cerebro_noname_v1r
      2 CTO/Apigee-Hybrid/engineering/Ignite Apigee Hybrid Proxy Deploy/apigee-hybrid-scal_eligibility_and_demographics_v50
      2 CTO/Apigee-Hybrid/engineering/Ignite Apigee Hybrid Proxy Deploy/apigee-hybrid-scal_eligibility_and_demographics_v30
      2 CTO/Apigee-Hybrid/engineering/Ignite Apigee Hybrid Proxy Deploy/apigee-hybrid-sc_esb_kphc_document_delivery_v10r
      2 CTO/Apigee-Hybrid/engineering/Ignite Apigee Hybrid Proxy Deploy/apigee-hybrid-receive_care_after_visits_experience_v1r
      2 CTO/Apigee-Hybrid/engineering/Ignite Apigee Hybrid Proxy Deploy/apigee-hybrid-provider_demographics_get_case_v1r
      2 CTO/Apigee-Hybrid/engineering/Ignite Apigee Hybrid Proxy Deploy/apigee-hybrid-provider_demographics_attestation_workflow_v1r
      2 CTO/Apigee-Hybrid/engineering/Ignite Apigee Hybrid Proxy Deploy/apigee-hybrid-onelink_cardinal_oauth_token_v1rh
      2 CTO/Apigee-Hybrid/engineering/Ignite Apigee Hybrid Proxy Deploy/apigee-hybrid-onelink_attachment_external_v1r
      2 CTO/Apigee-Hybrid/engineering/Ignite Apigee Hybrid Proxy Deploy/apigee-hybrid-onboardingwizard_v1r
      2 CTO/Apigee-Hybrid/engineering/Ignite Apigee Hybrid Proxy Deploy/apigee-hybrid-omsreputation_v1rh
      2 CTO/Apigee-Hybrid/engineering/Ignite Apigee Hybrid Proxy Deploy/apigee-hybrid-nextgen_op_wait_time_calc_odmoc_r_v1rh
      2 CTO/Apigee-Hybrid/engineering/Ignite Apigee Hybrid Proxy Deploy/apigee-hybrid-nextgen_lab_wait_time_calc_odmoc_v1rh
      2 CTO/Apigee-Hybrid/engineering/Ignite Apigee Hybrid Proxy Deploy/apigee-hybrid-nextgen_diag_wait_time_calc_odmoc_r_v1rh
      2 CTO/Apigee-Hybrid/engineering/Ignite Apigee Hybrid Proxy Deploy/apigee-hybrid-ncal_member_eligibility_and_demographics_v50
      2 CTO/Apigee-Hybrid/engineering/Ignite Apigee Hybrid Proxy Deploy/apigee-hybrid-nc_esb_kphc_document_delivery_v10r
      2 CTO/Apigee-Hybrid/engineering/Ignite Apigee Hybrid Proxy Deploy/apigee-hybrid-myhr_oracle_hcm_ucm_generic_soap_v10
      2 CTO/Apigee-Hybrid/engineering/Ignite Apigee Hybrid Proxy Deploy/apigee-hybrid-microsoft_oauth_token_request_v1r
      2 CTO/Apigee-Hybrid/engineering/Ignite Apigee Hybrid Proxy Deploy/apigee-hybrid-memberlookup_v20
      2 CTO/Apigee-Hybrid/engineering/Ignite Apigee Hybrid Proxy Deploy/apigee-hybrid-member_management_v3
      2 CTO/Apigee-Hybrid/engineering/Ignite Apigee Hybrid Proxy Deploy/apigee-hybrid-member_management_v2
      2 CTO/Apigee-Hybrid/engineering/Ignite Apigee Hybrid Proxy Deploy/apigee-hybrid-member_history_inquiry_v10
      2 CTO/Apigee-Hybrid/engineering/Ignite Apigee Hybrid Proxy Deploy/apigee-hybrid-member_eligibility_and_demographics_v4_v5
      2 CTO/Apigee-Hybrid/engineering/Ignite Apigee Hybrid Proxy Deploy/apigee-hybrid-mds_request_v1r
      2 CTO/Apigee-Hybrid/engineering/Ignite Apigee Hybrid Proxy Deploy/apigee-hybrid-ltk_cas_test_hello_world_v4rh
      2 CTO/Apigee-Hybrid/engineering/Ignite Apigee Hybrid Proxy Deploy/apigee-hybrid-kpmc_ormb_authentication_v1r
      2 CTO/Apigee-Hybrid/engineering/Ignite Apigee Hybrid Proxy Deploy/apigee-hybrid-kpmc_member_termination_v1
      2 CTO/Apigee-Hybrid/engineering/Ignite Apigee Hybrid Proxy Deploy/apigee-hybrid-kphc_set_patient_score_v1
      2 CTO/Apigee-Hybrid/engineering/Ignite Apigee Hybrid Proxy Deploy/apigee-hybrid-kphc_secure_message_v1
      2 CTO/Apigee-Hybrid/engineering/Ignite Apigee Hybrid Proxy Deploy/apigee-hybrid-kphc_radiology_orders_v1
      2 CTO/Apigee-Hybrid/engineering/Ignite Apigee Hybrid Proxy Deploy/apigee-hybrid-kphc_procedure_orders_v1
      2 CTO/Apigee-Hybrid/engineering/Ignite Apigee Hybrid Proxy Deploy/apigee-hybrid-kphc_notes_comments_v1
      2 CTO/Apigee-Hybrid/engineering/Ignite Apigee Hybrid Proxy Deploy/apigee-hybrid-kphc_notes_comments_api_v20
      2 CTO/Apigee-Hybrid/engineering/Ignite Apigee Hybrid Proxy Deploy/apigee-hybrid-kphc_medications_v3
      2 CTO/Apigee-Hybrid/engineering/Ignite Apigee Hybrid Proxy Deploy/apigee-hybrid-kphc_lsp_configuration_v1
      2 CTO/Apigee-Hybrid/engineering/Ignite Apigee Hybrid Proxy Deploy/apigee-hybrid-kphc_lsp_application_v1
      2 CTO/Apigee-Hybrid/engineering/Ignite Apigee Hybrid Proxy Deploy/apigee-hybrid-kphc_get_wdf_config_v1
      2 CTO/Apigee-Hybrid/engineering/Ignite Apigee Hybrid Proxy Deploy/apigee-hybrid-kphc_get_subgroup_providers_v1s
      2 CTO/Apigee-Hybrid/engineering/Ignite Apigee Hybrid Proxy Deploy/apigee-hybrid-kphc_get_registry_v1
      2 CTO/Apigee-Hybrid/engineering/Ignite Apigee Hybrid Proxy Deploy/apigee-hybrid-kphc_get_provider_schedule_v3
      2 CTO/Apigee-Hybrid/engineering/Ignite Apigee Hybrid Proxy Deploy/apigee-hybrid-kphc_get_demographics_v4
      2 CTO/Apigee-Hybrid/engineering/Ignite Apigee Hybrid Proxy Deploy/apigee-hybrid-kphc_external_visit_identifier_v1
      2 CTO/Apigee-Hybrid/engineering/Ignite Apigee Hybrid Proxy Deploy/apigee-hybrid-kphc_encounters_v1
      2 CTO/Apigee-Hybrid/engineering/Ignite Apigee Hybrid Proxy Deploy/apigee-hybrid-kphc_encounter_v3
      2 CTO/Apigee-Hybrid/engineering/Ignite Apigee Hybrid Proxy Deploy/apigee-hybrid-kphc_ekg_orders_v1
      2 CTO/Apigee-Hybrid/engineering/Ignite Apigee Hybrid Proxy Deploy/apigee-hybrid-kphc_create_event_v1
      2 CTO/Apigee-Hybrid/engineering/Ignite Apigee Hybrid Proxy Deploy/apigee-hybrid-kpd_marketo_az_v1r
      2 CTO/Apigee-Hybrid/engineering/Ignite Apigee Hybrid Proxy Deploy/apigee-hybrid-kpd_email_classification_api_v1rh
      2 CTO/Apigee-Hybrid/engineering/Ignite Apigee Hybrid Proxy Deploy/apigee-hybrid-kpcc_accum_summary_v1
      2 CTO/Apigee-Hybrid/engineering/Ignite Apigee Hybrid Proxy Deploy/apigee-hybrid-kp_vision_workflow_manager_v1r
      2 CTO/Apigee-Hybrid/engineering/Ignite Apigee Hybrid Proxy Deploy/apigee-hybrid-kp_polaris_epiccreditcard_v2016
      2 CTO/Apigee-Hybrid/engineering/Ignite Apigee Hybrid Proxy Deploy/apigee-hybrid-kp_edi_gateway_external_eligibility_inquiry
      2 CTO/Apigee-Hybrid/engineering/Ignite Apigee Hybrid Proxy Deploy/apigee-hybrid-ipaas_kpconfig_databricks_v1r
      2 CTO/Apigee-Hybrid/engineering/Ignite Apigee Hybrid Proxy Deploy/apigee-hybrid-insynctive_membership_transaction_status_v1rh
      2 CTO/Apigee-Hybrid/engineering/Ignite Apigee Hybrid Proxy Deploy/apigee-hybrid-hybrid_kphc_get_appt_home_ext_s_v1sh
      2 CTO/Apigee-Hybrid/engineering/Ignite Apigee Hybrid Proxy Deploy/apigee-hybrid-hybrid_epic_common_gs_patient_ext_s_v2010sh
      2 CTO/Apigee-Hybrid/engineering/Ignite Apigee Hybrid Proxy Deploy/apigee-hybrid-hybrid_appointment_scheduling_sc_v6_1sch
      2 CTO/Apigee-Hybrid/engineering/Ignite Apigee Hybrid Proxy Deploy/apigee-hybrid-hr_ib_candidate_ranking_odmoc_r_v1rh
      2 CTO/Apigee-Hybrid/engineering/Ignite Apigee Hybrid Proxy Deploy/apigee-hybrid-hpts_azure_open_ai_chat_completion_v1rh
      2 CTO/Apigee-Hybrid/engineering/Ignite Apigee Hybrid Proxy Deploy/apigee-hybrid-hp_ca_purchaser_management_v3
      2 CTO/Apigee-Hybrid/engineering/Ignite Apigee Hybrid Proxy Deploy/apigee-hybrid-hp_ca_purchaser_management_v2
      2 CTO/Apigee-Hybrid/engineering/Ignite Apigee Hybrid Proxy Deploy/apigee-hybrid-hp_ca_member_eligibility_v3
      2 CTO/Apigee-Hybrid/engineering/Ignite Apigee Hybrid Proxy Deploy/apigee-hybrid-hi_esb_kphc_document_delivery_v1r
      2 CTO/Apigee-Hybrid/engineering/Ignite Apigee Hybrid Proxy Deploy/apigee-hybrid-hhub_ocuco_v1r
      2 CTO/Apigee-Hybrid/engineering/Ignite Apigee Hybrid Proxy Deploy/apigee-hybrid-hhub_jobsonfd_v1r
      2 CTO/Apigee-Hybrid/engineering/Ignite Apigee Hybrid Proxy Deploy/apigee-hybrid-hhub_ip_info_v1r
      2 CTO/Apigee-Hybrid/engineering/Ignite Apigee Hybrid Proxy Deploy/apigee-hybrid-hhub_google_maps_v1r
      2 CTO/Apigee-Hybrid/engineering/Ignite Apigee Hybrid Proxy Deploy/apigee-hybrid-hhub_google_address_v1r
      2 CTO/Apigee-Hybrid/engineering/Ignite Apigee Hybrid Proxy Deploy/apigee-hybrid-hhub_fittingbox_v1r
      2 CTO/Apigee-Hybrid/engineering/Ignite Apigee Hybrid Proxy Deploy/apigee-hybrid-hhub_content_stack_v1r
      2 CTO/Apigee-Hybrid/engineering/Ignite Apigee Hybrid Proxy Deploy/apigee-hybrid-hhub_commerce_tools_v1r
      2 CTO/Apigee-Hybrid/engineering/Ignite Apigee Hybrid Proxy Deploy/apigee-hybrid-hhub_commerce_tools_auth_v1r
      2 CTO/Apigee-Hybrid/engineering/Ignite Apigee Hybrid Proxy Deploy/apigee-hybrid-health_plan_test_data_managment_v1r
      2 CTO/Apigee-Hybrid/engineering/Ignite Apigee Hybrid Proxy Deploy/apigee-hybrid-health_plan_directory_v2r
      2 CTO/Apigee-Hybrid/engineering/Ignite Apigee Hybrid Proxy Deploy/apigee-hybrid-gsl_rx_api_v10
      2 CTO/Apigee-Hybrid/engineering/Ignite Apigee Hybrid Proxy Deploy/apigee-hybrid-group_inquiry_v10
      2 CTO/Apigee-Hybrid/engineering/Ignite Apigee Hybrid Proxy Deploy/apigee-hybrid-google_cloud_storage_json_v1r
      2 CTO/Apigee-Hybrid/engineering/Ignite Apigee Hybrid Proxy Deploy/apigee-hybrid-google_cloud_logging_v2r
      2 CTO/Apigee-Hybrid/engineering/Ignite Apigee Hybrid Proxy Deploy/apigee-hybrid-genesys_chat_v4h
      2 CTO/Apigee-Hybrid/engineering/Ignite Apigee Hybrid Proxy Deploy/apigee-hybrid-gen5_private_cloud_management_platform_workspace_update_v1r
      2 CTO/Apigee-Hybrid/engineering/Ignite Apigee Hybrid Proxy Deploy/apigee-hybrid-gen5_private_cloud_management_platform_drift_detection_v1r
      2 CTO/Apigee-Hybrid/engineering/Ignite Apigee Hybrid Proxy Deploy/apigee-hybrid-gen5_private_cloud_management_platform_delete_v1r
      2 CTO/Apigee-Hybrid/engineering/Ignite Apigee Hybrid Proxy Deploy/apigee-hybrid-gen5_private_cloud_management_platform_actions_v1r
      2 CTO/Apigee-Hybrid/engineering/Ignite Apigee Hybrid Proxy Deploy/apigee-hybrid-gen5_kyndryl_private_cloud_management_v1r
      2 CTO/Apigee-Hybrid/engineering/Ignite Apigee Hybrid Proxy Deploy/apigee-hybrid-geisinger_patient_360_v1r
      2 CTO/Apigee-Hybrid/engineering/Ignite Apigee Hybrid Proxy Deploy/apigee-hybrid-fs_tpa_cross_reference_v10
      2 CTO/Apigee-Hybrid/engineering/Ignite Apigee Hybrid Proxy Deploy/apigee-hybrid-fs_member_termination_v10
      2 CTO/Apigee-Hybrid/engineering/Ignite Apigee Hybrid Proxy Deploy/apigee-hybrid-fs_member_reinstatement_v10
      2 CTO/Apigee-Hybrid/engineering/Ignite Apigee Hybrid Proxy Deploy/apigee-hybrid-fs_member_enrollment_v10
      2 CTO/Apigee-Hybrid/engineering/Ignite Apigee Hybrid Proxy Deploy/apigee-hybrid-fs_member_demographics_v10
      2 CTO/Apigee-Hybrid/engineering/Ignite Apigee Hybrid Proxy Deploy/apigee-hybrid-fs_groupchangepublish_v10
      2 CTO/Apigee-Hybrid/engineering/Ignite Apigee Hybrid Proxy Deploy/apigee-hybrid-fs_family_account_role_v10
      2 CTO/Apigee-Hybrid/engineering/Ignite Apigee Hybrid Proxy Deploy/apigee-hybrid-foundation_system_member_list_web_v10
      2 CTO/Apigee-Hybrid/engineering/Ignite Apigee Hybrid Proxy Deploy/apigee-hybrid-evolution1_auto_pay_balance_inquiry_api_v10
      2 CTO/Apigee-Hybrid/engineering/Ignite Apigee Hybrid Proxy Deploy/apigee-hybrid-epims_rms_inventory_custom_s_v2s
      2 CTO/Apigee-Hybrid/engineering/Ignite Apigee Hybrid Proxy Deploy/apigee-hybrid-epims_eps_inventory_v60
      2 CTO/Apigee-Hybrid/engineering/Ignite Apigee Hybrid Proxy Deploy/apigee-hybrid-epims_epr_rx_adapter_v1r
      2 CTO/Apigee-Hybrid/engineering/Ignite Apigee Hybrid Proxy Deploy/apigee-hybrid-epic_specialty_gs_surgery_services_v2015
      2 CTO/Apigee-Hybrid/engineering/Ignite Apigee Hybrid Proxy Deploy/apigee-hybrid-epic_scheduling_gs_provider_services_v2017
      2 CTO/Apigee-Hybrid/engineering/Ignite Apigee Hybrid Proxy Deploy/apigee-hybrid-epic_scheduling_gs_patient_v2019
      2 CTO/Apigee-Hybrid/engineering/Ignite Apigee Hybrid Proxy Deploy/apigee-hybrid-epic_scheduling_gs_patient_services_v2011r
      2 CTO/Apigee-Hybrid/engineering/Ignite Apigee Hybrid Proxy Deploy/apigee-hybrid-epic_patientaccess_mobile_services_v2017
      2 CTO/Apigee-Hybrid/engineering/Ignite Apigee Hybrid Proxy Deploy/apigee-hybrid-epic_patientaccess_gs_external_services_v2019r
      2 CTO/Apigee-Hybrid/engineering/Ignite Apigee Hybrid Proxy Deploy/apigee-hybrid-epic_patientaccess_gs_external_services_v2019
      2 CTO/Apigee-Hybrid/engineering/Ignite Apigee Hybrid Proxy Deploy/apigee-hybrid-epic_patientaccess_gs_external_services_v2018B
      2 CTO/Apigee-Hybrid/engineering/Ignite Apigee Hybrid Proxy Deploy/apigee-hybrid-epic_patientaccess_gs_external_services_v2018
      2 CTO/Apigee-Hybrid/engineering/Ignite Apigee Hybrid Proxy Deploy/apigee-hybrid-epic_patient_access_mobile_services_v2018
      2 CTO/Apigee-Hybrid/engineering/Ignite Apigee Hybrid Proxy Deploy/apigee-hybrid-epic_patient_access_mobile_services_v2016m
      2 CTO/Apigee-Hybrid/engineering/Ignite Apigee Hybrid Proxy Deploy/apigee-hybrid-epic_patient_access_mobile_services_v2016
      2 CTO/Apigee-Hybrid/engineering/Ignite Apigee Hybrid Proxy Deploy/apigee-hybrid-epic_patient_access_mobile_services_v2013
      2 CTO/Apigee-Hybrid/engineering/Ignite Apigee Hybrid Proxy Deploy/apigee-hybrid-epic_patient_access_gs_patient_services_v2016
      2 CTO/Apigee-Hybrid/engineering/Ignite Apigee Hybrid Proxy Deploy/apigee-hybrid-epic_patient_access_gs_patient_services_v2014
      2 CTO/Apigee-Hybrid/engineering/Ignite Apigee Hybrid Proxy Deploy/apigee-hybrid-epic_patient_access_gs_account_v2018
      2 CTO/Apigee-Hybrid/engineering/Ignite Apigee Hybrid Proxy Deploy/apigee-hybrid-epic_interconnect_diagnostics_services_v200908
      2 CTO/Apigee-Hybrid/engineering/Ignite Apigee Hybrid Proxy Deploy/apigee-hybrid-epic_fhir_valueset_r4_mux
      2 CTO/Apigee-Hybrid/engineering/Ignite Apigee Hybrid Proxy Deploy/apigee-hybrid-epic_fhir_practitionerrole_stu3_mux
      2 CTO/Apigee-Hybrid/engineering/Ignite Apigee Hybrid Proxy Deploy/apigee-hybrid-epic_fhir_practitioner_stu3
      2 CTO/Apigee-Hybrid/engineering/Ignite Apigee Hybrid Proxy Deploy/apigee-hybrid-epic_fhir_patient_stu3
      2 CTO/Apigee-Hybrid/engineering/Ignite Apigee Hybrid Proxy Deploy/apigee-hybrid-epic_fhir_patient_r4
      2 CTO/Apigee-Hybrid/engineering/Ignite Apigee Hybrid Proxy Deploy/apigee-hybrid-epic_fhir_observation_stu3
      2 CTO/Apigee-Hybrid/engineering/Ignite Apigee Hybrid Proxy Deploy/apigee-hybrid-epic_fhir_oauth2_v2021
      2 CTO/Apigee-Hybrid/engineering/Ignite Apigee Hybrid Proxy Deploy/apigee-hybrid-epic_fhir_metadata_r4
      2 CTO/Apigee-Hybrid/engineering/Ignite Apigee Hybrid Proxy Deploy/apigee-hybrid-epic_fhir_encounter_stu3
      2 CTO/Apigee-Hybrid/engineering/Ignite Apigee Hybrid Proxy Deploy/apigee-hybrid-epic_fhir_encounter_r4
      2 CTO/Apigee-Hybrid/engineering/Ignite Apigee Hybrid Proxy Deploy/apigee-hybrid-epic_fhir_criteriareview_r4
      2 CTO/Apigee-Hybrid/engineering/Ignite Apigee Hybrid Proxy Deploy/apigee-hybrid-epic_fhir_condition_stu3_mux
      2 CTO/Apigee-Hybrid/engineering/Ignite Apigee Hybrid Proxy Deploy/apigee-hybrid-epic_fhir_condition_r4
      2 CTO/Apigee-Hybrid/engineering/Ignite Apigee Hybrid Proxy Deploy/apigee-hybrid-epic_edi_fhir_procedure_vdstu2r
      2 CTO/Apigee-Hybrid/engineering/Ignite Apigee Hybrid Proxy Deploy/apigee-hybrid-epic_edi_fhir_patient_dstu2_mux
      2 CTO/Apigee-Hybrid/engineering/Ignite Apigee Hybrid Proxy Deploy/apigee-hybrid-epic_creditcard_gs_api_v2020
      2 CTO/Apigee-Hybrid/engineering/Ignite Apigee Hybrid Proxy Deploy/apigee-hybrid-epic_common_gs_user_accessnow_v2011
      2 CTO/Apigee-Hybrid/engineering/Ignite Apigee Hybrid Proxy Deploy/apigee-hybrid-epic_common_gs_patient_services_v2018
      2 CTO/Apigee-Hybrid/engineering/Ignite Apigee Hybrid Proxy Deploy/apigee-hybrid-epic_common_gs_patient_services_v2015
      2 CTO/Apigee-Hybrid/engineering/Ignite Apigee Hybrid Proxy Deploy/apigee-hybrid-epic_common_gs_patient_services_v2012
      2 CTO/Apigee-Hybrid/engineering/Ignite Apigee Hybrid Proxy Deploy/apigee-hybrid-epic_common_gs_patient_services_v2010r
      2 CTO/Apigee-Hybrid/engineering/Ignite Apigee Hybrid Proxy Deploy/apigee-hybrid-epic_clinical_gs_utility_v2013r
      2 CTO/Apigee-Hybrid/engineering/Ignite Apigee Hybrid Proxy Deploy/apigee-hybrid-epic_clinical_gs_utility_services_v2015r
      2 CTO/Apigee-Hybrid/engineering/Ignite Apigee Hybrid Proxy Deploy/apigee-hybrid-epic_clinical_gs_utility_services_v2015
      2 CTO/Apigee-Hybrid/engineering/Ignite Apigee Hybrid Proxy Deploy/apigee-hybrid-epic_clinical_gs_utility_services_v2013
      2 CTO/Apigee-Hybrid/engineering/Ignite Apigee Hybrid Proxy Deploy/apigee-hybrid-epic_clinical_gs_patient_v2024
      2 CTO/Apigee-Hybrid/engineering/Ignite Apigee Hybrid Proxy Deploy/apigee-hybrid-epic_clinical_gs_patient_services_v2014r
      2 CTO/Apigee-Hybrid/engineering/Ignite Apigee Hybrid Proxy Deploy/apigee-hybrid-epic_clinical_gs_patient_services_v2014
      2 CTO/Apigee-Hybrid/engineering/Ignite Apigee Hybrid Proxy Deploy/apigee-hybrid-epic_clinical_gs_patient_services_v2013
      2 CTO/Apigee-Hybrid/engineering/Ignite Apigee Hybrid Proxy Deploy/apigee-hybrid-epic_clinical_gs_patient_services_v2012
      2 CTO/Apigee-Hybrid/engineering/Ignite Apigee Hybrid Proxy Deploy/apigee-hybrid-epic_clinical_clinical_services_v2009
      2 CTO/Apigee-Hybrid/engineering/Ignite Apigee Hybrid Proxy Deploy/apigee-hybrid-epic_billing_gs_encoder_v2016r
      2 CTO/Apigee-Hybrid/engineering/Ignite Apigee Hybrid Proxy Deploy/apigee-hybrid-epic_access_gs_patient_services_v2020
      2 CTO/Apigee-Hybrid/engineering/Ignite Apigee Hybrid Proxy Deploy/apigee-hybrid-epic_access_gs_patient_services_v2017
      2 CTO/Apigee-Hybrid/engineering/Ignite Apigee Hybrid Proxy Deploy/apigee-hybrid-entitlement_v2sc
      2 CTO/Apigee-Hybrid/engineering/Ignite Apigee Hybrid Proxy Deploy/apigee-hybrid-enterprise_messaging_web_v1
      2 CTO/Apigee-Hybrid/engineering/Ignite Apigee Hybrid Proxy Deploy/apigee-hybrid-enterprise_messaging_form_api_v1r
      2 CTO/Apigee-Hybrid/engineering/Ignite Apigee Hybrid Proxy Deploy/apigee-hybrid-dss_user_registration_v1rc
      2 CTO/Apigee-Hybrid/engineering/Ignite Apigee Hybrid Proxy Deploy/apigee-hybrid-dpt_profile_and_preferences_v1rc
      2 CTO/Apigee-Hybrid/engineering/Ignite Apigee Hybrid Proxy Deploy/apigee-hybrid-dpt_notification_platform_event_v1_2sh
      2 CTO/Apigee-Hybrid/engineering/Ignite Apigee Hybrid Proxy Deploy/apigee-hybrid-dpt_mnp_callback_v10h
      2 CTO/Apigee-Hybrid/engineering/Ignite Apigee Hybrid Proxy Deploy/apigee-hybrid-docusign_esignature_v2.1r
      2 CTO/Apigee-Hybrid/engineering/Ignite Apigee Hybrid Proxy Deploy/apigee-hybrid-dmz_my_kp_application_v1h
      2 CTO/Apigee-Hybrid/engineering/Ignite Apigee Hybrid Proxy Deploy/apigee-hybrid-cm_group_inquiry_v1
      2 CTO/Apigee-Hybrid/engineering/Ignite Apigee Hybrid Proxy Deploy/apigee-hybrid-catalog_validator_v1r
      2 CTO/Apigee-Hybrid/engineering/Ignite Apigee Hybrid Proxy Deploy/apigee-hybrid-cas_amp_validation_v1r
      2 CTO/Apigee-Hybrid/engineering/Ignite Apigee Hybrid Proxy Deploy/apigee-hybrid-carsws_docs
      2 CTO/Apigee-Hybrid/engineering/Ignite Apigee Hybrid Proxy Deploy/apigee-hybrid-bsor_broker_net_v30
      2 CTO/Apigee-Hybrid/engineering/Ignite Apigee Hybrid Proxy Deploy/apigee-hybrid-az-secure-rsnt_api_event_service_internal_v1
      2 CTO/Apigee-Hybrid/engineering/Ignite Apigee Hybrid Proxy Deploy/apigee-hybrid-az-secure-dnp_file_processing_v2rh
      2 CTO/Apigee-Hybrid/engineering/Ignite Apigee Hybrid Proxy Deploy/apigee-hybrid-az-secure-complianceconnect_elr_salesforce_v1rh
      2 CTO/Apigee-Hybrid/engineering/Ignite Apigee Hybrid Proxy Deploy/apigee-hybrid-api_ecosystem_basic_v1r
      2 CTO/Apigee-Hybrid/engineering/Ignite Apigee Hybrid Proxy Deploy/apigee-hybrid-adp_odm_v1r
      2 CTO/Apigee-Hybrid/engineering/Ignite Apigee Hybrid Proxy Deploy/apigee-hybrid-address_validation_v10
      2 CTO/Apigee-Hybrid/engineering/Ignite Apigee Hybrid Proxy Deploy/apigee-hybrid-account_financial_inquiry_v10
      2 CTO/Apigee-Hybrid/engineering/Ignite Apigee Hybrid Proxy Deploy/apigee-hybrid-abridge_ambient_listening_v1r
      1 CTO/Apigee-Hybrid/engineering/Ignite Apigee Hybrid Proxy Deploy|Ignite Apigee Hybrid Proxy Deploy|class jenkins.branch.OrganizationFolder/
      1 CTO/Apigee-Hybrid/engineering/Ignite Apigee Hybrid Proxy Deploy/apigee-hybrid-zoom-platform-apiv1|apigee-hybrid-zoom-platform-apiv1|class org.jenkinsci.plugins.workflow.multibranch.WorkflowMultiBranchProject
      1 CTO/Apigee-Hybrid/engineering/Ignite Apigee Hybrid Proxy Deploy/apigee-hybrid-word_and_brown_membership_transaction_status_v1r|apigee-hybrid-word_and_brown_membership_transaction_status_v1r|class org.jenkinsci.plugins.workflow.multibranch.WorkflowMultiBranchProject
      1 CTO/Apigee-Hybrid/engineering/Ignite Apigee Hybrid Proxy Deploy/apigee-hybrid-wex_autopay_balance_inquiry_claims_s_v1sh|apigee-hybrid-wex_autopay_balance_inquiry_claims_s_v1sh|class org.jenkinsci.plugins.workflow.multibranch.WorkflowMultiBranchProject
      1 CTO/Apigee-Hybrid/engineering/Ignite Apigee Hybrid Proxy Deploy/apigee-hybrid-washington_child_profile_v1r|apigee-hybrid-washington_child_profile_v1r|class org.jenkinsci.plugins.workflow.multibranch.WorkflowMultiBranchProject
      1 CTO/Apigee-Hybrid/engineering/Ignite Apigee Hybrid Proxy Deploy/apigee-hybrid-warner_pacific_membership_transaction_status_v1r|apigee-hybrid-warner_pacific_membership_transaction_status_v1r|class org.jenkinsci.plugins.workflow.multibranch.WorkflowMultiBranchProject
      1 CTO/Apigee-Hybrid/engineering/Ignite Apigee Hybrid Proxy Deploy/apigee-hybrid-wa_provider_license_v1rh|apigee-hybrid-wa_provider_license_v1rh|class org.jenkinsci.plugins.workflow.multibranch.WorkflowMultiBranchProject
      1 CTO/Apigee-Hybrid/engineering/Ignite Apigee Hybrid Proxy Deploy/apigee-hybrid-veteran_confirmation_v1r|apigee-hybrid-veteran_confirmation_v1r|class org.jenkinsci.plugins.workflow.multibranch.WorkflowMultiBranchProject
      1 CTO/Apigee-Hybrid/engineering/Ignite Apigee Hybrid Proxy Deploy/apigee-hybrid-verids_kba_identity_verification_rest_v1rh|apigee-hybrid-verids_kba_identity_verification_rest_v1rh|class org.jenkinsci.plugins.workflow.multibranch.WorkflowMultiBranchProject
      1 CTO/Apigee-Hybrid/engineering/Ignite Apigee Hybrid Proxy Deploy/apigee-hybrid-vericred_membership_transaction_status|apigee-hybrid-vericred_membership_transaction_status|class org.jenkinsci.plugins.workflow.multibranch.WorkflowMultiBranchProject
      1 CTO/Apigee-Hybrid/engineering/Ignite Apigee Hybrid Proxy Deploy/apigee-hybrid-validic_order_v1r|apigee-hybrid-validic_order_v1r|class org.jenkinsci.plugins.workflow.multibranch.WorkflowMultiBranchProject
      1 CTO/Apigee-Hybrid/engineering/Ignite Apigee Hybrid Proxy Deploy/apigee-hybrid-validic_oauth_v1r|apigee-hybrid-validic_oauth_v1r|class org.jenkinsci.plugins.workflow.multibranch.WorkflowMultiBranchProject
      1 CTO/Apigee-Hybrid/engineering/Ignite Apigee Hybrid Proxy Deploy/apigee-hybrid-validic_impact_v1r|apigee-hybrid-validic_impact_v1r|class org.jenkinsci.plugins.workflow.multibranch.WorkflowMultiBranchProject
      1 CTO/Apigee-Hybrid/engineering/Ignite Apigee Hybrid Proxy Deploy/apigee-hybrid-usps_webtools_v1r|apigee-hybrid-usps_webtools_v1r|class org.jenkinsci.plugins.workflow.multibranch.WorkflowMultiBranchProject
      1 CTO/Apigee-Hybrid/engineering/Ignite Apigee Hybrid Proxy Deploy/apigee-hybrid-user_group_detail_v10r|apigee-hybrid-user_group_detail_v10r|class org.jenkinsci.plugins.workflow.multibranch.WorkflowMultiBranchProject
      1 CTO/Apigee-Hybrid/engineering/Ignite Apigee Hybrid Proxy Deploy/apigee-hybrid-user_data_v214|apigee-hybrid-user_data_v214|class org.jenkinsci.plugins.workflow.multibranch.WorkflowMultiBranchProject
      1 CTO/Apigee-Hybrid/engineering/Ignite Apigee Hybrid Proxy Deploy/apigee-hybrid-update_provider_panel_status_v20|apigee-hybrid-update_provider_panel_status_v20|class org.jenkinsci.plugins.workflow.multibranch.WorkflowMultiBranchProject
      1 CTO/Apigee-Hybrid/engineering/Ignite Apigee Hybrid Proxy Deploy/apigee-hybrid-update_nonpatient_demographics_api_v1sh|apigee-hybrid-update_nonpatient_demographics_api_v1sh|class org.jenkinsci.plugins.workflow.multibranch.WorkflowMultiBranchProject
      1 CTO/Apigee-Hybrid/engineering/Ignite Apigee Hybrid Proxy Deploy/apigee-hybrid-update_non_patient_demographics_v1sh|apigee-hybrid-update_non_patient_demographics_v1sh|class org.jenkinsci.plugins.workflow.multibranch.WorkflowMultiBranchProject
      1 CTO/Apigee-Hybrid/engineering/Ignite Apigee Hybrid Proxy Deploy/apigee-hybrid-update_non_patient_demographics_v1sh
      1 CTO/Apigee-Hybrid/engineering/Ignite Apigee Hybrid Proxy Deploy/apigee-hybrid-update_initiate_sold_quote_process_v10|apigee-hybrid-update_initiate_sold_quote_process_v10|class org.jenkinsci.plugins.workflow.multibranch.WorkflowMultiBranchProject
      1 CTO/Apigee-Hybrid/engineering/Ignite Apigee Hybrid Proxy Deploy/apigee-hybrid-unite_us_platform_api_v1r|apigee-hybrid-unite_us_platform_api_v1r|class org.jenkinsci.plugins.workflow.multibranch.WorkflowMultiBranchProject
      1 CTO/Apigee-Hybrid/engineering/Ignite Apigee Hybrid Proxy Deploy/apigee-hybrid-unite_us_crn_v1r|apigee-hybrid-unite_us_crn_v1r|class org.jenkinsci.plugins.workflow.multibranch.WorkflowMultiBranchProject
      1 CTO/Apigee-Hybrid/engineering/Ignite Apigee Hybrid Proxy Deploy/apigee-hybrid-tufin_securechange_v1_0r|apigee-hybrid-tufin_securechange_v1_0r|class org.jenkinsci.plugins.workflow.multibranch.WorkflowMultiBranchProject
      1 CTO/Apigee-Hybrid/engineering/Ignite Apigee Hybrid Proxy Deploy/apigee-hybrid-trial_claim_v1r|apigee-hybrid-trial_claim_v1r|class org.jenkinsci.plugins.workflow.multibranch.WorkflowMultiBranchProject
      1 CTO/Apigee-Hybrid/engineering/Ignite Apigee Hybrid Proxy Deploy/apigee-hybrid-trdl_nist_cvss_v2rh|apigee-hybrid-trdl_nist_cvss_v2rh|class org.jenkinsci.plugins.workflow.multibranch.WorkflowMultiBranchProject
      1 CTO/Apigee-Hybrid/engineering/Ignite Apigee Hybrid Proxy Deploy/apigee-hybrid-trda_data_etl_v52s|apigee-hybrid-trda_data_etl_v52s|class org.jenkinsci.plugins.workflow.multibranch.WorkflowMultiBranchProject
      1 CTO/Apigee-Hybrid/engineering/Ignite Apigee Hybrid Proxy Deploy/apigee-hybrid-trda_data_etl_v52r|apigee-hybrid-trda_data_etl_v52r|class org.jenkinsci.plugins.workflow.multibranch.WorkflowMultiBranchProject
      1 CTO/Apigee-Hybrid/engineering/Ignite Apigee Hybrid Proxy Deploy/apigee-hybrid-transcare_patient_v1r|apigee-hybrid-transcare_patient_v1r|class org.jenkinsci.plugins.workflow.multibranch.WorkflowMultiBranchProject
      1 CTO/Apigee-Hybrid/engineering/Ignite Apigee Hybrid Proxy Deploy/apigee-hybrid-tms_memberbenefitsinquiry_v10|apigee-hybrid-tms_memberbenefitsinquiry_v10|class org.jenkinsci.plugins.workflow.multibranch.WorkflowMultiBranchProject
      1 CTO/Apigee-Hybrid/engineering/Ignite Apigee Hybrid Proxy Deploy/apigee-hybrid-tms_member_history_v1|apigee-hybrid-tms_member_history_v1|class org.jenkinsci.plugins.workflow.multibranch.WorkflowMultiBranchProject
      1 CTO/Apigee-Hybrid/engineering/Ignite Apigee Hybrid Proxy Deploy/apigee-hybrid-tms_grouplookup_v10|apigee-hybrid-tms_grouplookup_v10|class org.jenkinsci.plugins.workflow.multibranch.WorkflowMultiBranchProject
      1 CTO/Apigee-Hybrid/engineering/Ignite Apigee Hybrid Proxy Deploy/apigee-hybrid-tms_groupinquiry_v20|apigee-hybrid-tms_groupinquiry_v20|class org.jenkinsci.plugins.workflow.multibranch.WorkflowMultiBranchProject
      1 CTO/Apigee-Hybrid/engineering/Ignite Apigee Hybrid Proxy Deploy/apigee-hybrid-tms_groupinquiry_v10|apigee-hybrid-tms_groupinquiry_v10|class org.jenkinsci.plugins.workflow.multibranch.WorkflowMultiBranchProject
      1 CTO/Apigee-Hybrid/engineering/Ignite Apigee Hybrid Proxy Deploy/apigee-hybrid-tms_familyinquiry_v10|apigee-hybrid-tms_familyinquiry_v10|class org.jenkinsci.plugins.workflow.multibranch.WorkflowMultiBranchProject
      1 CTO/Apigee-Hybrid/engineering/Ignite Apigee Hybrid Proxy Deploy/apigee-hybrid-tms_dpaaccountmanagement_v10|apigee-hybrid-tms_dpaaccountmanagement_v10|class org.jenkinsci.plugins.workflow.multibranch.WorkflowMultiBranchProject
      1 CTO/Apigee-Hybrid/engineering/Ignite Apigee Hybrid Proxy Deploy/apigee-hybrid-test_proxy_generator_v1_0_8r|apigee-hybrid-test_proxy_generator_v1_0_8r|class org.jenkinsci.plugins.workflow.multibranch.WorkflowMultiBranchProject
      1 CTO/Apigee-Hybrid/engineering/Ignite Apigee Hybrid Proxy Deploy/apigee-hybrid-surveyconnectdistlist_v1r|apigee-hybrid-surveyconnectdistlist_v1r|class org.jenkinsci.plugins.workflow.multibranch.WorkflowMultiBranchProject
      1 CTO/Apigee-Hybrid/engineering/Ignite Apigee Hybrid Proxy Deploy/apigee-hybrid-survey_connect_patient_encounter_v1r|apigee-hybrid-survey_connect_patient_encounter_v1r|class org.jenkinsci.plugins.workflow.multibranch.WorkflowMultiBranchProject
      1 CTO/Apigee-Hybrid/engineering/Ignite Apigee Hybrid Proxy Deploy/apigee-hybrid-surescripts_retail_messaging_v10r|apigee-hybrid-surescripts_retail_messaging_v10r|class org.jenkinsci.plugins.workflow.multibranch.WorkflowMultiBranchProject
      1 CTO/Apigee-Hybrid/engineering/Ignite Apigee Hybrid Proxy Deploy/apigee-hybrid-surescripts_epa_messaging_v1r|apigee-hybrid-surescripts_epa_messaging_v1r|class org.jenkinsci.plugins.workflow.multibranch.WorkflowMultiBranchProject
      1 CTO/Apigee-Hybrid/engineering/Ignite Apigee Hybrid Proxy Deploy/apigee-hybrid-support_monitoring_and_recovery_tool_v3r|apigee-hybrid-support_monitoring_and_recovery_tool_v3r|class org.jenkinsci.plugins.workflow.multibranch.WorkflowMultiBranchProject
      1 CTO/Apigee-Hybrid/engineering/Ignite Apigee Hybrid Proxy Deploy/apigee-hybrid-subscriberaccount_v1r|apigee-hybrid-subscriberaccount_v1r|class org.jenkinsci.plugins.workflow.multibranch.WorkflowMultiBranchProject
      1 CTO/Apigee-Hybrid/engineering/Ignite Apigee Hybrid Proxy Deploy/apigee-hybrid-ssn_solicitation_rest_v1|apigee-hybrid-ssn_solicitation_rest_v1|class org.jenkinsci.plugins.workflow.multibranch.WorkflowMultiBranchProject
      1 CTO/Apigee-Hybrid/engineering/Ignite Apigee Hybrid Proxy Deploy/apigee-hybrid-ssindvbinderpayaci_v1r|apigee-hybrid-ssindvbinderpayaci_v1r|class org.jenkinsci.plugins.workflow.multibranch.WorkflowMultiBranchProject
      1 CTO/Apigee-Hybrid/engineering/Ignite Apigee Hybrid Proxy Deploy/apigee-hybrid-spas_commission_schedule_v1|apigee-hybrid-spas_commission_schedule_v1|class org.jenkinsci.plugins.workflow.multibranch.WorkflowMultiBranchProject
      1 CTO/Apigee-Hybrid/engineering/Ignite Apigee Hybrid Proxy Deploy/apigee-hybrid-snap_ssp_package_restful_v10|apigee-hybrid-snap_ssp_package_restful_v10|class org.jenkinsci.plugins.workflow.multibranch.WorkflowMultiBranchProject
      1 CTO/Apigee-Hybrid/engineering/Ignite Apigee Hybrid Proxy Deploy/apigee-hybrid-snap_nsgcp_package_v1r|apigee-hybrid-snap_nsgcp_package_v1r|class org.jenkinsci.plugins.workflow.multibranch.WorkflowMultiBranchProject
      1 CTO/Apigee-Hybrid/engineering/Ignite Apigee Hybrid Proxy Deploy/apigee-hybrid-snap_dms_package_restful_v10|apigee-hybrid-snap_dms_package_restful_v10|class org.jenkinsci.plugins.workflow.multibranch.WorkflowMultiBranchProject
      1 CTO/Apigee-Hybrid/engineering/Ignite Apigee Hybrid Proxy Deploy/apigee-hybrid-smt_questionnaire_api_v1r|apigee-hybrid-smt_questionnaire_api_v1r|class org.jenkinsci.plugins.workflow.multibranch.WorkflowMultiBranchProject
      1 CTO/Apigee-Hybrid/engineering/Ignite Apigee Hybrid Proxy Deploy/apigee-hybrid-smt_maintenance_status_v1r|apigee-hybrid-smt_maintenance_status_v1r|class org.jenkinsci.plugins.workflow.multibranch.WorkflowMultiBranchProject
      1 CTO/Apigee-Hybrid/engineering/Ignite Apigee Hybrid Proxy Deploy/apigee-hybrid-smt_appointment_api_v1r|apigee-hybrid-smt_appointment_api_v1r|class org.jenkinsci.plugins.workflow.multibranch.WorkflowMultiBranchProject
      1 CTO/Apigee-Hybrid/engineering/Ignite Apigee Hybrid Proxy Deploy/apigee-hybrid-simplifyhealth_planbenefit_v1r|apigee-hybrid-simplifyhealth_planbenefit_v1r|class org.jenkinsci.plugins.workflow.multibranch.WorkflowMultiBranchProject
      1 CTO/Apigee-Hybrid/engineering/Ignite Apigee Hybrid Proxy Deploy/apigee-hybrid-shp_data_acceptor_v1|apigee-hybrid-shp_data_acceptor_v1|class org.jenkinsci.plugins.workflow.multibranch.WorkflowMultiBranchProject
      1 CTO/Apigee-Hybrid/engineering/Ignite Apigee Hybrid Proxy Deploy/apigee-hybrid-servicenow_u_sn_asset_manager_table_v1r|apigee-hybrid-servicenow_u_sn_asset_manager_table_v1r|class org.jenkinsci.plugins.workflow.multibranch.WorkflowMultiBranchProject
      1 CTO/Apigee-Hybrid/engineering/Ignite Apigee Hybrid Proxy Deploy/apigee-hybrid-servicenow_u_ansible_decommission_3_0_table_v1r|apigee-hybrid-servicenow_u_ansible_decommission_3_0_table_v1r|class org.jenkinsci.plugins.workflow.multibranch.WorkflowMultiBranchProject
      1 CTO/Apigee-Hybrid/engineering/Ignite Apigee Hybrid Proxy Deploy/apigee-hybrid-servicenow_table_api_fam_v1|apigee-hybrid-servicenow_table_api_fam_v1|class org.jenkinsci.plugins.workflow.multibranch.WorkflowMultiBranchProject
      1 CTO/Apigee-Hybrid/engineering/Ignite Apigee Hybrid Proxy Deploy/apigee-hybrid-servicenow_sys_attachment_table_v1r|apigee-hybrid-servicenow_sys_attachment_table_v1r|class org.jenkinsci.plugins.workflow.multibranch.WorkflowMultiBranchProject
      1 CTO/Apigee-Hybrid/engineering/Ignite Apigee Hybrid Proxy Deploy/apigee-hybrid-servicenow_sc_task_table_v1r|apigee-hybrid-servicenow_sc_task_table_v1r|class org.jenkinsci.plugins.workflow.multibranch.WorkflowMultiBranchProject
      1 CTO/Apigee-Hybrid/engineering/Ignite Apigee Hybrid Proxy Deploy/apigee-hybrid-servicenow_sc_task_table_fam_v2|apigee-hybrid-servicenow_sc_task_table_fam_v2|class org.jenkinsci.plugins.workflow.multibranch.WorkflowMultiBranchProject
      1 CTO/Apigee-Hybrid/engineering/Ignite Apigee Hybrid Proxy Deploy/apigee-hybrid-servicenow_rm_task_table_v1r|apigee-hybrid-servicenow_rm_task_table_v1r|class org.jenkinsci.plugins.workflow.multibranch.WorkflowMultiBranchProject
      1 CTO/Apigee-Hybrid/engineering/Ignite Apigee Hybrid Proxy Deploy/apigee-hybrid-servicenow_release_task_update_inbound_v1r|apigee-hybrid-servicenow_release_task_update_inbound_v1r|class org.jenkinsci.plugins.workflow.multibranch.WorkflowMultiBranchProject
      1 CTO/Apigee-Hybrid/engineering/Ignite Apigee Hybrid Proxy Deploy/apigee-hybrid-servicenow_problem_task_table_v1r|apigee-hybrid-servicenow_problem_task_table_v1r|class org.jenkinsci.plugins.workflow.multibranch.WorkflowMultiBranchProject
      1 CTO/Apigee-Hybrid/engineering/Ignite Apigee Hybrid Proxy Deploy/apigee-hybrid-servicenow_ot_security_v1r|apigee-hybrid-servicenow_ot_security_v1r|class org.jenkinsci.plugins.workflow.multibranch.WorkflowMultiBranchProject
      1 CTO/Apigee-Hybrid/engineering/Ignite Apigee Hybrid Proxy Deploy/apigee-hybrid-servicenow_obtain_oauth2_token_fam_v2r|apigee-hybrid-servicenow_obtain_oauth2_token_fam_v2r|class org.jenkinsci.plugins.workflow.multibranch.WorkflowMultiBranchProject
      1 CTO/Apigee-Hybrid/engineering/Ignite Apigee Hybrid Proxy Deploy/apigee-hybrid-servicenow_incident_table_get_v1r|apigee-hybrid-servicenow_incident_table_get_v1r|class org.jenkinsci.plugins.workflow.multibranch.WorkflowMultiBranchProject
      1 CTO/Apigee-Hybrid/engineering/Ignite Apigee Hybrid Proxy Deploy/apigee-hybrid-servicenow_incident_table_fam_v1|apigee-hybrid-servicenow_incident_table_fam_v1|class org.jenkinsci.plugins.workflow.multibranch.WorkflowMultiBranchProject
      1 CTO/Apigee-Hybrid/engineering/Ignite Apigee Hybrid Proxy Deploy/apigee-hybrid-servicenow_genericincidentcreateupdate_v1r|apigee-hybrid-servicenow_genericincidentcreateupdate_v1r|class org.jenkinsci.plugins.workflow.multibranch.WorkflowMultiBranchProject
      1 CTO/Apigee-Hybrid/engineering/Ignite Apigee Hybrid Proxy Deploy/apigee-hybrid-servicenow_generic_release_task_create_update_v1r|apigee-hybrid-servicenow_generic_release_task_create_update_v1r|class org.jenkinsci.plugins.workflow.multibranch.WorkflowMultiBranchProject
      1 CTO/Apigee-Hybrid/engineering/Ignite Apigee Hybrid Proxy Deploy/apigee-hybrid-servicenow_generic_api_v1|apigee-hybrid-servicenow_generic_api_v1|class org.jenkinsci.plugins.workflow.multibranch.WorkflowMultiBranchProject
      1 CTO/Apigee-Hybrid/engineering/Ignite Apigee Hybrid Proxy Deploy/apigee-hybrid-servicenow_demand_api_v1r|apigee-hybrid-servicenow_demand_api_v1r|class org.jenkinsci.plugins.workflow.multibranch.WorkflowMultiBranchProject
      1 CTO/Apigee-Hybrid/engineering/Ignite Apigee Hybrid Proxy Deploy/apigee-hybrid-servicenow_create_update_incident_v1sh|apigee-hybrid-servicenow_create_update_incident_v1sh|class org.jenkinsci.plugins.workflow.multibranch.WorkflowMultiBranchProject
      1 CTO/Apigee-Hybrid/engineering/Ignite Apigee Hybrid Proxy Deploy/apigee-hybrid-servicenow_create_update_incident_v1sh
      1 CTO/Apigee-Hybrid/engineering/Ignite Apigee Hybrid Proxy Deploy/apigee-hybrid-servicenow_cmdb_ci_table_v1r|apigee-hybrid-servicenow_cmdb_ci_table_v1r|class org.jenkinsci.plugins.workflow.multibranch.WorkflowMultiBranchProject
      1 CTO/Apigee-Hybrid/engineering/Ignite Apigee Hybrid Proxy Deploy/apigee-hybrid-servicenow_change_task_table_fam_v1|apigee-hybrid-servicenow_change_task_table_fam_v1|class org.jenkinsci.plugins.workflow.multibranch.WorkflowMultiBranchProject
      1 CTO/Apigee-Hybrid/engineering/Ignite Apigee Hybrid Proxy Deploy/apigee-hybrid-servicenow_change_request_table_fam_v2|apigee-hybrid-servicenow_change_request_table_fam_v2|class org.jenkinsci.plugins.workflow.multibranch.WorkflowMultiBranchProject
      1 CTO/Apigee-Hybrid/engineering/Ignite Apigee Hybrid Proxy Deploy/apigee-hybrid-sequoia_membership_transaction_status_v1rh|apigee-hybrid-sequoia_membership_transaction_status_v1rh|class org.jenkinsci.plugins.workflow.multibranch.WorkflowMultiBranchProject
      1 CTO/Apigee-Hybrid/engineering/Ignite Apigee Hybrid Proxy Deploy/apigee-hybrid-secure-zoom-app-bff-v1r|apigee-hybrid-secure-zoom-app-bff-v1r|class org.jenkinsci.plugins.workflow.multibranch.WorkflowMultiBranchProject
      1 CTO/Apigee-Hybrid/engineering/Ignite Apigee Hybrid Proxy Deploy/apigee-hybrid-secure-workforce_central_v1r|apigee-hybrid-secure-workforce_central_v1r|class org.jenkinsci.plugins.workflow.multibranch.WorkflowMultiBranchProject
      1 CTO/Apigee-Hybrid/engineering/Ignite Apigee Hybrid Proxy Deploy/apigee-hybrid-secure-vvewebhookservice_1.0.0v1|apigee-hybrid-secure-vvewebhookservice_1.0.0v1|class org.jenkinsci.plugins.workflow.multibranch.WorkflowMultiBranchProject
      1 CTO/Apigee-Hybrid/engineering/Ignite Apigee Hybrid Proxy Deploy/apigee-hybrid-secure-vveconsentservice_1.0.0v1|apigee-hybrid-secure-vveconsentservice_1.0.0v1|class org.jenkinsci.plugins.workflow.multibranch.WorkflowMultiBranchProject
      1 CTO/Apigee-Hybrid/engineering/Ignite Apigee Hybrid Proxy Deploy/apigee-hybrid-secure-vveconferenceservice_1.0.0v1|apigee-hybrid-secure-vveconferenceservice_1.0.0v1|class org.jenkinsci.plugins.workflow.multibranch.WorkflowMultiBranchProject
      1 CTO/Apigee-Hybrid/engineering/Ignite Apigee Hybrid Proxy Deploy/apigee-hybrid-secure-vve_zoom_app_cliniciandir_bff_v1r|apigee-hybrid-secure-vve_zoom_app_cliniciandir_bff_v1r|class org.jenkinsci.plugins.workflow.multibranch.WorkflowMultiBranchProject
      1 CTO/Apigee-Hybrid/engineering/Ignite Apigee Hybrid Proxy Deploy/apigee-hybrid-secure-vve_zoom_app_attendeerpt_bff_v1r|apigee-hybrid-secure-vve_zoom_app_attendeerpt_bff_v1r|class org.jenkinsci.plugins.workflow.multibranch.WorkflowMultiBranchProject
      1 CTO/Apigee-Hybrid/engineering/Ignite Apigee Hybrid Proxy Deploy/apigee-hybrid-secure-video_visits_api_v3|apigee-hybrid-secure-video_visits_api_v3|class org.jenkinsci.plugins.workflow.multibranch.WorkflowMultiBranchProject
      1 CTO/Apigee-Hybrid/engineering/Ignite Apigee Hybrid Proxy Deploy/apigee-hybrid-secure-video_visits_api_v2r|apigee-hybrid-secure-video_visits_api_v2r|class org.jenkinsci.plugins.workflow.multibranch.WorkflowMultiBranchProject
      1 CTO/Apigee-Hybrid/engineering/Ignite Apigee Hybrid Proxy Deploy/apigee-hybrid-secure-vers_retail_v20|apigee-hybrid-secure-vers_retail_v20|class org.jenkinsci.plugins.workflow.multibranch.WorkflowMultiBranchProject
      1 CTO/Apigee-Hybrid/engineering/Ignite Apigee Hybrid Proxy Deploy/apigee-hybrid-secure-vers_retail_v10|apigee-hybrid-secure-vers_retail_v10|class org.jenkinsci.plugins.workflow.multibranch.WorkflowMultiBranchProject
      1 CTO/Apigee-Hybrid/engineering/Ignite Apigee Hybrid Proxy Deploy/apigee-hybrid-secure-vers_patient_v20|apigee-hybrid-secure-vers_patient_v20|class org.jenkinsci.plugins.workflow.multibranch.WorkflowMultiBranchProject
      1 CTO/Apigee-Hybrid/engineering/Ignite Apigee Hybrid Proxy Deploy/apigee-hybrid-secure-vers_patient_v10|apigee-hybrid-secure-vers_patient_v10|class org.jenkinsci.plugins.workflow.multibranch.WorkflowMultiBranchProject
      1 CTO/Apigee-Hybrid/engineering/Ignite Apigee Hybrid Proxy Deploy/apigee-hybrid-secure-vers_ows_v20|apigee-hybrid-secure-vers_ows_v20|class org.jenkinsci.plugins.workflow.multibranch.WorkflowMultiBranchProject
      1 CTO/Apigee-Hybrid/engineering/Ignite Apigee Hybrid Proxy Deploy/apigee-hybrid-secure-vers_ows_v10|apigee-hybrid-secure-vers_ows_v10|class org.jenkinsci.plugins.workflow.multibranch.WorkflowMultiBranchProject
      1 CTO/Apigee-Hybrid/engineering/Ignite Apigee Hybrid Proxy Deploy/apigee-hybrid-secure-vers_login_v20|apigee-hybrid-secure-vers_login_v20|class org.jenkinsci.plugins.workflow.multibranch.WorkflowMultiBranchProject
      1 CTO/Apigee-Hybrid/engineering/Ignite Apigee Hybrid Proxy Deploy/apigee-hybrid-secure-vers_login_v10|apigee-hybrid-secure-vers_login_v10|class org.jenkinsci.plugins.workflow.multibranch.WorkflowMultiBranchProject
      1 CTO/Apigee-Hybrid/engineering/Ignite Apigee Hybrid Proxy Deploy/apigee-hybrid-secure-vers_health_insurance_v20|apigee-hybrid-secure-vers_health_insurance_v20|class org.jenkinsci.plugins.workflow.multibranch.WorkflowMultiBranchProject
      1 CTO/Apigee-Hybrid/engineering/Ignite Apigee Hybrid Proxy Deploy/apigee-hybrid-secure-vers_health_insurance_v10|apigee-hybrid-secure-vers_health_insurance_v10|class org.jenkinsci.plugins.workflow.multibranch.WorkflowMultiBranchProject
      1 CTO/Apigee-Hybrid/engineering/Ignite Apigee Hybrid Proxy Deploy/apigee-hybrid-secure-vers_booking_v20|apigee-hybrid-secure-vers_booking_v20|class org.jenkinsci.plugins.workflow.multibranch.WorkflowMultiBranchProject
      1 CTO/Apigee-Hybrid/engineering/Ignite Apigee Hybrid Proxy Deploy/apigee-hybrid-secure-user_identifier_external_v1r|apigee-hybrid-secure-user_identifier_external_v1r|class org.jenkinsci.plugins.workflow.multibranch.WorkflowMultiBranchProject
      1 CTO/Apigee-Hybrid/engineering/Ignite Apigee Hybrid Proxy Deploy/apigee-hybrid-secure-triduum_mental_health_and_wellness_controller_v1r|apigee-hybrid-secure-triduum_mental_health_and_wellness_controller_v1r|class org.jenkinsci.plugins.workflow.multibranch.WorkflowMultiBranchProject
      1 CTO/Apigee-Hybrid/engineering/Ignite Apigee Hybrid Proxy Deploy/apigee-hybrid-secure-tpamemberlookup_v10|apigee-hybrid-secure-tpamemberlookup_v10|class org.jenkinsci.plugins.workflow.multibranch.WorkflowMultiBranchProject
      1 CTO/Apigee-Hybrid/engineering/Ignite Apigee Hybrid Proxy Deploy/apigee-hybrid-secure-ssglobalheader_bff_v1r|apigee-hybrid-secure-ssglobalheader_bff_v1r|class org.jenkinsci.plugins.workflow.multibranch.WorkflowMultiBranchProject
      1 CTO/Apigee-Hybrid/engineering/Ignite Apigee Hybrid Proxy Deploy/apigee-hybrid-secure-snap_gabrkr_package_v10|apigee-hybrid-secure-snap_gabrkr_package_v10|class org.jenkinsci.plugins.workflow.multibranch.WorkflowMultiBranchProject
      1 CTO/Apigee-Hybrid/engineering/Ignite Apigee Hybrid Proxy Deploy/apigee-hybrid-secure-servicenow_obtain_oauth2_token_v1r|apigee-hybrid-secure-servicenow_obtain_oauth2_token_v1r|class org.jenkinsci.plugins.workflow.multibranch.WorkflowMultiBranchProject
      1 CTO/Apigee-Hybrid/engineering/Ignite Apigee Hybrid Proxy Deploy/apigee-hybrid-secure-servicenow_incident_verizon_ebonding_v1r|apigee-hybrid-secure-servicenow_incident_verizon_ebonding_v1r|class org.jenkinsci.plugins.workflow.multibranch.WorkflowMultiBranchProject
      1 CTO/Apigee-Hybrid/engineering/Ignite Apigee Hybrid Proxy Deploy/apigee-hybrid-secure-servicenow_incident_convergeone_ebonding_v1r|apigee-hybrid-secure-servicenow_incident_convergeone_ebonding_v1r|class org.jenkinsci.plugins.workflow.multibranch.WorkflowMultiBranchProject
      1 CTO/Apigee-Hybrid/engineering/Ignite Apigee Hybrid Proxy Deploy/apigee-hybrid-secure-servicenow_catalog_task_verizon_ebonding_v1r|apigee-hybrid-secure-servicenow_catalog_task_verizon_ebonding_v1r|class org.jenkinsci.plugins.workflow.multibranch.WorkflowMultiBranchProject
      1 CTO/Apigee-Hybrid/engineering/Ignite Apigee Hybrid Proxy Deploy/apigee-hybrid-secure-see_quote_v1r|apigee-hybrid-secure-see_quote_v1r|class org.jenkinsci.plugins.workflow.multibranch.WorkflowMultiBranchProject
      1 CTO/Apigee-Hybrid/engineering/Ignite Apigee Hybrid Proxy Deploy/apigee-hybrid-secure-see_kpif_plans_v1r|apigee-hybrid-secure-see_kpif_plans_v1r|class org.jenkinsci.plugins.workflow.multibranch.WorkflowMultiBranchProject
      1 CTO/Apigee-Hybrid/engineering/Ignite Apigee Hybrid Proxy Deploy/apigee-hybrid-secure-sbmo_epims_v4|apigee-hybrid-secure-sbmo_epims_v4|class org.jenkinsci.plugins.workflow.multibranch.WorkflowMultiBranchProject
      1 CTO/Apigee-Hybrid/engineering/Ignite Apigee Hybrid Proxy Deploy/apigee-hybrid-secure-sam_document_library_v1r|apigee-hybrid-secure-sam_document_library_v1r|class org.jenkinsci.plugins.workflow.multibranch.WorkflowMultiBranchProject
      1 CTO/Apigee-Hybrid/engineering/Ignite Apigee Hybrid Proxy Deploy/apigee-hybrid-secure-sales_eligibility_engine_service_area_v1r|apigee-hybrid-secure-sales_eligibility_engine_service_area_v1r|class org.jenkinsci.plugins.workflow.multibranch.WorkflowMultiBranchProject
      1 CTO/Apigee-Hybrid/engineering/Ignite Apigee Hybrid Proxy Deploy/apigee-hybrid-secure-rate_quote_request_details_v10|apigee-hybrid-secure-rate_quote_request_details_v10|class org.jenkinsci.plugins.workflow.multibranch.WorkflowMultiBranchProject
      1 CTO/Apigee-Hybrid/engineering/Ignite Apigee Hybrid Proxy Deploy/apigee-hybrid-secure-provider_directory_attestation_v1r|apigee-hybrid-secure-provider_directory_attestation_v1r|class org.jenkinsci.plugins.workflow.multibranch.WorkflowMultiBranchProject
      1 CTO/Apigee-Hybrid/engineering/Ignite Apigee Hybrid Proxy Deploy/apigee-hybrid-secure-pmtssbff-apiv1|apigee-hybrid-secure-pmtssbff-apiv1|class org.jenkinsci.plugins.workflow.multibranch.WorkflowMultiBranchProject
      1 CTO/Apigee-Hybrid/engineering/Ignite Apigee Hybrid Proxy Deploy/apigee-hybrid-secure-pharmacy_mobile_checkin_v1rc|apigee-hybrid-secure-pharmacy_mobile_checkin_v1rc|class org.jenkinsci.plugins.workflow.multibranch.WorkflowMultiBranchProject
      1 CTO/Apigee-Hybrid/engineering/Ignite Apigee Hybrid Proxy Deploy/apigee-hybrid-secure-payment_posting_integration_v1rc|apigee-hybrid-secure-payment_posting_integration_v1rc|class org.jenkinsci.plugins.workflow.multibranch.WorkflowMultiBranchProject
      1 CTO/Apigee-Hybrid/engineering/Ignite Apigee Hybrid Proxy Deploy/apigee-hybrid-secure-onelink_valid_gl_string_fda_approver_inbound_v1r|apigee-hybrid-secure-onelink_valid_gl_string_fda_approver_inbound_v1r|class org.jenkinsci.plugins.workflow.multibranch.WorkflowMultiBranchProject
      1 CTO/Apigee-Hybrid/engineering/Ignite Apigee Hybrid Proxy Deploy/apigee-hybrid-secure-onelink_rfxcel_pharmacy_receipts_inbound_v1r|apigee-hybrid-secure-onelink_rfxcel_pharmacy_receipts_inbound_v1r|class org.jenkinsci.plugins.workflow.multibranch.WorkflowMultiBranchProject
      1 CTO/Apigee-Hybrid/engineering/Ignite Apigee Hybrid Proxy Deploy/apigee-hybrid-secure-onelink_invoice_micro_inbound_v1r|apigee-hybrid-secure-onelink_invoice_micro_inbound_v1r|class org.jenkinsci.plugins.workflow.multibranch.WorkflowMultiBranchProject
      1 CTO/Apigee-Hybrid/engineering/Ignite Apigee Hybrid Proxy Deploy/apigee-hybrid-secure-onelink_financial_delegation_inbound_v1r|apigee-hybrid-secure-onelink_financial_delegation_inbound_v1r|class org.jenkinsci.plugins.workflow.multibranch.WorkflowMultiBranchProject
      1 CTO/Apigee-Hybrid/engineering/Ignite Apigee Hybrid Proxy Deploy/apigee-hybrid-secure-onelink_drofus_order_validation_inbound_v1r|apigee-hybrid-secure-onelink_drofus_order_validation_inbound_v1r|class org.jenkinsci.plugins.workflow.multibranch.WorkflowMultiBranchProject
      1 CTO/Apigee-Hybrid/engineering/Ignite Apigee Hybrid Proxy Deploy/apigee-hybrid-secure-onelink_drofus_order_submission_inbound_v1r|apigee-hybrid-secure-onelink_drofus_order_submission_inbound_v1r|class org.jenkinsci.plugins.workflow.multibranch.WorkflowMultiBranchProject
      1 CTO/Apigee-Hybrid/engineering/Ignite Apigee Hybrid Proxy Deploy/apigee-hybrid-secure-onelink_apex_vendor_data_inbound_v1r|apigee-hybrid-secure-onelink_apex_vendor_data_inbound_v1r|class org.jenkinsci.plugins.workflow.multibranch.WorkflowMultiBranchProject
      1 CTO/Apigee-Hybrid/engineering/Ignite Apigee Hybrid Proxy Deploy/apigee-hybrid-secure-onelink_3pl_inbound_v1r|apigee-hybrid-secure-onelink_3pl_inbound_v1r|class org.jenkinsci.plugins.workflow.multibranch.WorkflowMultiBranchProject
      1 CTO/Apigee-Hybrid/engineering/Ignite Apigee Hybrid Proxy Deploy/apigee-hybrid-secure-one_link_requisition_inquiry_service|apigee-hybrid-secure-one_link_requisition_inquiry_service|class org.jenkinsci.plugins.workflow.multibranch.WorkflowMultiBranchProject
      1 CTO/Apigee-Hybrid/engineering/Ignite Apigee Hybrid Proxy Deploy/apigee-hybrid-secure-one_link_project_creation_v1r|apigee-hybrid-secure-one_link_project_creation_v1r|class org.jenkinsci.plugins.workflow.multibranch.WorkflowMultiBranchProject
      1 CTO/Apigee-Hybrid/engineering/Ignite Apigee Hybrid Proxy Deploy/apigee-hybrid-secure-one_link_multi_operation_api_v10|apigee-hybrid-secure-one_link_multi_operation_api_v10|class org.jenkinsci.plugins.workflow.multibranch.WorkflowMultiBranchProject
      1 CTO/Apigee-Hybrid/engineering/Ignite Apigee Hybrid Proxy Deploy/apigee-hybrid-secure-one_link_macro_helix_inbound_v10|apigee-hybrid-secure-one_link_macro_helix_inbound_v10|class org.jenkinsci.plugins.workflow.multibranch.WorkflowMultiBranchProject
      1 CTO/Apigee-Hybrid/engineering/Ignite Apigee Hybrid Proxy Deploy/apigee-hybrid-secure-one_link_http_connector_r_v10|apigee-hybrid-secure-one_link_http_connector_r_v10|class org.jenkinsci.plugins.workflow.multibranch.WorkflowMultiBranchProject
      1 CTO/Apigee-Hybrid/engineering/Ignite Apigee Hybrid Proxy Deploy/apigee-hybrid-secure-one_link_gl_combo_validation_v1r|apigee-hybrid-secure-one_link_gl_combo_validation_v1r|class org.jenkinsci.plugins.workflow.multibranch.WorkflowMultiBranchProject
      1 CTO/Apigee-Hybrid/engineering/Ignite Apigee Hybrid Proxy Deploy/apigee-hybrid-secure-one_link_attachment_service|apigee-hybrid-secure-one_link_attachment_service|class org.jenkinsci.plugins.workflow.multibranch.WorkflowMultiBranchProject
      1 CTO/Apigee-Hybrid/engineering/Ignite Apigee Hybrid Proxy Deploy/apigee-hybrid-secure-oak_view_app_diagram_r_v10|apigee-hybrid-secure-oak_view_app_diagram_r_v10|class org.jenkinsci.plugins.workflow.multibranch.WorkflowMultiBranchProject
      1 CTO/Apigee-Hybrid/engineering/Ignite Apigee Hybrid Proxy Deploy/apigee-hybrid-secure-nuvolo_paragon_v1r|apigee-hybrid-secure-nuvolo_paragon_v1r|class org.jenkinsci.plugins.workflow.multibranch.WorkflowMultiBranchProject
      1 CTO/Apigee-Hybrid/engineering/Ignite Apigee Hybrid Proxy Deploy/apigee-hybrid-secure-nps_rqr_management_v1r|apigee-hybrid-secure-nps_rqr_management_v1r|class org.jenkinsci.plugins.workflow.multibranch.WorkflowMultiBranchProject
      1 CTO/Apigee-Hybrid/engineering/Ignite Apigee Hybrid Proxy Deploy/apigee-hybrid-secure-nps_interfaces_gateway_v10r|apigee-hybrid-secure-nps_interfaces_gateway_v10r|class org.jenkinsci.plugins.workflow.multibranch.WorkflowMultiBranchProject
      1 CTO/Apigee-Hybrid/engineering/Ignite Apigee Hybrid Proxy Deploy/apigee-hybrid-secure-nps_alternate_management_v1r|apigee-hybrid-secure-nps_alternate_management_v1r|class org.jenkinsci.plugins.workflow.multibranch.WorkflowMultiBranchProject
      1 CTO/Apigee-Hybrid/engineering/Ignite Apigee Hybrid Proxy Deploy/apigee-hybrid-secure-nce_member_profile_eligibility_v10_c|apigee-hybrid-secure-nce_member_profile_eligibility_v10_c|class org.jenkinsci.plugins.workflow.multibranch.WorkflowMultiBranchProject
      1 CTO/Apigee-Hybrid/engineering/Ignite Apigee Hybrid Proxy Deploy/apigee-hybrid-secure-mps_pie_scheduled_payments_v1|apigee-hybrid-secure-mps_pie_scheduled_payments_v1|class org.jenkinsci.plugins.workflow.multibranch.WorkflowMultiBranchProject
      1 CTO/Apigee-Hybrid/engineering/Ignite Apigee Hybrid Proxy Deploy/apigee-hybrid-secure-mps_pie_payment_initiation_v1|apigee-hybrid-secure-mps_pie_payment_initiation_v1|class org.jenkinsci.plugins.workflow.multibranch.WorkflowMultiBranchProject
      1 CTO/Apigee-Hybrid/engineering/Ignite Apigee Hybrid Proxy Deploy/apigee-hybrid-secure-mps_pie_common_services_api|apigee-hybrid-secure-mps_pie_common_services_api|class org.jenkinsci.plugins.workflow.multibranch.WorkflowMultiBranchProject
      1 CTO/Apigee-Hybrid/engineering/Ignite Apigee Hybrid Proxy Deploy/apigee-hybrid-secure-mps_pie_account_balance_v1|apigee-hybrid-secure-mps_pie_account_balance_v1|class org.jenkinsci.plugins.workflow.multibranch.WorkflowMultiBranchProject
      1 CTO/Apigee-Hybrid/engineering/Ignite Apigee Hybrid Proxy Deploy/apigee-hybrid-secure-mpeople_to_salesforce_v1r|apigee-hybrid-secure-mpeople_to_salesforce_v1r|class org.jenkinsci.plugins.workflow.multibranch.WorkflowMultiBranchProject
      1 CTO/Apigee-Hybrid/engineering/Ignite Apigee Hybrid Proxy Deploy/apigee-hybrid-secure-membership_selfservice_member_roster_v1r|apigee-hybrid-secure-membership_selfservice_member_roster_v1r|class org.jenkinsci.plugins.workflow.multibranch.WorkflowMultiBranchProject
      1 CTO/Apigee-Hybrid/engineering/Ignite Apigee Hybrid Proxy Deploy/apigee-hybrid-secure-membership_selfservice_member_maintain_v1r|apigee-hybrid-secure-membership_selfservice_member_maintain_v1r|class org.jenkinsci.plugins.workflow.multibranch.WorkflowMultiBranchProject
      1 CTO/Apigee-Hybrid/engineering/Ignite Apigee Hybrid Proxy Deploy/apigee-hybrid-secure-membership_selfservice_member_inquiry_v1r|apigee-hybrid-secure-membership_selfservice_member_inquiry_v1r|class org.jenkinsci.plugins.workflow.multibranch.WorkflowMultiBranchProject
      1 CTO/Apigee-Hybrid/engineering/Ignite Apigee Hybrid Proxy Deploy/apigee-hybrid-secure-membership_selfservice_member_enrollment_v1r|apigee-hybrid-secure-membership_selfservice_member_enrollment_v1r|class org.jenkinsci.plugins.workflow.multibranch.WorkflowMultiBranchProject
      1 CTO/Apigee-Hybrid/engineering/Ignite Apigee Hybrid Proxy Deploy/apigee-hybrid-secure-membership_bff_ss_member_roster_v1r|apigee-hybrid-secure-membership_bff_ss_member_roster_v1r|class org.jenkinsci.plugins.workflow.multibranch.WorkflowMultiBranchProject
      1 CTO/Apigee-Hybrid/engineering/Ignite Apigee Hybrid Proxy Deploy/apigee-hybrid-secure-memberbenefitsinquiry_v21|apigee-hybrid-secure-memberbenefitsinquiry_v21|class org.jenkinsci.plugins.workflow.multibranch.WorkflowMultiBranchProject
      1 CTO/Apigee-Hybrid/engineering/Ignite Apigee Hybrid Proxy Deploy/apigee-hybrid-secure-member_lookup_v21|apigee-hybrid-secure-member_lookup_v21|class org.jenkinsci.plugins.workflow.multibranch.WorkflowMultiBranchProject
      1 CTO/Apigee-Hybrid/engineering/Ignite Apigee Hybrid Proxy Deploy/apigee-hybrid-secure-member_inquiry_v21|apigee-hybrid-secure-member_inquiry_v21|class org.jenkinsci.plugins.workflow.multibranch.WorkflowMultiBranchProject
      1 CTO/Apigee-Hybrid/engineering/Ignite Apigee Hybrid Proxy Deploy/apigee-hybrid-secure-member_benefits_inquiry_v20|apigee-hybrid-secure-member_benefits_inquiry_v20|class org.jenkinsci.plugins.workflow.multibranch.WorkflowMultiBranchProject
      1 CTO/Apigee-Hybrid/engineering/Ignite Apigee Hybrid Proxy Deploy/apigee-hybrid-secure-mbrshp_member_self_service_bff_v1r|apigee-hybrid-secure-mbrshp_member_self_service_bff_v1r|class org.jenkinsci.plugins.workflow.multibranch.WorkflowMultiBranchProject
      1 CTO/Apigee-Hybrid/engineering/Ignite Apigee Hybrid Proxy Deploy/apigee-hybrid-secure-mbrshp_bff_ssgroupservice_v1r|apigee-hybrid-secure-mbrshp_bff_ssgroupservice_v1r|class org.jenkinsci.plugins.workflow.multibranch.WorkflowMultiBranchProject
      1 CTO/Apigee-Hybrid/engineering/Ignite Apigee Hybrid Proxy Deploy/apigee-hybrid-secure-mbrshp_bff_ss_member_maintain_v1r|apigee-hybrid-secure-mbrshp_bff_ss_member_maintain_v1r|class org.jenkinsci.plugins.workflow.multibranch.WorkflowMultiBranchProject
      1 CTO/Apigee-Hybrid/engineering/Ignite Apigee Hybrid Proxy Deploy/apigee-hybrid-secure-mbrshp_bff_ss_member_inquiry_v1r|apigee-hybrid-secure-mbrshp_bff_ss_member_inquiry_v1r|class org.jenkinsci.plugins.workflow.multibranch.WorkflowMultiBranchProject
      1 CTO/Apigee-Hybrid/engineering/Ignite Apigee Hybrid Proxy Deploy/apigee-hybrid-secure-mbrshp_bff_ss_member_enrollment_v1r|apigee-hybrid-secure-mbrshp_bff_ss_member_enrollment_v1r|class org.jenkinsci.plugins.workflow.multibranch.WorkflowMultiBranchProject
      1 CTO/Apigee-Hybrid/engineering/Ignite Apigee Hybrid Proxy Deploy/apigee-hybrid-secure-kpx-access-apiv1|apigee-hybrid-secure-kpx-access-apiv1|class org.jenkinsci.plugins.workflow.multibranch.WorkflowMultiBranchProject
      1 CTO/Apigee-Hybrid/engineering/Ignite Apigee Hybrid Proxy Deploy/apigee-hybrid-secure-kptwsservice_v1r|apigee-hybrid-secure-kptwsservice_v1r|class org.jenkinsci.plugins.workflow.multibranch.WorkflowMultiBranchProject
      1 CTO/Apigee-Hybrid/engineering/Ignite Apigee Hybrid Proxy Deploy/apigee-hybrid-secure-kpmc_transactiontracking_bff|apigee-hybrid-secure-kpmc_transactiontracking_bff|class org.jenkinsci.plugins.workflow.multibranch.WorkflowMultiBranchProject
      1 CTO/Apigee-Hybrid/engineering/Ignite Apigee Hybrid Proxy Deploy/apigee-hybrid-secure-kpmc_ssindvbinderpayment_bff_v1_1r|apigee-hybrid-secure-kpmc_ssindvbinderpayment_bff_v1_1r|class org.jenkinsci.plugins.workflow.multibranch.WorkflowMultiBranchProject
      1 CTO/Apigee-Hybrid/engineering/Ignite Apigee Hybrid Proxy Deploy/apigee-hybrid-secure-kpmc_restproxy_v1r|apigee-hybrid-secure-kpmc_restproxy_v1r|class org.jenkinsci.plugins.workflow.multibranch.WorkflowMultiBranchProject
      1 CTO/Apigee-Hybrid/engineering/Ignite Apigee Hybrid Proxy Deploy/apigee-hybrid-secure-kpmc_documents_internal_bff_v1|apigee-hybrid-secure-kpmc_documents_internal_bff_v1|class org.jenkinsci.plugins.workflow.multibranch.WorkflowMultiBranchProject
      1 CTO/Apigee-Hybrid/engineering/Ignite Apigee Hybrid Proxy Deploy/apigee-hybrid-secure-kpmc_cam_group_sor_v1r|apigee-hybrid-secure-kpmc_cam_group_sor_v1r|class org.jenkinsci.plugins.workflow.multibranch.WorkflowMultiBranchProject
      1 CTO/Apigee-Hybrid/engineering/Ignite Apigee Hybrid Proxy Deploy/apigee-hybrid-secure-kpmc_bill_and_pay_bff_v1_1r|apigee-hybrid-secure-kpmc_bill_and_pay_bff_v1_1r|class org.jenkinsci.plugins.workflow.multibranch.WorkflowMultiBranchProject
      1 CTO/Apigee-Hybrid/engineering/Ignite Apigee Hybrid Proxy Deploy/apigee-hybrid-secure-kphp_fhir_resources_r4|apigee-hybrid-secure-kphp_fhir_resources_r4|class org.jenkinsci.plugins.workflow.multibranch.WorkflowMultiBranchProject
      1 CTO/Apigee-Hybrid/engineering/Ignite Apigee Hybrid Proxy Deploy/apigee-hybrid-secure-kphc_text_message_option_v1|apigee-hybrid-secure-kphc_text_message_option_v1|class org.jenkinsci.plugins.workflow.multibranch.WorkflowMultiBranchProject
      1 CTO/Apigee-Hybrid/engineering/Ignite Apigee Hybrid Proxy Deploy/apigee-hybrid-secure-kphc_send_inbasket_message_v1|apigee-hybrid-secure-kphc_send_inbasket_message_v1|class org.jenkinsci.plugins.workflow.multibranch.WorkflowMultiBranchProject
      1 CTO/Apigee-Hybrid/engineering/Ignite Apigee Hybrid Proxy Deploy/apigee-hybrid-secure-kphc_radiology_orders_v5|apigee-hybrid-secure-kphc_radiology_orders_v5|class org.jenkinsci.plugins.workflow.multibranch.WorkflowMultiBranchProject
      1 CTO/Apigee-Hybrid/engineering/Ignite Apigee Hybrid Proxy Deploy/apigee-hybrid-secure-kphc_put_questionnaire_v1|apigee-hybrid-secure-kphc_put_questionnaire_v1|class org.jenkinsci.plugins.workflow.multibranch.WorkflowMultiBranchProject
      1 CTO/Apigee-Hybrid/engineering/Ignite Apigee Hybrid Proxy Deploy/apigee-hybrid-secure-kphc_put_questionnaire_fam_v2s|apigee-hybrid-secure-kphc_put_questionnaire_fam_v2s|class org.jenkinsci.plugins.workflow.multibranch.WorkflowMultiBranchProject
      1 CTO/Apigee-Hybrid/engineering/Ignite Apigee Hybrid Proxy Deploy/apigee-hybrid-secure-kphc_pointclickcare_webhook_listener_v1r|apigee-hybrid-secure-kphc_pointclickcare_webhook_listener_v1r|class org.jenkinsci.plugins.workflow.multibranch.WorkflowMultiBranchProject
      1 CTO/Apigee-Hybrid/engineering/Ignite Apigee Hybrid Proxy Deploy/apigee-hybrid-secure-kphc_patient_care_team_v4|apigee-hybrid-secure-kphc_patient_care_team_v4|class org.jenkinsci.plugins.workflow.multibranch.WorkflowMultiBranchProject
      1 CTO/Apigee-Hybrid/engineering/Ignite Apigee Hybrid Proxy Deploy/apigee-hybrid-secure-kphc_orders_v2|apigee-hybrid-secure-kphc_orders_v2|class org.jenkinsci.plugins.workflow.multibranch.WorkflowMultiBranchProject
      1 CTO/Apigee-Hybrid/engineering/Ignite Apigee Hybrid Proxy Deploy/apigee-hybrid-secure-kphc_medications_v5|apigee-hybrid-secure-kphc_medications_v5|class org.jenkinsci.plugins.workflow.multibranch.WorkflowMultiBranchProject
      1 CTO/Apigee-Hybrid/engineering/Ignite Apigee Hybrid Proxy Deploy/apigee-hybrid-secure-kphc_lab_orders_v5|apigee-hybrid-secure-kphc_lab_orders_v5|class org.jenkinsci.plugins.workflow.multibranch.WorkflowMultiBranchProject
      1 CTO/Apigee-Hybrid/engineering/Ignite Apigee Hybrid Proxy Deploy/apigee-hybrid-secure-kphc_lab_orders_v3|apigee-hybrid-secure-kphc_lab_orders_v3|class org.jenkinsci.plugins.workflow.multibranch.WorkflowMultiBranchProject
      1 CTO/Apigee-Hybrid/engineering/Ignite Apigee Hybrid Proxy Deploy/apigee-hybrid-secure-kphc_get_user_base_deployment_v1|apigee-hybrid-secure-kphc_get_user_base_deployment_v1|class org.jenkinsci.plugins.workflow.multibranch.WorkflowMultiBranchProject
      1 CTO/Apigee-Hybrid/engineering/Ignite Apigee Hybrid Proxy Deploy/apigee-hybrid-secure-kphc_get_registry_v1r|apigee-hybrid-secure-kphc_get_registry_v1r|class org.jenkinsci.plugins.workflow.multibranch.WorkflowMultiBranchProject
      1 CTO/Apigee-Hybrid/engineering/Ignite Apigee Hybrid Proxy Deploy/apigee-hybrid-secure-kphc_get_referrals_v4|apigee-hybrid-secure-kphc_get_referrals_v4|class org.jenkinsci.plugins.workflow.multibranch.WorkflowMultiBranchProject
      1 CTO/Apigee-Hybrid/engineering/Ignite Apigee Hybrid Proxy Deploy/apigee-hybrid-secure-kphc_get_referral_claims_v3|apigee-hybrid-secure-kphc_get_referral_claims_v3|class org.jenkinsci.plugins.workflow.multibranch.WorkflowMultiBranchProject
      1 CTO/Apigee-Hybrid/engineering/Ignite Apigee Hybrid Proxy Deploy/apigee-hybrid-secure-kphc_get_problem_list_v1|apigee-hybrid-secure-kphc_get_problem_list_v1|class org.jenkinsci.plugins.workflow.multibranch.WorkflowMultiBranchProject
      1 CTO/Apigee-Hybrid/engineering/Ignite Apigee Hybrid Proxy Deploy/apigee-hybrid-secure-kphc_get_patient_care_team_v1|apigee-hybrid-secure-kphc_get_patient_care_team_v1|class org.jenkinsci.plugins.workflow.multibranch.WorkflowMultiBranchProject
      1 CTO/Apigee-Hybrid/engineering/Ignite Apigee Hybrid Proxy Deploy/apigee-hybrid-secure-kphc_get_encounters_v3|apigee-hybrid-secure-kphc_get_encounters_v3|class org.jenkinsci.plugins.workflow.multibranch.WorkflowMultiBranchProject
      1 CTO/Apigee-Hybrid/engineering/Ignite Apigee Hybrid Proxy Deploy/apigee-hybrid-secure-kphc_get_encounters_v2|apigee-hybrid-secure-kphc_get_encounters_v2|class org.jenkinsci.plugins.workflow.multibranch.WorkflowMultiBranchProject
      1 CTO/Apigee-Hybrid/engineering/Ignite Apigee Hybrid Proxy Deploy/apigee-hybrid-secure-kphc_get_demographics_v3|apigee-hybrid-secure-kphc_get_demographics_v3|class org.jenkinsci.plugins.workflow.multibranch.WorkflowMultiBranchProject
      1 CTO/Apigee-Hybrid/engineering/Ignite Apigee Hybrid Proxy Deploy/apigee-hybrid-secure-kphc_get_demographics_v1|apigee-hybrid-secure-kphc_get_demographics_v1|class org.jenkinsci.plugins.workflow.multibranch.WorkflowMultiBranchProject
      1 CTO/Apigee-Hybrid/engineering/Ignite Apigee Hybrid Proxy Deploy/apigee-hybrid-secure-kphc_get_blank_questionnaire_fam_v1|apigee-hybrid-secure-kphc_get_blank_questionnaire_fam_v1|class org.jenkinsci.plugins.workflow.multibranch.WorkflowMultiBranchProject
      1 CTO/Apigee-Hybrid/engineering/Ignite Apigee Hybrid Proxy Deploy/apigee-hybrid-secure-kphc_get_appt_home_v1|apigee-hybrid-secure-kphc_get_appt_home_v1|class org.jenkinsci.plugins.workflow.multibranch.WorkflowMultiBranchProject
      1 CTO/Apigee-Hybrid/engineering/Ignite Apigee Hybrid Proxy Deploy/apigee-hybrid-secure-kphc_get_appt_details_v4|apigee-hybrid-secure-kphc_get_appt_details_v4|class org.jenkinsci.plugins.workflow.multibranch.WorkflowMultiBranchProject
      1 CTO/Apigee-Hybrid/engineering/Ignite Apigee Hybrid Proxy Deploy/apigee-hybrid-secure-kphc_get_appointments_v1|apigee-hybrid-secure-kphc_get_appointments_v1|class org.jenkinsci.plugins.workflow.multibranch.WorkflowMultiBranchProject
      1 CTO/Apigee-Hybrid/engineering/Ignite Apigee Hybrid Proxy Deploy/apigee-hybrid-secure-kphc_comm_prefs_fam_v1|apigee-hybrid-secure-kphc_comm_prefs_fam_v1|class org.jenkinsci.plugins.workflow.multibranch.WorkflowMultiBranchProject
      1 CTO/Apigee-Hybrid/engineering/Ignite Apigee Hybrid Proxy Deploy/apigee-hybrid-secure-kpcc_kphc_get_coverages_v4|apigee-hybrid-secure-kpcc_kphc_get_coverages_v4|class org.jenkinsci.plugins.workflow.multibranch.WorkflowMultiBranchProject
      1 CTO/Apigee-Hybrid/engineering/Ignite Apigee Hybrid Proxy Deploy/apigee-hybrid-secure-kp_polaris_stu3|apigee-hybrid-secure-kp_polaris_stu3|class org.jenkinsci.plugins.workflow.multibranch.WorkflowMultiBranchProject
      1 CTO/Apigee-Hybrid/engineering/Ignite Apigee Hybrid Proxy Deploy/apigee-hybrid-secure-kp_polaris_r4|apigee-hybrid-secure-kp_polaris_r4|class org.jenkinsci.plugins.workflow.multibranch.WorkflowMultiBranchProject
      1 CTO/Apigee-Hybrid/engineering/Ignite Apigee Hybrid Proxy Deploy/apigee-hybrid-secure-kp_polaris_openpk|apigee-hybrid-secure-kp_polaris_openpk|class org.jenkinsci.plugins.workflow.multibranch.WorkflowMultiBranchProject
      1 CTO/Apigee-Hybrid/engineering/Ignite Apigee Hybrid Proxy Deploy/apigee-hybrid-secure-kp_polaris_oauth2|apigee-hybrid-secure-kp_polaris_oauth2|class org.jenkinsci.plugins.workflow.multibranch.WorkflowMultiBranchProject
      1 CTO/Apigee-Hybrid/engineering/Ignite Apigee Hybrid Proxy Deploy/apigee-hybrid-secure-kp_polaris_legacy_r4|apigee-hybrid-secure-kp_polaris_legacy_r4|class org.jenkinsci.plugins.workflow.multibranch.WorkflowMultiBranchProject
      1 CTO/Apigee-Hybrid/engineering/Ignite Apigee Hybrid Proxy Deploy/apigee-hybrid-secure-kp_polaris_legacy_oauth2|apigee-hybrid-secure-kp_polaris_legacy_oauth2|class org.jenkinsci.plugins.workflow.multibranch.WorkflowMultiBranchProject
      1 CTO/Apigee-Hybrid/engineering/Ignite Apigee Hybrid Proxy Deploy/apigee-hybrid-secure-kp_polaris_epictelehealthexternal_v2020|apigee-hybrid-secure-kp_polaris_epictelehealthexternal_v2020|class org.jenkinsci.plugins.workflow.multibranch.WorkflowMultiBranchProject
      1 CTO/Apigee-Hybrid/engineering/Ignite Apigee Hybrid Proxy Deploy/apigee-hybrid-secure-kp_polaris_epictelehealthcontextlinking_v2018|apigee-hybrid-secure-kp_polaris_epictelehealthcontextlinking_v2018|class org.jenkinsci.plugins.workflow.multibranch.WorkflowMultiBranchProject
      1 CTO/Apigee-Hybrid/engineering/Ignite Apigee Hybrid Proxy Deploy/apigee-hybrid-secure-kp_polaris_epicsecuritypersonnelmanagement_v2014|apigee-hybrid-secure-kp_polaris_epicsecuritypersonnelmanagement_v2014|class org.jenkinsci.plugins.workflow.multibranch.WorkflowMultiBranchProject
      1 CTO/Apigee-Hybrid/engineering/Ignite Apigee Hybrid Proxy Deploy/apigee-hybrid-secure-kp_polaris_epicschedulingprovider_v2013|apigee-hybrid-secure-kp_polaris_epicschedulingprovider_v2013|class org.jenkinsci.plugins.workflow.multibranch.WorkflowMultiBranchProject
      1 CTO/Apigee-Hybrid/engineering/Ignite Apigee Hybrid Proxy Deploy/apigee-hybrid-secure-kp_polaris_epicedixmlreceiver_v2022|apigee-hybrid-secure-kp_polaris_epicedixmlreceiver_v2022|class org.jenkinsci.plugins.workflow.multibranch.WorkflowMultiBranchProject
      1 CTO/Apigee-Hybrid/engineering/Ignite Apigee Hybrid Proxy Deploy/apigee-hybrid-secure-kp_polaris_epicedisoapreceiver_v2009|apigee-hybrid-secure-kp_polaris_epicedisoapreceiver_v2009|class org.jenkinsci.plugins.workflow.multibranch.WorkflowMultiBranchProject
      1 CTO/Apigee-Hybrid/engineering/Ignite Apigee Hybrid Proxy Deploy/apigee-hybrid-secure-kp_polaris_epicedihl7v2receiver_v2015|apigee-hybrid-secure-kp_polaris_epicedihl7v2receiver_v2015|class org.jenkinsci.plugins.workflow.multibranch.WorkflowMultiBranchProject
      1 CTO/Apigee-Hybrid/engineering/Ignite Apigee Hybrid Proxy Deploy/apigee-hybrid-secure-kp_polaris_epiccreditcard_v2016|apigee-hybrid-secure-kp_polaris_epiccreditcard_v2016|class org.jenkinsci.plugins.workflow.multibranch.WorkflowMultiBranchProject
      1 CTO/Apigee-Hybrid/engineering/Ignite Apigee Hybrid Proxy Deploy/apigee-hybrid-secure-kp_polaris_epicclinicalvoiceassistant_v2021|apigee-hybrid-secure-kp_polaris_epicclinicalvoiceassistant_v2021|class org.jenkinsci.plugins.workflow.multibranch.WorkflowMultiBranchProject
      1 CTO/Apigee-Hybrid/engineering/Ignite Apigee Hybrid Proxy Deploy/apigee-hybrid-secure-kp_polaris_dstu2|apigee-hybrid-secure-kp_polaris_dstu2|class org.jenkinsci.plugins.workflow.multibranch.WorkflowMultiBranchProject
      1 CTO/Apigee-Hybrid/engineering/Ignite Apigee Hybrid Proxy Deploy/apigee-hybrid-secure-kp_hrconnect_va_employee_details_v1r|apigee-hybrid-secure-kp_hrconnect_va_employee_details_v1r|class org.jenkinsci.plugins.workflow.multibranch.WorkflowMultiBranchProject
      1 CTO/Apigee-Hybrid/engineering/Ignite Apigee Hybrid Proxy Deploy/apigee-hybrid-secure-kp_controller_v1r|apigee-hybrid-secure-kp_controller_v1r|class org.jenkinsci.plugins.workflow.multibranch.WorkflowMultiBranchProject
      1 CTO/Apigee-Hybrid/engineering/Ignite Apigee Hybrid Proxy Deploy/apigee-hybrid-secure-kp_cframe_salesforce_r_v10|apigee-hybrid-secure-kp_cframe_salesforce_r_v10|class org.jenkinsci.plugins.workflow.multibranch.WorkflowMultiBranchProject
      1 CTO/Apigee-Hybrid/engineering/Ignite Apigee Hybrid Proxy Deploy/apigee-hybrid-secure-kp2020_ocuco_a2r|apigee-hybrid-secure-kp2020_ocuco_a2r|class org.jenkinsci.plugins.workflow.multibranch.WorkflowMultiBranchProject
      1 CTO/Apigee-Hybrid/engineering/Ignite Apigee Hybrid Proxy Deploy/apigee-hybrid-secure-itops_ips_foglifter_v1r|apigee-hybrid-secure-itops_ips_foglifter_v1r|class org.jenkinsci.plugins.workflow.multibranch.WorkflowMultiBranchProject
      1 CTO/Apigee-Hybrid/engineering/Ignite Apigee Hybrid Proxy Deploy/apigee-hybrid-secure-ipm_aci_payment_notification_v10|apigee-hybrid-secure-ipm_aci_payment_notification_v10|class org.jenkinsci.plugins.workflow.multibranch.WorkflowMultiBranchProject
      1 CTO/Apigee-Hybrid/engineering/Ignite Apigee Hybrid Proxy Deploy/apigee-hybrid-secure-infosource_solr_v9r|apigee-hybrid-secure-infosource_solr_v9r|class org.jenkinsci.plugins.workflow.multibranch.WorkflowMultiBranchProject
      1 CTO/Apigee-Hybrid/engineering/Ignite Apigee Hybrid Proxy Deploy/apigee-hybrid-secure-iam_user_management_v1|apigee-hybrid-secure-iam_user_management_v1|class org.jenkinsci.plugins.workflow.multibranch.WorkflowMultiBranchProject
      1 CTO/Apigee-Hybrid/engineering/Ignite Apigee Hybrid Proxy Deploy/apigee-hybrid-secure-health_plan_provider_v1r_c|apigee-hybrid-secure-health_plan_provider_v1r_c|class org.jenkinsci.plugins.workflow.multibranch.WorkflowMultiBranchProject
      1 CTO/Apigee-Hybrid/engineering/Ignite Apigee Hybrid Proxy Deploy/apigee-hybrid-secure-health_plan_medication_knowledge_v1rc|apigee-hybrid-secure-health_plan_medication_knowledge_v1rc|class org.jenkinsci.plugins.workflow.multibranch.WorkflowMultiBranchProject
      1 CTO/Apigee-Hybrid/engineering/Ignite Apigee Hybrid Proxy Deploy/apigee-hybrid-secure-health_plan_kpx_v1rc|apigee-hybrid-secure-health_plan_kpx_v1rc|class org.jenkinsci.plugins.workflow.multibranch.WorkflowMultiBranchProject
      1 CTO/Apigee-Hybrid/engineering/Ignite Apigee Hybrid Proxy Deploy/apigee-hybrid-secure-health_plan_explanation_of_benefit_capability_v1r|apigee-hybrid-secure-health_plan_explanation_of_benefit_capability_v1r|class org.jenkinsci.plugins.workflow.multibranch.WorkflowMultiBranchProject
      1 CTO/Apigee-Hybrid/engineering/Ignite Apigee Hybrid Proxy Deploy/apigee-hybrid-secure-hcm_rss_case_status_updater_v10|apigee-hybrid-secure-hcm_rss_case_status_updater_v10|class org.jenkinsci.plugins.workflow.multibranch.WorkflowMultiBranchProject
      1 CTO/Apigee-Hybrid/engineering/Ignite Apigee Hybrid Proxy Deploy/apigee-hybrid-secure-hcm_kp_cframe_seniority_date_r_v10|apigee-hybrid-secure-hcm_kp_cframe_seniority_date_r_v10|class org.jenkinsci.plugins.workflow.multibranch.WorkflowMultiBranchProject
      1 CTO/Apigee-Hybrid/engineering/Ignite Apigee Hybrid Proxy Deploy/apigee-hybrid-secure-hcm_ee_inquiryr_v10|apigee-hybrid-secure-hcm_ee_inquiryr_v10|class org.jenkinsci.plugins.workflow.multibranch.WorkflowMultiBranchProject
      1 CTO/Apigee-Hybrid/engineering/Ignite Apigee Hybrid Proxy Deploy/apigee-hybrid-secure-groupmanagement_v70|apigee-hybrid-secure-groupmanagement_v70|class org.jenkinsci.plugins.workflow.multibranch.WorkflowMultiBranchProject
      1 CTO/Apigee-Hybrid/engineering/Ignite Apigee Hybrid Proxy Deploy/apigee-hybrid-secure-fs_consumer_manifest_v1r|apigee-hybrid-secure-fs_consumer_manifest_v1r|class org.jenkinsci.plugins.workflow.multibranch.WorkflowMultiBranchProject
      1 CTO/Apigee-Hybrid/engineering/Ignite Apigee Hybrid Proxy Deploy/apigee-hybrid-secure-family_inquiry_v10|apigee-hybrid-secure-family_inquiry_v10|class org.jenkinsci.plugins.workflow.multibranch.WorkflowMultiBranchProject
      1 CTO/Apigee-Hybrid/engineering/Ignite Apigee Hybrid Proxy Deploy/apigee-hybrid-secure-etl_odw_bigpanda_v1r|apigee-hybrid-secure-etl_odw_bigpanda_v1r|class org.jenkinsci.plugins.workflow.multibranch.WorkflowMultiBranchProject
      1 CTO/Apigee-Hybrid/engineering/Ignite Apigee Hybrid Proxy Deploy/apigee-hybrid-secure-epic_telehealth_gs_external_eoauth_v2020r|apigee-hybrid-secure-epic_telehealth_gs_external_eoauth_v2020r|class org.jenkinsci.plugins.workflow.multibranch.WorkflowMultiBranchProject
      1 CTO/Apigee-Hybrid/engineering/Ignite Apigee Hybrid Proxy Deploy/apigee-hybrid-secure-epic_telehealth_gs_contextlinking_eoauth_v2018r|apigee-hybrid-secure-epic_telehealth_gs_contextlinking_eoauth_v2018r|class org.jenkinsci.plugins.workflow.multibranch.WorkflowMultiBranchProject
      1 CTO/Apigee-Hybrid/engineering/Ignite Apigee Hybrid Proxy Deploy/apigee-hybrid-secure-epic_scheduling_gs_provider_dexcare_v2012r|apigee-hybrid-secure-epic_scheduling_gs_provider_dexcare_v2012r|class org.jenkinsci.plugins.workflow.multibranch.WorkflowMultiBranchProject
      1 CTO/Apigee-Hybrid/engineering/Ignite Apigee Hybrid Proxy Deploy/apigee-hybrid-secure-epic_scheduling_gs_patient_services_v2011|apigee-hybrid-secure-epic_scheduling_gs_patient_services_v2011|class org.jenkinsci.plugins.workflow.multibranch.WorkflowMultiBranchProject
      1 CTO/Apigee-Hybrid/engineering/Ignite Apigee Hybrid Proxy Deploy/apigee-hybrid-secure-epic_revenue_managedcare_v2019r|apigee-hybrid-secure-epic_revenue_managedcare_v2019r|class org.jenkinsci.plugins.workflow.multibranch.WorkflowMultiBranchProject
      1 CTO/Apigee-Hybrid/engineering/Ignite Apigee Hybrid Proxy Deploy/apigee-hybrid-secure-epic_reporting_predictive_v2018r|apigee-hybrid-secure-epic_reporting_predictive_v2018r|class org.jenkinsci.plugins.workflow.multibranch.WorkflowMultiBranchProject
      1 CTO/Apigee-Hybrid/engineering/Ignite Apigee Hybrid Proxy Deploy/apigee-hybrid-secure-epic_reporting_predictive_services_v2017r|apigee-hybrid-secure-epic_reporting_predictive_services_v2017r|class org.jenkinsci.plugins.workflow.multibranch.WorkflowMultiBranchProject
      1 CTO/Apigee-Hybrid/engineering/Ignite Apigee Hybrid Proxy Deploy/apigee-hybrid-secure-epic_patientaccess_gs_external_dexcare_v2014r|apigee-hybrid-secure-epic_patientaccess_gs_external_dexcare_v2014r|class org.jenkinsci.plugins.workflow.multibranch.WorkflowMultiBranchProject
      1 CTO/Apigee-Hybrid/engineering/Ignite Apigee Hybrid Proxy Deploy/apigee-hybrid-secure-epic_patientaccess_gs_external_dexcare_v2012r|apigee-hybrid-secure-epic_patientaccess_gs_external_dexcare_v2012r|class org.jenkinsci.plugins.workflow.multibranch.WorkflowMultiBranchProject
      1 CTO/Apigee-Hybrid/engineering/Ignite Apigee Hybrid Proxy Deploy/apigee-hybrid-secure-epic_oauth2introspect_v2023r|apigee-hybrid-secure-epic_oauth2introspect_v2023r|class org.jenkinsci.plugins.workflow.multibranch.WorkflowMultiBranchProject
      1 CTO/Apigee-Hybrid/engineering/Ignite Apigee Hybrid Proxy Deploy/apigee-hybrid-secure-epic_nebula_cognitive_computing_v1r|apigee-hybrid-secure-epic_nebula_cognitive_computing_v1r|class org.jenkinsci.plugins.workflow.multibranch.WorkflowMultiBranchProject
      1 CTO/Apigee-Hybrid/engineering/Ignite Apigee Hybrid Proxy Deploy/apigee-hybrid-secure-epic_mychart_mobile_services_v2020r|apigee-hybrid-secure-epic_mychart_mobile_services_v2020r|class org.jenkinsci.plugins.workflow.multibranch.WorkflowMultiBranchProject
      1 CTO/Apigee-Hybrid/engineering/Ignite Apigee Hybrid Proxy Deploy/apigee-hybrid-secure-epic_mychart_mobile_care_services_v2020r|apigee-hybrid-secure-epic_mychart_mobile_care_services_v2020r|class org.jenkinsci.plugins.workflow.multibranch.WorkflowMultiBranchProject
      1 CTO/Apigee-Hybrid/engineering/Ignite Apigee Hybrid Proxy Deploy/apigee-hybrid-secure-epic_fhir_task_r4_mux|apigee-hybrid-secure-epic_fhir_task_r4_mux|class org.jenkinsci.plugins.workflow.multibranch.WorkflowMultiBranchProject
      1 CTO/Apigee-Hybrid/engineering/Ignite Apigee Hybrid Proxy Deploy/apigee-hybrid-secure-epic_fhir_servicerequest_r4_mux|apigee-hybrid-secure-epic_fhir_servicerequest_r4_mux|class org.jenkinsci.plugins.workflow.multibranch.WorkflowMultiBranchProject
      1 CTO/Apigee-Hybrid/engineering/Ignite Apigee Hybrid Proxy Deploy/apigee-hybrid-secure-epic_fhir_practitioner_r4_mux|apigee-hybrid-secure-epic_fhir_practitioner_r4_mux|class org.jenkinsci.plugins.workflow.multibranch.WorkflowMultiBranchProject
      1 CTO/Apigee-Hybrid/engineering/Ignite Apigee Hybrid Proxy Deploy/apigee-hybrid-secure-epic_fhir_patient_r4_mux|apigee-hybrid-secure-epic_fhir_patient_r4_mux|class org.jenkinsci.plugins.workflow.multibranch.WorkflowMultiBranchProject
      1 CTO/Apigee-Hybrid/engineering/Ignite Apigee Hybrid Proxy Deploy/apigee-hybrid-secure-epic_fhir_patient_empi_r4_mux|apigee-hybrid-secure-epic_fhir_patient_empi_r4_mux|class org.jenkinsci.plugins.workflow.multibranch.WorkflowMultiBranchProject
      1 CTO/Apigee-Hybrid/engineering/Ignite Apigee Hybrid Proxy Deploy/apigee-hybrid-secure-epic_fhir_observation_r4_mux|apigee-hybrid-secure-epic_fhir_observation_r4_mux|class org.jenkinsci.plugins.workflow.multibranch.WorkflowMultiBranchProject
      1 CTO/Apigee-Hybrid/engineering/Ignite Apigee Hybrid Proxy Deploy/apigee-hybrid-secure-epic_fhir_muxoauth2_v2021|apigee-hybrid-secure-epic_fhir_muxoauth2_v2021|class org.jenkinsci.plugins.workflow.multibranch.WorkflowMultiBranchProject
      1 CTO/Apigee-Hybrid/engineering/Ignite Apigee Hybrid Proxy Deploy/apigee-hybrid-secure-epic_fhir_documentreference_r4_mux|apigee-hybrid-secure-epic_fhir_documentreference_r4_mux|class org.jenkinsci.plugins.workflow.multibranch.WorkflowMultiBranchProject
      1 CTO/Apigee-Hybrid/engineering/Ignite Apigee Hybrid Proxy Deploy/apigee-hybrid-secure-epic_fhir_consent_r4_mux|apigee-hybrid-secure-epic_fhir_consent_r4_mux|class org.jenkinsci.plugins.workflow.multibranch.WorkflowMultiBranchProject
      1 CTO/Apigee-Hybrid/engineering/Ignite Apigee Hybrid Proxy Deploy/apigee-hybrid-secure-epic_fhir_communication_r4_mux|apigee-hybrid-secure-epic_fhir_communication_r4_mux|class org.jenkinsci.plugins.workflow.multibranch.WorkflowMultiBranchProject
      1 CTO/Apigee-Hybrid/engineering/Ignite Apigee Hybrid Proxy Deploy/apigee-hybrid-secure-epic_fhir_binary_r4_mux|apigee-hybrid-secure-epic_fhir_binary_r4_mux|class org.jenkinsci.plugins.workflow.multibranch.WorkflowMultiBranchProject
      1 CTO/Apigee-Hybrid/engineering/Ignite Apigee Hybrid Proxy Deploy/apigee-hybrid-secure-epic_fhir_Metadata_r4_mux|apigee-hybrid-secure-epic_fhir_Metadata_r4_mux|class org.jenkinsci.plugins.workflow.multibranch.WorkflowMultiBranchProject
      1 CTO/Apigee-Hybrid/engineering/Ignite Apigee Hybrid Proxy Deploy/apigee-hybrid-secure-epic_empi_gs_patient_services_v2012a|apigee-hybrid-secure-epic_empi_gs_patient_services_v2012a|class org.jenkinsci.plugins.workflow.multibranch.WorkflowMultiBranchProject
      1 CTO/Apigee-Hybrid/engineering/Ignite Apigee Hybrid Proxy Deploy/apigee-hybrid-secure-epic_edi_xml_sure_scripts_receiver_services_v2015r|apigee-hybrid-secure-epic_edi_xml_sure_scripts_receiver_services_v2015r|class org.jenkinsci.plugins.workflow.multibranch.WorkflowMultiBranchProject
      1 CTO/Apigee-Hybrid/engineering/Ignite Apigee Hybrid Proxy Deploy/apigee-hybrid-secure-epic_edi_xml_ncpdp_receiver_services_v2015r|apigee-hybrid-secure-epic_edi_xml_ncpdp_receiver_services_v2015r|class org.jenkinsci.plugins.workflow.multibranch.WorkflowMultiBranchProject
      1 CTO/Apigee-Hybrid/engineering/Ignite Apigee Hybrid Proxy Deploy/apigee-hybrid-secure-epic_edi_fhir_services_r4|apigee-hybrid-secure-epic_edi_fhir_services_r4|class org.jenkinsci.plugins.workflow.multibranch.WorkflowMultiBranchProject
      1 CTO/Apigee-Hybrid/engineering/Ignite Apigee Hybrid Proxy Deploy/apigee-hybrid-secure-epic_edi_fhir_services_api_v2014r|apigee-hybrid-secure-epic_edi_fhir_services_api_v2014r|class org.jenkinsci.plugins.workflow.multibranch.WorkflowMultiBranchProject
      1 CTO/Apigee-Hybrid/engineering/Ignite Apigee Hybrid Proxy Deploy/apigee-hybrid-secure-epic_edi_fhir_routing_services_api_v1|apigee-hybrid-secure-epic_edi_fhir_routing_services_api_v1|class org.jenkinsci.plugins.workflow.multibranch.WorkflowMultiBranchProject
      1 CTO/Apigee-Hybrid/engineering/Ignite Apigee Hybrid Proxy Deploy/apigee-hybrid-secure-epic_edi_fhir_oauth2_services_api_v2014r|apigee-hybrid-secure-epic_edi_fhir_oauth2_services_api_v2014r|class org.jenkinsci.plugins.workflow.multibranch.WorkflowMultiBranchProject
      1 CTO/Apigee-Hybrid/engineering/Ignite Apigee Hybrid Proxy Deploy/apigee-hybrid-secure-epic_edi_fhir_metadata_dstu2_mux|apigee-hybrid-secure-epic_edi_fhir_metadata_dstu2_mux|class org.jenkinsci.plugins.workflow.multibranch.WorkflowMultiBranchProject
      1 CTO/Apigee-Hybrid/engineering/Ignite Apigee Hybrid Proxy Deploy/apigee-hybrid-secure-epic_common_gs_patient_services_v2015r|apigee-hybrid-secure-epic_common_gs_patient_services_v2015r|class org.jenkinsci.plugins.workflow.multibranch.WorkflowMultiBranchProject
      1 CTO/Apigee-Hybrid/engineering/Ignite Apigee Hybrid Proxy Deploy/apigee-hybrid-secure-epic_common_gs_patient_services_v2010|apigee-hybrid-secure-epic_common_gs_patient_services_v2010|class org.jenkinsci.plugins.workflow.multibranch.WorkflowMultiBranchProject
      1 CTO/Apigee-Hybrid/engineering/Ignite Apigee Hybrid Proxy Deploy/apigee-hybrid-secure-epic_common_gs_patient_dexcare_v2015r|apigee-hybrid-secure-epic_common_gs_patient_dexcare_v2015r|class org.jenkinsci.plugins.workflow.multibranch.WorkflowMultiBranchProject
      1 CTO/Apigee-Hybrid/engineering/Ignite Apigee Hybrid Proxy Deploy/apigee-hybrid-secure-epic_clinical_pharmacy_v2018s|apigee-hybrid-secure-epic_clinical_pharmacy_v2018s|class org.jenkinsci.plugins.workflow.multibranch.WorkflowMultiBranchProject
      1 CTO/Apigee-Hybrid/engineering/Ignite Apigee Hybrid Proxy Deploy/apigee-hybrid-secure-epic_clinical_notes_services_v2017r|apigee-hybrid-secure-epic_clinical_notes_services_v2017r|class org.jenkinsci.plugins.workflow.multibranch.WorkflowMultiBranchProject
      1 CTO/Apigee-Hybrid/engineering/Ignite Apigee Hybrid Proxy Deploy/apigee-hybrid-secure-epic_clinical_gs_patient_v2011|apigee-hybrid-secure-epic_clinical_gs_patient_v2011|class org.jenkinsci.plugins.workflow.multibranch.WorkflowMultiBranchProject
      1 CTO/Apigee-Hybrid/engineering/Ignite Apigee Hybrid Proxy Deploy/apigee-hybrid-secure-epic_clinical_gs_notes_fam_v2018r|apigee-hybrid-secure-epic_clinical_gs_notes_fam_v2018r|class org.jenkinsci.plugins.workflow.multibranch.WorkflowMultiBranchProject
      1 CTO/Apigee-Hybrid/engineering/Ignite Apigee Hybrid Proxy Deploy/apigee-hybrid-secure-epic_billing_external_v2017r|apigee-hybrid-secure-epic_billing_external_v2017r|class org.jenkinsci.plugins.workflow.multibranch.WorkflowMultiBranchProject
      1 CTO/Apigee-Hybrid/engineering/Ignite Apigee Hybrid Proxy Deploy/apigee-hybrid-secure-epic_access_gs_referral_services_v2012|apigee-hybrid-secure-epic_access_gs_referral_services_v2012|class org.jenkinsci.plugins.workflow.multibranch.WorkflowMultiBranchProject
      1 CTO/Apigee-Hybrid/engineering/Ignite Apigee Hybrid Proxy Deploy/apigee-hybrid-secure-employer_broker_selfservice_internal_bff_v1r|apigee-hybrid-secure-employer_broker_selfservice_internal_bff_v1r|class org.jenkinsci.plugins.workflow.multibranch.WorkflowMultiBranchProject
      1 CTO/Apigee-Hybrid/engineering/Ignite Apigee Hybrid Proxy Deploy/apigee-hybrid-secure-dss_wex_search_r_v10|apigee-hybrid-secure-dss_wex_search_r_v10|class org.jenkinsci.plugins.workflow.multibranch.WorkflowMultiBranchProject
      1 CTO/Apigee-Hybrid/engineering/Ignite Apigee Hybrid Proxy Deploy/apigee-hybrid-secure-dss_wex_autocomplete_r_v10|apigee-hybrid-secure-dss_wex_autocomplete_r_v10|class org.jenkinsci.plugins.workflow.multibranch.WorkflowMultiBranchProject
      1 CTO/Apigee-Hybrid/engineering/Ignite Apigee Hybrid Proxy Deploy/apigee-hybrid-secure-drm_unity_v1r|apigee-hybrid-secure-drm_unity_v1r|class org.jenkinsci.plugins.workflow.multibranch.WorkflowMultiBranchProject
      1 CTO/Apigee-Hybrid/engineering/Ignite Apigee Hybrid Proxy Deploy/apigee-hybrid-secure-dast_amp_custom_validation_v1rh|apigee-hybrid-secure-dast_amp_custom_validation_v1rh|class org.jenkinsci.plugins.workflow.multibranch.WorkflowMultiBranchProject
      1 CTO/Apigee-Hybrid/engineering/Ignite Apigee Hybrid Proxy Deploy/apigee-hybrid-secure-cpx_gateway_inbound_tempus_v1r|apigee-hybrid-secure-cpx_gateway_inbound_tempus_v1r|class org.jenkinsci.plugins.workflow.multibranch.WorkflowMultiBranchProject
      1 CTO/Apigee-Hybrid/engineering/Ignite Apigee Hybrid Proxy Deploy/apigee-hybrid-secure-covid_claim_submission_v1r|apigee-hybrid-secure-covid_claim_submission_v1r|class org.jenkinsci.plugins.workflow.multibranch.WorkflowMultiBranchProject
      1 CTO/Apigee-Hybrid/engineering/Ignite Apigee Hybrid Proxy Deploy/apigee-hybrid-secure-covid_accumulation_v1rc|apigee-hybrid-secure-covid_accumulation_v1rc|class org.jenkinsci.plugins.workflow.multibranch.WorkflowMultiBranchProject
      1 CTO/Apigee-Hybrid/engineering/Ignite Apigee Hybrid Proxy Deploy/apigee-hybrid-secure-cost_model_web_v10|apigee-hybrid-secure-cost_model_web_v10|class org.jenkinsci.plugins.workflow.multibranch.WorkflowMultiBranchProject
      1 CTO/Apigee-Hybrid/engineering/Ignite Apigee Hybrid Proxy Deploy/apigee-hybrid-secure-compliance_connect_membership_lookup_v1r|apigee-hybrid-secure-compliance_connect_membership_lookup_v1r|class org.jenkinsci.plugins.workflow.multibranch.WorkflowMultiBranchProject
      1 CTO/Apigee-Hybrid/engineering/Ignite Apigee Hybrid Proxy Deploy/apigee-hybrid-secure-cms_beneficiary_eligibility_query_v1r|apigee-hybrid-secure-cms_beneficiary_eligibility_query_v1r|class org.jenkinsci.plugins.workflow.multibranch.WorkflowMultiBranchProject
      1 CTO/Apigee-Hybrid/engineering/Ignite Apigee Hybrid Proxy Deploy/apigee-hybrid-secure-cm_memberinquiry_v10|apigee-hybrid-secure-cm_memberinquiry_v10|class org.jenkinsci.plugins.workflow.multibranch.WorkflowMultiBranchProject
      1 CTO/Apigee-Hybrid/engineering/Ignite Apigee Hybrid Proxy Deploy/apigee-hybrid-secure-clinicianconnect_api_v3|apigee-hybrid-secure-clinicianconnect_api_v3|class org.jenkinsci.plugins.workflow.multibranch.WorkflowMultiBranchProject
      1 CTO/Apigee-Hybrid/engineering/Ignite Apigee Hybrid Proxy Deploy/apigee-hybrid-secure-clinician_connect_api_v2r|apigee-hybrid-secure-clinician_connect_api_v2r|class org.jenkinsci.plugins.workflow.multibranch.WorkflowMultiBranchProject
      1 CTO/Apigee-Hybrid/engineering/Ignite Apigee Hybrid Proxy Deploy/apigee-hybrid-secure-chart_of_accounts_microservice_v1r|apigee-hybrid-secure-chart_of_accounts_microservice_v1r|class org.jenkinsci.plugins.workflow.multibranch.WorkflowMultiBranchProject
      1 CTO/Apigee-Hybrid/engineering/Ignite Apigee Hybrid Proxy Deploy/apigee-hybrid-secure-cerebro_noname_v1r|apigee-hybrid-secure-cerebro_noname_v1r|class org.jenkinsci.plugins.workflow.multibranch.WorkflowMultiBranchProject
      1 CTO/Apigee-Hybrid/engineering/Ignite Apigee Hybrid Proxy Deploy/apigee-hybrid-secure-cdtssp_kp_ambassador_v1r|apigee-hybrid-secure-cdtssp_kp_ambassador_v1r|class org.jenkinsci.plugins.workflow.multibranch.WorkflowMultiBranchProject
      1 CTO/Apigee-Hybrid/engineering/Ignite Apigee Hybrid Proxy Deploy/apigee-hybrid-secure-cdads_psb_event_trigger_notification_v1r|apigee-hybrid-secure-cdads_psb_event_trigger_notification_v1r|class org.jenkinsci.plugins.workflow.multibranch.WorkflowMultiBranchProject
      1 CTO/Apigee-Hybrid/engineering/Ignite Apigee Hybrid Proxy Deploy/apigee-hybrid-secure-cdads_owl_bff_api_v10r|apigee-hybrid-secure-cdads_owl_bff_api_v10r|class org.jenkinsci.plugins.workflow.multibranch.WorkflowMultiBranchProject
      1 CTO/Apigee-Hybrid/engineering/Ignite Apigee Hybrid Proxy Deploy/apigee-hybrid-secure-cdads_member_preference_notification_v10r|apigee-hybrid-secure-cdads_member_preference_notification_v10r|class org.jenkinsci.plugins.workflow.multibranch.WorkflowMultiBranchProject
      1 CTO/Apigee-Hybrid/engineering/Ignite Apigee Hybrid Proxy Deploy/apigee-hybrid-secure-cdads_cyclecount_v20r|apigee-hybrid-secure-cdads_cyclecount_v20r|class org.jenkinsci.plugins.workflow.multibranch.WorkflowMultiBranchProject
      1 CTO/Apigee-Hybrid/engineering/Ignite Apigee Hybrid Proxy Deploy/apigee-hybrid-secure-cdads_clinical_library_federated_search_v10r|apigee-hybrid-secure-cdads_clinical_library_federated_search_v10r|class org.jenkinsci.plugins.workflow.multibranch.WorkflowMultiBranchProject
      1 CTO/Apigee-Hybrid/engineering/Ignite Apigee Hybrid Proxy Deploy/apigee-hybrid-secure-cas_amp_validation_custom_v1rh|apigee-hybrid-secure-cas_amp_validation_custom_v1rh|class org.jenkinsci.plugins.workflow.multibranch.WorkflowMultiBranchProject
      1 CTO/Apigee-Hybrid/engineering/Ignite Apigee Hybrid Proxy Deploy/apigee-hybrid-secure-cafm_building_information_v10|apigee-hybrid-secure-cafm_building_information_v10|class org.jenkinsci.plugins.workflow.multibranch.WorkflowMultiBranchProject
      1 CTO/Apigee-Hybrid/engineering/Ignite Apigee Hybrid Proxy Deploy/apigee-hybrid-secure-c2c_hours_of_operation_v1r|apigee-hybrid-secure-c2c_hours_of_operation_v1r|class org.jenkinsci.plugins.workflow.multibranch.WorkflowMultiBranchProject
      1 CTO/Apigee-Hybrid/engineering/Ignite Apigee Hybrid Proxy Deploy/apigee-hybrid-secure-bpm_task_apir_v10|apigee-hybrid-secure-bpm_task_apir_v10|class org.jenkinsci.plugins.workflow.multibranch.WorkflowMultiBranchProject
      1 CTO/Apigee-Hybrid/engineering/Ignite Apigee Hybrid Proxy Deploy/apigee-hybrid-secure-bpm_start_process_r_v10|apigee-hybrid-secure-bpm_start_process_r_v10|class org.jenkinsci.plugins.workflow.multibranch.WorkflowMultiBranchProject
      1 CTO/Apigee-Hybrid/engineering/Ignite Apigee Hybrid Proxy Deploy/apigee-hybrid-secure-bpm_get_list_of_tasks_r_v10|apigee-hybrid-secure-bpm_get_list_of_tasks_r_v10|class org.jenkinsci.plugins.workflow.multibranch.WorkflowMultiBranchProject
      1 CTO/Apigee-Hybrid/engineering/Ignite Apigee Hybrid Proxy Deploy/apigee-hybrid-secure-benefits_validation_v11|apigee-hybrid-secure-benefits_validation_v11|class org.jenkinsci.plugins.workflow.multibranch.WorkflowMultiBranchProject
      1 CTO/Apigee-Hybrid/engineering/Ignite Apigee Hybrid Proxy Deploy/apigee-hybrid-secure-bcssp_edi_bff_v1r|apigee-hybrid-secure-bcssp_edi_bff_v1r|class org.jenkinsci.plugins.workflow.multibranch.WorkflowMultiBranchProject
      1 CTO/Apigee-Hybrid/engineering/Ignite Apigee Hybrid Proxy Deploy/apigee-hybrid-secure-bcssp_edi_bff_v1r
      1 CTO/Apigee-Hybrid/engineering/Ignite Apigee Hybrid Proxy Deploy/apigee-hybrid-secure-bcssp_docserver_bff_v1r|apigee-hybrid-secure-bcssp_docserver_bff_v1r|class org.jenkinsci.plugins.workflow.multibranch.WorkflowMultiBranchProject
      1 CTO/Apigee-Hybrid/engineering/Ignite Apigee Hybrid Proxy Deploy/apigee-hybrid-secure-bcssp_docserver_bff_v1r
      1 CTO/Apigee-Hybrid/engineering/Ignite Apigee Hybrid Proxy Deploy/apigee-hybrid-secure-bcssp_customer_bff_v1r|apigee-hybrid-secure-bcssp_customer_bff_v1r|class org.jenkinsci.plugins.workflow.multibranch.WorkflowMultiBranchProject
      1 CTO/Apigee-Hybrid/engineering/Ignite Apigee Hybrid Proxy Deploy/apigee-hybrid-secure-bcssp_customer_bff_v1r
      1 CTO/Apigee-Hybrid/engineering/Ignite Apigee Hybrid Proxy Deploy/apigee-hybrid-secure-bcssp_broker_bff_v1r|apigee-hybrid-secure-bcssp_broker_bff_v1r|class org.jenkinsci.plugins.workflow.multibranch.WorkflowMultiBranchProject
      1 CTO/Apigee-Hybrid/engineering/Ignite Apigee Hybrid Proxy Deploy/apigee-hybrid-secure-bcssp_broker_bff_v1r
      1 CTO/Apigee-Hybrid/engineering/Ignite Apigee Hybrid Proxy Deploy/apigee-hybrid-secure-atlas_update_v20r|apigee-hybrid-secure-atlas_update_v20r|class org.jenkinsci.plugins.workflow.multibranch.WorkflowMultiBranchProject
      1 CTO/Apigee-Hybrid/engineering/Ignite Apigee Hybrid Proxy Deploy/apigee-hybrid-secure-atlas_get_token_v20r|apigee-hybrid-secure-atlas_get_token_v20r|class org.jenkinsci.plugins.workflow.multibranch.WorkflowMultiBranchProject
      1 CTO/Apigee-Hybrid/engineering/Ignite Apigee Hybrid Proxy Deploy/apigee-hybrid-secure-atlas_application_full_report_v2r|apigee-hybrid-secure-atlas_application_full_report_v2r|class org.jenkinsci.plugins.workflow.multibranch.WorkflowMultiBranchProject
      1 CTO/Apigee-Hybrid/engineering/Ignite Apigee Hybrid Proxy Deploy/apigee-hybrid-secure-api_ecosystem_external_bff_v1|apigee-hybrid-secure-api_ecosystem_external_bff_v1|class org.jenkinsci.plugins.workflow.multibranch.WorkflowMultiBranchProject
      1 CTO/Apigee-Hybrid/engineering/Ignite Apigee Hybrid Proxy Deploy/apigee-hybrid-secure-ansible_automation_controller_v4r|apigee-hybrid-secure-ansible_automation_controller_v4r|class org.jenkinsci.plugins.workflow.multibranch.WorkflowMultiBranchProject
      1 CTO/Apigee-Hybrid/engineering/Ignite Apigee Hybrid Proxy Deploy/apigee-hybrid-secure-amp_test_custom_hybrid_kpd_new_v1r|apigee-hybrid-secure-amp_test_custom_hybrid_kpd_new_v1r|class org.jenkinsci.plugins.workflow.multibranch.WorkflowMultiBranchProject
      1 CTO/Apigee-Hybrid/engineering/Ignite Apigee Hybrid Proxy Deploy/apigee-hybrid-secure-amp_test_custom_hybrid_kpd_new_v1r
      1 CTO/Apigee-Hybrid/engineering/Ignite Apigee Hybrid Proxy Deploy/apigee-hybrid-secure-address_validation_v20|apigee-hybrid-secure-address_validation_v20|class org.jenkinsci.plugins.workflow.multibranch.WorkflowMultiBranchProject
      1 CTO/Apigee-Hybrid/engineering/Ignite Apigee Hybrid Proxy Deploy/apigee-hybrid-secure-aca_access_enforcement_v1r|apigee-hybrid-secure-aca_access_enforcement_v1r|class org.jenkinsci.plugins.workflow.multibranch.WorkflowMultiBranchProject
      1 CTO/Apigee-Hybrid/engineering/Ignite Apigee Hybrid Proxy Deploy/apigee-hybrid-secure-Clinicallibraryfavoriteapi_1.0.0v1|apigee-hybrid-secure-Clinicallibraryfavoriteapi_1.0.0v1|class org.jenkinsci.plugins.workflow.multibranch.WorkflowMultiBranchProject
      1 CTO/Apigee-Hybrid/engineering/Ignite Apigee Hybrid Proxy Deploy/apigee-hybrid-script_drop_v1r|apigee-hybrid-script_drop_v1r|class org.jenkinsci.plugins.workflow.multibranch.WorkflowMultiBranchProject
      1 CTO/Apigee-Hybrid/engineering/Ignite Apigee Hybrid Proxy Deploy/apigee-hybrid-scal_msg_mgmt_trans_hub_v1r|apigee-hybrid-scal_msg_mgmt_trans_hub_v1r|class org.jenkinsci.plugins.workflow.multibranch.WorkflowMultiBranchProject
      1 CTO/Apigee-Hybrid/engineering/Ignite Apigee Hybrid Proxy Deploy/apigee-hybrid-scal_msg_mgmt_trans_hub_fam_v2r|apigee-hybrid-scal_msg_mgmt_trans_hub_fam_v2r|class org.jenkinsci.plugins.workflow.multibranch.WorkflowMultiBranchProject
      1 CTO/Apigee-Hybrid/engineering/Ignite Apigee Hybrid Proxy Deploy/apigee-hybrid-scal_eligibility_and_demographics_v50|apigee-hybrid-scal_eligibility_and_demographics_v50|class org.jenkinsci.plugins.workflow.multibranch.WorkflowMultiBranchProject
      1 CTO/Apigee-Hybrid/engineering/Ignite Apigee Hybrid Proxy Deploy/apigee-hybrid-scal_eligibility_and_demographics_v30|apigee-hybrid-scal_eligibility_and_demographics_v30|class org.jenkinsci.plugins.workflow.multibranch.WorkflowMultiBranchProject
      1 CTO/Apigee-Hybrid/engineering/Ignite Apigee Hybrid Proxy Deploy/apigee-hybrid-sc_esb_kphc_document_delivery_v10r|apigee-hybrid-sc_esb_kphc_document_delivery_v10r|class org.jenkinsci.plugins.workflow.multibranch.WorkflowMultiBranchProject
      1 CTO/Apigee-Hybrid/engineering/Ignite Apigee Hybrid Proxy Deploy/apigee-hybrid-sbcet_v1r|apigee-hybrid-sbcet_v1r|class org.jenkinsci.plugins.workflow.multibranch.WorkflowMultiBranchProject
      1 CTO/Apigee-Hybrid/engineering/Ignite Apigee Hybrid Proxy Deploy/apigee-hybrid-samdl_v1r|apigee-hybrid-samdl_v1r|class org.jenkinsci.plugins.workflow.multibranch.WorkflowMultiBranchProject
      1 CTO/Apigee-Hybrid/engineering/Ignite Apigee Hybrid Proxy Deploy/apigee-hybrid-salesconnect_spas_rqr_v10|apigee-hybrid-salesconnect_spas_rqr_v10|class org.jenkinsci.plugins.workflow.multibranch.WorkflowMultiBranchProject
      1 CTO/Apigee-Hybrid/engineering/Ignite Apigee Hybrid Proxy Deploy/apigee-hybrid-salesconnect_spas_account_v10|apigee-hybrid-salesconnect_spas_account_v10|class org.jenkinsci.plugins.workflow.multibranch.WorkflowMultiBranchProject
      1 CTO/Apigee-Hybrid/engineering/Ignite Apigee Hybrid Proxy Deploy/apigee-hybrid-salesconnect_enterprise_rest_token_v10|apigee-hybrid-salesconnect_enterprise_rest_token_v10|class org.jenkinsci.plugins.workflow.multibranch.WorkflowMultiBranchProject
      1 CTO/Apigee-Hybrid/engineering/Ignite Apigee Hybrid Proxy Deploy/apigee-hybrid-sales_eligibility_engine_plans_and_benefits_v1r|apigee-hybrid-sales_eligibility_engine_plans_and_benefits_v1r|class org.jenkinsci.plugins.workflow.multibranch.WorkflowMultiBranchProject
      1 CTO/Apigee-Hybrid/engineering/Ignite Apigee Hybrid Proxy Deploy/apigee-hybrid-sales_eligibility_engine_data_loader_v1r|apigee-hybrid-sales_eligibility_engine_data_loader_v1r|class org.jenkinsci.plugins.workflow.multibranch.WorkflowMultiBranchProject
      1 CTO/Apigee-Hybrid/engineering/Ignite Apigee Hybrid Proxy Deploy/apigee-hybrid-sales_connect_nsg_r_v10|apigee-hybrid-sales_connect_nsg_r_v10|class org.jenkinsci.plugins.workflow.multibranch.WorkflowMultiBranchProject
      1 CTO/Apigee-Hybrid/engineering/Ignite Apigee Hybrid Proxy Deploy/apigee-hybrid-sales_connect_cpq_v1r|apigee-hybrid-sales_connect_cpq_v1r|class org.jenkinsci.plugins.workflow.multibranch.WorkflowMultiBranchProject
      1 CTO/Apigee-Hybrid/engineering/Ignite Apigee Hybrid Proxy Deploy/apigee-hybrid-rx_workflow_details_v1r|apigee-hybrid-rx_workflow_details_v1r|class org.jenkinsci.plugins.workflow.multibranch.WorkflowMultiBranchProject
      1 CTO/Apigee-Hybrid/engineering/Ignite Apigee Hybrid Proxy Deploy/apigee-hybrid-rx_policy_bot_v1rh|apigee-hybrid-rx_policy_bot_v1rh|class org.jenkinsci.plugins.workflow.multibranch.WorkflowMultiBranchProject
      1 CTO/Apigee-Hybrid/engineering/Ignite Apigee Hybrid Proxy Deploy/apigee-hybrid-rqr_workflow_status_update_v10|apigee-hybrid-rqr_workflow_status_update_v10|class org.jenkinsci.plugins.workflow.multibranch.WorkflowMultiBranchProject
      1 CTO/Apigee-Hybrid/engineering/Ignite Apigee Hybrid Proxy Deploy/apigee-hybrid-rqr_data_setupr_v10|apigee-hybrid-rqr_data_setupr_v10|class org.jenkinsci.plugins.workflow.multibranch.WorkflowMultiBranchProject
      1 CTO/Apigee-Hybrid/engineering/Ignite Apigee Hybrid Proxy Deploy/apigee-hybrid-roc_cm_eligibility_and_demographics_v30|apigee-hybrid-roc_cm_eligibility_and_demographics_v30|class org.jenkinsci.plugins.workflow.multibranch.WorkflowMultiBranchProject
      1 CTO/Apigee-Hybrid/engineering/Ignite Apigee Hybrid Proxy Deploy/apigee-hybrid-rmis_sbo_dmss_event_api_v1r|apigee-hybrid-rmis_sbo_dmss_event_api_v1r|class org.jenkinsci.plugins.workflow.multibranch.WorkflowMultiBranchProject
      1 CTO/Apigee-Hybrid/engineering/Ignite Apigee Hybrid Proxy Deploy/apigee-hybrid-risant_vendor_api_v1_0rh|apigee-hybrid-risant_vendor_api_v1_0rh|class org.jenkinsci.plugins.workflow.multibranch.WorkflowMultiBranchProject
      1 CTO/Apigee-Hybrid/engineering/Ignite Apigee Hybrid Proxy Deploy/apigee-hybrid-risant_dexcare_proxy_r_v1rh|apigee-hybrid-risant_dexcare_proxy_r_v1rh|class org.jenkinsci.plugins.workflow.multibranch.WorkflowMultiBranchProject
      1 CTO/Apigee-Hybrid/engineering/Ignite Apigee Hybrid Proxy Deploy/apigee-hybrid-ride_iz_portal_v1|apigee-hybrid-ride_iz_portal_v1|class org.jenkinsci.plugins.workflow.multibranch.WorkflowMultiBranchProject
      1 CTO/Apigee-Hybrid/engineering/Ignite Apigee Hybrid Proxy Deploy/apigee-hybrid-reprint_ada_web_v10|apigee-hybrid-reprint_ada_web_v10|class org.jenkinsci.plugins.workflow.multibranch.WorkflowMultiBranchProject
      1 CTO/Apigee-Hybrid/engineering/Ignite Apigee Hybrid Proxy Deploy/apigee-hybrid-renal_healthcare_hie_v1r|apigee-hybrid-renal_healthcare_hie_v1r|class org.jenkinsci.plugins.workflow.multibranch.WorkflowMultiBranchProject
      1 CTO/Apigee-Hybrid/engineering/Ignite Apigee Hybrid Proxy Deploy/apigee-hybrid-renal_healthcare_hie_oauth_v1r|apigee-hybrid-renal_healthcare_hie_oauth_v1r|class org.jenkinsci.plugins.workflow.multibranch.WorkflowMultiBranchProject
      1 CTO/Apigee-Hybrid/engineering/Ignite Apigee Hybrid Proxy Deploy/apigee-hybrid-refill_reminder_rx_preference_v1r|apigee-hybrid-refill_reminder_rx_preference_v1r|class org.jenkinsci.plugins.workflow.multibranch.WorkflowMultiBranchProject
      1 CTO/Apigee-Hybrid/engineering/Ignite Apigee Hybrid Proxy Deploy/apigee-hybrid-receive_care_pvi_hub_v1r|apigee-hybrid-receive_care_pvi_hub_v1r|class org.jenkinsci.plugins.workflow.multibranch.WorkflowMultiBranchProject
      1 CTO/Apigee-Hybrid/engineering/Ignite Apigee Hybrid Proxy Deploy/apigee-hybrid-receive_care_pvi_hub_internal_v1rh|apigee-hybrid-receive_care_pvi_hub_internal_v1rh|class org.jenkinsci.plugins.workflow.multibranch.WorkflowMultiBranchProject
      1 CTO/Apigee-Hybrid/engineering/Ignite Apigee Hybrid Proxy Deploy/apigee-hybrid-receive_care_after_visits_experience_v1r|apigee-hybrid-receive_care_after_visits_experience_v1r|class org.jenkinsci.plugins.workflow.multibranch.WorkflowMultiBranchProject
      1 CTO/Apigee-Hybrid/engineering/Ignite Apigee Hybrid Proxy Deploy/apigee-hybrid-receive_care_after_visits_experience_v1rh|apigee-hybrid-receive_care_after_visits_experience_v1rh|class org.jenkinsci.plugins.workflow.multibranch.WorkflowMultiBranchProject
      1 CTO/Apigee-Hybrid/engineering/Ignite Apigee Hybrid Proxy Deploy/apigee-hybrid-rdc_document_composition_v1r|apigee-hybrid-rdc_document_composition_v1r|class org.jenkinsci.plugins.workflow.multibranch.WorkflowMultiBranchProject
      1 CTO/Apigee-Hybrid/engineering/Ignite Apigee Hybrid Proxy Deploy/apigee-hybrid-rcia_inquiry_update_v10r|apigee-hybrid-rcia_inquiry_update_v10r|class org.jenkinsci.plugins.workflow.multibranch.WorkflowMultiBranchProject
      1 CTO/Apigee-Hybrid/engineering/Ignite Apigee Hybrid Proxy Deploy/apigee-hybrid-rcdi_cms_v1|apigee-hybrid-rcdi_cms_v1|class org.jenkinsci.plugins.workflow.multibranch.WorkflowMultiBranchProject
      1 CTO/Apigee-Hybrid/engineering/Ignite Apigee Hybrid Proxy Deploy/apigee-hybrid-ratev10_api|apigee-hybrid-ratev10_api|class org.jenkinsci.plugins.workflow.multibranch.WorkflowMultiBranchProject
      1 CTO/Apigee-Hybrid/engineering/Ignite Apigee Hybrid Proxy Deploy/apigee-hybrid-quote_request_details_v10|apigee-hybrid-quote_request_details_v10|class org.jenkinsci.plugins.workflow.multibranch.WorkflowMultiBranchProject
      1 CTO/Apigee-Hybrid/engineering/Ignite Apigee Hybrid Proxy Deploy/apigee-hybrid-quality_claims_portal_biz_v1rh|apigee-hybrid-quality_claims_portal_biz_v1rh|class org.jenkinsci.plugins.workflow.multibranch.WorkflowMultiBranchProject
      1 CTO/Apigee-Hybrid/engineering/Ignite Apigee Hybrid Proxy Deploy/apigee-hybrid-qualifieddigitalnew_v1r|apigee-hybrid-qualifieddigitalnew_v1r|class org.jenkinsci.plugins.workflow.multibranch.WorkflowMultiBranchProject
      1 CTO/Apigee-Hybrid/engineering/Ignite Apigee Hybrid Proxy Deploy/apigee-hybrid-qmsidispensernw_v10|apigee-hybrid-qmsidispensernw_v10|class org.jenkinsci.plugins.workflow.multibranch.WorkflowMultiBranchProject
      1 CTO/Apigee-Hybrid/engineering/Ignite Apigee Hybrid Proxy Deploy/apigee-hybrid-qmsidispenser_ma_v10|apigee-hybrid-qmsidispenser_ma_v10|class org.jenkinsci.plugins.workflow.multibranch.WorkflowMultiBranchProject
      1 CTO/Apigee-Hybrid/engineering/Ignite Apigee Hybrid Proxy Deploy/apigee-hybrid-qmsi_dispenser_wa_v1|apigee-hybrid-qmsi_dispenser_wa_v1|class org.jenkinsci.plugins.workflow.multibranch.WorkflowMultiBranchProject
      1 CTO/Apigee-Hybrid/engineering/Ignite Apigee Hybrid Proxy Deploy/apigee-hybrid-qmsi_dispenser_nca_v1|apigee-hybrid-qmsi_dispenser_nca_v1|class org.jenkinsci.plugins.workflow.multibranch.WorkflowMultiBranchProject
      1 CTO/Apigee-Hybrid/engineering/Ignite Apigee Hybrid Proxy Deploy/apigee-hybrid-psych_provider_panel_business_service_v2|apigee-hybrid-psych_provider_panel_business_service_v2|class org.jenkinsci.plugins.workflow.multibranch.WorkflowMultiBranchProject
      1 CTO/Apigee-Hybrid/engineering/Ignite Apigee Hybrid Proxy Deploy/apigee-hybrid-psp_document_setup_web_service|apigee-hybrid-psp_document_setup_web_service|class org.jenkinsci.plugins.workflow.multibranch.WorkflowMultiBranchProject
      1 CTO/Apigee-Hybrid/engineering/Ignite Apigee Hybrid Proxy Deploy/apigee-hybrid-psp_address_validation_v10r|apigee-hybrid-psp_address_validation_v10r|class org.jenkinsci.plugins.workflow.multibranch.WorkflowMultiBranchProject
      1 CTO/Apigee-Hybrid/engineering/Ignite Apigee Hybrid Proxy Deploy/apigee-hybrid-psb_prescription_notification_exclusion_v1rc|apigee-hybrid-psb_prescription_notification_exclusion_v1rc|class org.jenkinsci.plugins.workflow.multibranch.WorkflowMultiBranchProject
      1 CTO/Apigee-Hybrid/engineering/Ignite Apigee Hybrid Proxy Deploy/apigee-hybrid-psb_prescription_data_srvc_v1r|apigee-hybrid-psb_prescription_data_srvc_v1r|class org.jenkinsci.plugins.workflow.multibranch.WorkflowMultiBranchProject
      1 CTO/Apigee-Hybrid/engineering/Ignite Apigee Hybrid Proxy Deploy/apigee-hybrid-psb_ldap_login_v1r|apigee-hybrid-psb_ldap_login_v1r|class org.jenkinsci.plugins.workflow.multibranch.WorkflowMultiBranchProject
      1 CTO/Apigee-Hybrid/engineering/Ignite Apigee Hybrid Proxy Deploy/apigee-hybrid-proxy_management_v1_soap|apigee-hybrid-proxy_management_v1_soap|class org.jenkinsci.plugins.workflow.multibranch.WorkflowMultiBranchProject
      1 CTO/Apigee-Hybrid/engineering/Ignite Apigee Hybrid Proxy Deploy/apigee-hybrid-proxy_management_v1_0_8c|apigee-hybrid-proxy_management_v1_0_8c|class org.jenkinsci.plugins.workflow.multibranch.WorkflowMultiBranchProject
      1 CTO/Apigee-Hybrid/engineering/Ignite Apigee Hybrid Proxy Deploy/apigee-hybrid-provider_demographics_get_case_v1r|apigee-hybrid-provider_demographics_get_case_v1r|class org.jenkinsci.plugins.workflow.multibranch.WorkflowMultiBranchProject
      1 CTO/Apigee-Hybrid/engineering/Ignite Apigee Hybrid Proxy Deploy/apigee-hybrid-provider_demographics_attestation_workflow_v1r|apigee-hybrid-provider_demographics_attestation_workflow_v1r|class org.jenkinsci.plugins.workflow.multibranch.WorkflowMultiBranchProject
      1 CTO/Apigee-Hybrid/engineering/Ignite Apigee Hybrid Proxy Deploy/apigee-hybrid-provider_data_service_az_v2rc|apigee-hybrid-provider_data_service_az_v2rc|class org.jenkinsci.plugins.workflow.multibranch.WorkflowMultiBranchProject
      1 CTO/Apigee-Hybrid/engineering/Ignite Apigee Hybrid Proxy Deploy/apigee-hybrid-provider_aggregate_v2_1_2|apigee-hybrid-provider_aggregate_v2_1_2|class org.jenkinsci.plugins.workflow.multibranch.WorkflowMultiBranchProject
      1 CTO/Apigee-Hybrid/engineering/Ignite Apigee Hybrid Proxy Deploy/apigee-hybrid-provider_aggregate_v2_1_2c|apigee-hybrid-provider_aggregate_v2_1_2c|class org.jenkinsci.plugins.workflow.multibranch.WorkflowMultiBranchProject
      1 CTO/Apigee-Hybrid/engineering/Ignite Apigee Hybrid Proxy Deploy/apigee-hybrid-proship_pierbridge_interface_v1r|apigee-hybrid-proship_pierbridge_interface_v1r|class org.jenkinsci.plugins.workflow.multibranch.WorkflowMultiBranchProject
      1 CTO/Apigee-Hybrid/engineering/Ignite Apigee Hybrid Proxy Deploy/apigee-hybrid-prometheus_query_r_v1|apigee-hybrid-prometheus_query_r_v1|class org.jenkinsci.plugins.workflow.multibranch.WorkflowMultiBranchProject
      1 CTO/Apigee-Hybrid/engineering/Ignite Apigee Hybrid Proxy Deploy/apigee-hybrid-premiuminquiry_v10|apigee-hybrid-premiuminquiry_v10|class org.jenkinsci.plugins.workflow.multibranch.WorkflowMultiBranchProject
      1 CTO/Apigee-Hybrid/engineering/Ignite Apigee Hybrid Proxy Deploy/apigee-hybrid-premium_rate_increase_v10r|apigee-hybrid-premium_rate_increase_v10r|class org.jenkinsci.plugins.workflow.multibranch.WorkflowMultiBranchProject
      1 CTO/Apigee-Hybrid/engineering/Ignite Apigee Hybrid Proxy Deploy/apigee-hybrid-prada_planbenefit_v1rh|apigee-hybrid-prada_planbenefit_v1rh|class org.jenkinsci.plugins.workflow.multibranch.WorkflowMultiBranchProject
      1 CTO/Apigee-Hybrid/engineering/Ignite Apigee Hybrid Proxy Deploy/apigee-hybrid-pop_audit_v1r|apigee-hybrid-pop_audit_v1r|class org.jenkinsci.plugins.workflow.multibranch.WorkflowMultiBranchProject
      1 CTO/Apigee-Hybrid/engineering/Ignite Apigee Hybrid Proxy Deploy/apigee-hybrid-point_click_care_oauth_v1r|apigee-hybrid-point_click_care_oauth_v1r|class org.jenkinsci.plugins.workflow.multibranch.WorkflowMultiBranchProject
      1 CTO/Apigee-Hybrid/engineering/Ignite Apigee Hybrid Proxy Deploy/apigee-hybrid-point_click_care_api_v1r|apigee-hybrid-point_click_care_api_v1r|class org.jenkinsci.plugins.workflow.multibranch.WorkflowMultiBranchProject
      1 CTO/Apigee-Hybrid/engineering/Ignite Apigee Hybrid Proxy Deploy/apigee-hybrid-poe_care_gaps_v1r|apigee-hybrid-poe_care_gaps_v1r|class org.jenkinsci.plugins.workflow.multibranch.WorkflowMultiBranchProject
      1 CTO/Apigee-Hybrid/engineering/Ignite Apigee Hybrid Proxy Deploy/apigee-hybrid-poe_care_gaps_satisfied_v1r|apigee-hybrid-poe_care_gaps_satisfied_v1r|class org.jenkinsci.plugins.workflow.multibranch.WorkflowMultiBranchProject
      1 CTO/Apigee-Hybrid/engineering/Ignite Apigee Hybrid Proxy Deploy/apigee-hybrid-pie_payment_tempus_outbound_v1rh|apigee-hybrid-pie_payment_tempus_outbound_v1rh|class org.jenkinsci.plugins.workflow.multibranch.WorkflowMultiBranchProject
      1 CTO/Apigee-Hybrid/engineering/Ignite Apigee Hybrid Proxy Deploy/apigee-hybrid-pie_kphc_refund_payment_tempus_outbound_v1rh|apigee-hybrid-pie_kphc_refund_payment_tempus_outbound_v1rh|class org.jenkinsci.plugins.workflow.multibranch.WorkflowMultiBranchProject
      1 CTO/Apigee-Hybrid/engineering/Ignite Apigee Hybrid Proxy Deploy/apigee-hybrid-phosphorus_v1r|apigee-hybrid-phosphorus_v1r|class org.jenkinsci.plugins.workflow.multibranch.WorkflowMultiBranchProject
      1 CTO/Apigee-Hybrid/engineering/Ignite Apigee Hybrid Proxy Deploy/apigee-hybrid-phis_get_available_pcp_providers_v10r|apigee-hybrid-phis_get_available_pcp_providers_v10r|class org.jenkinsci.plugins.workflow.multibranch.WorkflowMultiBranchProject
      1 CTO/Apigee-Hybrid/engineering/Ignite Apigee Hybrid Proxy Deploy/apigee-hybrid-payment_solutions_pharmacy_qr_code_v1r|apigee-hybrid-payment_solutions_pharmacy_qr_code_v1r|class org.jenkinsci.plugins.workflow.multibranch.WorkflowMultiBranchProject
      1 CTO/Apigee-Hybrid/engineering/Ignite Apigee Hybrid Proxy Deploy/apigee-hybrid-pay_to_provider_connector_v1r|apigee-hybrid-pay_to_provider_connector_v1r|class org.jenkinsci.plugins.workflow.multibranch.WorkflowMultiBranchProject
      1 CTO/Apigee-Hybrid/engineering/Ignite Apigee Hybrid Proxy Deploy/apigee-hybrid-patientbilldetailsbiz_v1_0r|apigee-hybrid-patientbilldetailsbiz_v1_0r|class org.jenkinsci.plugins.workflow.multibranch.WorkflowMultiBranchProject
      1 CTO/Apigee-Hybrid/engineering/Ignite Apigee Hybrid Proxy Deploy/apigee-hybrid-patientbilldetailsbiz_v1_0r
      1 CTO/Apigee-Hybrid/engineering/Ignite Apigee Hybrid Proxy Deploy/apigee-hybrid-patient_bill_details_biz_pipeline_rc_v2rc|apigee-hybrid-patient_bill_details_biz_pipeline_rc_v2rc|class org.jenkinsci.plugins.workflow.multibranch.WorkflowMultiBranchProject
      1 CTO/Apigee-Hybrid/engineering/Ignite Apigee Hybrid Proxy Deploy/apigee-hybrid-patient_bill_details_biz_pipeline_rc_v2rc
      1 CTO/Apigee-Hybrid/engineering/Ignite Apigee Hybrid Proxy Deploy/apigee-hybrid-outpatient_wait_time_calc_decision_v10|apigee-hybrid-outpatient_wait_time_calc_decision_v10|class org.jenkinsci.plugins.workflow.multibranch.WorkflowMultiBranchProject
      1 CTO/Apigee-Hybrid/engineering/Ignite Apigee Hybrid Proxy Deploy/apigee-hybrid-outpatient_dashboard_r_v10|apigee-hybrid-outpatient_dashboard_r_v10|class org.jenkinsci.plugins.workflow.multibranch.WorkflowMultiBranchProject
      1 CTO/Apigee-Hybrid/engineering/Ignite Apigee Hybrid Proxy Deploy/apigee-hybrid-oregon_alert_iis_v2011|apigee-hybrid-oregon_alert_iis_v2011|class org.jenkinsci.plugins.workflow.multibranch.WorkflowMultiBranchProject
      1 CTO/Apigee-Hybrid/engineering/Ignite Apigee Hybrid Proxy Deploy/apigee-hybrid-optum_rx_oauth_security_v1r|apigee-hybrid-optum_rx_oauth_security_v1r|class org.jenkinsci.plugins.workflow.multibranch.WorkflowMultiBranchProject
      1 CTO/Apigee-Hybrid/engineering/Ignite Apigee Hybrid Proxy Deploy/apigee-hybrid-optum_rx_formulary_v1r|apigee-hybrid-optum_rx_formulary_v1r|class org.jenkinsci.plugins.workflow.multibranch.WorkflowMultiBranchProject
      1 CTO/Apigee-Hybrid/engineering/Ignite Apigee Hybrid Proxy Deploy/apigee-hybrid-optum_membersearchauth_v1r|apigee-hybrid-optum_membersearchauth_v1r|class org.jenkinsci.plugins.workflow.multibranch.WorkflowMultiBranchProject
      1 CTO/Apigee-Hybrid/engineering/Ignite Apigee Hybrid Proxy Deploy/apigee-hybrid-optum_membersearch_v1r|apigee-hybrid-optum_membersearch_v1r|class org.jenkinsci.plugins.workflow.multibranch.WorkflowMultiBranchProject
      1 CTO/Apigee-Hybrid/engineering/Ignite Apigee Hybrid Proxy Deploy/apigee-hybrid-optum_bestpriceengineauth_v1r|apigee-hybrid-optum_bestpriceengineauth_v1r|class org.jenkinsci.plugins.workflow.multibranch.WorkflowMultiBranchProject
      1 CTO/Apigee-Hybrid/engineering/Ignite Apigee Hybrid Proxy Deploy/apigee-hybrid-optum_bestpriceengine_v1r|apigee-hybrid-optum_bestpriceengine_v1r|class org.jenkinsci.plugins.workflow.multibranch.WorkflowMultiBranchProject
      1 CTO/Apigee-Hybrid/engineering/Ignite Apigee Hybrid Proxy Deploy/apigee-hybrid-opap_smt_session_v1|apigee-hybrid-opap_smt_session_v1|class org.jenkinsci.plugins.workflow.multibranch.WorkflowMultiBranchProject
      1 CTO/Apigee-Hybrid/engineering/Ignite Apigee Hybrid Proxy Deploy/apigee-hybrid-opap_smt_notification_v1|apigee-hybrid-opap_smt_notification_v1|class org.jenkinsci.plugins.workflow.multibranch.WorkflowMultiBranchProject
      1 CTO/Apigee-Hybrid/engineering/Ignite Apigee Hybrid Proxy Deploy/apigee-hybrid-opap_smt_medication_v1|apigee-hybrid-opap_smt_medication_v1|class org.jenkinsci.plugins.workflow.multibranch.WorkflowMultiBranchProject
      1 CTO/Apigee-Hybrid/engineering/Ignite Apigee Hybrid Proxy Deploy/apigee-hybrid-opap_smt_maintenance_status_v1|apigee-hybrid-opap_smt_maintenance_status_v1|class org.jenkinsci.plugins.workflow.multibranch.WorkflowMultiBranchProject
      1 CTO/Apigee-Hybrid/engineering/Ignite Apigee Hybrid Proxy Deploy/apigee-hybrid-opap_smt_maintenance_status_rh|apigee-hybrid-opap_smt_maintenance_status_rh|class org.jenkinsci.plugins.workflow.multibranch.WorkflowMultiBranchProject
      1 CTO/Apigee-Hybrid/engineering/Ignite Apigee Hybrid Proxy Deploy/apigee-hybrid-opap_smt_maintenance_status_rh
      1 CTO/Apigee-Hybrid/engineering/Ignite Apigee Hybrid Proxy Deploy/apigee-hybrid-onelinkv3plpublishr_v10|apigee-hybrid-onelinkv3plpublishr_v10|class org.jenkinsci.plugins.workflow.multibranch.WorkflowMultiBranchProject
      1 CTO/Apigee-Hybrid/engineering/Ignite Apigee Hybrid Proxy Deploy/apigee-hybrid-onelink_work_order_validation_v1r|apigee-hybrid-onelink_work_order_validation_v1r|class org.jenkinsci.plugins.workflow.multibranch.WorkflowMultiBranchProject
      1 CTO/Apigee-Hybrid/engineering/Ignite Apigee Hybrid Proxy Deploy/apigee-hybrid-onelink_provisioning_v10|apigee-hybrid-onelink_provisioning_v10|class org.jenkinsci.plugins.workflow.multibranch.WorkflowMultiBranchProject
      1 CTO/Apigee-Hybrid/engineering/Ignite Apigee Hybrid Proxy Deploy/apigee-hybrid-onelink_nuvolo_workorder_requisition_outbound_v1r|apigee-hybrid-onelink_nuvolo_workorder_requisition_outbound_v1r|class org.jenkinsci.plugins.workflow.multibranch.WorkflowMultiBranchProject
      1 CTO/Apigee-Hybrid/engineering/Ignite Apigee Hybrid Proxy Deploy/apigee-hybrid-onelink_kpim_v10|apigee-hybrid-onelink_kpim_v10|class org.jenkinsci.plugins.workflow.multibranch.WorkflowMultiBranchProject
      1 CTO/Apigee-Hybrid/engineering/Ignite Apigee Hybrid Proxy Deploy/apigee-hybrid-onelink_hypatos_services_v1r|apigee-hybrid-onelink_hypatos_services_v1r|class org.jenkinsci.plugins.workflow.multibranch.WorkflowMultiBranchProject
      1 CTO/Apigee-Hybrid/engineering/Ignite Apigee Hybrid Proxy Deploy/apigee-hybrid-onelink_drofus_order_confirmation_requisition_outbound_v1r|apigee-hybrid-onelink_drofus_order_confirmation_requisition_outbound_v1r|class org.jenkinsci.plugins.workflow.multibranch.WorkflowMultiBranchProject
      1 CTO/Apigee-Hybrid/engineering/Ignite Apigee Hybrid Proxy Deploy/apigee-hybrid-onelink_cardinal_oauth_token_v1r|apigee-hybrid-onelink_cardinal_oauth_token_v1r|class org.jenkinsci.plugins.workflow.multibranch.WorkflowMultiBranchProject
      1 CTO/Apigee-Hybrid/engineering/Ignite Apigee Hybrid Proxy Deploy/apigee-hybrid-onelink_cardinal_oauth_token_v1rh|apigee-hybrid-onelink_cardinal_oauth_token_v1rh|class org.jenkinsci.plugins.workflow.multibranch.WorkflowMultiBranchProject
      1 CTO/Apigee-Hybrid/engineering/Ignite Apigee Hybrid Proxy Deploy/apigee-hybrid-onelink_attachment_external_v1r|apigee-hybrid-onelink_attachment_external_v1r|class org.jenkinsci.plugins.workflow.multibranch.WorkflowMultiBranchProject
      1 CTO/Apigee-Hybrid/engineering/Ignite Apigee Hybrid Proxy Deploy/apigee-hybrid-onelink_apex_vendor_data_outbound|apigee-hybrid-onelink_apex_vendor_data_outbound|class org.jenkinsci.plugins.workflow.multibranch.WorkflowMultiBranchProject
      1 CTO/Apigee-Hybrid/engineering/Ignite Apigee Hybrid Proxy Deploy/apigee-hybrid-onelink_3pl_outbound_v1r|apigee-hybrid-onelink_3pl_outbound_v1r|class org.jenkinsci.plugins.workflow.multibranch.WorkflowMultiBranchProject
      1 CTO/Apigee-Hybrid/engineering/Ignite Apigee Hybrid Proxy Deploy/apigee-hybrid-one_link_receipt_confirmation_v10|apigee-hybrid-one_link_receipt_confirmation_v10|class org.jenkinsci.plugins.workflow.multibranch.WorkflowMultiBranchProject
      1 CTO/Apigee-Hybrid/engineering/Ignite Apigee Hybrid Proxy Deploy/apigee-hybrid-one_link_min_max_messages_v10|apigee-hybrid-one_link_min_max_messages_v10|class org.jenkinsci.plugins.workflow.multibranch.WorkflowMultiBranchProject
      1 CTO/Apigee-Hybrid/engineering/Ignite Apigee Hybrid Proxy Deploy/apigee-hybrid-one_link_mh_publish_v10|apigee-hybrid-one_link_mh_publish_v10|class org.jenkinsci.plugins.workflow.multibranch.WorkflowMultiBranchProject
      1 CTO/Apigee-Hybrid/engineering/Ignite Apigee Hybrid Proxy Deploy/apigee-hybrid-one_link_kp_gateway|apigee-hybrid-one_link_kp_gateway|class org.jenkinsci.plugins.workflow.multibranch.WorkflowMultiBranchProject
      1 CTO/Apigee-Hybrid/engineering/Ignite Apigee Hybrid Proxy Deploy/apigee-hybrid-one_link_inventory_transaction_v10|apigee-hybrid-one_link_inventory_transaction_v10|class org.jenkinsci.plugins.workflow.multibranch.WorkflowMultiBranchProject
      1 CTO/Apigee-Hybrid/engineering/Ignite Apigee Hybrid Proxy Deploy/apigee-hybrid-one_link_inventory_balance_v10|apigee-hybrid-one_link_inventory_balance_v10|class org.jenkinsci.plugins.workflow.multibranch.WorkflowMultiBranchProject
      1 CTO/Apigee-Hybrid/engineering/Ignite Apigee Hybrid Proxy Deploy/apigee-hybrid-one_link_arxium_inbound_v10|apigee-hybrid-one_link_arxium_inbound_v10|class org.jenkinsci.plugins.workflow.multibranch.WorkflowMultiBranchProject
      1 CTO/Apigee-Hybrid/engineering/Ignite Apigee Hybrid Proxy Deploy/apigee-hybrid-one_health_port_elr_v1r|apigee-hybrid-one_health_port_elr_v1r|class org.jenkinsci.plugins.workflow.multibranch.WorkflowMultiBranchProject
      1 CTO/Apigee-Hybrid/engineering/Ignite Apigee Hybrid Proxy Deploy/apigee-hybrid-onboardingwizard_v1r|apigee-hybrid-onboardingwizard_v1r|class org.jenkinsci.plugins.workflow.multibranch.WorkflowMultiBranchProject
      1 CTO/Apigee-Hybrid/engineering/Ignite Apigee Hybrid Proxy Deploy/apigee-hybrid-omsreputation_v1rh|apigee-hybrid-omsreputation_v1rh|class org.jenkinsci.plugins.workflow.multibranch.WorkflowMultiBranchProject
      1 CTO/Apigee-Hybrid/engineering/Ignite Apigee Hybrid Proxy Deploy/apigee-hybrid-oms_wa_provider_license_v1rh|apigee-hybrid-oms_wa_provider_license_v1rh|class org.jenkinsci.plugins.workflow.multibranch.WorkflowMultiBranchProject
      1 CTO/Apigee-Hybrid/engineering/Ignite Apigee Hybrid Proxy Deploy/apigee-hybrid-oms_wa_license_v1rh|apigee-hybrid-oms_wa_license_v1rh|class org.jenkinsci.plugins.workflow.multibranch.WorkflowMultiBranchProject
      1 CTO/Apigee-Hybrid/engineering/Ignite Apigee Hybrid Proxy Deploy/apigee-hybrid-oms_wa_license_v1rh
      1 CTO/Apigee-Hybrid/engineering/Ignite Apigee Hybrid Proxy Deploy/apigee-hybrid-oms_kp_arcgis_v1rh|apigee-hybrid-oms_kp_arcgis_v1rh|class org.jenkinsci.plugins.workflow.multibranch.WorkflowMultiBranchProject
      1 CTO/Apigee-Hybrid/engineering/Ignite Apigee Hybrid Proxy Deploy/apigee-hybrid-oms_cms_v1rh|apigee-hybrid-oms_cms_v1rh|class org.jenkinsci.plugins.workflow.multibranch.WorkflowMultiBranchProject
      1 CTO/Apigee-Hybrid/engineering/Ignite Apigee Hybrid Proxy Deploy/apigee-hybrid-oms_cms_medicare_claims_v1rh|apigee-hybrid-oms_cms_medicare_claims_v1rh|class org.jenkinsci.plugins.workflow.multibranch.WorkflowMultiBranchProject
      1 CTO/Apigee-Hybrid/engineering/Ignite Apigee Hybrid Proxy Deploy/apigee-hybrid-oms_cms_facility_affiliation_v1rh|apigee-hybrid-oms_cms_facility_affiliation_v1rh|class org.jenkinsci.plugins.workflow.multibranch.WorkflowMultiBranchProject
      1 CTO/Apigee-Hybrid/engineering/Ignite Apigee Hybrid Proxy Deploy/apigee-hybrid-oms_cms_ascqr_v1rh|apigee-hybrid-oms_cms_ascqr_v1rh|class org.jenkinsci.plugins.workflow.multibranch.WorkflowMultiBranchProject
      1 CTO/Apigee-Hybrid/engineering/Ignite Apigee Hybrid Proxy Deploy/apigee-hybrid-oms_cms_asc_v1rh|apigee-hybrid-oms_cms_asc_v1rh|class org.jenkinsci.plugins.workflow.multibranch.WorkflowMultiBranchProject
      1 CTO/Apigee-Hybrid/engineering/Ignite Apigee Hybrid Proxy Deploy/apigee-hybrid-oms_cms_asc_qr_v1rh|apigee-hybrid-oms_cms_asc_qr_v1rh|class org.jenkinsci.plugins.workflow.multibranch.WorkflowMultiBranchProject
      1 CTO/Apigee-Hybrid/engineering/Ignite Apigee Hybrid Proxy Deploy/apigee-hybrid-oms_ca_provider_license_types_v1rh|apigee-hybrid-oms_ca_provider_license_types_v1rh|class org.jenkinsci.plugins.workflow.multibranch.WorkflowMultiBranchProject
      1 CTO/Apigee-Hybrid/engineering/Ignite Apigee Hybrid Proxy Deploy/apigee-hybrid-oms_ca_provider_license_status_v1rh|apigee-hybrid-oms_ca_provider_license_status_v1rh|class org.jenkinsci.plugins.workflow.multibranch.WorkflowMultiBranchProject
      1 CTO/Apigee-Hybrid/engineering/Ignite Apigee Hybrid Proxy Deploy/apigee-hybrid-oms_ca_provider_license_search_v1rh|apigee-hybrid-oms_ca_provider_license_search_v1rh|class org.jenkinsci.plugins.workflow.multibranch.WorkflowMultiBranchProject
      1 CTO/Apigee-Hybrid/engineering/Ignite Apigee Hybrid Proxy Deploy/apigee-hybrid-oms_ca_provider_license_ranks_v1rh|apigee-hybrid-oms_ca_provider_license_ranks_v1rh|class org.jenkinsci.plugins.workflow.multibranch.WorkflowMultiBranchProject
      1 CTO/Apigee-Hybrid/engineering/Ignite Apigee Hybrid Proxy Deploy/apigee-hybrid-oms_ca_provider_license_modifiers_v1rh|apigee-hybrid-oms_ca_provider_license_modifiers_v1rh|class org.jenkinsci.plugins.workflow.multibranch.WorkflowMultiBranchProject
      1 CTO/Apigee-Hybrid/engineering/Ignite Apigee Hybrid Proxy Deploy/apigee-hybrid-oms_ca_provider_license_boards_v1rh|apigee-hybrid-oms_ca_provider_license_boards_v1rh|class org.jenkinsci.plugins.workflow.multibranch.WorkflowMultiBranchProject
      1 CTO/Apigee-Hybrid/engineering/Ignite Apigee Hybrid Proxy Deploy/apigee-hybrid-oci_validator_v10|apigee-hybrid-oci_validator_v10|class org.jenkinsci.plugins.workflow.multibranch.WorkflowMultiBranchProject
      1 CTO/Apigee-Hybrid/engineering/Ignite Apigee Hybrid Proxy Deploy/apigee-hybrid-oauth_automation_via_accessnow_v1r|apigee-hybrid-oauth_automation_via_accessnow_v1r|class org.jenkinsci.plugins.workflow.multibranch.WorkflowMultiBranchProject
      1 CTO/Apigee-Hybrid/engineering/Ignite Apigee Hybrid Proxy Deploy/apigee-hybrid-nw_esb_kphc_document_delivery_api_v10r|apigee-hybrid-nw_esb_kphc_document_delivery_api_v10r|class org.jenkinsci.plugins.workflow.multibranch.WorkflowMultiBranchProject
      1 CTO/Apigee-Hybrid/engineering/Ignite Apigee Hybrid Proxy Deploy/apigee-hybrid-nuvolo_mwo_project_status_update_v1r|apigee-hybrid-nuvolo_mwo_project_status_update_v1r|class org.jenkinsci.plugins.workflow.multibranch.WorkflowMultiBranchProject
      1 CTO/Apigee-Hybrid/engineering/Ignite Apigee Hybrid Proxy Deploy/apigee-hybrid-nsgcpa_package_v1r|apigee-hybrid-nsgcpa_package_v1r|class org.jenkinsci.plugins.workflow.multibranch.WorkflowMultiBranchProject
      1 CTO/Apigee-Hybrid/engineering/Ignite Apigee Hybrid Proxy Deploy/apigee-hybrid-ns_first_test_v1rh|apigee-hybrid-ns_first_test_v1rh|class org.jenkinsci.plugins.workflow.multibranch.WorkflowMultiBranchProject
      1 CTO/Apigee-Hybrid/engineering/Ignite Apigee Hybrid Proxy Deploy/apigee-hybrid-ns_first_test_v1rh
      1 CTO/Apigee-Hybrid/engineering/Ignite Apigee Hybrid Proxy Deploy/apigee-hybrid-nquiry_request_v1|apigee-hybrid-nquiry_request_v1|class org.jenkinsci.plugins.workflow.multibranch.WorkflowMultiBranchProject
      1 CTO/Apigee-Hybrid/engineering/Ignite Apigee Hybrid Proxy Deploy/apigee-hybrid-nps_rating_engine_services_v10r|apigee-hybrid-nps_rating_engine_services_v10r|class org.jenkinsci.plugins.workflow.multibranch.WorkflowMultiBranchProject
      1 CTO/Apigee-Hybrid/engineering/Ignite Apigee Hybrid Proxy Deploy/apigee-hybrid-nps_rating_engine_overrides_services_v10r|apigee-hybrid-nps_rating_engine_overrides_services_v10r|class org.jenkinsci.plugins.workflow.multibranch.WorkflowMultiBranchProject
      1 CTO/Apigee-Hybrid/engineering/Ignite Apigee Hybrid Proxy Deploy/apigee-hybrid-nps_rating_engine_common_s_v10r|apigee-hybrid-nps_rating_engine_common_s_v10r|class org.jenkinsci.plugins.workflow.multibranch.WorkflowMultiBranchProject
      1 CTO/Apigee-Hybrid/engineering/Ignite Apigee Hybrid Proxy Deploy/apigee-hybrid-nps_rating_engine_batches_services_v10r|apigee-hybrid-nps_rating_engine_batches_services_v10r|class org.jenkinsci.plugins.workflow.multibranch.WorkflowMultiBranchProject
      1 CTO/Apigee-Hybrid/engineering/Ignite Apigee Hybrid Proxy Deploy/apigee-hybrid-nps_business_application_services_v10r|apigee-hybrid-nps_business_application_services_v10r|class org.jenkinsci.plugins.workflow.multibranch.WorkflowMultiBranchProject
      1 CTO/Apigee-Hybrid/engineering/Ignite Apigee Hybrid Proxy Deploy/apigee-hybrid-nps_application_callback_services_v10r|apigee-hybrid-nps_application_callback_services_v10r|class org.jenkinsci.plugins.workflow.multibranch.WorkflowMultiBranchProject
      1 CTO/Apigee-Hybrid/engineering/Ignite Apigee Hybrid Proxy Deploy/apigee-hybrid-npg_one_time_token_v1rh|apigee-hybrid-npg_one_time_token_v1rh|class org.jenkinsci.plugins.workflow.multibranch.WorkflowMultiBranchProject
      1 CTO/Apigee-Hybrid/engineering/Ignite Apigee Hybrid Proxy Deploy/apigee-hybrid-npg_one_time_token_v1rh
      1 CTO/Apigee-Hybrid/engineering/Ignite Apigee Hybrid Proxy Deploy/apigee-hybrid-noyo_membership_transaction_status_v1r|apigee-hybrid-noyo_membership_transaction_status_v1r|class org.jenkinsci.plugins.workflow.multibranch.WorkflowMultiBranchProject
      1 CTO/Apigee-Hybrid/engineering/Ignite Apigee Hybrid Proxy Deploy/apigee-hybrid-now_create_update_incident_v10|apigee-hybrid-now_create_update_incident_v10|class org.jenkinsci.plugins.workflow.multibranch.WorkflowMultiBranchProject
      1 CTO/Apigee-Hybrid/engineering/Ignite Apigee Hybrid Proxy Deploy/apigee-hybrid-notification_platform_event_v1_2mch|apigee-hybrid-notification_platform_event_v1_2mch|class org.jenkinsci.plugins.workflow.multibranch.WorkflowMultiBranchProject
      1 CTO/Apigee-Hybrid/engineering/Ignite Apigee Hybrid Proxy Deploy/apigee-hybrid-notification_gateway_v1_2mch|apigee-hybrid-notification_gateway_v1_2mch|class org.jenkinsci.plugins.workflow.multibranch.WorkflowMultiBranchProject
      1 CTO/Apigee-Hybrid/engineering/Ignite Apigee Hybrid Proxy Deploy/apigee-hybrid-notification_adaptor_v2sh|apigee-hybrid-notification_adaptor_v2sh|class org.jenkinsci.plugins.workflow.multibranch.WorkflowMultiBranchProject
      1 CTO/Apigee-Hybrid/engineering/Ignite Apigee Hybrid Proxy Deploy/apigee-hybrid-notification_adaptor_v2rh|apigee-hybrid-notification_adaptor_v2rh|class org.jenkinsci.plugins.workflow.multibranch.WorkflowMultiBranchProject
      1 CTO/Apigee-Hybrid/engineering/Ignite Apigee Hybrid Proxy Deploy/apigee-hybrid-nonameonboardws_v1rh|apigee-hybrid-nonameonboardws_v1rh|class org.jenkinsci.plugins.workflow.multibranch.WorkflowMultiBranchProject
      1 CTO/Apigee-Hybrid/engineering/Ignite Apigee Hybrid Proxy Deploy/apigee-hybrid-nonameappseconboardingws_v1rh|apigee-hybrid-nonameappseconboardingws_v1rh|class org.jenkinsci.plugins.workflow.multibranch.WorkflowMultiBranchProject
      1 CTO/Apigee-Hybrid/engineering/Ignite Apigee Hybrid Proxy Deploy/apigee-hybrid-nonameappseconboardingws_v1rh
      1 CTO/Apigee-Hybrid/engineering/Ignite Apigee Hybrid Proxy Deploy/apigee-hybrid-nipr_npn_lookup_v10|apigee-hybrid-nipr_npn_lookup_v10|class org.jenkinsci.plugins.workflow.multibranch.WorkflowMultiBranchProject
      1 CTO/Apigee-Hybrid/engineering/Ignite Apigee Hybrid Proxy Deploy/apigee-hybrid-nextgen_op_wait_time_calc_odmoc_r_v1rh|apigee-hybrid-nextgen_op_wait_time_calc_odmoc_r_v1rh|class org.jenkinsci.plugins.workflow.multibranch.WorkflowMultiBranchProject
      1 CTO/Apigee-Hybrid/engineering/Ignite Apigee Hybrid Proxy Deploy/apigee-hybrid-nextgen_lab_wait_time_calc_odmoc_v1rh|apigee-hybrid-nextgen_lab_wait_time_calc_odmoc_v1rh|class org.jenkinsci.plugins.workflow.multibranch.WorkflowMultiBranchProject
      1 CTO/Apigee-Hybrid/engineering/Ignite Apigee Hybrid Proxy Deploy/apigee-hybrid-nextgen_diag_wait_time_calc_odmoc_r_v1rh|apigee-hybrid-nextgen_diag_wait_time_calc_odmoc_r_v1rh|class org.jenkinsci.plugins.workflow.multibranch.WorkflowMultiBranchProject
      1 CTO/Apigee-Hybrid/engineering/Ignite Apigee Hybrid Proxy Deploy/apigee-hybrid-new-env-bootstrap|apigee-hybrid-new-env-bootstrap|class org.jenkinsci.plugins.workflow.multibranch.WorkflowMultiBranchProject
      1 CTO/Apigee-Hybrid/engineering/Ignite Apigee Hybrid Proxy Deploy/apigee-hybrid-ncmd_kana_pega_v1rh|apigee-hybrid-ncmd_kana_pega_v1rh|class org.jenkinsci.plugins.workflow.multibranch.WorkflowMultiBranchProject
      1 CTO/Apigee-Hybrid/engineering/Ignite Apigee Hybrid Proxy Deploy/apigee-hybrid-ncal_member_eligibility_and_demographics_v50|apigee-hybrid-ncal_member_eligibility_and_demographics_v50|class org.jenkinsci.plugins.workflow.multibranch.WorkflowMultiBranchProject
      1 CTO/Apigee-Hybrid/engineering/Ignite Apigee Hybrid Proxy Deploy/apigee-hybrid-ncal_eligibility_and_demographics_v30|apigee-hybrid-ncal_eligibility_and_demographics_v30|class org.jenkinsci.plugins.workflow.multibranch.WorkflowMultiBranchProject
      1 CTO/Apigee-Hybrid/engineering/Ignite Apigee Hybrid Proxy Deploy/apigee-hybrid-ncal_appointment_management_v2_5c|apigee-hybrid-ncal_appointment_management_v2_5c|class org.jenkinsci.plugins.workflow.multibranch.WorkflowMultiBranchProject
      1 CTO/Apigee-Hybrid/engineering/Ignite Apigee Hybrid Proxy Deploy/apigee-hybrid-ncal_appointment_management_v21_c|apigee-hybrid-ncal_appointment_management_v21_c|class org.jenkinsci.plugins.workflow.multibranch.WorkflowMultiBranchProject
      1 CTO/Apigee-Hybrid/engineering/Ignite Apigee Hybrid Proxy Deploy/apigee-hybrid-nc_esb_kphc_document_delivery_v10r|apigee-hybrid-nc_esb_kphc_document_delivery_v10r|class org.jenkinsci.plugins.workflow.multibranch.WorkflowMultiBranchProject
      1 CTO/Apigee-Hybrid/engineering/Ignite Apigee Hybrid Proxy Deploy/apigee-hybrid-national_member_s_v20|apigee-hybrid-national_member_s_v20|class org.jenkinsci.plugins.workflow.multibranch.WorkflowMultiBranchProject
      1 CTO/Apigee-Hybrid/engineering/Ignite Apigee Hybrid Proxy Deploy/apigee-hybrid-national_member_s_v20
      1 CTO/Apigee-Hybrid/engineering/Ignite Apigee Hybrid Proxy Deploy/apigee-hybrid-national_member_benefits_inquiry_v1|apigee-hybrid-national_member_benefits_inquiry_v1|class org.jenkinsci.plugins.workflow.multibranch.WorkflowMultiBranchProject
      1 CTO/Apigee-Hybrid/engineering/Ignite Apigee Hybrid Proxy Deploy/apigee-hybrid-mykp_rules_personalization_odmoc_v1r|apigee-hybrid-mykp_rules_personalization_odmoc_v1r|class org.jenkinsci.plugins.workflow.multibranch.WorkflowMultiBranchProject
      1 CTO/Apigee-Hybrid/engineering/Ignite Apigee Hybrid Proxy Deploy/apigee-hybrid-myhr_oracle_hcm_ucm_generic_soap_v10|apigee-hybrid-myhr_oracle_hcm_ucm_generic_soap_v10|class org.jenkinsci.plugins.workflow.multibranch.WorkflowMultiBranchProject
      1 CTO/Apigee-Hybrid/engineering/Ignite Apigee Hybrid Proxy Deploy/apigee-hybrid-myhr_oracle_hcm_report_web_v10|apigee-hybrid-myhr_oracle_hcm_report_web_v10|class org.jenkinsci.plugins.workflow.multibranch.WorkflowMultiBranchProject
      1 CTO/Apigee-Hybrid/engineering/Ignite Apigee Hybrid Proxy Deploy/apigee-hybrid-myhr_oracle_hcm_ess_web_v10|apigee-hybrid-myhr_oracle_hcm_ess_web_v10|class org.jenkinsci.plugins.workflow.multibranch.WorkflowMultiBranchProject
      1 CTO/Apigee-Hybrid/engineering/Ignite Apigee Hybrid Proxy Deploy/apigee-hybrid-myhr_nw_attendance_listener_v10|apigee-hybrid-myhr_nw_attendance_listener_v10|class org.jenkinsci.plugins.workflow.multibranch.WorkflowMultiBranchProject
      1 CTO/Apigee-Hybrid/engineering/Ignite Apigee Hybrid Proxy Deploy/apigee-hybrid-multichannel_notification_v20|apigee-hybrid-multichannel_notification_v20|class org.jenkinsci.plugins.workflow.multibranch.WorkflowMultiBranchProject
      1 CTO/Apigee-Hybrid/engineering/Ignite Apigee Hybrid Proxy Deploy/apigee-hybrid-microsoft_oauth_token_request_v1r|apigee-hybrid-microsoft_oauth_token_request_v1r|class org.jenkinsci.plugins.workflow.multibranch.WorkflowMultiBranchProject
      1 CTO/Apigee-Hybrid/engineering/Ignite Apigee Hybrid Proxy Deploy/apigee-hybrid-microsoft_identity_v1r|apigee-hybrid-microsoft_identity_v1r|class org.jenkinsci.plugins.workflow.multibranch.WorkflowMultiBranchProject
      1 CTO/Apigee-Hybrid/engineering/Ignite Apigee Hybrid Proxy Deploy/apigee-hybrid-microsoft_graph_v1r|apigee-hybrid-microsoft_graph_v1r|class org.jenkinsci.plugins.workflow.multibranch.WorkflowMultiBranchProject
      1 CTO/Apigee-Hybrid/engineering/Ignite Apigee Hybrid Proxy Deploy/apigee-hybrid-metrs_rules_v1r|apigee-hybrid-metrs_rules_v1r|class org.jenkinsci.plugins.workflow.multibranch.WorkflowMultiBranchProject
      1 CTO/Apigee-Hybrid/engineering/Ignite Apigee Hybrid Proxy Deploy/apigee-hybrid-metrs_case_leveling_v1r|apigee-hybrid-metrs_case_leveling_v1r|class org.jenkinsci.plugins.workflow.multibranch.WorkflowMultiBranchProject
      1 CTO/Apigee-Hybrid/engineering/Ignite Apigee Hybrid Proxy Deploy/apigee-hybrid-metrs_case_document_update_v10|apigee-hybrid-metrs_case_document_update_v10|class org.jenkinsci.plugins.workflow.multibranch.WorkflowMultiBranchProject
      1 CTO/Apigee-Hybrid/engineering/Ignite Apigee Hybrid Proxy Deploy/apigee-hybrid-meth_check_v2|apigee-hybrid-meth_check_v2|class org.jenkinsci.plugins.workflow.multibranch.WorkflowMultiBranchProject
      1 CTO/Apigee-Hybrid/engineering/Ignite Apigee Hybrid Proxy Deploy/apigee-hybrid-meth_check_token_v1r|apigee-hybrid-meth_check_token_v1r|class org.jenkinsci.plugins.workflow.multibranch.WorkflowMultiBranchProject
      1 CTO/Apigee-Hybrid/engineering/Ignite Apigee Hybrid Proxy Deploy/apigee-hybrid-messaging_ws_v1_2|apigee-hybrid-messaging_ws_v1_2|class org.jenkinsci.plugins.workflow.multibranch.WorkflowMultiBranchProject
      1 CTO/Apigee-Hybrid/engineering/Ignite Apigee Hybrid Proxy Deploy/apigee-hybrid-messaging_v12|apigee-hybrid-messaging_v12|class org.jenkinsci.plugins.workflow.multibranch.WorkflowMultiBranchProject
      1 CTO/Apigee-Hybrid/engineering/Ignite Apigee Hybrid Proxy Deploy/apigee-hybrid-membertransfer_v10|apigee-hybrid-membertransfer_v10|class org.jenkinsci.plugins.workflow.multibranch.WorkflowMultiBranchProject
      1 CTO/Apigee-Hybrid/engineering/Ignite Apigee Hybrid Proxy Deploy/apigee-hybrid-membership_selfservice_mrnassignmentui_bff_v1rh|apigee-hybrid-membership_selfservice_mrnassignmentui_bff_v1rh|class org.jenkinsci.plugins.workflow.multibranch.WorkflowMultiBranchProject
      1 CTO/Apigee-Hybrid/engineering/Ignite Apigee Hybrid Proxy Deploy/apigee-hybrid-memberlookup_v20|apigee-hybrid-memberlookup_v20|class org.jenkinsci.plugins.workflow.multibranch.WorkflowMultiBranchProject
      1 CTO/Apigee-Hybrid/engineering/Ignite Apigee Hybrid Proxy Deploy/apigee-hybrid-memberinquiry_v3_1|apigee-hybrid-memberinquiry_v3_1|class org.jenkinsci.plugins.workflow.multibranch.WorkflowMultiBranchProject
      1 CTO/Apigee-Hybrid/engineering/Ignite Apigee Hybrid Proxy Deploy/apigee-hybrid-member_zero_copay_and_delivery_fee_waiver_v1rc|apigee-hybrid-member_zero_copay_and_delivery_fee_waiver_v1rc|class org.jenkinsci.plugins.workflow.multibranch.WorkflowMultiBranchProject
      1 CTO/Apigee-Hybrid/engineering/Ignite Apigee Hybrid Proxy Deploy/apigee-hybrid-member_web_v44|apigee-hybrid-member_web_v44|class org.jenkinsci.plugins.workflow.multibranch.WorkflowMultiBranchProject
      1 CTO/Apigee-Hybrid/engineering/Ignite Apigee Hybrid Proxy Deploy/apigee-hybrid-member_update_v2|apigee-hybrid-member_update_v2|class org.jenkinsci.plugins.workflow.multibranch.WorkflowMultiBranchProject
      1 CTO/Apigee-Hybrid/engineering/Ignite Apigee Hybrid Proxy Deploy/apigee-hybrid-member_update_v1|apigee-hybrid-member_update_v1|class org.jenkinsci.plugins.workflow.multibranch.WorkflowMultiBranchProject
      1 CTO/Apigee-Hybrid/engineering/Ignite Apigee Hybrid Proxy Deploy/apigee-hybrid-member_termination_v1|apigee-hybrid-member_termination_v1|class org.jenkinsci.plugins.workflow.multibranch.WorkflowMultiBranchProject
      1 CTO/Apigee-Hybrid/engineering/Ignite Apigee Hybrid Proxy Deploy/apigee-hybrid-member_rx_order_status_v1r|apigee-hybrid-member_rx_order_status_v1r|class org.jenkinsci.plugins.workflow.multibranch.WorkflowMultiBranchProject
      1 CTO/Apigee-Hybrid/engineering/Ignite Apigee Hybrid Proxy Deploy/apigee-hybrid-member_request_v1|apigee-hybrid-member_request_v1|class org.jenkinsci.plugins.workflow.multibranch.WorkflowMultiBranchProject
      1 CTO/Apigee-Hybrid/engineering/Ignite Apigee Hybrid Proxy Deploy/apigee-hybrid-member_prescription_v1r|apigee-hybrid-member_prescription_v1r|class org.jenkinsci.plugins.workflow.multibranch.WorkflowMultiBranchProject
      1 CTO/Apigee-Hybrid/engineering/Ignite Apigee Hybrid Proxy Deploy/apigee-hybrid-member_prescription_eligibility_v1r|apigee-hybrid-member_prescription_eligibility_v1r|class org.jenkinsci.plugins.workflow.multibranch.WorkflowMultiBranchProject
      1 CTO/Apigee-Hybrid/engineering/Ignite Apigee Hybrid Proxy Deploy/apigee-hybrid-member_order_status_and_rx_refill_percentage_v1r|apigee-hybrid-member_order_status_and_rx_refill_percentage_v1r|class org.jenkinsci.plugins.workflow.multibranch.WorkflowMultiBranchProject
      1 CTO/Apigee-Hybrid/engineering/Ignite Apigee Hybrid Proxy Deploy/apigee-hybrid-member_management_v40|apigee-hybrid-member_management_v40|class org.jenkinsci.plugins.workflow.multibranch.WorkflowMultiBranchProject
      1 CTO/Apigee-Hybrid/engineering/Ignite Apigee Hybrid Proxy Deploy/apigee-hybrid-member_management_v40
      1 CTO/Apigee-Hybrid/engineering/Ignite Apigee Hybrid Proxy Deploy/apigee-hybrid-member_management_v3|apigee-hybrid-member_management_v3|class org.jenkinsci.plugins.workflow.multibranch.WorkflowMultiBranchProject
      1 CTO/Apigee-Hybrid/engineering/Ignite Apigee Hybrid Proxy Deploy/apigee-hybrid-member_management_v2|apigee-hybrid-member_management_v2|class org.jenkinsci.plugins.workflow.multibranch.WorkflowMultiBranchProject
      1 CTO/Apigee-Hybrid/engineering/Ignite Apigee Hybrid Proxy Deploy/apigee-hybrid-member_level_rating_tool_for_kpif_api_v1|apigee-hybrid-member_level_rating_tool_for_kpif_api_v1|class org.jenkinsci.plugins.workflow.multibranch.WorkflowMultiBranchProject
      1 CTO/Apigee-Hybrid/engineering/Ignite Apigee Hybrid Proxy Deploy/apigee-hybrid-member_inquiry_v3|apigee-hybrid-member_inquiry_v3|class org.jenkinsci.plugins.workflow.multibranch.WorkflowMultiBranchProject
      1 CTO/Apigee-Hybrid/engineering/Ignite Apigee Hybrid Proxy Deploy/apigee-hybrid-member_inquiry_v20|apigee-hybrid-member_inquiry_v20|class org.jenkinsci.plugins.workflow.multibranch.WorkflowMultiBranchProject
      1 CTO/Apigee-Hybrid/engineering/Ignite Apigee Hybrid Proxy Deploy/apigee-hybrid-member_information_v1r|apigee-hybrid-member_information_v1r|class org.jenkinsci.plugins.workflow.multibranch.WorkflowMultiBranchProject
      1 CTO/Apigee-Hybrid/engineering/Ignite Apigee Hybrid Proxy Deploy/apigee-hybrid-member_history_inquiry_v10|apigee-hybrid-member_history_inquiry_v10|class org.jenkinsci.plugins.workflow.multibranch.WorkflowMultiBranchProject
      1 CTO/Apigee-Hybrid/engineering/Ignite Apigee Hybrid Proxy Deploy/apigee-hybrid-member_ewallet_v1rc|apigee-hybrid-member_ewallet_v1rc|class org.jenkinsci.plugins.workflow.multibranch.WorkflowMultiBranchProject
      1 CTO/Apigee-Hybrid/engineering/Ignite Apigee Hybrid Proxy Deploy/apigee-hybrid-member_enrollment_scal_v1|apigee-hybrid-member_enrollment_scal_v1|class org.jenkinsci.plugins.workflow.multibranch.WorkflowMultiBranchProject
      1 CTO/Apigee-Hybrid/engineering/Ignite Apigee Hybrid Proxy Deploy/apigee-hybrid-member_enrollment_nw_v1|apigee-hybrid-member_enrollment_nw_v1|class org.jenkinsci.plugins.workflow.multibranch.WorkflowMultiBranchProject
      1 CTO/Apigee-Hybrid/engineering/Ignite Apigee Hybrid Proxy Deploy/apigee-hybrid-member_enrollment_ncal_v1|apigee-hybrid-member_enrollment_ncal_v1|class org.jenkinsci.plugins.workflow.multibranch.WorkflowMultiBranchProject
      1 CTO/Apigee-Hybrid/engineering/Ignite Apigee Hybrid Proxy Deploy/apigee-hybrid-member_enrollment_ga_v1|apigee-hybrid-member_enrollment_ga_v1|class org.jenkinsci.plugins.workflow.multibranch.WorkflowMultiBranchProject
      1 CTO/Apigee-Hybrid/engineering/Ignite Apigee Hybrid Proxy Deploy/apigee-hybrid-member_enrollment_co_v1|apigee-hybrid-member_enrollment_co_v1|class org.jenkinsci.plugins.workflow.multibranch.WorkflowMultiBranchProject
      1 CTO/Apigee-Hybrid/engineering/Ignite Apigee Hybrid Proxy Deploy/apigee-hybrid-member_eligibility_and_demographics_v4_v5|apigee-hybrid-member_eligibility_and_demographics_v4_v5|class org.jenkinsci.plugins.workflow.multibranch.WorkflowMultiBranchProject
      1 CTO/Apigee-Hybrid/engineering/Ignite Apigee Hybrid Proxy Deploy/apigee-hybrid-member_details_v1r|apigee-hybrid-member_details_v1r|class org.jenkinsci.plugins.workflow.multibranch.WorkflowMultiBranchProject
      1 CTO/Apigee-Hybrid/engineering/Ignite Apigee Hybrid Proxy Deploy/apigee-hybrid-member_demographics_update_v1|apigee-hybrid-member_demographics_update_v1|class org.jenkinsci.plugins.workflow.multibranch.WorkflowMultiBranchProject
      1 CTO/Apigee-Hybrid/engineering/Ignite Apigee Hybrid Proxy Deploy/apigee-hybrid-member_coverage_r_v1|apigee-hybrid-member_coverage_r_v1|class org.jenkinsci.plugins.workflow.multibranch.WorkflowMultiBranchProject
      1 CTO/Apigee-Hybrid/engineering/Ignite Apigee Hybrid Proxy Deploy/apigee-hybrid-member_correspondence_v1|apigee-hybrid-member_correspondence_v1|class org.jenkinsci.plugins.workflow.multibranch.WorkflowMultiBranchProject
      1 CTO/Apigee-Hybrid/engineering/Ignite Apigee Hybrid Proxy Deploy/apigee-hybrid-member_benefit_inquiry_r_v1|apigee-hybrid-member_benefit_inquiry_r_v1|class org.jenkinsci.plugins.workflow.multibranch.WorkflowMultiBranchProject
      1 CTO/Apigee-Hybrid/engineering/Ignite Apigee Hybrid Proxy Deploy/apigee-hybrid-medimpact_drugpricer_v1r|apigee-hybrid-medimpact_drugpricer_v1r|class org.jenkinsci.plugins.workflow.multibranch.WorkflowMultiBranchProject
      1 CTO/Apigee-Hybrid/engineering/Ignite Apigee Hybrid Proxy Deploy/apigee-hybrid-medimpact_drugauth_v1r|apigee-hybrid-medimpact_drugauth_v1r|class org.jenkinsci.plugins.workflow.multibranch.WorkflowMultiBranchProject
      1 CTO/Apigee-Hybrid/engineering/Ignite Apigee Hybrid Proxy Deploy/apigee-hybrid-med_impact_formulary_v1r|apigee-hybrid-med_impact_formulary_v1r|class org.jenkinsci.plugins.workflow.multibranch.WorkflowMultiBranchProject
      1 CTO/Apigee-Hybrid/engineering/Ignite Apigee Hybrid Proxy Deploy/apigee-hybrid-mds_request_v1r|apigee-hybrid-mds_request_v1r|class org.jenkinsci.plugins.workflow.multibranch.WorkflowMultiBranchProject
      1 CTO/Apigee-Hybrid/engineering/Ignite Apigee Hybrid Proxy Deploy/apigee-hybrid-mdpeople_accme_v1r|apigee-hybrid-mdpeople_accme_v1r|class org.jenkinsci.plugins.workflow.multibranch.WorkflowMultiBranchProject
      1 CTO/Apigee-Hybrid/engineering/Ignite Apigee Hybrid Proxy Deploy/apigee-hybrid-md_guidelines_v2r|apigee-hybrid-md_guidelines_v2r|class org.jenkinsci.plugins.workflow.multibranch.WorkflowMultiBranchProject
      1 CTO/Apigee-Hybrid/engineering/Ignite Apigee Hybrid Proxy Deploy/apigee-hybrid-mcc_biz_epic_payment_adapter_api_v1h|apigee-hybrid-mcc_biz_epic_payment_adapter_api_v1h|class org.jenkinsci.plugins.workflow.multibranch.WorkflowMultiBranchProject
      1 CTO/Apigee-Hybrid/engineering/Ignite Apigee Hybrid Proxy Deploy/apigee-hybrid-mcapps_v1321|apigee-hybrid-mcapps_v1321|class org.jenkinsci.plugins.workflow.multibranch.WorkflowMultiBranchProject
      1 CTO/Apigee-Hybrid/engineering/Ignite Apigee Hybrid Proxy Deploy/apigee-hybrid-mbrshp_bff_ss_member_transaction_status|apigee-hybrid-mbrshp_bff_ss_member_transaction_status|class org.jenkinsci.plugins.workflow.multibranch.WorkflowMultiBranchProject
      1 CTO/Apigee-Hybrid/engineering/Ignite Apigee Hybrid Proxy Deploy/apigee-hybrid-mbe_member_medicare_update_v1|apigee-hybrid-mbe_member_medicare_update_v1|class org.jenkinsci.plugins.workflow.multibranch.WorkflowMultiBranchProject
      1 CTO/Apigee-Hybrid/engineering/Ignite Apigee Hybrid Proxy Deploy/apigee-hybrid-mbe_member_medicare_inquiry_v1|apigee-hybrid-mbe_member_medicare_inquiry_v1|class org.jenkinsci.plugins.workflow.multibranch.WorkflowMultiBranchProject
      1 CTO/Apigee-Hybrid/engineering/Ignite Apigee Hybrid Proxy Deploy/apigee-hybrid-mbe_medicare_enrollment_request_v1|apigee-hybrid-mbe_medicare_enrollment_request_v1|class org.jenkinsci.plugins.workflow.multibranch.WorkflowMultiBranchProject
      1 CTO/Apigee-Hybrid/engineering/Ignite Apigee Hybrid Proxy Deploy/apigee-hybrid-mas_eligibility_and_demographics_v10|apigee-hybrid-mas_eligibility_and_demographics_v10|class org.jenkinsci.plugins.workflow.multibranch.WorkflowMultiBranchProject
      1 CTO/Apigee-Hybrid/engineering/Ignite Apigee Hybrid Proxy Deploy/apigee-hybrid-marketo_kp_prospects_and_members_v1rh|apigee-hybrid-marketo_kp_prospects_and_members_v1rh|class org.jenkinsci.plugins.workflow.multibranch.WorkflowMultiBranchProject
      1 CTO/Apigee-Hybrid/engineering/Ignite Apigee Hybrid Proxy Deploy/apigee-hybrid-mapquest_mychart_geo_data_v1r|apigee-hybrid-mapquest_mychart_geo_data_v1r|class org.jenkinsci.plugins.workflow.multibranch.WorkflowMultiBranchProject
      1 CTO/Apigee-Hybrid/engineering/Ignite Apigee Hybrid Proxy Deploy/apigee-hybrid-ltk_cpe_test_hello_world_v1_2_3h|apigee-hybrid-ltk_cpe_test_hello_world_v1_2_3h|class org.jenkinsci.plugins.workflow.multibranch.WorkflowMultiBranchProject
      1 CTO/Apigee-Hybrid/engineering/Ignite Apigee Hybrid Proxy Deploy/apigee-hybrid-ltk_cas_test_hello_world_v4|apigee-hybrid-ltk_cas_test_hello_world_v4|class org.jenkinsci.plugins.workflow.multibranch.WorkflowMultiBranchProject
      1 CTO/Apigee-Hybrid/engineering/Ignite Apigee Hybrid Proxy Deploy/apigee-hybrid-ltk_cas_test_hello_world_v4r|apigee-hybrid-ltk_cas_test_hello_world_v4r|class org.jenkinsci.plugins.workflow.multibranch.WorkflowMultiBranchProject
      1 CTO/Apigee-Hybrid/engineering/Ignite Apigee Hybrid Proxy Deploy/apigee-hybrid-ltk_cas_test_hello_world_v4rh|apigee-hybrid-ltk_cas_test_hello_world_v4rh|class org.jenkinsci.plugins.workflow.multibranch.WorkflowMultiBranchProject
      1 CTO/Apigee-Hybrid/engineering/Ignite Apigee Hybrid Proxy Deploy/apigee-hybrid-ltk_cas_test_hello_world_v4
      1 CTO/Apigee-Hybrid/engineering/Ignite Apigee Hybrid Proxy Deploy/apigee-hybrid-lexisnexisrisk_rest_api_v10|apigee-hybrid-lexisnexisrisk_rest_api_v10|class org.jenkinsci.plugins.workflow.multibranch.WorkflowMultiBranchProject
      1 CTO/Apigee-Hybrid/engineering/Ignite Apigee Hybrid Proxy Deploy/apigee-hybrid-lenelopenaccess_v1r|apigee-hybrid-lenelopenaccess_v1r|class org.jenkinsci.plugins.workflow.multibranch.WorkflowMultiBranchProject
      1 CTO/Apigee-Hybrid/engineering/Ignite Apigee Hybrid Proxy Deploy/apigee-hybrid-lab_wait_time_calc_decision_v1sh|apigee-hybrid-lab_wait_time_calc_decision_v1sh|class org.jenkinsci.plugins.workflow.multibranch.WorkflowMultiBranchProject
      1 CTO/Apigee-Hybrid/engineering/Ignite Apigee Hybrid Proxy Deploy/apigee-hybrid-lab_wait_time_calc_decision_v1sh
      1 CTO/Apigee-Hybrid/engineering/Ignite Apigee Hybrid Proxy Deploy/apigee-hybrid-lab_wait_time_calc_decision_v10|apigee-hybrid-lab_wait_time_calc_decision_v10|class org.jenkinsci.plugins.workflow.multibranch.WorkflowMultiBranchProject
      1 CTO/Apigee-Hybrid/engineering/Ignite Apigee Hybrid Proxy Deploy/apigee-hybrid-kpwa_kpmc_integration_v1rc|apigee-hybrid-kpwa_kpmc_integration_v1rc|class org.jenkinsci.plugins.workflow.multibranch.WorkflowMultiBranchProject
      1 CTO/Apigee-Hybrid/engineering/Ignite Apigee Hybrid Proxy Deploy/apigee-hybrid-kpsc_soldworkflowstatusupdate_v10r|apigee-hybrid-kpsc_soldworkflowstatusupdate_v10r|class org.jenkinsci.plugins.workflow.multibranch.WorkflowMultiBranchProject
      1 CTO/Apigee-Hybrid/engineering/Ignite Apigee Hybrid Proxy Deploy/apigee-hybrid-kpsc_soldrqr_v10r|apigee-hybrid-kpsc_soldrqr_v10r|class org.jenkinsci.plugins.workflow.multibranch.WorkflowMultiBranchProject
      1 CTO/Apigee-Hybrid/engineering/Ignite Apigee Hybrid Proxy Deploy/apigee-hybrid-kpsc_sbcevent_v10|apigee-hybrid-kpsc_sbcevent_v10|class org.jenkinsci.plugins.workflow.multibranch.WorkflowMultiBranchProject
      1 CTO/Apigee-Hybrid/engineering/Ignite Apigee Hybrid Proxy Deploy/apigee-hybrid-kpsc_prospectgroup_v10r|apigee-hybrid-kpsc_prospectgroup_v10r|class org.jenkinsci.plugins.workflow.multibranch.WorkflowMultiBranchProject
      1 CTO/Apigee-Hybrid/engineering/Ignite Apigee Hybrid Proxy Deploy/apigee-hybrid-kpsc_enterprise_v10|apigee-hybrid-kpsc_enterprise_v10|class org.jenkinsci.plugins.workflow.multibranch.WorkflowMultiBranchProject
      1 CTO/Apigee-Hybrid/engineering/Ignite Apigee Hybrid Proxy Deploy/apigee-hybrid-kporgfusion_v1r|apigee-hybrid-kporgfusion_v1r|class org.jenkinsci.plugins.workflow.multibranch.WorkflowMultiBranchProject
      1 CTO/Apigee-Hybrid/engineering/Ignite Apigee Hybrid Proxy Deploy/apigee-hybrid-kpoj_ohm_r_v10|apigee-hybrid-kpoj_ohm_r_v10|class org.jenkinsci.plugins.workflow.multibranch.WorkflowMultiBranchProject
      1 CTO/Apigee-Hybrid/engineering/Ignite Apigee Hybrid Proxy Deploy/apigee-hybrid-kpoj_enterprise_rest_token_v10|apigee-hybrid-kpoj_enterprise_rest_token_v10|class org.jenkinsci.plugins.workflow.multibranch.WorkflowMultiBranchProject
      1 CTO/Apigee-Hybrid/engineering/Ignite Apigee Hybrid Proxy Deploy/apigee-hybrid-kpns_ivr_wrapper_v1r|apigee-hybrid-kpns_ivr_wrapper_v1r|class org.jenkinsci.plugins.workflow.multibranch.WorkflowMultiBranchProject
      1 CTO/Apigee-Hybrid/engineering/Ignite Apigee Hybrid Proxy Deploy/apigee-hybrid-kpmc_user_authbff_service|apigee-hybrid-kpmc_user_authbff_service|class org.jenkinsci.plugins.workflow.multibranch.WorkflowMultiBranchProject
      1 CTO/Apigee-Hybrid/engineering/Ignite Apigee Hybrid Proxy Deploy/apigee-hybrid-kpmc_user_authbff_ba_service|apigee-hybrid-kpmc_user_authbff_ba_service|class org.jenkinsci.plugins.workflow.multibranch.WorkflowMultiBranchProject
      1 CTO/Apigee-Hybrid/engineering/Ignite Apigee Hybrid Proxy Deploy/apigee-hybrid-kpmc_tap_mem_kafka_rest_proxy_v1r|apigee-hybrid-kpmc_tap_mem_kafka_rest_proxy_v1r|class org.jenkinsci.plugins.workflow.multibranch.WorkflowMultiBranchProject
      1 CTO/Apigee-Hybrid/engineering/Ignite Apigee Hybrid Proxy Deploy/apigee-hybrid-kpmc_system_consolebff_service|apigee-hybrid-kpmc_system_consolebff_service|class org.jenkinsci.plugins.workflow.multibranch.WorkflowMultiBranchProject
      1 CTO/Apigee-Hybrid/engineering/Ignite Apigee Hybrid Proxy Deploy/apigee-hybrid-kpmc_ssmanagecp_bff_v1|apigee-hybrid-kpmc_ssmanagecp_bff_v1|class org.jenkinsci.plugins.workflow.multibranch.WorkflowMultiBranchProject
      1 CTO/Apigee-Hybrid/engineering/Ignite Apigee Hybrid Proxy Deploy/apigee-hybrid-kpmc_ssindvormb_bff_v10r|apigee-hybrid-kpmc_ssindvormb_bff_v10r|class org.jenkinsci.plugins.workflow.multibranch.WorkflowMultiBranchProject
      1 CTO/Apigee-Hybrid/engineering/Ignite Apigee Hybrid Proxy Deploy/apigee-hybrid-kpmc_ssindvbinderpayment_bff_v1r|apigee-hybrid-kpmc_ssindvbinderpayment_bff_v1r|class org.jenkinsci.plugins.workflow.multibranch.WorkflowMultiBranchProject
      1 CTO/Apigee-Hybrid/engineering/Ignite Apigee Hybrid Proxy Deploy/apigee-hybrid-kpmc_ssindv_bff_v10r|apigee-hybrid-kpmc_ssindv_bff_v10r|class org.jenkinsci.plugins.workflow.multibranch.WorkflowMultiBranchProject
      1 CTO/Apigee-Hybrid/engineering/Ignite Apigee Hybrid Proxy Deploy/apigee-hybrid-kpmc_ssgroupinfo_v1r|apigee-hybrid-kpmc_ssgroupinfo_v1r|class org.jenkinsci.plugins.workflow.multibranch.WorkflowMultiBranchProject
      1 CTO/Apigee-Hybrid/engineering/Ignite Apigee Hybrid Proxy Deploy/apigee-hybrid-kpmc_search_crosswalk_bff_ba_v10|apigee-hybrid-kpmc_search_crosswalk_bff_ba_v10|class org.jenkinsci.plugins.workflow.multibranch.WorkflowMultiBranchProject
      1 CTO/Apigee-Hybrid/engineering/Ignite Apigee Hybrid Proxy Deploy/apigee-hybrid-kpmc_reftypesbff_ba_service|apigee-hybrid-kpmc_reftypesbff_ba_service|class org.jenkinsci.plugins.workflow.multibranch.WorkflowMultiBranchProject
      1 CTO/Apigee-Hybrid/engineering/Ignite Apigee Hybrid Proxy Deploy/apigee-hybrid-kpmc_quick_viewbff|apigee-hybrid-kpmc_quick_viewbff|class org.jenkinsci.plugins.workflow.multibranch.WorkflowMultiBranchProject
      1 CTO/Apigee-Hybrid/engineering/Ignite Apigee Hybrid Proxy Deploy/apigee-hybrid-kpmc_phiaccessbaservice_v1r|apigee-hybrid-kpmc_phiaccessbaservice_v1r|class org.jenkinsci.plugins.workflow.multibranch.WorkflowMultiBranchProject
      1 CTO/Apigee-Hybrid/engineering/Ignite Apigee Hybrid Proxy Deploy/apigee-hybrid-kpmc_ormb_authentication_v1r|apigee-hybrid-kpmc_ormb_authentication_v1r|class org.jenkinsci.plugins.workflow.multibranch.WorkflowMultiBranchProject
      1 CTO/Apigee-Hybrid/engineering/Ignite Apigee Hybrid Proxy Deploy/apigee-hybrid-kpmc_mrn_search_v1r|apigee-hybrid-kpmc_mrn_search_v1r|class org.jenkinsci.plugins.workflow.multibranch.WorkflowMultiBranchProject
      1 CTO/Apigee-Hybrid/engineering/Ignite Apigee Hybrid Proxy Deploy/apigee-hybrid-kpmc_mrn_assignmentand_notification_service|apigee-hybrid-kpmc_mrn_assignmentand_notification_service|class org.jenkinsci.plugins.workflow.multibranch.WorkflowMultiBranchProject
      1 CTO/Apigee-Hybrid/engineering/Ignite Apigee Hybrid Proxy Deploy/apigee-hybrid-kpmc_member_update_v2_services|apigee-hybrid-kpmc_member_update_v2_services|class org.jenkinsci.plugins.workflow.multibranch.WorkflowMultiBranchProject
      1 CTO/Apigee-Hybrid/engineering/Ignite Apigee Hybrid Proxy Deploy/apigee-hybrid-kpmc_member_termination_v1|apigee-hybrid-kpmc_member_termination_v1|class org.jenkinsci.plugins.workflow.multibranch.WorkflowMultiBranchProject
      1 CTO/Apigee-Hybrid/engineering/Ignite Apigee Hybrid Proxy Deploy/apigee-hybrid-kpmc_member_request_v1|apigee-hybrid-kpmc_member_request_v1|class org.jenkinsci.plugins.workflow.multibranch.WorkflowMultiBranchProject
      1 CTO/Apigee-Hybrid/engineering/Ignite Apigee Hybrid Proxy Deploy/apigee-hybrid-kpmc_member_lookup_v2|apigee-hybrid-kpmc_member_lookup_v2|class org.jenkinsci.plugins.workflow.multibranch.WorkflowMultiBranchProject
      1 CTO/Apigee-Hybrid/engineering/Ignite Apigee Hybrid Proxy Deploy/apigee-hybrid-kpmc_member_lookup_v2_1|apigee-hybrid-kpmc_member_lookup_v2_1|class org.jenkinsci.plugins.workflow.multibranch.WorkflowMultiBranchProject
      1 CTO/Apigee-Hybrid/engineering/Ignite Apigee Hybrid Proxy Deploy/apigee-hybrid-kpmc_member_inquiry_v2_2|apigee-hybrid-kpmc_member_inquiry_v2_2|class org.jenkinsci.plugins.workflow.multibranch.WorkflowMultiBranchProject
      1 CTO/Apigee-Hybrid/engineering/Ignite Apigee Hybrid Proxy Deploy/apigee-hybrid-kpmc_member_inquiry_v2_2s|apigee-hybrid-kpmc_member_inquiry_v2_2s|class org.jenkinsci.plugins.workflow.multibranch.WorkflowMultiBranchProject
      1 CTO/Apigee-Hybrid/engineering/Ignite Apigee Hybrid Proxy Deploy/apigee-hybrid-kpmc_member_inquiry_v2_2s
      1 CTO/Apigee-Hybrid/engineering/Ignite Apigee Hybrid Proxy Deploy/apigee-hybrid-kpmc_member_enroll_v1|apigee-hybrid-kpmc_member_enroll_v1|class org.jenkinsci.plugins.workflow.multibranch.WorkflowMultiBranchProject
      1 CTO/Apigee-Hybrid/engineering/Ignite Apigee Hybrid Proxy Deploy/apigee-hybrid-kpmc_member_enroll_v1s|apigee-hybrid-kpmc_member_enroll_v1s|class org.jenkinsci.plugins.workflow.multibranch.WorkflowMultiBranchProject
      1 CTO/Apigee-Hybrid/engineering/Ignite Apigee Hybrid Proxy Deploy/apigee-hybrid-kpmc_member_enroll_v1s
      1 CTO/Apigee-Hybrid/engineering/Ignite Apigee Hybrid Proxy Deploy/apigee-hybrid-kpmc_mastercode_v1r|apigee-hybrid-kpmc_mastercode_v1r|class org.jenkinsci.plugins.workflow.multibranch.WorkflowMultiBranchProject
      1 CTO/Apigee-Hybrid/engineering/Ignite Apigee Hybrid Proxy Deploy/apigee-hybrid-kpmc_maspmos_memberchangepublish_v1r|apigee-hybrid-kpmc_maspmos_memberchangepublish_v1r|class org.jenkinsci.plugins.workflow.multibranch.WorkflowMultiBranchProject
      1 CTO/Apigee-Hybrid/engineering/Ignite Apigee Hybrid Proxy Deploy/apigee-hybrid-kpmc_maspmos_groupchangepublish_v1r|apigee-hybrid-kpmc_maspmos_groupchangepublish_v1r|class org.jenkinsci.plugins.workflow.multibranch.WorkflowMultiBranchProject
      1 CTO/Apigee-Hybrid/engineering/Ignite Apigee Hybrid Proxy Deploy/apigee-hybrid-kpmc_mas_traveling_member_v1r|apigee-hybrid-kpmc_mas_traveling_member_v1r|class org.jenkinsci.plugins.workflow.multibranch.WorkflowMultiBranchProject
      1 CTO/Apigee-Hybrid/engineering/Ignite Apigee Hybrid Proxy Deploy/apigee-hybrid-kpmc_mas_pre_enrollment|apigee-hybrid-kpmc_mas_pre_enrollment|class org.jenkinsci.plugins.workflow.multibranch.WorkflowMultiBranchProject
      1 CTO/Apigee-Hybrid/engineering/Ignite Apigee Hybrid Proxy Deploy/apigee-hybrid-kpmc_management_console_bff_v1r|apigee-hybrid-kpmc_management_console_bff_v1r|class org.jenkinsci.plugins.workflow.multibranch.WorkflowMultiBranchProject
      1 CTO/Apigee-Hybrid/engineering/Ignite Apigee Hybrid Proxy Deploy/apigee-hybrid-kpmc_ma_correspondence_bff_v10r|apigee-hybrid-kpmc_ma_correspondence_bff_v10r|class org.jenkinsci.plugins.workflow.multibranch.WorkflowMultiBranchProject
      1 CTO/Apigee-Hybrid/engineering/Ignite Apigee Hybrid Proxy Deploy/apigee-hybrid-kpmc_landingpage_bff_v10|apigee-hybrid-kpmc_landingpage_bff_v10|class org.jenkinsci.plugins.workflow.multibranch.WorkflowMultiBranchProject
      1 CTO/Apigee-Hybrid/engineering/Ignite Apigee Hybrid Proxy Deploy/apigee-hybrid-kpmc_individual_data_v1r|apigee-hybrid-kpmc_individual_data_v1r|class org.jenkinsci.plugins.workflow.multibranch.WorkflowMultiBranchProject
      1 CTO/Apigee-Hybrid/engineering/Ignite Apigee Hybrid Proxy Deploy/apigee-hybrid-kpmc_faset_v1rh|apigee-hybrid-kpmc_faset_v1rh|class org.jenkinsci.plugins.workflow.multibranch.WorkflowMultiBranchProject
      1 CTO/Apigee-Hybrid/engineering/Ignite Apigee Hybrid Proxy Deploy/apigee-hybrid-kpmc_evidence_of_coverage_bff_v1r|apigee-hybrid-kpmc_evidence_of_coverage_bff_v1r|class org.jenkinsci.plugins.workflow.multibranch.WorkflowMultiBranchProject
      1 CTO/Apigee-Hybrid/engineering/Ignite Apigee Hybrid Proxy Deploy/apigee-hybrid-kpmc_dafe_acknowledgement_message_v10r|apigee-hybrid-kpmc_dafe_acknowledgement_message_v10r|class org.jenkinsci.plugins.workflow.multibranch.WorkflowMultiBranchProject
      1 CTO/Apigee-Hybrid/engineering/Ignite Apigee Hybrid Proxy Deploy/apigee-hybrid-kpmc_customer_and_contract_bff|apigee-hybrid-kpmc_customer_and_contract_bff|class org.jenkinsci.plugins.workflow.multibranch.WorkflowMultiBranchProject
      1 CTO/Apigee-Hybrid/engineering/Ignite Apigee Hybrid Proxy Deploy/apigee-hybrid-kpmc_customer_and_contract_bff_ba|apigee-hybrid-kpmc_customer_and_contract_bff_ba|class org.jenkinsci.plugins.workflow.multibranch.WorkflowMultiBranchProject
      1 CTO/Apigee-Hybrid/engineering/Ignite Apigee Hybrid Proxy Deploy/apigee-hybrid-kpmc_config_management_bff_v1r|apigee-hybrid-kpmc_config_management_bff_v1r|class org.jenkinsci.plugins.workflow.multibranch.WorkflowMultiBranchProject
      1 CTO/Apigee-Hybrid/engineering/Ignite Apigee Hybrid Proxy Deploy/apigee-hybrid-kpmc_cam_router_bff_v10r|apigee-hybrid-kpmc_cam_router_bff_v10r|class org.jenkinsci.plugins.workflow.multibranch.WorkflowMultiBranchProject
      1 CTO/Apigee-Hybrid/engineering/Ignite Apigee Hybrid Proxy Deploy/apigee-hybrid-kpmc_cam_member_sor_v10r|apigee-hybrid-kpmc_cam_member_sor_v10r|class org.jenkinsci.plugins.workflow.multibranch.WorkflowMultiBranchProject
      1 CTO/Apigee-Hybrid/engineering/Ignite Apigee Hybrid Proxy Deploy/apigee-hybrid-kpmc_cam_coverage_sor_v10r|apigee-hybrid-kpmc_cam_coverage_sor_v10r|class org.jenkinsci.plugins.workflow.multibranch.WorkflowMultiBranchProject
      1 CTO/Apigee-Hybrid/engineering/Ignite Apigee Hybrid Proxy Deploy/apigee-hybrid-kpmc_bill_and_pay_bff_v1r|apigee-hybrid-kpmc_bill_and_pay_bff_v1r|class org.jenkinsci.plugins.workflow.multibranch.WorkflowMultiBranchProject
      1 CTO/Apigee-Hybrid/engineering/Ignite Apigee Hybrid Proxy Deploy/apigee-hybrid-kphp_member_idcard_request_v1rc|apigee-hybrid-kphp_member_idcard_request_v1rc|class org.jenkinsci.plugins.workflow.multibranch.WorkflowMultiBranchProject
      1 CTO/Apigee-Hybrid/engineering/Ignite Apigee Hybrid Proxy Deploy/apigee-hybrid-kphp_fhir_resources_r4|apigee-hybrid-kphp_fhir_resources_r4|class org.jenkinsci.plugins.workflow.multibranch.WorkflowMultiBranchProject
      1 CTO/Apigee-Hybrid/engineering/Ignite Apigee Hybrid Proxy Deploy/apigee-hybrid-kphp_fhir_resources_r4
      1 CTO/Apigee-Hybrid/engineering/Ignite Apigee Hybrid Proxy Deploy/apigee-hybrid-kphp_coverage_eligibility_request_v1rc|apigee-hybrid-kphp_coverage_eligibility_request_v1rc|class org.jenkinsci.plugins.workflow.multibranch.WorkflowMultiBranchProject
      1 CTO/Apigee-Hybrid/engineering/Ignite Apigee Hybrid Proxy Deploy/apigee-hybrid-kphc_update_patient_demographics_v1|apigee-hybrid-kphc_update_patient_demographics_v1|class org.jenkinsci.plugins.workflow.multibranch.WorkflowMultiBranchProject
      1 CTO/Apigee-Hybrid/engineering/Ignite Apigee Hybrid Proxy Deploy/apigee-hybrid-kphc_update_patient_demographics_v1r|apigee-hybrid-kphc_update_patient_demographics_v1r|class org.jenkinsci.plugins.workflow.multibranch.WorkflowMultiBranchProject
      1 CTO/Apigee-Hybrid/engineering/Ignite Apigee Hybrid Proxy Deploy/apigee-hybrid-kphc_trigger_update_v1|apigee-hybrid-kphc_trigger_update_v1|class org.jenkinsci.plugins.workflow.multibranch.WorkflowMultiBranchProject
      1 CTO/Apigee-Hybrid/engineering/Ignite Apigee Hybrid Proxy Deploy/apigee-hybrid-kphc_surgery_v6r|apigee-hybrid-kphc_surgery_v6r|class org.jenkinsci.plugins.workflow.multibranch.WorkflowMultiBranchProject
      1 CTO/Apigee-Hybrid/engineering/Ignite Apigee Hybrid Proxy Deploy/apigee-hybrid-kphc_surgery_v5|apigee-hybrid-kphc_surgery_v5|class org.jenkinsci.plugins.workflow.multibranch.WorkflowMultiBranchProject
      1 CTO/Apigee-Hybrid/engineering/Ignite Apigee Hybrid Proxy Deploy/apigee-hybrid-kphc_surgery_v1|apigee-hybrid-kphc_surgery_v1|class org.jenkinsci.plugins.workflow.multibranch.WorkflowMultiBranchProject
      1 CTO/Apigee-Hybrid/engineering/Ignite Apigee Hybrid Proxy Deploy/apigee-hybrid-kphc_set_visit_contact_info_v1|apigee-hybrid-kphc_set_visit_contact_info_v1|class org.jenkinsci.plugins.workflow.multibranch.WorkflowMultiBranchProject
      1 CTO/Apigee-Hybrid/engineering/Ignite Apigee Hybrid Proxy Deploy/apigee-hybrid-kphc_set_visit_contact_info_v1r|apigee-hybrid-kphc_set_visit_contact_info_v1r|class org.jenkinsci.plugins.workflow.multibranch.WorkflowMultiBranchProject
      1 CTO/Apigee-Hybrid/engineering/Ignite Apigee Hybrid Proxy Deploy/apigee-hybrid-kphc_set_primary_location_v1|apigee-hybrid-kphc_set_primary_location_v1|class org.jenkinsci.plugins.workflow.multibranch.WorkflowMultiBranchProject
      1 CTO/Apigee-Hybrid/engineering/Ignite Apigee Hybrid Proxy Deploy/apigee-hybrid-kphc_set_patient_score_v1|apigee-hybrid-kphc_set_patient_score_v1|class org.jenkinsci.plugins.workflow.multibranch.WorkflowMultiBranchProject
      1 CTO/Apigee-Hybrid/engineering/Ignite Apigee Hybrid Proxy Deploy/apigee-hybrid-kphc_set_paperless_billing_v1s|apigee-hybrid-kphc_set_paperless_billing_v1s|class org.jenkinsci.plugins.workflow.multibranch.WorkflowMultiBranchProject
      1 CTO/Apigee-Hybrid/engineering/Ignite Apigee Hybrid Proxy Deploy/apigee-hybrid-kphc_set_nquiry_status_v1|apigee-hybrid-kphc_set_nquiry_status_v1|class org.jenkinsci.plugins.workflow.multibranch.WorkflowMultiBranchProject
      1 CTO/Apigee-Hybrid/engineering/Ignite Apigee Hybrid Proxy Deploy/apigee-hybrid-kphc_set_conference_status_v1|apigee-hybrid-kphc_set_conference_status_v1|class org.jenkinsci.plugins.workflow.multibranch.WorkflowMultiBranchProject
      1 CTO/Apigee-Hybrid/engineering/Ignite Apigee Hybrid Proxy Deploy/apigee-hybrid-kphc_set_appt_target_date_v1|apigee-hybrid-kphc_set_appt_target_date_v1|class org.jenkinsci.plugins.workflow.multibranch.WorkflowMultiBranchProject
      1 CTO/Apigee-Hybrid/engineering/Ignite Apigee Hybrid Proxy Deploy/apigee-hybrid-kphc_set_appt_notifications_v1|apigee-hybrid-kphc_set_appt_notifications_v1|class org.jenkinsci.plugins.workflow.multibranch.WorkflowMultiBranchProject
      1 CTO/Apigee-Hybrid/engineering/Ignite Apigee Hybrid Proxy Deploy/apigee-hybrid-kphc_send_mychart_message_v2r|apigee-hybrid-kphc_send_mychart_message_v2r|class org.jenkinsci.plugins.workflow.multibranch.WorkflowMultiBranchProject
      1 CTO/Apigee-Hybrid/engineering/Ignite Apigee Hybrid Proxy Deploy/apigee-hybrid-kphc_secure_message_v1|apigee-hybrid-kphc_secure_message_v1|class org.jenkinsci.plugins.workflow.multibranch.WorkflowMultiBranchProject
      1 CTO/Apigee-Hybrid/engineering/Ignite Apigee Hybrid Proxy Deploy/apigee-hybrid-kphc_scheduling_reports_v1|apigee-hybrid-kphc_scheduling_reports_v1|class org.jenkinsci.plugins.workflow.multibranch.WorkflowMultiBranchProject
      1 CTO/Apigee-Hybrid/engineering/Ignite Apigee Hybrid Proxy Deploy/apigee-hybrid-kphc_scaffold_v1|apigee-hybrid-kphc_scaffold_v1|class org.jenkinsci.plugins.workflow.multibranch.WorkflowMultiBranchProject
      1 CTO/Apigee-Hybrid/engineering/Ignite Apigee Hybrid Proxy Deploy/apigee-hybrid-kphc_radiology_orders_v1|apigee-hybrid-kphc_radiology_orders_v1|class org.jenkinsci.plugins.workflow.multibranch.WorkflowMultiBranchProject
      1 CTO/Apigee-Hybrid/engineering/Ignite Apigee Hybrid Proxy Deploy/apigee-hybrid-kphc_radiology_exam_list_v1|apigee-hybrid-kphc_radiology_exam_list_v1|class org.jenkinsci.plugins.workflow.multibranch.WorkflowMultiBranchProject
      1 CTO/Apigee-Hybrid/engineering/Ignite Apigee Hybrid Proxy Deploy/apigee-hybrid-kphc_radiology_exam_details_v2|apigee-hybrid-kphc_radiology_exam_details_v2|class org.jenkinsci.plugins.workflow.multibranch.WorkflowMultiBranchProject
      1 CTO/Apigee-Hybrid/engineering/Ignite Apigee Hybrid Proxy Deploy/apigee-hybrid-kphc_radiology_exam_details_v1|apigee-hybrid-kphc_radiology_exam_details_v1|class org.jenkinsci.plugins.workflow.multibranch.WorkflowMultiBranchProject
      1 CTO/Apigee-Hybrid/engineering/Ignite Apigee Hybrid Proxy Deploy/apigee-hybrid-kphc_put_questionnaire_v2|apigee-hybrid-kphc_put_questionnaire_v2|class org.jenkinsci.plugins.workflow.multibranch.WorkflowMultiBranchProject
      1 CTO/Apigee-Hybrid/engineering/Ignite Apigee Hybrid Proxy Deploy/apigee-hybrid-kphc_put_questionnaire_chr_v1|apigee-hybrid-kphc_put_questionnaire_chr_v1|class org.jenkinsci.plugins.workflow.multibranch.WorkflowMultiBranchProject
      1 CTO/Apigee-Hybrid/engineering/Ignite Apigee Hybrid Proxy Deploy/apigee-hybrid-kphc_provisioning_tools_v1|apigee-hybrid-kphc_provisioning_tools_v1|class org.jenkinsci.plugins.workflow.multibranch.WorkflowMultiBranchProject
      1 CTO/Apigee-Hybrid/engineering/Ignite Apigee Hybrid Proxy Deploy/apigee-hybrid-kphc_provisioning_tools_accessnow_v1|apigee-hybrid-kphc_provisioning_tools_accessnow_v1|class org.jenkinsci.plugins.workflow.multibranch.WorkflowMultiBranchProject
      1 CTO/Apigee-Hybrid/engineering/Ignite Apigee Hybrid Proxy Deploy/apigee-hybrid-kphc_procedure_orders_v1|apigee-hybrid-kphc_procedure_orders_v1|class org.jenkinsci.plugins.workflow.multibranch.WorkflowMultiBranchProject
      1 CTO/Apigee-Hybrid/engineering/Ignite Apigee Hybrid Proxy Deploy/apigee-hybrid-kphc_patient_vital_signs_v4|apigee-hybrid-kphc_patient_vital_signs_v4|class org.jenkinsci.plugins.workflow.multibranch.WorkflowMultiBranchProject
      1 CTO/Apigee-Hybrid/engineering/Ignite Apigee Hybrid Proxy Deploy/apigee-hybrid-kphc_patient_vital_signs_v2|apigee-hybrid-kphc_patient_vital_signs_v2|class org.jenkinsci.plugins.workflow.multibranch.WorkflowMultiBranchProject
      1 CTO/Apigee-Hybrid/engineering/Ignite Apigee Hybrid Proxy Deploy/apigee-hybrid-kphc_patient_vital_signs_api_v30|apigee-hybrid-kphc_patient_vital_signs_api_v30|class org.jenkinsci.plugins.workflow.multibranch.WorkflowMultiBranchProject
      1 CTO/Apigee-Hybrid/engineering/Ignite Apigee Hybrid Proxy Deploy/apigee-hybrid-kphc_patient_verification_v1|apigee-hybrid-kphc_patient_verification_v1|class org.jenkinsci.plugins.workflow.multibranch.WorkflowMultiBranchProject
      1 CTO/Apigee-Hybrid/engineering/Ignite Apigee Hybrid Proxy Deploy/apigee-hybrid-kphc_patient_notes_v2|apigee-hybrid-kphc_patient_notes_v2|class org.jenkinsci.plugins.workflow.multibranch.WorkflowMultiBranchProject
      1 CTO/Apigee-Hybrid/engineering/Ignite Apigee Hybrid Proxy Deploy/apigee-hybrid-kphc_patient_care_team_v4r|apigee-hybrid-kphc_patient_care_team_v4r|class org.jenkinsci.plugins.workflow.multibranch.WorkflowMultiBranchProject
      1 CTO/Apigee-Hybrid/engineering/Ignite Apigee Hybrid Proxy Deploy/apigee-hybrid-kphc_patient_care_team_v2|apigee-hybrid-kphc_patient_care_team_v2|class org.jenkinsci.plugins.workflow.multibranch.WorkflowMultiBranchProject
      1 CTO/Apigee-Hybrid/engineering/Ignite Apigee Hybrid Proxy Deploy/apigee-hybrid-kphc_orders_v3s|apigee-hybrid-kphc_orders_v3s|class org.jenkinsci.plugins.workflow.multibranch.WorkflowMultiBranchProject
      1 CTO/Apigee-Hybrid/engineering/Ignite Apigee Hybrid Proxy Deploy/apigee-hybrid-kphc_operating_room_checklist_application_v1|apigee-hybrid-kphc_operating_room_checklist_application_v1|class org.jenkinsci.plugins.workflow.multibranch.WorkflowMultiBranchProject
      1 CTO/Apigee-Hybrid/engineering/Ignite Apigee Hybrid Proxy Deploy/apigee-hybrid-kphc_notes_comments_v2|apigee-hybrid-kphc_notes_comments_v2|class org.jenkinsci.plugins.workflow.multibranch.WorkflowMultiBranchProject
      1 CTO/Apigee-Hybrid/engineering/Ignite Apigee Hybrid Proxy Deploy/apigee-hybrid-kphc_notes_comments_v1|apigee-hybrid-kphc_notes_comments_v1|class org.jenkinsci.plugins.workflow.multibranch.WorkflowMultiBranchProject
      1 CTO/Apigee-Hybrid/engineering/Ignite Apigee Hybrid Proxy Deploy/apigee-hybrid-kphc_notes_comments_api_v20|apigee-hybrid-kphc_notes_comments_api_v20|class org.jenkinsci.plugins.workflow.multibranch.WorkflowMultiBranchProject
      1 CTO/Apigee-Hybrid/engineering/Ignite Apigee Hybrid Proxy Deploy/apigee-hybrid-kphc_mychart_messaging_wrapper_v1|apigee-hybrid-kphc_mychart_messaging_wrapper_v1|class org.jenkinsci.plugins.workflow.multibranch.WorkflowMultiBranchProject
      1 CTO/Apigee-Hybrid/engineering/Ignite Apigee Hybrid Proxy Deploy/apigee-hybrid-kphc_medications_v3|apigee-hybrid-kphc_medications_v3|class org.jenkinsci.plugins.workflow.multibranch.WorkflowMultiBranchProject
      1 CTO/Apigee-Hybrid/engineering/Ignite Apigee Hybrid Proxy Deploy/apigee-hybrid-kphc_medical_conditions_v4|apigee-hybrid-kphc_medical_conditions_v4|class org.jenkinsci.plugins.workflow.multibranch.WorkflowMultiBranchProject
      1 CTO/Apigee-Hybrid/engineering/Ignite Apigee Hybrid Proxy Deploy/apigee-hybrid-kphc_medical_conditions_v4r|apigee-hybrid-kphc_medical_conditions_v4r|class org.jenkinsci.plugins.workflow.multibranch.WorkflowMultiBranchProject
      1 CTO/Apigee-Hybrid/engineering/Ignite Apigee Hybrid Proxy Deploy/apigee-hybrid-kphc_medical_conditions_v3|apigee-hybrid-kphc_medical_conditions_v3|class org.jenkinsci.plugins.workflow.multibranch.WorkflowMultiBranchProject
      1 CTO/Apigee-Hybrid/engineering/Ignite Apigee Hybrid Proxy Deploy/apigee-hybrid-kphc_lsp_configuration_v1|apigee-hybrid-kphc_lsp_configuration_v1|class org.jenkinsci.plugins.workflow.multibranch.WorkflowMultiBranchProject
      1 CTO/Apigee-Hybrid/engineering/Ignite Apigee Hybrid Proxy Deploy/apigee-hybrid-kphc_lsp_application_v1|apigee-hybrid-kphc_lsp_application_v1|class org.jenkinsci.plugins.workflow.multibranch.WorkflowMultiBranchProject
      1 CTO/Apigee-Hybrid/engineering/Ignite Apigee Hybrid Proxy Deploy/apigee-hybrid-kphc_letters_v4|apigee-hybrid-kphc_letters_v4|class org.jenkinsci.plugins.workflow.multibranch.WorkflowMultiBranchProject
      1 CTO/Apigee-Hybrid/engineering/Ignite Apigee Hybrid Proxy Deploy/apigee-hybrid-kphc_lab_orders_v4|apigee-hybrid-kphc_lab_orders_v4|class org.jenkinsci.plugins.workflow.multibranch.WorkflowMultiBranchProject
      1 CTO/Apigee-Hybrid/engineering/Ignite Apigee Hybrid Proxy Deploy/apigee-hybrid-kphc_hra_prepop_v1|apigee-hybrid-kphc_hra_prepop_v1|class org.jenkinsci.plugins.workflow.multibranch.WorkflowMultiBranchProject
      1 CTO/Apigee-Hybrid/engineering/Ignite Apigee Hybrid Proxy Deploy/apigee-hybrid-kphc_get_wdf_config_v1|apigee-hybrid-kphc_get_wdf_config_v1|class org.jenkinsci.plugins.workflow.multibranch.WorkflowMultiBranchProject
      1 CTO/Apigee-Hybrid/engineering/Ignite Apigee Hybrid Proxy Deploy/apigee-hybrid-kphc_get_wdf_config_v1r|apigee-hybrid-kphc_get_wdf_config_v1r|class org.jenkinsci.plugins.workflow.multibranch.WorkflowMultiBranchProject
      1 CTO/Apigee-Hybrid/engineering/Ignite Apigee Hybrid Proxy Deploy/apigee-hybrid-kphc_get_user_base_deployment_v10r|apigee-hybrid-kphc_get_user_base_deployment_v10r|class org.jenkinsci.plugins.workflow.multibranch.WorkflowMultiBranchProject
      1 CTO/Apigee-Hybrid/engineering/Ignite Apigee Hybrid Proxy Deploy/apigee-hybrid-kphc_get_subgroup_providers_v1s|apigee-hybrid-kphc_get_subgroup_providers_v1s|class org.jenkinsci.plugins.workflow.multibranch.WorkflowMultiBranchProject
      1 CTO/Apigee-Hybrid/engineering/Ignite Apigee Hybrid Proxy Deploy/apigee-hybrid-kphc_get_sched_depts_v4r|apigee-hybrid-kphc_get_sched_depts_v4r|class org.jenkinsci.plugins.workflow.multibranch.WorkflowMultiBranchProject
      1 CTO/Apigee-Hybrid/engineering/Ignite Apigee Hybrid Proxy Deploy/apigee-hybrid-kphc_get_sched_depts_v3|apigee-hybrid-kphc_get_sched_depts_v3|class org.jenkinsci.plugins.workflow.multibranch.WorkflowMultiBranchProject
      1 CTO/Apigee-Hybrid/engineering/Ignite Apigee Hybrid Proxy Deploy/apigee-hybrid-kphc_get_sched_depts_v2|apigee-hybrid-kphc_get_sched_depts_v2|class org.jenkinsci.plugins.workflow.multibranch.WorkflowMultiBranchProject
      1 CTO/Apigee-Hybrid/engineering/Ignite Apigee Hybrid Proxy Deploy/apigee-hybrid-kphc_get_registry_v1|apigee-hybrid-kphc_get_registry_v1|class org.jenkinsci.plugins.workflow.multibranch.WorkflowMultiBranchProject
      1 CTO/Apigee-Hybrid/engineering/Ignite Apigee Hybrid Proxy Deploy/apigee-hybrid-kphc_get_referrals_v5|apigee-hybrid-kphc_get_referrals_v5|class org.jenkinsci.plugins.workflow.multibranch.WorkflowMultiBranchProject
      1 CTO/Apigee-Hybrid/engineering/Ignite Apigee Hybrid Proxy Deploy/apigee-hybrid-kphc_get_provider_schedule_v3|apigee-hybrid-kphc_get_provider_schedule_v3|class org.jenkinsci.plugins.workflow.multibranch.WorkflowMultiBranchProject
      1 CTO/Apigee-Hybrid/engineering/Ignite Apigee Hybrid Proxy Deploy/apigee-hybrid-kphc_get_provider_schedule_v3r|apigee-hybrid-kphc_get_provider_schedule_v3r|class org.jenkinsci.plugins.workflow.multibranch.WorkflowMultiBranchProject
      1 CTO/Apigee-Hybrid/engineering/Ignite Apigee Hybrid Proxy Deploy/apigee-hybrid-kphc_get_provider_info_v3|apigee-hybrid-kphc_get_provider_info_v3|class org.jenkinsci.plugins.workflow.multibranch.WorkflowMultiBranchProject
      1 CTO/Apigee-Hybrid/engineering/Ignite Apigee Hybrid Proxy Deploy/apigee-hybrid-kphc_get_provider_info_v3r|apigee-hybrid-kphc_get_provider_info_v3r|class org.jenkinsci.plugins.workflow.multibranch.WorkflowMultiBranchProject
      1 CTO/Apigee-Hybrid/engineering/Ignite Apigee Hybrid Proxy Deploy/apigee-hybrid-kphc_get_provider_info_v20|apigee-hybrid-kphc_get_provider_info_v20|class org.jenkinsci.plugins.workflow.multibranch.WorkflowMultiBranchProject
      1 CTO/Apigee-Hybrid/engineering/Ignite Apigee Hybrid Proxy Deploy/apigee-hybrid-kphc_get_provider_info_from_home_v3r|apigee-hybrid-kphc_get_provider_info_from_home_v3r|class org.jenkinsci.plugins.workflow.multibranch.WorkflowMultiBranchProject
      1 CTO/Apigee-Hybrid/engineering/Ignite Apigee Hybrid Proxy Deploy/apigee-hybrid-kphc_get_prof_billing_details_v1|apigee-hybrid-kphc_get_prof_billing_details_v1|class org.jenkinsci.plugins.workflow.multibranch.WorkflowMultiBranchProject
      1 CTO/Apigee-Hybrid/engineering/Ignite Apigee Hybrid Proxy Deploy/apigee-hybrid-kphc_get_prescription_v3|apigee-hybrid-kphc_get_prescription_v3|class org.jenkinsci.plugins.workflow.multibranch.WorkflowMultiBranchProject
      1 CTO/Apigee-Hybrid/engineering/Ignite Apigee Hybrid Proxy Deploy/apigee-hybrid-kphc_get_prescription_v2|apigee-hybrid-kphc_get_prescription_v2|class org.jenkinsci.plugins.workflow.multibranch.WorkflowMultiBranchProject
      1 CTO/Apigee-Hybrid/engineering/Ignite Apigee Hybrid Proxy Deploy/apigee-hybrid-kphc_get_patient_flags_v1s|apigee-hybrid-kphc_get_patient_flags_v1s|class org.jenkinsci.plugins.workflow.multibranch.WorkflowMultiBranchProject
      1 CTO/Apigee-Hybrid/engineering/Ignite Apigee Hybrid Proxy Deploy/apigee-hybrid-kphc_get_mychartlog_v1r|apigee-hybrid-kphc_get_mychartlog_v1r|class org.jenkinsci.plugins.workflow.multibranch.WorkflowMultiBranchProject
      1 CTO/Apigee-Hybrid/engineering/Ignite Apigee Hybrid Proxy Deploy/apigee-hybrid-kphc_get_mychartfdilink_v1r|apigee-hybrid-kphc_get_mychartfdilink_v1r|class org.jenkinsci.plugins.workflow.multibranch.WorkflowMultiBranchProject
      1 CTO/Apigee-Hybrid/engineering/Ignite Apigee Hybrid Proxy Deploy/apigee-hybrid-kphc_get_ldaw_v1|apigee-hybrid-kphc_get_ldaw_v1|class org.jenkinsci.plugins.workflow.multibranch.WorkflowMultiBranchProject
      1 CTO/Apigee-Hybrid/engineering/Ignite Apigee Hybrid Proxy Deploy/apigee-hybrid-kphc_get_hosp_billing_account_v1|apigee-hybrid-kphc_get_hosp_billing_account_v1|class org.jenkinsci.plugins.workflow.multibranch.WorkflowMultiBranchProject
      1 CTO/Apigee-Hybrid/engineering/Ignite Apigee Hybrid Proxy Deploy/apigee-hybrid-kphc_get_guarantor_patient_list_v2|apigee-hybrid-kphc_get_guarantor_patient_list_v2|class org.jenkinsci.plugins.workflow.multibranch.WorkflowMultiBranchProject
      1 CTO/Apigee-Hybrid/engineering/Ignite Apigee Hybrid Proxy Deploy/apigee-hybrid-kphc_get_guarantor_patient_list_v20r|apigee-hybrid-kphc_get_guarantor_patient_list_v20r|class org.jenkinsci.plugins.workflow.multibranch.WorkflowMultiBranchProject
      1 CTO/Apigee-Hybrid/engineering/Ignite Apigee Hybrid Proxy Deploy/apigee-hybrid-kphc_get_guarantor_patient_list_v1|apigee-hybrid-kphc_get_guarantor_patient_list_v1|class org.jenkinsci.plugins.workflow.multibranch.WorkflowMultiBranchProject
      1 CTO/Apigee-Hybrid/engineering/Ignite Apigee Hybrid Proxy Deploy/apigee-hybrid-kphc_get_guarantor_account_v1|apigee-hybrid-kphc_get_guarantor_account_v1|class org.jenkinsci.plugins.workflow.multibranch.WorkflowMultiBranchProject
      1 CTO/Apigee-Hybrid/engineering/Ignite Apigee Hybrid Proxy Deploy/apigee-hybrid-kphc_get_future_appointments_v1|apigee-hybrid-kphc_get_future_appointments_v1|class org.jenkinsci.plugins.workflow.multibranch.WorkflowMultiBranchProject
      1 CTO/Apigee-Hybrid/engineering/Ignite Apigee Hybrid Proxy Deploy/apigee-hybrid-kphc_get_future_appointments_v1r|apigee-hybrid-kphc_get_future_appointments_v1r|class org.jenkinsci.plugins.workflow.multibranch.WorkflowMultiBranchProject
      1 CTO/Apigee-Hybrid/engineering/Ignite Apigee Hybrid Proxy Deploy/apigee-hybrid-kphc_get_encounters_v4s|apigee-hybrid-kphc_get_encounters_v4s|class org.jenkinsci.plugins.workflow.multibranch.WorkflowMultiBranchProject
      1 CTO/Apigee-Hybrid/engineering/Ignite Apigee Hybrid Proxy Deploy/apigee-hybrid-kphc_get_encounters_v1|apigee-hybrid-kphc_get_encounters_v1|class org.jenkinsci.plugins.workflow.multibranch.WorkflowMultiBranchProject
      1 CTO/Apigee-Hybrid/engineering/Ignite Apigee Hybrid Proxy Deploy/apigee-hybrid-kphc_get_encounter_summary_v20|apigee-hybrid-kphc_get_encounter_summary_v20|class org.jenkinsci.plugins.workflow.multibranch.WorkflowMultiBranchProject
      1 CTO/Apigee-Hybrid/engineering/Ignite Apigee Hybrid Proxy Deploy/apigee-hybrid-kphc_get_echeckin_warnings_v1|apigee-hybrid-kphc_get_echeckin_warnings_v1|class org.jenkinsci.plugins.workflow.multibranch.WorkflowMultiBranchProject
      1 CTO/Apigee-Hybrid/engineering/Ignite Apigee Hybrid Proxy Deploy/apigee-hybrid-kphc_get_ear_home_v1|apigee-hybrid-kphc_get_ear_home_v1|class org.jenkinsci.plugins.workflow.multibranch.WorkflowMultiBranchProject
      1 CTO/Apigee-Hybrid/engineering/Ignite Apigee Hybrid Proxy Deploy/apigee-hybrid-kphc_get_documents_v3m|apigee-hybrid-kphc_get_documents_v3m|class org.jenkinsci.plugins.workflow.multibranch.WorkflowMultiBranchProject
      1 CTO/Apigee-Hybrid/engineering/Ignite Apigee Hybrid Proxy Deploy/apigee-hybrid-kphc_get_diagnosis_v1|apigee-hybrid-kphc_get_diagnosis_v1|class org.jenkinsci.plugins.workflow.multibranch.WorkflowMultiBranchProject
      1 CTO/Apigee-Hybrid/engineering/Ignite Apigee Hybrid Proxy Deploy/apigee-hybrid-kphc_get_demographics_v4|apigee-hybrid-kphc_get_demographics_v4|class org.jenkinsci.plugins.workflow.multibranch.WorkflowMultiBranchProject
      1 CTO/Apigee-Hybrid/engineering/Ignite Apigee Hybrid Proxy Deploy/apigee-hybrid-kphc_get_demographics_v4r|apigee-hybrid-kphc_get_demographics_v4r|class org.jenkinsci.plugins.workflow.multibranch.WorkflowMultiBranchProject
      1 CTO/Apigee-Hybrid/engineering/Ignite Apigee Hybrid Proxy Deploy/apigee-hybrid-kphc_get_demographics_v3r|apigee-hybrid-kphc_get_demographics_v3r|class org.jenkinsci.plugins.workflow.multibranch.WorkflowMultiBranchProject
      1 CTO/Apigee-Hybrid/engineering/Ignite Apigee Hybrid Proxy Deploy/apigee-hybrid-kphc_get_demographics_v2|apigee-hybrid-kphc_get_demographics_v2|class org.jenkinsci.plugins.workflow.multibranch.WorkflowMultiBranchProject
      1 CTO/Apigee-Hybrid/engineering/Ignite Apigee Hybrid Proxy Deploy/apigee-hybrid-kphc_get_blank_questionnaire_v1|apigee-hybrid-kphc_get_blank_questionnaire_v1|class org.jenkinsci.plugins.workflow.multibranch.WorkflowMultiBranchProject
      1 CTO/Apigee-Hybrid/engineering/Ignite Apigee Hybrid Proxy Deploy/apigee-hybrid-kphc_get_appt_details_v5|apigee-hybrid-kphc_get_appt_details_v5|class org.jenkinsci.plugins.workflow.multibranch.WorkflowMultiBranchProject
      1 CTO/Apigee-Hybrid/engineering/Ignite Apigee Hybrid Proxy Deploy/apigee-hybrid-kphc_get_appt_details_v5r|apigee-hybrid-kphc_get_appt_details_v5r|class org.jenkinsci.plugins.workflow.multibranch.WorkflowMultiBranchProject
      1 CTO/Apigee-Hybrid/engineering/Ignite Apigee Hybrid Proxy Deploy/apigee-hybrid-kphc_get_appt_details_v51|apigee-hybrid-kphc_get_appt_details_v51|class org.jenkinsci.plugins.workflow.multibranch.WorkflowMultiBranchProject
      1 CTO/Apigee-Hybrid/engineering/Ignite Apigee Hybrid Proxy Deploy/apigee-hybrid-kphc_get_appt_details_v40r|apigee-hybrid-kphc_get_appt_details_v40r|class org.jenkinsci.plugins.workflow.multibranch.WorkflowMultiBranchProject
      1 CTO/Apigee-Hybrid/engineering/Ignite Apigee Hybrid Proxy Deploy/apigee-hybrid-kphc_get_appt_details_v3|apigee-hybrid-kphc_get_appt_details_v3|class org.jenkinsci.plugins.workflow.multibranch.WorkflowMultiBranchProject
      1 CTO/Apigee-Hybrid/engineering/Ignite Apigee Hybrid Proxy Deploy/apigee-hybrid-kphc_get_appt_details_v25|apigee-hybrid-kphc_get_appt_details_v25|class org.jenkinsci.plugins.workflow.multibranch.WorkflowMultiBranchProject
      1 CTO/Apigee-Hybrid/engineering/Ignite Apigee Hybrid Proxy Deploy/apigee-hybrid-kphc_get_appt_details_v1|apigee-hybrid-kphc_get_appt_details_v1|class org.jenkinsci.plugins.workflow.multibranch.WorkflowMultiBranchProject
      1 CTO/Apigee-Hybrid/engineering/Ignite Apigee Hybrid Proxy Deploy/apigee-hybrid-kphc_get_appointments_v1|apigee-hybrid-kphc_get_appointments_v1|class org.jenkinsci.plugins.workflow.multibranch.WorkflowMultiBranchProject
      1 CTO/Apigee-Hybrid/engineering/Ignite Apigee Hybrid Proxy Deploy/apigee-hybrid-kphc_facility_census_api_v20|apigee-hybrid-kphc_facility_census_api_v20|class org.jenkinsci.plugins.workflow.multibranch.WorkflowMultiBranchProject
      1 CTO/Apigee-Hybrid/engineering/Ignite Apigee Hybrid Proxy Deploy/apigee-hybrid-kphc_external_visit_identifier_v1|apigee-hybrid-kphc_external_visit_identifier_v1|class org.jenkinsci.plugins.workflow.multibranch.WorkflowMultiBranchProject
      1 CTO/Apigee-Hybrid/engineering/Ignite Apigee Hybrid Proxy Deploy/apigee-hybrid-kphc_external_visit_identifier_v1r|apigee-hybrid-kphc_external_visit_identifier_v1r|class org.jenkinsci.plugins.workflow.multibranch.WorkflowMultiBranchProject
      1 CTO/Apigee-Hybrid/engineering/Ignite Apigee Hybrid Proxy Deploy/apigee-hybrid-kphc_event_listener_api_v10r|apigee-hybrid-kphc_event_listener_api_v10r|class org.jenkinsci.plugins.workflow.multibranch.WorkflowMultiBranchProject
      1 CTO/Apigee-Hybrid/engineering/Ignite Apigee Hybrid Proxy Deploy/apigee-hybrid-kphc_encounters_v1|apigee-hybrid-kphc_encounters_v1|class org.jenkinsci.plugins.workflow.multibranch.WorkflowMultiBranchProject
      1 CTO/Apigee-Hybrid/engineering/Ignite Apigee Hybrid Proxy Deploy/apigee-hybrid-kphc_encounter_v3|apigee-hybrid-kphc_encounter_v3|class org.jenkinsci.plugins.workflow.multibranch.WorkflowMultiBranchProject
      1 CTO/Apigee-Hybrid/engineering/Ignite Apigee Hybrid Proxy Deploy/apigee-hybrid-kphc_ekg_orders_v1|apigee-hybrid-kphc_ekg_orders_v1|class org.jenkinsci.plugins.workflow.multibranch.WorkflowMultiBranchProject
      1 CTO/Apigee-Hybrid/engineering/Ignite Apigee Hybrid Proxy Deploy/apigee-hybrid-kphc_create_event_v1|apigee-hybrid-kphc_create_event_v1|class org.jenkinsci.plugins.workflow.multibranch.WorkflowMultiBranchProject
      1 CTO/Apigee-Hybrid/engineering/Ignite Apigee Hybrid Proxy Deploy/apigee-hybrid-kphc_create_event_v1r|apigee-hybrid-kphc_create_event_v1r|class org.jenkinsci.plugins.workflow.multibranch.WorkflowMultiBranchProject
      1 CTO/Apigee-Hybrid/engineering/Ignite Apigee Hybrid Proxy Deploy/apigee-hybrid-kphc_cost_estimate_v1|apigee-hybrid-kphc_cost_estimate_v1|class org.jenkinsci.plugins.workflow.multibranch.WorkflowMultiBranchProject
      1 CTO/Apigee-Hybrid/engineering/Ignite Apigee Hybrid Proxy Deploy/apigee-hybrid-kphc_confirm_appointment_v1|apigee-hybrid-kphc_confirm_appointment_v1|class org.jenkinsci.plugins.workflow.multibranch.WorkflowMultiBranchProject
      1 CTO/Apigee-Hybrid/engineering/Ignite Apigee Hybrid Proxy Deploy/apigee-hybrid-kphc_comm_prefs_v1|apigee-hybrid-kphc_comm_prefs_v1|class org.jenkinsci.plugins.workflow.multibranch.WorkflowMultiBranchProject
      1 CTO/Apigee-Hybrid/engineering/Ignite Apigee Hybrid Proxy Deploy/apigee-hybrid-kphc_comm_prefs_v1r|apigee-hybrid-kphc_comm_prefs_v1r|class org.jenkinsci.plugins.workflow.multibranch.WorkflowMultiBranchProject
      1 CTO/Apigee-Hybrid/engineering/Ignite Apigee Hybrid Proxy Deploy/apigee-hybrid-kphc_clinical_call_center_v2|apigee-hybrid-kphc_clinical_call_center_v2|class org.jenkinsci.plugins.workflow.multibranch.WorkflowMultiBranchProject
      1 CTO/Apigee-Hybrid/engineering/Ignite Apigee Hybrid Proxy Deploy/apigee-hybrid-kphc_cardiology_orders_v1|apigee-hybrid-kphc_cardiology_orders_v1|class org.jenkinsci.plugins.workflow.multibranch.WorkflowMultiBranchProject
      1 CTO/Apigee-Hybrid/engineering/Ignite Apigee Hybrid Proxy Deploy/apigee-hybrid-kphc_aeg_integration_v1r|apigee-hybrid-kphc_aeg_integration_v1r|class org.jenkinsci.plugins.workflow.multibranch.WorkflowMultiBranchProject
      1 CTO/Apigee-Hybrid/engineering/Ignite Apigee Hybrid Proxy Deploy/apigee-hybrid-kphc_adt_orders_api_v30|apigee-hybrid-kphc_adt_orders_api_v30|class org.jenkinsci.plugins.workflow.multibranch.WorkflowMultiBranchProject
      1 CTO/Apigee-Hybrid/engineering/Ignite Apigee Hybrid Proxy Deploy/apigee-hybrid-kphc_adt_events_api_v20|apigee-hybrid-kphc_adt_events_api_v20|class org.jenkinsci.plugins.workflow.multibranch.WorkflowMultiBranchProject
      1 CTO/Apigee-Hybrid/engineering/Ignite Apigee Hybrid Proxy Deploy/apigee-hybrid-kpd_plan_recommender_v1r|apigee-hybrid-kpd_plan_recommender_v1r|class org.jenkinsci.plugins.workflow.multibranch.WorkflowMultiBranchProject
      1 CTO/Apigee-Hybrid/engineering/Ignite Apigee Hybrid Proxy Deploy/apigee-hybrid-kpd_nlu_screening_az_v1h|apigee-hybrid-kpd_nlu_screening_az_v1h|class org.jenkinsci.plugins.workflow.multibranch.WorkflowMultiBranchProject
      1 CTO/Apigee-Hybrid/engineering/Ignite Apigee Hybrid Proxy Deploy/apigee-hybrid-kpd_marketo_v1r|apigee-hybrid-kpd_marketo_v1r|class org.jenkinsci.plugins.workflow.multibranch.WorkflowMultiBranchProject
      1 CTO/Apigee-Hybrid/engineering/Ignite Apigee Hybrid Proxy Deploy/apigee-hybrid-kpd_marketo_v1rh|apigee-hybrid-kpd_marketo_v1rh|class org.jenkinsci.plugins.workflow.multibranch.WorkflowMultiBranchProject
      1 CTO/Apigee-Hybrid/engineering/Ignite Apigee Hybrid Proxy Deploy/apigee-hybrid-kpd_marketo_az_v1r|apigee-hybrid-kpd_marketo_az_v1r|class org.jenkinsci.plugins.workflow.multibranch.WorkflowMultiBranchProject
      1 CTO/Apigee-Hybrid/engineering/Ignite Apigee Hybrid Proxy Deploy/apigee-hybrid-kpd_fitbit_v1r|apigee-hybrid-kpd_fitbit_v1r|class org.jenkinsci.plugins.workflow.multibranch.WorkflowMultiBranchProject
      1 CTO/Apigee-Hybrid/engineering/Ignite Apigee Hybrid Proxy Deploy/apigee-hybrid-kpd_fdl2epic_az_v1rh|apigee-hybrid-kpd_fdl2epic_az_v1rh|class org.jenkinsci.plugins.workflow.multibranch.WorkflowMultiBranchProject
      1 CTO/Apigee-Hybrid/engineering/Ignite Apigee Hybrid Proxy Deploy/apigee-hybrid-kpd_email_classifier_api_v1rh|apigee-hybrid-kpd_email_classifier_api_v1rh|class org.jenkinsci.plugins.workflow.multibranch.WorkflowMultiBranchProject
      1 CTO/Apigee-Hybrid/engineering/Ignite Apigee Hybrid Proxy Deploy/apigee-hybrid-kpd_email_classification_api_v1rh|apigee-hybrid-kpd_email_classification_api_v1rh|class org.jenkinsci.plugins.workflow.multibranch.WorkflowMultiBranchProject
      1 CTO/Apigee-Hybrid/engineering/Ignite Apigee Hybrid Proxy Deploy/apigee-hybrid-kpd_consumer_profile_api_v1rh|apigee-hybrid-kpd_consumer_profile_api_v1rh|class org.jenkinsci.plugins.workflow.multibranch.WorkflowMultiBranchProject
      1 CTO/Apigee-Hybrid/engineering/Ignite Apigee Hybrid Proxy Deploy/apigee-hybrid-kpd_consumer_interactions_v1rh|apigee-hybrid-kpd_consumer_interactions_v1rh|class org.jenkinsci.plugins.workflow.multibranch.WorkflowMultiBranchProject
      1 CTO/Apigee-Hybrid/engineering/Ignite Apigee Hybrid Proxy Deploy/apigee-hybrid-kpd_cardiac_analytics_v1r|apigee-hybrid-kpd_cardiac_analytics_v1r|class org.jenkinsci.plugins.workflow.multibranch.WorkflowMultiBranchProject
      1 CTO/Apigee-Hybrid/engineering/Ignite Apigee Hybrid Proxy Deploy/apigee-hybrid-kpd_benefit_api_v1r|apigee-hybrid-kpd_benefit_api_v1r|class org.jenkinsci.plugins.workflow.multibranch.WorkflowMultiBranchProject
      1 CTO/Apigee-Hybrid/engineering/Ignite Apigee Hybrid Proxy Deploy/apigee-hybrid-kpd_a1c_model_project_v1rh|apigee-hybrid-kpd_a1c_model_project_v1rh|class org.jenkinsci.plugins.workflow.multibranch.WorkflowMultiBranchProject
      1 CTO/Apigee-Hybrid/engineering/Ignite Apigee Hybrid Proxy Deploy/apigee-hybrid-kpd_a1c_model_project_v1rh
      1 CTO/Apigee-Hybrid/engineering/Ignite Apigee Hybrid Proxy Deploy/apigee-hybrid-kpcmemberchangenotification_v20|apigee-hybrid-kpcmemberchangenotification_v20|class org.jenkinsci.plugins.workflow.multibranch.WorkflowMultiBranchProject
      1 CTO/Apigee-Hybrid/engineering/Ignite Apigee Hybrid Proxy Deploy/apigee-hybrid-kpcc_ui|apigee-hybrid-kpcc_ui|class org.jenkinsci.plugins.workflow.multibranch.WorkflowMultiBranchProject
      1 CTO/Apigee-Hybrid/engineering/Ignite Apigee Hybrid Proxy Deploy/apigee-hybrid-kpcc_sensitive_code_v1r|apigee-hybrid-kpcc_sensitive_code_v1r|class org.jenkinsci.plugins.workflow.multibranch.WorkflowMultiBranchProject
      1 CTO/Apigee-Hybrid/engineering/Ignite Apigee Hybrid Proxy Deploy/apigee-hybrid-kpcc_kphc_get_coverages_v10|apigee-hybrid-kpcc_kphc_get_coverages_v10|class org.jenkinsci.plugins.workflow.multibranch.WorkflowMultiBranchProject
      1 CTO/Apigee-Hybrid/engineering/Ignite Apigee Hybrid Proxy Deploy/apigee-hybrid-kpcc_kphc_get_coverages_api_v20|apigee-hybrid-kpcc_kphc_get_coverages_api_v20|class org.jenkinsci.plugins.workflow.multibranch.WorkflowMultiBranchProject
      1 CTO/Apigee-Hybrid/engineering/Ignite Apigee Hybrid Proxy Deploy/apigee-hybrid-kpcc_get_claim_summary_v6rc|apigee-hybrid-kpcc_get_claim_summary_v6rc|class org.jenkinsci.plugins.workflow.multibranch.WorkflowMultiBranchProject
      1 CTO/Apigee-Hybrid/engineering/Ignite Apigee Hybrid Proxy Deploy/apigee-hybrid-kpcc_get_claim_summary_v6c|apigee-hybrid-kpcc_get_claim_summary_v6c|class org.jenkinsci.plugins.workflow.multibranch.WorkflowMultiBranchProject
      1 CTO/Apigee-Hybrid/engineering/Ignite Apigee Hybrid Proxy Deploy/apigee-hybrid-kpcc_get_claim_summary_v3|apigee-hybrid-kpcc_get_claim_summary_v3|class org.jenkinsci.plugins.workflow.multibranch.WorkflowMultiBranchProject
      1 CTO/Apigee-Hybrid/engineering/Ignite Apigee Hybrid Proxy Deploy/apigee-hybrid-kpcc_get_claim_detail_v5|apigee-hybrid-kpcc_get_claim_detail_v5|class org.jenkinsci.plugins.workflow.multibranch.WorkflowMultiBranchProject
      1 CTO/Apigee-Hybrid/engineering/Ignite Apigee Hybrid Proxy Deploy/apigee-hybrid-kpcc_get_claim_detail_v5r|apigee-hybrid-kpcc_get_claim_detail_v5r|class org.jenkinsci.plugins.workflow.multibranch.WorkflowMultiBranchProject
      1 CTO/Apigee-Hybrid/engineering/Ignite Apigee Hybrid Proxy Deploy/apigee-hybrid-kpcc_get_claim_detail_v3|apigee-hybrid-kpcc_get_claim_detail_v3|class org.jenkinsci.plugins.workflow.multibranch.WorkflowMultiBranchProject
      1 CTO/Apigee-Hybrid/engineering/Ignite Apigee Hybrid Proxy Deploy/apigee-hybrid-kpcc_claim_summary_v1|apigee-hybrid-kpcc_claim_summary_v1|class org.jenkinsci.plugins.workflow.multibranch.WorkflowMultiBranchProject
      1 CTO/Apigee-Hybrid/engineering/Ignite Apigee Hybrid Proxy Deploy/apigee-hybrid-kpcc_accum_summary_v1|apigee-hybrid-kpcc_accum_summary_v1|class org.jenkinsci.plugins.workflow.multibranch.WorkflowMultiBranchProject
      1 CTO/Apigee-Hybrid/engineering/Ignite Apigee Hybrid Proxy Deploy/apigee-hybrid-kpcc_accum_detail_v1|apigee-hybrid-kpcc_accum_detail_v1|class org.jenkinsci.plugins.workflow.multibranch.WorkflowMultiBranchProject
      1 CTO/Apigee-Hybrid/engineering/Ignite Apigee Hybrid Proxy Deploy/apigee-hybrid-kpaths_scripts_v15r|apigee-hybrid-kpaths_scripts_v15r|class org.jenkinsci.plugins.workflow.multibranch.WorkflowMultiBranchProject
      1 CTO/Apigee-Hybrid/engineering/Ignite Apigee Hybrid Proxy Deploy/apigee-hybrid-kpaths_scripts_rest_connector_v1r|apigee-hybrid-kpaths_scripts_rest_connector_v1r|class org.jenkinsci.plugins.workflow.multibranch.WorkflowMultiBranchProject
      1 CTO/Apigee-Hybrid/engineering/Ignite Apigee Hybrid Proxy Deploy/apigee-hybrid-kpaths_provider_v14rc|apigee-hybrid-kpaths_provider_v14rc|class org.jenkinsci.plugins.workflow.multibranch.WorkflowMultiBranchProject
      1 CTO/Apigee-Hybrid/engineering/Ignite Apigee Hybrid Proxy Deploy/apigee-hybrid-kpaths_provider_rest_connector_v1r|apigee-hybrid-kpaths_provider_rest_connector_v1r|class org.jenkinsci.plugins.workflow.multibranch.WorkflowMultiBranchProject
      1 CTO/Apigee-Hybrid/engineering/Ignite Apigee Hybrid Proxy Deploy/apigee-hybrid-kpaths_locking_rest_connector_v1r|apigee-hybrid-kpaths_locking_rest_connector_v1r|class org.jenkinsci.plugins.workflow.multibranch.WorkflowMultiBranchProject
      1 CTO/Apigee-Hybrid/engineering/Ignite Apigee Hybrid Proxy Deploy/apigee-hybrid-kpaths_booking_v22rc|apigee-hybrid-kpaths_booking_v22rc|class org.jenkinsci.plugins.workflow.multibranch.WorkflowMultiBranchProject
      1 CTO/Apigee-Hybrid/engineering/Ignite Apigee Hybrid Proxy Deploy/apigee-hybrid-kpaths_booking_rest_connector_v1r|apigee-hybrid-kpaths_booking_rest_connector_v1r|class org.jenkinsci.plugins.workflow.multibranch.WorkflowMultiBranchProject
      1 CTO/Apigee-Hybrid/engineering/Ignite Apigee Hybrid Proxy Deploy/apigee-hybrid-kpanpapmnextgen_v1r|apigee-hybrid-kpanpapmnextgen_v1r|class org.jenkinsci.plugins.workflow.multibranch.WorkflowMultiBranchProject
      1 CTO/Apigee-Hybrid/engineering/Ignite Apigee Hybrid Proxy Deploy/apigee-hybrid-kp_vision_workflow_manager_v1r|apigee-hybrid-kp_vision_workflow_manager_v1r|class org.jenkinsci.plugins.workflow.multibranch.WorkflowMultiBranchProject
      1 CTO/Apigee-Hybrid/engineering/Ignite Apigee Hybrid Proxy Deploy/apigee-hybrid-kp_splunk_server_info_r_v10|apigee-hybrid-kp_splunk_server_info_r_v10|class org.jenkinsci.plugins.workflow.multibranch.WorkflowMultiBranchProject
      1 CTO/Apigee-Hybrid/engineering/Ignite Apigee Hybrid Proxy Deploy/apigee-hybrid-kp_splunk_r_api_v10|apigee-hybrid-kp_splunk_r_api_v10|class org.jenkinsci.plugins.workflow.multibranch.WorkflowMultiBranchProject
      1 CTO/Apigee-Hybrid/engineering/Ignite Apigee Hybrid Proxy Deploy/apigee-hybrid-kp_splunk_itsi_cloud_api_v1r|apigee-hybrid-kp_splunk_itsi_cloud_api_v1r|class org.jenkinsci.plugins.workflow.multibranch.WorkflowMultiBranchProject
      1 CTO/Apigee-Hybrid/engineering/Ignite Apigee Hybrid Proxy Deploy/apigee-hybrid-kp_splunk_cloud_api_v1r|apigee-hybrid-kp_splunk_cloud_api_v1r|class org.jenkinsci.plugins.workflow.multibranch.WorkflowMultiBranchProject
      1 CTO/Apigee-Hybrid/engineering/Ignite Apigee Hybrid Proxy Deploy/apigee-hybrid-kp_splunk_authentication_r_v10|apigee-hybrid-kp_splunk_authentication_r_v10|class org.jenkinsci.plugins.workflow.multibranch.WorkflowMultiBranchProject
      1 CTO/Apigee-Hybrid/engineering/Ignite Apigee Hybrid Proxy Deploy/apigee-hybrid-kp_splunk_api_v1r|apigee-hybrid-kp_splunk_api_v1r|class org.jenkinsci.plugins.workflow.multibranch.WorkflowMultiBranchProject
      1 CTO/Apigee-Hybrid/engineering/Ignite Apigee Hybrid Proxy Deploy/apigee-hybrid-kp_rounding_v1rh|apigee-hybrid-kp_rounding_v1rh|class org.jenkinsci.plugins.workflow.multibranch.WorkflowMultiBranchProject
      1 CTO/Apigee-Hybrid/engineering/Ignite Apigee Hybrid Proxy Deploy/apigee-hybrid-kp_polaris_router_v1|apigee-hybrid-kp_polaris_router_v1|class org.jenkinsci.plugins.workflow.multibranch.WorkflowMultiBranchProject
      1 CTO/Apigee-Hybrid/engineering/Ignite Apigee Hybrid Proxy Deploy/apigee-hybrid-kp_polaris_legacy_r4|apigee-hybrid-kp_polaris_legacy_r4|class org.jenkinsci.plugins.workflow.multibranch.WorkflowMultiBranchProject
      1 CTO/Apigee-Hybrid/engineering/Ignite Apigee Hybrid Proxy Deploy/apigee-hybrid-kp_polaris_legacy_r4
      1 CTO/Apigee-Hybrid/engineering/Ignite Apigee Hybrid Proxy Deploy/apigee-hybrid-kp_polaris_legacy_oauth2|apigee-hybrid-kp_polaris_legacy_oauth2|class org.jenkinsci.plugins.workflow.multibranch.WorkflowMultiBranchProject
      1 CTO/Apigee-Hybrid/engineering/Ignite Apigee Hybrid Proxy Deploy/apigee-hybrid-kp_polaris_legacy_oauth2
      1 CTO/Apigee-Hybrid/engineering/Ignite Apigee Hybrid Proxy Deploy/apigee-hybrid-kp_polaris_epictelehealthexternal_v2020|apigee-hybrid-kp_polaris_epictelehealthexternal_v2020|class org.jenkinsci.plugins.workflow.multibranch.WorkflowMultiBranchProject
      1 CTO/Apigee-Hybrid/engineering/Ignite Apigee Hybrid Proxy Deploy/apigee-hybrid-kp_polaris_epictelehealthexternal_v2020
      1 CTO/Apigee-Hybrid/engineering/Ignite Apigee Hybrid Proxy Deploy/apigee-hybrid-kp_polaris_epictelehealthcontextlinking_v2018|apigee-hybrid-kp_polaris_epictelehealthcontextlinking_v2018|class org.jenkinsci.plugins.workflow.multibranch.WorkflowMultiBranchProject
      1 CTO/Apigee-Hybrid/engineering/Ignite Apigee Hybrid Proxy Deploy/apigee-hybrid-kp_polaris_epicedixmlreceiver_v2022|apigee-hybrid-kp_polaris_epicedixmlreceiver_v2022|class org.jenkinsci.plugins.workflow.multibranch.WorkflowMultiBranchProject
      1 CTO/Apigee-Hybrid/engineering/Ignite Apigee Hybrid Proxy Deploy/apigee-hybrid-kp_polaris_epicedixmlreceiver_v2022
      1 CTO/Apigee-Hybrid/engineering/Ignite Apigee Hybrid Proxy Deploy/apigee-hybrid-kp_polaris_epicedisoapreceiver_v2009|apigee-hybrid-kp_polaris_epicedisoapreceiver_v2009|class org.jenkinsci.plugins.workflow.multibranch.WorkflowMultiBranchProject
      1 CTO/Apigee-Hybrid/engineering/Ignite Apigee Hybrid Proxy Deploy/apigee-hybrid-kp_polaris_epicedisoapreceiver_v2009
      1 CTO/Apigee-Hybrid/engineering/Ignite Apigee Hybrid Proxy Deploy/apigee-hybrid-kp_polaris_epiccreditcard_v2016|apigee-hybrid-kp_polaris_epiccreditcard_v2016|class org.jenkinsci.plugins.workflow.multibranch.WorkflowMultiBranchProject
      1 CTO/Apigee-Hybrid/engineering/Ignite Apigee Hybrid Proxy Deploy/apigee-hybrid-kp_polaris_epicclinicalutility_v2013|apigee-hybrid-kp_polaris_epicclinicalutility_v2013|class org.jenkinsci.plugins.workflow.multibranch.WorkflowMultiBranchProject
      1 CTO/Apigee-Hybrid/engineering/Ignite Apigee Hybrid Proxy Deploy/apigee-hybrid-kp_panel_management_linking_v1r|apigee-hybrid-kp_panel_management_linking_v1r|class org.jenkinsci.plugins.workflow.multibranch.WorkflowMultiBranchProject
      1 CTO/Apigee-Hybrid/engineering/Ignite Apigee Hybrid Proxy Deploy/apigee-hybrid-kp_panel_management_hppdm_v1r|apigee-hybrid-kp_panel_management_hppdm_v1r|class org.jenkinsci.plugins.workflow.multibranch.WorkflowMultiBranchProject
      1 CTO/Apigee-Hybrid/engineering/Ignite Apigee Hybrid Proxy Deploy/apigee-hybrid-kp_mobile_bff_services_internal_v1rh|apigee-hybrid-kp_mobile_bff_services_internal_v1rh|class org.jenkinsci.plugins.workflow.multibranch.WorkflowMultiBranchProject
      1 CTO/Apigee-Hybrid/engineering/Ignite Apigee Hybrid Proxy Deploy/apigee-hybrid-kp_ipaas_interface_v1r|apigee-hybrid-kp_ipaas_interface_v1r|class org.jenkinsci.plugins.workflow.multibranch.WorkflowMultiBranchProject
      1 CTO/Apigee-Hybrid/engineering/Ignite Apigee Hybrid Proxy Deploy/apigee-hybrid-kp_hrconnect_im_oic_v2r|apigee-hybrid-kp_hrconnect_im_oic_v2r|class org.jenkinsci.plugins.workflow.multibranch.WorkflowMultiBranchProject
      1 CTO/Apigee-Hybrid/engineering/Ignite Apigee Hybrid Proxy Deploy/apigee-hybrid-kp_hrconnect_im_oic_sec_v1r|apigee-hybrid-kp_hrconnect_im_oic_sec_v1r|class org.jenkinsci.plugins.workflow.multibranch.WorkflowMultiBranchProject
      1 CTO/Apigee-Hybrid/engineering/Ignite Apigee Hybrid Proxy Deploy/apigee-hybrid-kp_edi_gateway_external_eligibility_inquiry|apigee-hybrid-kp_edi_gateway_external_eligibility_inquiry|class org.jenkinsci.plugins.workflow.multibranch.WorkflowMultiBranchProject
      1 CTO/Apigee-Hybrid/engineering/Ignite Apigee Hybrid Proxy Deploy/apigee-hybrid-kp_digital_incubation_cardiac_rehab_ba_v1rh|apigee-hybrid-kp_digital_incubation_cardiac_rehab_ba_v1rh|class org.jenkinsci.plugins.workflow.multibranch.WorkflowMultiBranchProject
      1 CTO/Apigee-Hybrid/engineering/Ignite Apigee Hybrid Proxy Deploy/apigee-hybrid-kp_digital_incubation_cardiac_kpmarketportal_api_ba_v1rh|apigee-hybrid-kp_digital_incubation_cardiac_kpmarketportal_api_ba_v1rh|class org.jenkinsci.plugins.workflow.multibranch.WorkflowMultiBranchProject
      1 CTO/Apigee-Hybrid/engineering/Ignite Apigee Hybrid Proxy Deploy/apigee-hybrid-kp_digital_cardiac_kpmarketportal_v2rh|apigee-hybrid-kp_digital_cardiac_kpmarketportal_v2rh|class org.jenkinsci.plugins.workflow.multibranch.WorkflowMultiBranchProject
      1 CTO/Apigee-Hybrid/engineering/Ignite Apigee Hybrid Proxy Deploy/apigee-hybrid-kp_cframe_api_v10|apigee-hybrid-kp_cframe_api_v10|class org.jenkinsci.plugins.workflow.multibranch.WorkflowMultiBranchProject
      1 CTO/Apigee-Hybrid/engineering/Ignite Apigee Hybrid Proxy Deploy/apigee-hybrid-kp_adobe_sign_oauth_v6r|apigee-hybrid-kp_adobe_sign_oauth_v6r|class org.jenkinsci.plugins.workflow.multibranch.WorkflowMultiBranchProject
      1 CTO/Apigee-Hybrid/engineering/Ignite Apigee Hybrid Proxy Deploy/apigee-hybrid-kp_adobe_sign_api_v6r|apigee-hybrid-kp_adobe_sign_api_v6r|class org.jenkinsci.plugins.workflow.multibranch.WorkflowMultiBranchProject
      1 CTO/Apigee-Hybrid/engineering/Ignite Apigee Hybrid Proxy Deploy/apigee-hybrid-knapp_dispenser_sca_v1|apigee-hybrid-knapp_dispenser_sca_v1|class org.jenkinsci.plugins.workflow.multibranch.WorkflowMultiBranchProject
      1 CTO/Apigee-Hybrid/engineering/Ignite Apigee Hybrid Proxy Deploy/apigee-hybrid-kat_user_profile_v1r|apigee-hybrid-kat_user_profile_v1r|class org.jenkinsci.plugins.workflow.multibranch.WorkflowMultiBranchProject
      1 CTO/Apigee-Hybrid/engineering/Ignite Apigee Hybrid Proxy Deploy/apigee-hybrid-jkp-shop-plans-insight-nm-int-apiv1|apigee-hybrid-jkp-shop-plans-insight-nm-int-apiv1|class org.jenkinsci.plugins.workflow.multibranch.WorkflowMultiBranchProject
      1 CTO/Apigee-Hybrid/engineering/Ignite Apigee Hybrid Proxy Deploy/apigee-hybrid-jkp-shop-plans-insight-nm-int-apiv1
      1 CTO/Apigee-Hybrid/engineering/Ignite Apigee Hybrid Proxy Deploy/apigee-hybrid-jfrog_artifactory_v1r|apigee-hybrid-jfrog_artifactory_v1r|class org.jenkinsci.plugins.workflow.multibranch.WorkflowMultiBranchProject
      1 CTO/Apigee-Hybrid/engineering/Ignite Apigee Hybrid Proxy Deploy/apigee-hybrid-ivr_provider_v10_c|apigee-hybrid-ivr_provider_v10_c|class org.jenkinsci.plugins.workflow.multibranch.WorkflowMultiBranchProject
      1 CTO/Apigee-Hybrid/engineering/Ignite Apigee Hybrid Proxy Deploy/apigee-hybrid-ivr_member_authentication_v1|apigee-hybrid-ivr_member_authentication_v1|class org.jenkinsci.plugins.workflow.multibranch.WorkflowMultiBranchProject
      1 CTO/Apigee-Hybrid/engineering/Ignite Apigee Hybrid Proxy Deploy/apigee-hybrid-ivr_benefits_v20_c|apigee-hybrid-ivr_benefits_v20_c|class org.jenkinsci.plugins.workflow.multibranch.WorkflowMultiBranchProject
      1 CTO/Apigee-Hybrid/engineering/Ignite Apigee Hybrid Proxy Deploy/apigee-hybrid-ipaas_kpconfig_databricks_v1r|apigee-hybrid-ipaas_kpconfig_databricks_v1r|class org.jenkinsci.plugins.workflow.multibranch.WorkflowMultiBranchProject
      1 CTO/Apigee-Hybrid/engineering/Ignite Apigee Hybrid Proxy Deploy/apigee-hybrid-interactive_user_information_v1rc|apigee-hybrid-interactive_user_information_v1rc|class org.jenkinsci.plugins.workflow.multibranch.WorkflowMultiBranchProject
      1 CTO/Apigee-Hybrid/engineering/Ignite Apigee Hybrid Proxy Deploy/apigee-hybrid-insynctive_membership_transaction_status_v1rh|apigee-hybrid-insynctive_membership_transaction_status_v1rh|class org.jenkinsci.plugins.workflow.multibranch.WorkflowMultiBranchProject
      1 CTO/Apigee-Hybrid/engineering/Ignite Apigee Hybrid Proxy Deploy/apigee-hybrid-innovation_scm_inventory_response_v10|apigee-hybrid-innovation_scm_inventory_response_v10|class org.jenkinsci.plugins.workflow.multibranch.WorkflowMultiBranchProject
      1 CTO/Apigee-Hybrid/engineering/Ignite Apigee Hybrid Proxy Deploy/apigee-hybrid-innova_lab_mgmt_v2r|apigee-hybrid-innova_lab_mgmt_v2r|class org.jenkinsci.plugins.workflow.multibranch.WorkflowMultiBranchProject
      1 CTO/Apigee-Hybrid/engineering/Ignite Apigee Hybrid Proxy Deploy/apigee-hybrid-incident_report_v2|apigee-hybrid-incident_report_v2|class org.jenkinsci.plugins.workflow.multibranch.WorkflowMultiBranchProject
      1 CTO/Apigee-Hybrid/engineering/Ignite Apigee Hybrid Proxy Deploy/apigee-hybrid-identity_hub_v20|apigee-hybrid-identity_hub_v20|class org.jenkinsci.plugins.workflow.multibranch.WorkflowMultiBranchProject
      1 CTO/Apigee-Hybrid/engineering/Ignite Apigee Hybrid Proxy Deploy/apigee-hybrid-hybrid_kpmc_washington_integration_rc_v1rch|apigee-hybrid-hybrid_kpmc_washington_integration_rc_v1rch|class org.jenkinsci.plugins.workflow.multibranch.WorkflowMultiBranchProject
      1 CTO/Apigee-Hybrid/engineering/Ignite Apigee Hybrid Proxy Deploy/apigee-hybrid-hybrid_kpmc_cam_group_sor_v1rh|apigee-hybrid-hybrid_kpmc_cam_group_sor_v1rh|class org.jenkinsci.plugins.workflow.multibranch.WorkflowMultiBranchProject
      1 CTO/Apigee-Hybrid/engineering/Ignite Apigee Hybrid Proxy Deploy/apigee-hybrid-hybrid_kpmc_cam_group_sor_v1rh
      1 CTO/Apigee-Hybrid/engineering/Ignite Apigee Hybrid Proxy Deploy/apigee-hybrid-hybrid_kphc_get_appt_home_ext_s_v1sh|apigee-hybrid-hybrid_kphc_get_appt_home_ext_s_v1sh|class org.jenkinsci.plugins.workflow.multibranch.WorkflowMultiBranchProject
      1 CTO/Apigee-Hybrid/engineering/Ignite Apigee Hybrid Proxy Deploy/apigee-hybrid-hybrid_kphc_get_appointments_s_v1sh|apigee-hybrid-hybrid_kphc_get_appointments_s_v1sh|class org.jenkinsci.plugins.workflow.multibranch.WorkflowMultiBranchProject
      1 CTO/Apigee-Hybrid/engineering/Ignite Apigee Hybrid Proxy Deploy/apigee-hybrid-hybrid_kpcc_get_claim_summary_rc_v6rch|apigee-hybrid-hybrid_kpcc_get_claim_summary_rc_v6rch|class org.jenkinsci.plugins.workflow.multibranch.WorkflowMultiBranchProject
      1 CTO/Apigee-Hybrid/engineering/Ignite Apigee Hybrid Proxy Deploy/apigee-hybrid-hybrid_epic_empi_v1sh|apigee-hybrid-hybrid_epic_empi_v1sh|class org.jenkinsci.plugins.workflow.multibranch.WorkflowMultiBranchProject
      1 CTO/Apigee-Hybrid/engineering/Ignite Apigee Hybrid Proxy Deploy/apigee-hybrid-hybrid_epic_empi_v1sh
      1 CTO/Apigee-Hybrid/engineering/Ignite Apigee Hybrid Proxy Deploy/apigee-hybrid-hybrid_epic_empi_s_v1sh|apigee-hybrid-hybrid_epic_empi_s_v1sh|class org.jenkinsci.plugins.workflow.multibranch.WorkflowMultiBranchProject
      1 CTO/Apigee-Hybrid/engineering/Ignite Apigee Hybrid Proxy Deploy/apigee-hybrid-hybrid_epic_common_gs_patient_ext_s_v2010sh|apigee-hybrid-hybrid_epic_common_gs_patient_ext_s_v2010sh|class org.jenkinsci.plugins.workflow.multibranch.WorkflowMultiBranchProject
      1 CTO/Apigee-Hybrid/engineering/Ignite Apigee Hybrid Proxy Deploy/apigee-hybrid-hybrid_enterprise_profile_and_preferences_v3sh|apigee-hybrid-hybrid_enterprise_profile_and_preferences_v3sh|class org.jenkinsci.plugins.workflow.multibranch.WorkflowMultiBranchProject
      1 CTO/Apigee-Hybrid/engineering/Ignite Apigee Hybrid Proxy Deploy/apigee-hybrid-hybrid_enterprise_profile_and_preferences_v3sh
      1 CTO/Apigee-Hybrid/engineering/Ignite Apigee Hybrid Proxy Deploy/apigee-hybrid-hybrid_cc_sensitive_code_v1rh|apigee-hybrid-hybrid_cc_sensitive_code_v1rh|class org.jenkinsci.plugins.workflow.multibranch.WorkflowMultiBranchProject
      1 CTO/Apigee-Hybrid/engineering/Ignite Apigee Hybrid Proxy Deploy/apigee-hybrid-hybrid_appointment_scheduling_sc_v6_1sch|apigee-hybrid-hybrid_appointment_scheduling_sc_v6_1sch|class org.jenkinsci.plugins.workflow.multibranch.WorkflowMultiBranchProject
      1 CTO/Apigee-Hybrid/engineering/Ignite Apigee Hybrid Proxy Deploy/apigee-hybrid-hub_rx_eligibility_v1rc|apigee-hybrid-hub_rx_eligibility_v1rc|class org.jenkinsci.plugins.workflow.multibranch.WorkflowMultiBranchProject
      1 CTO/Apigee-Hybrid/engineering/Ignite Apigee Hybrid Proxy Deploy/apigee-hybrid-hub_delivery_v1r|apigee-hybrid-hub_delivery_v1r|class org.jenkinsci.plugins.workflow.multibranch.WorkflowMultiBranchProject
      1 CTO/Apigee-Hybrid/engineering/Ignite Apigee Hybrid Proxy Deploy/apigee-hybrid-hrn_v1|apigee-hybrid-hrn_v1|class org.jenkinsci.plugins.workflow.multibranch.WorkflowMultiBranchProject
      1 CTO/Apigee-Hybrid/engineering/Ignite Apigee Hybrid Proxy Deploy/apigee-hybrid-hrn_v1
      1 CTO/Apigee-Hybrid/engineering/Ignite Apigee Hybrid Proxy Deploy/apigee-hybrid-hrconnect_person_term_event_to_salesforce_v1r|apigee-hybrid-hrconnect_person_term_event_to_salesforce_v1r|class org.jenkinsci.plugins.workflow.multibranch.WorkflowMultiBranchProject
      1 CTO/Apigee-Hybrid/engineering/Ignite Apigee Hybrid Proxy Deploy/apigee-hybrid-hrconnect_person_details_by_client_v1s|apigee-hybrid-hrconnect_person_details_by_client_v1s|class org.jenkinsci.plugins.workflow.multibranch.WorkflowMultiBranchProject
      1 CTO/Apigee-Hybrid/engineering/Ignite Apigee Hybrid Proxy Deploy/apigee-hybrid-hrconnect_hcm_oam_oauth_v1rh|apigee-hybrid-hrconnect_hcm_oam_oauth_v1rh|class org.jenkinsci.plugins.workflow.multibranch.WorkflowMultiBranchProject
      1 CTO/Apigee-Hybrid/engineering/Ignite Apigee Hybrid Proxy Deploy/apigee-hybrid-hrconnect_extensions_employee_info_v1|apigee-hybrid-hrconnect_extensions_employee_info_v1|class org.jenkinsci.plugins.workflow.multibranch.WorkflowMultiBranchProject
      1 CTO/Apigee-Hybrid/engineering/Ignite Apigee Hybrid Proxy Deploy/apigee-hybrid-hr_ib_candidate_ranking_odmoc_r_v1rh|apigee-hybrid-hr_ib_candidate_ranking_odmoc_r_v1rh|class org.jenkinsci.plugins.workflow.multibranch.WorkflowMultiBranchProject
      1 CTO/Apigee-Hybrid/engineering/Ignite Apigee Hybrid Proxy Deploy/apigee-hybrid-hr_connect_hcm_third_party_organization_v1|apigee-hybrid-hr_connect_hcm_third_party_organization_v1|class org.jenkinsci.plugins.workflow.multibranch.WorkflowMultiBranchProject
      1 CTO/Apigee-Hybrid/engineering/Ignite Apigee Hybrid Proxy Deploy/apigee-hybrid-hr_connect_hcm_third_party_location_v1|apigee-hybrid-hr_connect_hcm_third_party_location_v1|class org.jenkinsci.plugins.workflow.multibranch.WorkflowMultiBranchProject
      1 CTO/Apigee-Hybrid/engineering/Ignite Apigee Hybrid Proxy Deploy/apigee-hybrid-hr_benefits_actions_v1r|apigee-hybrid-hr_benefits_actions_v1r|class org.jenkinsci.plugins.workflow.multibranch.WorkflowMultiBranchProject
      1 CTO/Apigee-Hybrid/engineering/Ignite Apigee Hybrid Proxy Deploy/apigee-hybrid-hpub_cps_delegate_v1|apigee-hybrid-hpub_cps_delegate_v1|class org.jenkinsci.plugins.workflow.multibranch.WorkflowMultiBranchProject
      1 CTO/Apigee-Hybrid/engineering/Ignite Apigee Hybrid Proxy Deploy/apigee-hybrid-hpts_azure_open_ai_chat_completion_v1rh|apigee-hybrid-hpts_azure_open_ai_chat_completion_v1rh|class org.jenkinsci.plugins.workflow.multibranch.WorkflowMultiBranchProject
      1 CTO/Apigee-Hybrid/engineering/Ignite Apigee Hybrid Proxy Deploy/apigee-hybrid-hps_membership_transaction_status_v1r|apigee-hybrid-hps_membership_transaction_status_v1r|class org.jenkinsci.plugins.workflow.multibranch.WorkflowMultiBranchProject
      1 CTO/Apigee-Hybrid/engineering/Ignite Apigee Hybrid Proxy Deploy/apigee-hybrid-hpchats_kana_interface|apigee-hybrid-hpchats_kana_interface|class org.jenkinsci.plugins.workflow.multibranch.WorkflowMultiBranchProject
      1 CTO/Apigee-Hybrid/engineering/Ignite Apigee Hybrid Proxy Deploy/apigee-hybrid-hpchats_kana_create_response|apigee-hybrid-hpchats_kana_create_response|class org.jenkinsci.plugins.workflow.multibranch.WorkflowMultiBranchProject
      1 CTO/Apigee-Hybrid/engineering/Ignite Apigee Hybrid Proxy Deploy/apigee-hybrid-hpchats_kana_create_response
      1 CTO/Apigee-Hybrid/engineering/Ignite Apigee Hybrid Proxy Deploy/apigee-hybrid-hp_group_setup_v30|apigee-hybrid-hp_group_setup_v30|class org.jenkinsci.plugins.workflow.multibranch.WorkflowMultiBranchProject
      1 CTO/Apigee-Hybrid/engineering/Ignite Apigee Hybrid Proxy Deploy/apigee-hybrid-hp_dpa_payment_web_v10|apigee-hybrid-hp_dpa_payment_web_v10|class org.jenkinsci.plugins.workflow.multibranch.WorkflowMultiBranchProject
      1 CTO/Apigee-Hybrid/engineering/Ignite Apigee Hybrid Proxy Deploy/apigee-hybrid-hp_ca_purchaser_management_v3|apigee-hybrid-hp_ca_purchaser_management_v3|class org.jenkinsci.plugins.workflow.multibranch.WorkflowMultiBranchProject
      1 CTO/Apigee-Hybrid/engineering/Ignite Apigee Hybrid Proxy Deploy/apigee-hybrid-hp_ca_purchaser_management_v2|apigee-hybrid-hp_ca_purchaser_management_v2|class org.jenkinsci.plugins.workflow.multibranch.WorkflowMultiBranchProject
      1 CTO/Apigee-Hybrid/engineering/Ignite Apigee Hybrid Proxy Deploy/apigee-hybrid-hp_ca_member_eligibility_v3|apigee-hybrid-hp_ca_member_eligibility_v3|class org.jenkinsci.plugins.workflow.multibranch.WorkflowMultiBranchProject
      1 CTO/Apigee-Hybrid/engineering/Ignite Apigee Hybrid Proxy Deploy/apigee-hybrid-hp_ca_medicare_management|apigee-hybrid-hp_ca_medicare_management|class org.jenkinsci.plugins.workflow.multibranch.WorkflowMultiBranchProject
      1 CTO/Apigee-Hybrid/engineering/Ignite Apigee Hybrid Proxy Deploy/apigee-hybrid-hp_ca_dpa_management_v2|apigee-hybrid-hp_ca_dpa_management_v2|class org.jenkinsci.plugins.workflow.multibranch.WorkflowMultiBranchProject
      1 CTO/Apigee-Hybrid/engineering/Ignite Apigee Hybrid Proxy Deploy/apigee-hybrid-hp_balance_inquiry_v1|apigee-hybrid-hp_balance_inquiry_v1|class org.jenkinsci.plugins.workflow.multibranch.WorkflowMultiBranchProject
      1 CTO/Apigee-Hybrid/engineering/Ignite Apigee Hybrid Proxy Deploy/apigee-hybrid-hms_rx_verify_v10r|apigee-hybrid-hms_rx_verify_v10r|class org.jenkinsci.plugins.workflow.multibranch.WorkflowMultiBranchProject
      1 CTO/Apigee-Hybrid/engineering/Ignite Apigee Hybrid Proxy Deploy/apigee-hybrid-hms_rx_verify_r_v1rh|apigee-hybrid-hms_rx_verify_r_v1rh|class org.jenkinsci.plugins.workflow.multibranch.WorkflowMultiBranchProject
      1 CTO/Apigee-Hybrid/engineering/Ignite Apigee Hybrid Proxy Deploy/apigee-hybrid-hi_esb_kphc_document_delivery_v1r|apigee-hybrid-hi_esb_kphc_document_delivery_v1r|class org.jenkinsci.plugins.workflow.multibranch.WorkflowMultiBranchProject
      1 CTO/Apigee-Hybrid/engineering/Ignite Apigee Hybrid Proxy Deploy/apigee-hybrid-hhub_ocuco_v1r|apigee-hybrid-hhub_ocuco_v1r|class org.jenkinsci.plugins.workflow.multibranch.WorkflowMultiBranchProject
      1 CTO/Apigee-Hybrid/engineering/Ignite Apigee Hybrid Proxy Deploy/apigee-hybrid-hhub_jobsonfd_v1r|apigee-hybrid-hhub_jobsonfd_v1r|class org.jenkinsci.plugins.workflow.multibranch.WorkflowMultiBranchProject
      1 CTO/Apigee-Hybrid/engineering/Ignite Apigee Hybrid Proxy Deploy/apigee-hybrid-hhub_ip_info_v1r|apigee-hybrid-hhub_ip_info_v1r|class org.jenkinsci.plugins.workflow.multibranch.WorkflowMultiBranchProject
      1 CTO/Apigee-Hybrid/engineering/Ignite Apigee Hybrid Proxy Deploy/apigee-hybrid-hhub_google_maps_v1r|apigee-hybrid-hhub_google_maps_v1r|class org.jenkinsci.plugins.workflow.multibranch.WorkflowMultiBranchProject
      1 CTO/Apigee-Hybrid/engineering/Ignite Apigee Hybrid Proxy Deploy/apigee-hybrid-hhub_google_address_v1r|apigee-hybrid-hhub_google_address_v1r|class org.jenkinsci.plugins.workflow.multibranch.WorkflowMultiBranchProject
      1 CTO/Apigee-Hybrid/engineering/Ignite Apigee Hybrid Proxy Deploy/apigee-hybrid-hhub_fittingbox_v1r|apigee-hybrid-hhub_fittingbox_v1r|class org.jenkinsci.plugins.workflow.multibranch.WorkflowMultiBranchProject
      1 CTO/Apigee-Hybrid/engineering/Ignite Apigee Hybrid Proxy Deploy/apigee-hybrid-hhub_content_stack_v1r|apigee-hybrid-hhub_content_stack_v1r|class org.jenkinsci.plugins.workflow.multibranch.WorkflowMultiBranchProject
      1 CTO/Apigee-Hybrid/engineering/Ignite Apigee Hybrid Proxy Deploy/apigee-hybrid-hhub_commerce_tools_v1r|apigee-hybrid-hhub_commerce_tools_v1r|class org.jenkinsci.plugins.workflow.multibranch.WorkflowMultiBranchProject
      1 CTO/Apigee-Hybrid/engineering/Ignite Apigee Hybrid Proxy Deploy/apigee-hybrid-hhub_commerce_tools_auth_v1r|apigee-hybrid-hhub_commerce_tools_auth_v1r|class org.jenkinsci.plugins.workflow.multibranch.WorkflowMultiBranchProject
      1 CTO/Apigee-Hybrid/engineering/Ignite Apigee Hybrid Proxy Deploy/apigee-hybrid-hermes_gate_internal_v1|apigee-hybrid-hermes_gate_internal_v1|class org.jenkinsci.plugins.workflow.multibranch.WorkflowMultiBranchProject
      1 CTO/Apigee-Hybrid/engineering/Ignite Apigee Hybrid Proxy Deploy/apigee-hybrid-hermes_gate_internal_pipeline_rc_v1rch|apigee-hybrid-hermes_gate_internal_pipeline_rc_v1rch|class org.jenkinsci.plugins.workflow.multibranch.WorkflowMultiBranchProject
      1 CTO/Apigee-Hybrid/engineering/Ignite Apigee Hybrid Proxy Deploy/apigee-hybrid-hermes_gate_internal_pipeline_rc_v1rch
      1 CTO/Apigee-Hybrid/engineering/Ignite Apigee Hybrid Proxy Deploy/apigee-hybrid-health_plan_workflow_audit_v1r|apigee-hybrid-health_plan_workflow_audit_v1r|class org.jenkinsci.plugins.workflow.multibranch.WorkflowMultiBranchProject
      1 CTO/Apigee-Hybrid/engineering/Ignite Apigee Hybrid Proxy Deploy/apigee-hybrid-health_plan_third_party_validation_sandbox_explanation_of_benefit_v1r|apigee-hybrid-health_plan_third_party_validation_sandbox_explanation_of_benefit_v1r|class org.jenkinsci.plugins.workflow.multibranch.WorkflowMultiBranchProject
      1 CTO/Apigee-Hybrid/engineering/Ignite Apigee Hybrid Proxy Deploy/apigee-hybrid-health_plan_test_data_managment_v1r|apigee-hybrid-health_plan_test_data_managment_v1r|class org.jenkinsci.plugins.workflow.multibranch.WorkflowMultiBranchProject
      1 CTO/Apigee-Hybrid/engineering/Ignite Apigee Hybrid Proxy Deploy/apigee-hybrid-health_plan_explanation_of_benefit_v1r|apigee-hybrid-health_plan_explanation_of_benefit_v1r|class org.jenkinsci.plugins.workflow.multibranch.WorkflowMultiBranchProject
      1 CTO/Apigee-Hybrid/engineering/Ignite Apigee Hybrid Proxy Deploy/apigee-hybrid-health_plan_directory_v2r|apigee-hybrid-health_plan_directory_v2r|class org.jenkinsci.plugins.workflow.multibranch.WorkflowMultiBranchProject
      1 CTO/Apigee-Hybrid/engineering/Ignite Apigee Hybrid Proxy Deploy/apigee-hybrid-health_plan_directory_v1r|apigee-hybrid-health_plan_directory_v1r|class org.jenkinsci.plugins.workflow.multibranch.WorkflowMultiBranchProject
      1 CTO/Apigee-Hybrid/engineering/Ignite Apigee Hybrid Proxy Deploy/apigee-hybrid-hcm_uam_fieldglass_web_v1|apigee-hybrid-hcm_uam_fieldglass_web_v1|class org.jenkinsci.plugins.workflow.multibranch.WorkflowMultiBranchProject
      1 CTO/Apigee-Hybrid/engineering/Ignite Apigee Hybrid Proxy Deploy/apigee-hybrid-hcm_security_uam_kpim_r_v10|apigee-hybrid-hcm_security_uam_kpim_r_v10|class org.jenkinsci.plugins.workflow.multibranch.WorkflowMultiBranchProject
      1 CTO/Apigee-Hybrid/engineering/Ignite Apigee Hybrid Proxy Deploy/apigee-hybrid-hcm_security_uam_idcsapi_r_v1r|apigee-hybrid-hcm_security_uam_idcsapi_r_v1r|class org.jenkinsci.plugins.workflow.multibranch.WorkflowMultiBranchProject
      1 CTO/Apigee-Hybrid/engineering/Ignite Apigee Hybrid Proxy Deploy/apigee-hybrid-hcm_security_uam_idcs_r_v1r|apigee-hybrid-hcm_security_uam_idcs_r_v1r|class org.jenkinsci.plugins.workflow.multibranch.WorkflowMultiBranchProject
      1 CTO/Apigee-Hybrid/engineering/Ignite Apigee Hybrid Proxy Deploy/apigee-hybrid-hcm_salesforce_case_managementr_v10|apigee-hybrid-hcm_salesforce_case_managementr_v10|class org.jenkinsci.plugins.workflow.multibranch.WorkflowMultiBranchProject
      1 CTO/Apigee-Hybrid/engineering/Ignite Apigee Hybrid Proxy Deploy/apigee-hybrid-hcm_oacs_odi_invoke_v1|apigee-hybrid-hcm_oacs_odi_invoke_v1|class org.jenkinsci.plugins.workflow.multibranch.WorkflowMultiBranchProject
      1 CTO/Apigee-Hybrid/engineering/Ignite Apigee Hybrid Proxy Deploy/apigee-hybrid-hcm_kp_cframe_extract_dyn_param_values_r_service|apigee-hybrid-hcm_kp_cframe_extract_dyn_param_values_r_service|class org.jenkinsci.plugins.workflow.multibranch.WorkflowMultiBranchProject
      1 CTO/Apigee-Hybrid/engineering/Ignite Apigee Hybrid Proxy Deploy/apigee-hybrid-hawaii_iis_v2011|apigee-hybrid-hawaii_iis_v2011|class org.jenkinsci.plugins.workflow.multibranch.WorkflowMultiBranchProject
      1 CTO/Apigee-Hybrid/engineering/Ignite Apigee Hybrid Proxy Deploy/apigee-hybrid-gusto_membership_transaction_status|apigee-hybrid-gusto_membership_transaction_status|class org.jenkinsci.plugins.workflow.multibranch.WorkflowMultiBranchProject
      1 CTO/Apigee-Hybrid/engineering/Ignite Apigee Hybrid Proxy Deploy/apigee-hybrid-gsl_rx_api_v10|apigee-hybrid-gsl_rx_api_v10|class org.jenkinsci.plugins.workflow.multibranch.WorkflowMultiBranchProject
      1 CTO/Apigee-Hybrid/engineering/Ignite Apigee Hybrid Proxy Deploy/apigee-hybrid-groupmembershiplist_v10|apigee-hybrid-groupmembershiplist_v10|class org.jenkinsci.plugins.workflow.multibranch.WorkflowMultiBranchProject
      1 CTO/Apigee-Hybrid/engineering/Ignite Apigee Hybrid Proxy Deploy/apigee-hybrid-groupmanagement_v70|apigee-hybrid-groupmanagement_v70|class org.jenkinsci.plugins.workflow.multibranch.WorkflowMultiBranchProject
      1 CTO/Apigee-Hybrid/engineering/Ignite Apigee Hybrid Proxy Deploy/apigee-hybrid-groupmanagement_v62|apigee-hybrid-groupmanagement_v62|class org.jenkinsci.plugins.workflow.multibranch.WorkflowMultiBranchProject
      1 CTO/Apigee-Hybrid/engineering/Ignite Apigee Hybrid Proxy Deploy/apigee-hybrid-groupmanagement_v60|apigee-hybrid-groupmanagement_v60|class org.jenkinsci.plugins.workflow.multibranch.WorkflowMultiBranchProject
      1 CTO/Apigee-Hybrid/engineering/Ignite Apigee Hybrid Proxy Deploy/apigee-hybrid-group_membership_list_v20|apigee-hybrid-group_membership_list_v20|class org.jenkinsci.plugins.workflow.multibranch.WorkflowMultiBranchProject
      1 CTO/Apigee-Hybrid/engineering/Ignite Apigee Hybrid Proxy Deploy/apigee-hybrid-group_inquiry_v10|apigee-hybrid-group_inquiry_v10|class org.jenkinsci.plugins.workflow.multibranch.WorkflowMultiBranchProject
      1 CTO/Apigee-Hybrid/engineering/Ignite Apigee Hybrid Proxy Deploy/apigee-hybrid-grits_ga_immunization_v1|apigee-hybrid-grits_ga_immunization_v1|class org.jenkinsci.plugins.workflow.multibranch.WorkflowMultiBranchProject
      1 CTO/Apigee-Hybrid/engineering/Ignite Apigee Hybrid Proxy Deploy/apigee-hybrid-grits_3231_v1|apigee-hybrid-grits_3231_v1|class org.jenkinsci.plugins.workflow.multibranch.WorkflowMultiBranchProject
      1 CTO/Apigee-Hybrid/engineering/Ignite Apigee Hybrid Proxy Deploy/apigee-hybrid-google_cloud_storage_json_v1r|apigee-hybrid-google_cloud_storage_json_v1r|class org.jenkinsci.plugins.workflow.multibranch.WorkflowMultiBranchProject
      1 CTO/Apigee-Hybrid/engineering/Ignite Apigee Hybrid Proxy Deploy/apigee-hybrid-google_cloud_logging_v2r|apigee-hybrid-google_cloud_logging_v2r|class org.jenkinsci.plugins.workflow.multibranch.WorkflowMultiBranchProject
      1 CTO/Apigee-Hybrid/engineering/Ignite Apigee Hybrid Proxy Deploy/apigee-hybrid-genesys_chat_v4h|apigee-hybrid-genesys_chat_v4h|class org.jenkinsci.plugins.workflow.multibranch.WorkflowMultiBranchProject
      1 CTO/Apigee-Hybrid/engineering/Ignite Apigee Hybrid Proxy Deploy/apigee-hybrid-genesys_chat_v3r|apigee-hybrid-genesys_chat_v3r|class org.jenkinsci.plugins.workflow.multibranch.WorkflowMultiBranchProject
      1 CTO/Apigee-Hybrid/engineering/Ignite Apigee Hybrid Proxy Deploy/apigee-hybrid-gen5_private_cloud_management_platform_workspace_update_v1r|apigee-hybrid-gen5_private_cloud_management_platform_workspace_update_v1r|class org.jenkinsci.plugins.workflow.multibranch.WorkflowMultiBranchProject
      1 CTO/Apigee-Hybrid/engineering/Ignite Apigee Hybrid Proxy Deploy/apigee-hybrid-gen5_private_cloud_management_platform_status_v1r|apigee-hybrid-gen5_private_cloud_management_platform_status_v1r|class org.jenkinsci.plugins.workflow.multibranch.WorkflowMultiBranchProject
      1 CTO/Apigee-Hybrid/engineering/Ignite Apigee Hybrid Proxy Deploy/apigee-hybrid-gen5_private_cloud_management_platform_order_info_v1r|apigee-hybrid-gen5_private_cloud_management_platform_order_info_v1r|class org.jenkinsci.plugins.workflow.multibranch.WorkflowMultiBranchProject
      1 CTO/Apigee-Hybrid/engineering/Ignite Apigee Hybrid Proxy Deploy/apigee-hybrid-gen5_private_cloud_management_platform_oauth_v1r|apigee-hybrid-gen5_private_cloud_management_platform_oauth_v1r|class org.jenkinsci.plugins.workflow.multibranch.WorkflowMultiBranchProject
      1 CTO/Apigee-Hybrid/engineering/Ignite Apigee Hybrid Proxy Deploy/apigee-hybrid-gen5_private_cloud_management_platform_drift_detection_v1r|apigee-hybrid-gen5_private_cloud_management_platform_drift_detection_v1r|class org.jenkinsci.plugins.workflow.multibranch.WorkflowMultiBranchProject
      1 CTO/Apigee-Hybrid/engineering/Ignite Apigee Hybrid Proxy Deploy/apigee-hybrid-gen5_private_cloud_management_platform_delete_v1r|apigee-hybrid-gen5_private_cloud_management_platform_delete_v1r|class org.jenkinsci.plugins.workflow.multibranch.WorkflowMultiBranchProject
      1 CTO/Apigee-Hybrid/engineering/Ignite Apigee Hybrid Proxy Deploy/apigee-hybrid-gen5_private_cloud_management_platform_actions_v1r|apigee-hybrid-gen5_private_cloud_management_platform_actions_v1r|class org.jenkinsci.plugins.workflow.multibranch.WorkflowMultiBranchProject
      1 CTO/Apigee-Hybrid/engineering/Ignite Apigee Hybrid Proxy Deploy/apigee-hybrid-gen5_kyndryl_private_cloud_management_v1r|apigee-hybrid-gen5_kyndryl_private_cloud_management_v1r|class org.jenkinsci.plugins.workflow.multibranch.WorkflowMultiBranchProject
      1 CTO/Apigee-Hybrid/engineering/Ignite Apigee Hybrid Proxy Deploy/apigee-hybrid-geisinger_patient_360_v1r|apigee-hybrid-geisinger_patient_360_v1r|class org.jenkinsci.plugins.workflow.multibranch.WorkflowMultiBranchProject
      1 CTO/Apigee-Hybrid/engineering/Ignite Apigee Hybrid Proxy Deploy/apigee-hybrid-geisinger_patient_360_v1rh|apigee-hybrid-geisinger_patient_360_v1rh|class org.jenkinsci.plugins.workflow.multibranch.WorkflowMultiBranchProject
      1 CTO/Apigee-Hybrid/engineering/Ignite Apigee Hybrid Proxy Deploy/apigee-hybrid-gcp-platform-config|apigee-hybrid-gcp-platform-config|class org.jenkinsci.plugins.workflow.multibranch.WorkflowMultiBranchProject
      1 CTO/Apigee-Hybrid/engineering/Ignite Apigee Hybrid Proxy Deploy/apigee-hybrid-fwda_api_v1_0r|apigee-hybrid-fwda_api_v1_0r|class org.jenkinsci.plugins.workflow.multibranch.WorkflowMultiBranchProject
      1 CTO/Apigee-Hybrid/engineering/Ignite Apigee Hybrid Proxy Deploy/apigee-hybrid-fs_tpa_cross_reference_v10|apigee-hybrid-fs_tpa_cross_reference_v10|class org.jenkinsci.plugins.workflow.multibranch.WorkflowMultiBranchProject
      1 CTO/Apigee-Hybrid/engineering/Ignite Apigee Hybrid Proxy Deploy/apigee-hybrid-fs_purchaser_v10|apigee-hybrid-fs_purchaser_v10|class org.jenkinsci.plugins.workflow.multibranch.WorkflowMultiBranchProject
      1 CTO/Apigee-Hybrid/engineering/Ignite Apigee Hybrid Proxy Deploy/apigee-hybrid-fs_memberchangepublish_v10|apigee-hybrid-fs_memberchangepublish_v10|class org.jenkinsci.plugins.workflow.multibranch.WorkflowMultiBranchProject
      1 CTO/Apigee-Hybrid/engineering/Ignite Apigee Hybrid Proxy Deploy/apigee-hybrid-fs_member_transfer_v10|apigee-hybrid-fs_member_transfer_v10|class org.jenkinsci.plugins.workflow.multibranch.WorkflowMultiBranchProject
      1 CTO/Apigee-Hybrid/engineering/Ignite Apigee Hybrid Proxy Deploy/apigee-hybrid-fs_member_termination_v10|apigee-hybrid-fs_member_termination_v10|class org.jenkinsci.plugins.workflow.multibranch.WorkflowMultiBranchProject
      1 CTO/Apigee-Hybrid/engineering/Ignite Apigee Hybrid Proxy Deploy/apigee-hybrid-fs_member_summary_v10|apigee-hybrid-fs_member_summary_v10|class org.jenkinsci.plugins.workflow.multibranch.WorkflowMultiBranchProject
      1 CTO/Apigee-Hybrid/engineering/Ignite Apigee Hybrid Proxy Deploy/apigee-hybrid-fs_member_reinstatement_v10|apigee-hybrid-fs_member_reinstatement_v10|class org.jenkinsci.plugins.workflow.multibranch.WorkflowMultiBranchProject
      1 CTO/Apigee-Hybrid/engineering/Ignite Apigee Hybrid Proxy Deploy/apigee-hybrid-fs_member_enrollment_v10|apigee-hybrid-fs_member_enrollment_v10|class org.jenkinsci.plugins.workflow.multibranch.WorkflowMultiBranchProject
      1 CTO/Apigee-Hybrid/engineering/Ignite Apigee Hybrid Proxy Deploy/apigee-hybrid-fs_member_demographics_v10|apigee-hybrid-fs_member_demographics_v10|class org.jenkinsci.plugins.workflow.multibranch.WorkflowMultiBranchProject
      1 CTO/Apigee-Hybrid/engineering/Ignite Apigee Hybrid Proxy Deploy/apigee-hybrid-fs_groupchangepublish_v10|apigee-hybrid-fs_groupchangepublish_v10|class org.jenkinsci.plugins.workflow.multibranch.WorkflowMultiBranchProject
      1 CTO/Apigee-Hybrid/engineering/Ignite Apigee Hybrid Proxy Deploy/apigee-hybrid-fs_family_account_role_v10|apigee-hybrid-fs_family_account_role_v10|class org.jenkinsci.plugins.workflow.multibranch.WorkflowMultiBranchProject
      1 CTO/Apigee-Hybrid/engineering/Ignite Apigee Hybrid Proxy Deploy/apigee-hybrid-foundation_system_member_search_web|apigee-hybrid-foundation_system_member_search_web|class org.jenkinsci.plugins.workflow.multibranch.WorkflowMultiBranchProject
      1 CTO/Apigee-Hybrid/engineering/Ignite Apigee Hybrid Proxy Deploy/apigee-hybrid-foundation_system_member_list_web_v10|apigee-hybrid-foundation_system_member_list_web_v10|class org.jenkinsci.plugins.workflow.multibranch.WorkflowMultiBranchProject
      1 CTO/Apigee-Hybrid/engineering/Ignite Apigee Hybrid Proxy Deploy/apigee-hybrid-flowhook-operations|apigee-hybrid-flowhook-operations|class org.jenkinsci.plugins.workflow.multibranch.WorkflowMultiBranchProject
      1 CTO/Apigee-Hybrid/engineering/Ignite Apigee Hybrid Proxy Deploy/apigee-hybrid-flowhook-operations
      1 CTO/Apigee-Hybrid/engineering/Ignite Apigee Hybrid Proxy Deploy/apigee-hybrid-file_exchange_v1|apigee-hybrid-file_exchange_v1|class org.jenkinsci.plugins.workflow.multibranch.WorkflowMultiBranchProject
      1 CTO/Apigee-Hybrid/engineering/Ignite Apigee Hybrid Proxy Deploy/apigee-hybrid-fdb_meducation_rest_api_v1r|apigee-hybrid-fdb_meducation_rest_api_v1r|class org.jenkinsci.plugins.workflow.multibranch.WorkflowMultiBranchProject
      1 CTO/Apigee-Hybrid/engineering/Ignite Apigee Hybrid Proxy Deploy/apigee-hybrid-fda_gudid_device_lookup_api_v1r|apigee-hybrid-fda_gudid_device_lookup_api_v1r|class org.jenkinsci.plugins.workflow.multibranch.WorkflowMultiBranchProject
      1 CTO/Apigee-Hybrid/engineering/Ignite Apigee Hybrid Proxy Deploy/apigee-hybrid-family_inquiry_v10|apigee-hybrid-family_inquiry_v10|class org.jenkinsci.plugins.workflow.multibranch.WorkflowMultiBranchProject
      1 CTO/Apigee-Hybrid/engineering/Ignite Apigee Hybrid Proxy Deploy/apigee-hybrid-facility_directory_data_v1r|apigee-hybrid-facility_directory_data_v1r|class org.jenkinsci.plugins.workflow.multibranch.WorkflowMultiBranchProject
      1 CTO/Apigee-Hybrid/engineering/Ignite Apigee Hybrid Proxy Deploy/apigee-hybrid-facility_directory_data_v1rc|apigee-hybrid-facility_directory_data_v1rc|class org.jenkinsci.plugins.workflow.multibranch.WorkflowMultiBranchProject
      1 CTO/Apigee-Hybrid/engineering/Ignite Apigee Hybrid Proxy Deploy/apigee-hybrid-facility_directory_data_v1rc
      1 CTO/Apigee-Hybrid/engineering/Ignite Apigee Hybrid Proxy Deploy/apigee-hybrid-facility_census_service_api|apigee-hybrid-facility_census_service_api|class org.jenkinsci.plugins.workflow.multibranch.WorkflowMultiBranchProject
      1 CTO/Apigee-Hybrid/engineering/Ignite Apigee Hybrid Proxy Deploy/apigee-hybrid-evv_sandata_v1r|apigee-hybrid-evv_sandata_v1r|class org.jenkinsci.plugins.workflow.multibranch.WorkflowMultiBranchProject
      1 CTO/Apigee-Hybrid/engineering/Ignite Apigee Hybrid Proxy Deploy/apigee-hybrid-evolution1_auto_pay_balance_inquiry_api_v10|apigee-hybrid-evolution1_auto_pay_balance_inquiry_api_v10|class org.jenkinsci.plugins.workflow.multibranch.WorkflowMultiBranchProject
      1 CTO/Apigee-Hybrid/engineering/Ignite Apigee Hybrid Proxy Deploy/apigee-hybrid-esb_kphc_document_delivery_v1r|apigee-hybrid-esb_kphc_document_delivery_v1r|class org.jenkinsci.plugins.workflow.multibranch.WorkflowMultiBranchProject
      1 CTO/Apigee-Hybrid/engineering/Ignite Apigee Hybrid Proxy Deploy/apigee-hybrid-esb_kphc_document_delivery_v1r
      1 CTO/Apigee-Hybrid/engineering/Ignite Apigee Hybrid Proxy Deploy/apigee-hybrid-epims_rxfilleligilibity_handler_v1r|apigee-hybrid-epims_rxfilleligilibity_handler_v1r|class org.jenkinsci.plugins.workflow.multibranch.WorkflowMultiBranchProject
      1 CTO/Apigee-Hybrid/engineering/Ignite Apigee Hybrid Proxy Deploy/apigee-hybrid-epims_rxfilleligibility_v1rc|apigee-hybrid-epims_rxfilleligibility_v1rc|class org.jenkinsci.plugins.workflow.multibranch.WorkflowMultiBranchProject
      1 CTO/Apigee-Hybrid/engineering/Ignite Apigee Hybrid Proxy Deploy/apigee-hybrid-epims_rxexpirationrules_r_v1r|apigee-hybrid-epims_rxexpirationrules_r_v1r|class org.jenkinsci.plugins.workflow.multibranch.WorkflowMultiBranchProject
      1 CTO/Apigee-Hybrid/engineering/Ignite Apigee Hybrid Proxy Deploy/apigee-hybrid-epims_rxexpirationrules_r_v1r
      1 CTO/Apigee-Hybrid/engineering/Ignite Apigee Hybrid Proxy Deploy/apigee-hybrid-epims_rxeligibilityrule_v1rc|apigee-hybrid-epims_rxeligibilityrule_v1rc|class org.jenkinsci.plugins.workflow.multibranch.WorkflowMultiBranchProject
      1 CTO/Apigee-Hybrid/engineering/Ignite Apigee Hybrid Proxy Deploy/apigee-hybrid-epims_rx_notification_history_v1rh|apigee-hybrid-epims_rx_notification_history_v1rh|class org.jenkinsci.plugins.workflow.multibranch.WorkflowMultiBranchProject
      1 CTO/Apigee-Hybrid/engineering/Ignite Apigee Hybrid Proxy Deploy/apigee-hybrid-epims_rx_intervention_v40|apigee-hybrid-epims_rx_intervention_v40|class org.jenkinsci.plugins.workflow.multibranch.WorkflowMultiBranchProject
      1 CTO/Apigee-Hybrid/engineering/Ignite Apigee Hybrid Proxy Deploy/apigee-hybrid-epims_rx_eligibility_v1r|apigee-hybrid-epims_rx_eligibility_v1r|class org.jenkinsci.plugins.workflow.multibranch.WorkflowMultiBranchProject
      1 CTO/Apigee-Hybrid/engineering/Ignite Apigee Hybrid Proxy Deploy/apigee-hybrid-epims_rms_inventory_custom_s_v2s|apigee-hybrid-epims_rms_inventory_custom_s_v2s|class org.jenkinsci.plugins.workflow.multibranch.WorkflowMultiBranchProject
      1 CTO/Apigee-Hybrid/engineering/Ignite Apigee Hybrid Proxy Deploy/apigee-hybrid-epims_rapid_delivery_order_tracking_v1rch|apigee-hybrid-epims_rapid_delivery_order_tracking_v1rch|class org.jenkinsci.plugins.workflow.multibranch.WorkflowMultiBranchProject
      1 CTO/Apigee-Hybrid/engineering/Ignite Apigee Hybrid Proxy Deploy/apigee-hybrid-epims_psbverifyrx_v1rc|apigee-hybrid-epims_psbverifyrx_v1rc|class org.jenkinsci.plugins.workflow.multibranch.WorkflowMultiBranchProject
      1 CTO/Apigee-Hybrid/engineering/Ignite Apigee Hybrid Proxy Deploy/apigee-hybrid-epims_psb_shipping_status_v1r|apigee-hybrid-epims_psb_shipping_status_v1r|class org.jenkinsci.plugins.workflow.multibranch.WorkflowMultiBranchProject
      1 CTO/Apigee-Hybrid/engineering/Ignite Apigee Hybrid Proxy Deploy/apigee-hybrid-epims_psb_member_identification_v1r|apigee-hybrid-epims_psb_member_identification_v1r|class org.jenkinsci.plugins.workflow.multibranch.WorkflowMultiBranchProject
      1 CTO/Apigee-Hybrid/engineering/Ignite Apigee Hybrid Proxy Deploy/apigee-hybrid-epims_prescription_scal_v1r|apigee-hybrid-epims_prescription_scal_v1r|class org.jenkinsci.plugins.workflow.multibranch.WorkflowMultiBranchProject
      1 CTO/Apigee-Hybrid/engineering/Ignite Apigee Hybrid Proxy Deploy/apigee-hybrid-epims_prescription_roc_v1r|apigee-hybrid-epims_prescription_roc_v1r|class org.jenkinsci.plugins.workflow.multibranch.WorkflowMultiBranchProject
      1 CTO/Apigee-Hybrid/engineering/Ignite Apigee Hybrid Proxy Deploy/apigee-hybrid-epims_prescription_ncal_v1r|apigee-hybrid-epims_prescription_ncal_v1r|class org.jenkinsci.plugins.workflow.multibranch.WorkflowMultiBranchProject
      1 CTO/Apigee-Hybrid/engineering/Ignite Apigee Hybrid Proxy Deploy/apigee-hybrid-epims_pos_gsl_rx_api_v10r|apigee-hybrid-epims_pos_gsl_rx_api_v10r|class org.jenkinsci.plugins.workflow.multibranch.WorkflowMultiBranchProject
      1 CTO/Apigee-Hybrid/engineering/Ignite Apigee Hybrid Proxy Deploy/apigee-hybrid-epims_pore_v1r|apigee-hybrid-epims_pore_v1r|class org.jenkinsci.plugins.workflow.multibranch.WorkflowMultiBranchProject
      1 CTO/Apigee-Hybrid/engineering/Ignite Apigee Hybrid Proxy Deploy/apigee-hybrid-epims_patient_attributes_v1r|apigee-hybrid-epims_patient_attributes_v1r|class org.jenkinsci.plugins.workflow.multibranch.WorkflowMultiBranchProject
      1 CTO/Apigee-Hybrid/engineering/Ignite Apigee Hybrid Proxy Deploy/apigee-hybrid-epims_nonkphc_outbound_v1r|apigee-hybrid-epims_nonkphc_outbound_v1r|class org.jenkinsci.plugins.workflow.multibranch.WorkflowMultiBranchProject
      1 CTO/Apigee-Hybrid/engineering/Ignite Apigee Hybrid Proxy Deploy/apigee-hybrid-epims_moca_order_v1r|apigee-hybrid-epims_moca_order_v1r|class org.jenkinsci.plugins.workflow.multibranch.WorkflowMultiBranchProject
      1 CTO/Apigee-Hybrid/engineering/Ignite Apigee Hybrid Proxy Deploy/apigee-hybrid-epims_member_profile_preference_v2r|apigee-hybrid-epims_member_profile_preference_v2r|class org.jenkinsci.plugins.workflow.multibranch.WorkflowMultiBranchProject
      1 CTO/Apigee-Hybrid/engineering/Ignite Apigee Hybrid Proxy Deploy/apigee-hybrid-epims_member_profile_preference_eventhub_v1rc|apigee-hybrid-epims_member_profile_preference_eventhub_v1rc|class org.jenkinsci.plugins.workflow.multibranch.WorkflowMultiBranchProject
      1 CTO/Apigee-Hybrid/engineering/Ignite Apigee Hybrid Proxy Deploy/apigee-hybrid-epims_inventory_v10|apigee-hybrid-epims_inventory_v10|class org.jenkinsci.plugins.workflow.multibranch.WorkflowMultiBranchProject
      1 CTO/Apigee-Hybrid/engineering/Ignite Apigee Hybrid Proxy Deploy/apigee-hybrid-epims_evow_v6|apigee-hybrid-epims_evow_v6|class org.jenkinsci.plugins.workflow.multibranch.WorkflowMultiBranchProject
      1 CTO/Apigee-Hybrid/engineering/Ignite Apigee Hybrid Proxy Deploy/apigee-hybrid-epims_event_hub_v1r|apigee-hybrid-epims_event_hub_v1r|class org.jenkinsci.plugins.workflow.multibranch.WorkflowMultiBranchProject
      1 CTO/Apigee-Hybrid/engineering/Ignite Apigee Hybrid Proxy Deploy/apigee-hybrid-epims_eps_inventory_v60|apigee-hybrid-epims_eps_inventory_v60|class org.jenkinsci.plugins.workflow.multibranch.WorkflowMultiBranchProject
      1 CTO/Apigee-Hybrid/engineering/Ignite Apigee Hybrid Proxy Deploy/apigee-hybrid-epims_epr_rx_adapter_v1r|apigee-hybrid-epims_epr_rx_adapter_v1r|class org.jenkinsci.plugins.workflow.multibranch.WorkflowMultiBranchProject
      1 CTO/Apigee-Hybrid/engineering/Ignite Apigee Hybrid Proxy Deploy/apigee-hybrid-epims_epr_ecompatient_v8|apigee-hybrid-epims_epr_ecompatient_v8|class org.jenkinsci.plugins.workflow.multibranch.WorkflowMultiBranchProject
      1 CTO/Apigee-Hybrid/engineering/Ignite Apigee Hybrid Proxy Deploy/apigee-hybrid-epims_epr_ecompatient_s_v9s|apigee-hybrid-epims_epr_ecompatient_s_v9s|class org.jenkinsci.plugins.workflow.multibranch.WorkflowMultiBranchProject
      1 CTO/Apigee-Hybrid/engineering/Ignite Apigee Hybrid Proxy Deploy/apigee-hybrid-epims_epr_ecompatient_s_v10s|apigee-hybrid-epims_epr_ecompatient_s_v10s|class org.jenkinsci.plugins.workflow.multibranch.WorkflowMultiBranchProject
      1 CTO/Apigee-Hybrid/engineering/Ignite Apigee Hybrid Proxy Deploy/apigee-hybrid-epims_epharmacy_online_v4c|apigee-hybrid-epims_epharmacy_online_v4c|class org.jenkinsci.plugins.workflow.multibranch.WorkflowMultiBranchProject
      1 CTO/Apigee-Hybrid/engineering/Ignite Apigee Hybrid Proxy Deploy/apigee-hybrid-epims_epharmacy_online_v10r|apigee-hybrid-epims_epharmacy_online_v10r|class org.jenkinsci.plugins.workflow.multibranch.WorkflowMultiBranchProject
      1 CTO/Apigee-Hybrid/engineering/Ignite Apigee Hybrid Proxy Deploy/apigee-hybrid-epims_ehost_drug_search_flow_v1rh|apigee-hybrid-epims_ehost_drug_search_flow_v1rh|class org.jenkinsci.plugins.workflow.multibranch.WorkflowMultiBranchProject
      1 CTO/Apigee-Hybrid/engineering/Ignite Apigee Hybrid Proxy Deploy/apigee-hybrid-epims_ehost_drug_pricing_tp_management_web_ui_flow_v1rh|apigee-hybrid-epims_ehost_drug_pricing_tp_management_web_ui_flow_v1rh|class org.jenkinsci.plugins.workflow.multibranch.WorkflowMultiBranchProject
      1 CTO/Apigee-Hybrid/engineering/Ignite Apigee Hybrid Proxy Deploy/apigee-hybrid-epims_ecc_storeinformationservice_v6s|apigee-hybrid-epims_ecc_storeinformationservice_v6s|class org.jenkinsci.plugins.workflow.multibranch.WorkflowMultiBranchProject
      1 CTO/Apigee-Hybrid/engineering/Ignite Apigee Hybrid Proxy Deploy/apigee-hybrid-epims_druginvservice_v1rc|apigee-hybrid-epims_druginvservice_v1rc|class org.jenkinsci.plugins.workflow.multibranch.WorkflowMultiBranchProject
      1 CTO/Apigee-Hybrid/engineering/Ignite Apigee Hybrid Proxy Deploy/apigee-hybrid-epims_druginvhandler_v1r|apigee-hybrid-epims_druginvhandler_v1r|class org.jenkinsci.plugins.workflow.multibranch.WorkflowMultiBranchProject
      1 CTO/Apigee-Hybrid/engineering/Ignite Apigee Hybrid Proxy Deploy/apigee-hybrid-epims_dayssupply_rules_v1r|apigee-hybrid-epims_dayssupply_rules_v1r|class org.jenkinsci.plugins.workflow.multibranch.WorkflowMultiBranchProject
      1 CTO/Apigee-Hybrid/engineering/Ignite Apigee Hybrid Proxy Deploy/apigee-hybrid-epims_costestimator_v1r|apigee-hybrid-epims_costestimator_v1r|class org.jenkinsci.plugins.workflow.multibranch.WorkflowMultiBranchProject
      1 CTO/Apigee-Hybrid/engineering/Ignite Apigee Hybrid Proxy Deploy/apigee-hybrid-epims_cm_benefits_v5|apigee-hybrid-epims_cm_benefits_v5|class org.jenkinsci.plugins.workflow.multibranch.WorkflowMultiBranchProject
      1 CTO/Apigee-Hybrid/engineering/Ignite Apigee Hybrid Proxy Deploy/apigee-hybrid-epims_cm_benefits_v40|apigee-hybrid-epims_cm_benefits_v40|class org.jenkinsci.plugins.workflow.multibranch.WorkflowMultiBranchProject
      1 CTO/Apigee-Hybrid/engineering/Ignite Apigee Hybrid Proxy Deploy/apigee-hybrid-epims_business_rules_r_v1r|apigee-hybrid-epims_business_rules_r_v1r|class org.jenkinsci.plugins.workflow.multibranch.WorkflowMultiBranchProject
      1 CTO/Apigee-Hybrid/engineering/Ignite Apigee Hybrid Proxy Deploy/apigee-hybrid-epic_specialty_gs_surgery_services_v2015|apigee-hybrid-epic_specialty_gs_surgery_services_v2015|class org.jenkinsci.plugins.workflow.multibranch.WorkflowMultiBranchProject
      1 CTO/Apigee-Hybrid/engineering/Ignite Apigee Hybrid Proxy Deploy/apigee-hybrid-epic_specialty_gs_surgery_services_v2015r|apigee-hybrid-epic_specialty_gs_surgery_services_v2015r|class org.jenkinsci.plugins.workflow.multibranch.WorkflowMultiBranchProject
      1 CTO/Apigee-Hybrid/engineering/Ignite Apigee Hybrid Proxy Deploy/apigee-hybrid-epic_security_openid_v2019r|apigee-hybrid-epic_security_openid_v2019r|class org.jenkinsci.plugins.workflow.multibranch.WorkflowMultiBranchProject
      1 CTO/Apigee-Hybrid/engineering/Ignite Apigee Hybrid Proxy Deploy/apigee-hybrid-epic_security_gs_personnel_management_accessnow_v2016|apigee-hybrid-epic_security_gs_personnel_management_accessnow_v2016|class org.jenkinsci.plugins.workflow.multibranch.WorkflowMultiBranchProject
      1 CTO/Apigee-Hybrid/engineering/Ignite Apigee Hybrid Proxy Deploy/apigee-hybrid-epic_security_gs_personnel_management_accessnow_v2014|apigee-hybrid-epic_security_gs_personnel_management_accessnow_v2014|class org.jenkinsci.plugins.workflow.multibranch.WorkflowMultiBranchProject
      1 CTO/Apigee-Hybrid/engineering/Ignite Apigee Hybrid Proxy Deploy/apigee-hybrid-epic_security_gs_personnel_management_accessnow_v2012|apigee-hybrid-epic_security_gs_personnel_management_accessnow_v2012|class org.jenkinsci.plugins.workflow.multibranch.WorkflowMultiBranchProject
      1 CTO/Apigee-Hybrid/engineering/Ignite Apigee Hybrid Proxy Deploy/apigee-hybrid-epic_scheduling_gs_utility_services_v2014|apigee-hybrid-epic_scheduling_gs_utility_services_v2014|class org.jenkinsci.plugins.workflow.multibranch.WorkflowMultiBranchProject
      1 CTO/Apigee-Hybrid/engineering/Ignite Apigee Hybrid Proxy Deploy/apigee-hybrid-epic_scheduling_gs_provider_services_v2017|apigee-hybrid-epic_scheduling_gs_provider_services_v2017|class org.jenkinsci.plugins.workflow.multibranch.WorkflowMultiBranchProject
      1 CTO/Apigee-Hybrid/engineering/Ignite Apigee Hybrid Proxy Deploy/apigee-hybrid-epic_scheduling_gs_provider_services_v2012|apigee-hybrid-epic_scheduling_gs_provider_services_v2012|class org.jenkinsci.plugins.workflow.multibranch.WorkflowMultiBranchProject
      1 CTO/Apigee-Hybrid/engineering/Ignite Apigee Hybrid Proxy Deploy/apigee-hybrid-epic_scheduling_gs_patient_v2020r|apigee-hybrid-epic_scheduling_gs_patient_v2020r|class org.jenkinsci.plugins.workflow.multibranch.WorkflowMultiBranchProject
      1 CTO/Apigee-Hybrid/engineering/Ignite Apigee Hybrid Proxy Deploy/apigee-hybrid-epic_scheduling_gs_patient_v2019|apigee-hybrid-epic_scheduling_gs_patient_v2019|class org.jenkinsci.plugins.workflow.multibranch.WorkflowMultiBranchProject
      1 CTO/Apigee-Hybrid/engineering/Ignite Apigee Hybrid Proxy Deploy/apigee-hybrid-epic_scheduling_gs_patient_services_v2017|apigee-hybrid-epic_scheduling_gs_patient_services_v2017|class org.jenkinsci.plugins.workflow.multibranch.WorkflowMultiBranchProject
      1 CTO/Apigee-Hybrid/engineering/Ignite Apigee Hybrid Proxy Deploy/apigee-hybrid-epic_scheduling_gs_patient_services_v2017r|apigee-hybrid-epic_scheduling_gs_patient_services_v2017r|class org.jenkinsci.plugins.workflow.multibranch.WorkflowMultiBranchProject
      1 CTO/Apigee-Hybrid/engineering/Ignite Apigee Hybrid Proxy Deploy/apigee-hybrid-epic_scheduling_gs_patient_services_v2014|apigee-hybrid-epic_scheduling_gs_patient_services_v2014|class org.jenkinsci.plugins.workflow.multibranch.WorkflowMultiBranchProject
      1 CTO/Apigee-Hybrid/engineering/Ignite Apigee Hybrid Proxy Deploy/apigee-hybrid-epic_scheduling_gs_patient_services_v2012|apigee-hybrid-epic_scheduling_gs_patient_services_v2012|class org.jenkinsci.plugins.workflow.multibranch.WorkflowMultiBranchProject
      1 CTO/Apigee-Hybrid/engineering/Ignite Apigee Hybrid Proxy Deploy/apigee-hybrid-epic_scheduling_gs_patient_services_v2011r|apigee-hybrid-epic_scheduling_gs_patient_services_v2011r|class org.jenkinsci.plugins.workflow.multibranch.WorkflowMultiBranchProject
      1 CTO/Apigee-Hybrid/engineering/Ignite Apigee Hybrid Proxy Deploy/apigee-hybrid-epic_revenue_utility_v2023r|apigee-hybrid-epic_revenue_utility_v2023r|class org.jenkinsci.plugins.workflow.multibranch.WorkflowMultiBranchProject
      1 CTO/Apigee-Hybrid/engineering/Ignite Apigee Hybrid Proxy Deploy/apigee-hybrid-epic_revenue_utility_services_v2020r|apigee-hybrid-epic_revenue_utility_services_v2020r|class org.jenkinsci.plugins.workflow.multibranch.WorkflowMultiBranchProject
      1 CTO/Apigee-Hybrid/engineering/Ignite Apigee Hybrid Proxy Deploy/apigee-hybrid-epic_revenue_gs_member_v2023r|apigee-hybrid-epic_revenue_gs_member_v2023r|class org.jenkinsci.plugins.workflow.multibranch.WorkflowMultiBranchProject
      1 CTO/Apigee-Hybrid/engineering/Ignite Apigee Hybrid Proxy Deploy/apigee-hybrid-epic_revenue_gs_member_services_v2020r|apigee-hybrid-epic_revenue_gs_member_services_v2020r|class org.jenkinsci.plugins.workflow.multibranch.WorkflowMultiBranchProject
      1 CTO/Apigee-Hybrid/engineering/Ignite Apigee Hybrid Proxy Deploy/apigee-hybrid-epic_revenue_gs_member_services_v2019r|apigee-hybrid-epic_revenue_gs_member_services_v2019r|class org.jenkinsci.plugins.workflow.multibranch.WorkflowMultiBranchProject
      1 CTO/Apigee-Hybrid/engineering/Ignite Apigee Hybrid Proxy Deploy/apigee-hybrid-epic_revenue_gs_apclaims_services_v2021r|apigee-hybrid-epic_revenue_gs_apclaims_services_v2021r|class org.jenkinsci.plugins.workflow.multibranch.WorkflowMultiBranchProject
      1 CTO/Apigee-Hybrid/engineering/Ignite Apigee Hybrid Proxy Deploy/apigee-hybrid-epic_reporting_metrics_v2018|apigee-hybrid-epic_reporting_metrics_v2018|class org.jenkinsci.plugins.workflow.multibranch.WorkflowMultiBranchProject
      1 CTO/Apigee-Hybrid/engineering/Ignite Apigee Hybrid Proxy Deploy/apigee-hybrid-epic_proxy_activation_ws_v1|apigee-hybrid-epic_proxy_activation_ws_v1|class org.jenkinsci.plugins.workflow.multibranch.WorkflowMultiBranchProject
      1 CTO/Apigee-Hybrid/engineering/Ignite Apigee Hybrid Proxy Deploy/apigee-hybrid-epic_printing_gs_eps_local_v2017r|apigee-hybrid-epic_printing_gs_eps_local_v2017r|class org.jenkinsci.plugins.workflow.multibranch.WorkflowMultiBranchProject
      1 CTO/Apigee-Hybrid/engineering/Ignite Apigee Hybrid Proxy Deploy/apigee-hybrid-epic_patientaccess_update_services_v2005-07|apigee-hybrid-epic_patientaccess_update_services_v2005-07|class org.jenkinsci.plugins.workflow.multibranch.WorkflowMultiBranchProject
      1 CTO/Apigee-Hybrid/engineering/Ignite Apigee Hybrid Proxy Deploy/apigee-hybrid-epic_patientaccess_update_services_v2005-01|apigee-hybrid-epic_patientaccess_update_services_v2005-01|class org.jenkinsci.plugins.workflow.multibranch.WorkflowMultiBranchProject
      1 CTO/Apigee-Hybrid/engineering/Ignite Apigee Hybrid Proxy Deploy/apigee-hybrid-epic_patientaccess_mobile_services_v2017|apigee-hybrid-epic_patientaccess_mobile_services_v2017|class org.jenkinsci.plugins.workflow.multibranch.WorkflowMultiBranchProject
      1 CTO/Apigee-Hybrid/engineering/Ignite Apigee Hybrid Proxy Deploy/apigee-hybrid-epic_patientaccess_mobile_services_v2017r|apigee-hybrid-epic_patientaccess_mobile_services_v2017r|class org.jenkinsci.plugins.workflow.multibranch.WorkflowMultiBranchProject
      1 CTO/Apigee-Hybrid/engineering/Ignite Apigee Hybrid Proxy Deploy/apigee-hybrid-epic_patientaccess_gs_patient_v2020r|apigee-hybrid-epic_patientaccess_gs_patient_v2020r|class org.jenkinsci.plugins.workflow.multibranch.WorkflowMultiBranchProject
      1 CTO/Apigee-Hybrid/engineering/Ignite Apigee Hybrid Proxy Deploy/apigee-hybrid-epic_patientaccess_gs_patient_v2015r|apigee-hybrid-epic_patientaccess_gs_patient_v2015r|class org.jenkinsci.plugins.workflow.multibranch.WorkflowMultiBranchProject
      1 CTO/Apigee-Hybrid/engineering/Ignite Apigee Hybrid Proxy Deploy/apigee-hybrid-epic_patientaccess_gs_external_v2021r|apigee-hybrid-epic_patientaccess_gs_external_v2021r|class org.jenkinsci.plugins.workflow.multibranch.WorkflowMultiBranchProject
      1 CTO/Apigee-Hybrid/engineering/Ignite Apigee Hybrid Proxy Deploy/apigee-hybrid-epic_patientaccess_gs_external_services_v2019|apigee-hybrid-epic_patientaccess_gs_external_services_v2019|class org.jenkinsci.plugins.workflow.multibranch.WorkflowMultiBranchProject
      1 CTO/Apigee-Hybrid/engineering/Ignite Apigee Hybrid Proxy Deploy/apigee-hybrid-epic_patientaccess_gs_external_services_v2019r|apigee-hybrid-epic_patientaccess_gs_external_services_v2019r|class org.jenkinsci.plugins.workflow.multibranch.WorkflowMultiBranchProject
      1 CTO/Apigee-Hybrid/engineering/Ignite Apigee Hybrid Proxy Deploy/apigee-hybrid-epic_patientaccess_gs_external_services_v2018|apigee-hybrid-epic_patientaccess_gs_external_services_v2018|class org.jenkinsci.plugins.workflow.multibranch.WorkflowMultiBranchProject
      1 CTO/Apigee-Hybrid/engineering/Ignite Apigee Hybrid Proxy Deploy/apigee-hybrid-epic_patientaccess_gs_external_services_v2018B|apigee-hybrid-epic_patientaccess_gs_external_services_v2018B|class org.jenkinsci.plugins.workflow.multibranch.WorkflowMultiBranchProject
      1 CTO/Apigee-Hybrid/engineering/Ignite Apigee Hybrid Proxy Deploy/apigee-hybrid-epic_patientaccess_gs_account_v2020r|apigee-hybrid-epic_patientaccess_gs_account_v2020r|class org.jenkinsci.plugins.workflow.multibranch.WorkflowMultiBranchProject
      1 CTO/Apigee-Hybrid/engineering/Ignite Apigee Hybrid Proxy Deploy/apigee-hybrid-epic_patient_access_sp07|apigee-hybrid-epic_patient_access_sp07|class org.jenkinsci.plugins.workflow.multibranch.WorkflowMultiBranchProject
      1 CTO/Apigee-Hybrid/engineering/Ignite Apigee Hybrid Proxy Deploy/apigee-hybrid-epic_patient_access_services_v2011|apigee-hybrid-epic_patient_access_services_v2011|class org.jenkinsci.plugins.workflow.multibranch.WorkflowMultiBranchProject
      1 CTO/Apigee-Hybrid/engineering/Ignite Apigee Hybrid Proxy Deploy/apigee-hybrid-epic_patient_access_services_v2009|apigee-hybrid-epic_patient_access_services_v2009|class org.jenkinsci.plugins.workflow.multibranch.WorkflowMultiBranchProject
      1 CTO/Apigee-Hybrid/engineering/Ignite Apigee Hybrid Proxy Deploy/apigee-hybrid-epic_patient_access_mobile_services_v2018|apigee-hybrid-epic_patient_access_mobile_services_v2018|class org.jenkinsci.plugins.workflow.multibranch.WorkflowMultiBranchProject
      1 CTO/Apigee-Hybrid/engineering/Ignite Apigee Hybrid Proxy Deploy/apigee-hybrid-epic_patient_access_mobile_services_v2016|apigee-hybrid-epic_patient_access_mobile_services_v2016|class org.jenkinsci.plugins.workflow.multibranch.WorkflowMultiBranchProject
      1 CTO/Apigee-Hybrid/engineering/Ignite Apigee Hybrid Proxy Deploy/apigee-hybrid-epic_patient_access_mobile_services_v2016m|apigee-hybrid-epic_patient_access_mobile_services_v2016m|class org.jenkinsci.plugins.workflow.multibranch.WorkflowMultiBranchProject
      1 CTO/Apigee-Hybrid/engineering/Ignite Apigee Hybrid Proxy Deploy/apigee-hybrid-epic_patient_access_mobile_services_v2015|apigee-hybrid-epic_patient_access_mobile_services_v2015|class org.jenkinsci.plugins.workflow.multibranch.WorkflowMultiBranchProject
      1 CTO/Apigee-Hybrid/engineering/Ignite Apigee Hybrid Proxy Deploy/apigee-hybrid-epic_patient_access_mobile_services_v2015
      1 CTO/Apigee-Hybrid/engineering/Ignite Apigee Hybrid Proxy Deploy/apigee-hybrid-epic_patient_access_mobile_services_v2013|apigee-hybrid-epic_patient_access_mobile_services_v2013|class org.jenkinsci.plugins.workflow.multibranch.WorkflowMultiBranchProject
      1 CTO/Apigee-Hybrid/engineering/Ignite Apigee Hybrid Proxy Deploy/apigee-hybrid-epic_patient_access_mobile_services_v2013m|apigee-hybrid-epic_patient_access_mobile_services_v2013m|class org.jenkinsci.plugins.workflow.multibranch.WorkflowMultiBranchProject
      1 CTO/Apigee-Hybrid/engineering/Ignite Apigee Hybrid Proxy Deploy/apigee-hybrid-epic_patient_access_mobile_services_v2013a|apigee-hybrid-epic_patient_access_mobile_services_v2013a|class org.jenkinsci.plugins.workflow.multibranch.WorkflowMultiBranchProject
      1 CTO/Apigee-Hybrid/engineering/Ignite Apigee Hybrid Proxy Deploy/apigee-hybrid-epic_patient_access_mobile_services_v2011|apigee-hybrid-epic_patient_access_mobile_services_v2011|class org.jenkinsci.plugins.workflow.multibranch.WorkflowMultiBranchProject
      1 CTO/Apigee-Hybrid/engineering/Ignite Apigee Hybrid Proxy Deploy/apigee-hybrid-epic_patient_access_mobile_services_v2010|apigee-hybrid-epic_patient_access_mobile_services_v2010|class org.jenkinsci.plugins.workflow.multibranch.WorkflowMultiBranchProject
      1 CTO/Apigee-Hybrid/engineering/Ignite Apigee Hybrid Proxy Deploy/apigee-hybrid-epic_patient_access_gs_patient_v2018|apigee-hybrid-epic_patient_access_gs_patient_v2018|class org.jenkinsci.plugins.workflow.multibranch.WorkflowMultiBranchProject
      1 CTO/Apigee-Hybrid/engineering/Ignite Apigee Hybrid Proxy Deploy/apigee-hybrid-epic_patient_access_gs_patient_services_v2016|apigee-hybrid-epic_patient_access_gs_patient_services_v2016|class org.jenkinsci.plugins.workflow.multibranch.WorkflowMultiBranchProject
      1 CTO/Apigee-Hybrid/engineering/Ignite Apigee Hybrid Proxy Deploy/apigee-hybrid-epic_patient_access_gs_patient_services_v2016r|apigee-hybrid-epic_patient_access_gs_patient_services_v2016r|class org.jenkinsci.plugins.workflow.multibranch.WorkflowMultiBranchProject
      1 CTO/Apigee-Hybrid/engineering/Ignite Apigee Hybrid Proxy Deploy/apigee-hybrid-epic_patient_access_gs_patient_services_v2014|apigee-hybrid-epic_patient_access_gs_patient_services_v2014|class org.jenkinsci.plugins.workflow.multibranch.WorkflowMultiBranchProject
      1 CTO/Apigee-Hybrid/engineering/Ignite Apigee Hybrid Proxy Deploy/apigee-hybrid-epic_patient_access_gs_patient_services_v2014a|apigee-hybrid-epic_patient_access_gs_patient_services_v2014a|class org.jenkinsci.plugins.workflow.multibranch.WorkflowMultiBranchProject
      1 CTO/Apigee-Hybrid/engineering/Ignite Apigee Hybrid Proxy Deploy/apigee-hybrid-epic_patient_access_gs_patient_services_v2013|apigee-hybrid-epic_patient_access_gs_patient_services_v2013|class org.jenkinsci.plugins.workflow.multibranch.WorkflowMultiBranchProject
      1 CTO/Apigee-Hybrid/engineering/Ignite Apigee Hybrid Proxy Deploy/apigee-hybrid-epic_patient_access_gs_patient_services_v2012|apigee-hybrid-epic_patient_access_gs_patient_services_v2012|class org.jenkinsci.plugins.workflow.multibranch.WorkflowMultiBranchProject
      1 CTO/Apigee-Hybrid/engineering/Ignite Apigee Hybrid Proxy Deploy/apigee-hybrid-epic_patient_access_gs_account_v2018|apigee-hybrid-epic_patient_access_gs_account_v2018|class org.jenkinsci.plugins.workflow.multibranch.WorkflowMultiBranchProject
      1 CTO/Apigee-Hybrid/engineering/Ignite Apigee Hybrid Proxy Deploy/apigee-hybrid-epic_patient_access_gs_account_v2018r|apigee-hybrid-epic_patient_access_gs_account_v2018r|class org.jenkinsci.plugins.workflow.multibranch.WorkflowMultiBranchProject
      1 CTO/Apigee-Hybrid/engineering/Ignite Apigee Hybrid Proxy Deploy/apigee-hybrid-epic_patient_access_gs_account_services_v2012|apigee-hybrid-epic_patient_access_gs_account_services_v2012|class org.jenkinsci.plugins.workflow.multibranch.WorkflowMultiBranchProject
      1 CTO/Apigee-Hybrid/engineering/Ignite Apigee Hybrid Proxy Deploy/apigee-hybrid-epic_orders_v1|apigee-hybrid-epic_orders_v1|class org.jenkinsci.plugins.workflow.multibranch.WorkflowMultiBranchProject
      1 CTO/Apigee-Hybrid/engineering/Ignite Apigee Hybrid Proxy Deploy/apigee-hybrid-epic_oauth2_v2022r|apigee-hybrid-epic_oauth2_v2022r|class org.jenkinsci.plugins.workflow.multibranch.WorkflowMultiBranchProject
      1 CTO/Apigee-Hybrid/engineering/Ignite Apigee Hybrid Proxy Deploy/apigee-hybrid-epic_notification_broker_v2r|apigee-hybrid-epic_notification_broker_v2r|class org.jenkinsci.plugins.workflow.multibranch.WorkflowMultiBranchProject
      1 CTO/Apigee-Hybrid/engineering/Ignite Apigee Hybrid Proxy Deploy/apigee-hybrid-epic_notification_broker_oauth_v2r|apigee-hybrid-epic_notification_broker_oauth_v2r|class org.jenkinsci.plugins.workflow.multibranch.WorkflowMultiBranchProject
      1 CTO/Apigee-Hybrid/engineering/Ignite Apigee Hybrid Proxy Deploy/apigee-hybrid-epic_mychart_mobile_v2020r|apigee-hybrid-epic_mychart_mobile_v2020r|class org.jenkinsci.plugins.workflow.multibranch.WorkflowMultiBranchProject
      1 CTO/Apigee-Hybrid/engineering/Ignite Apigee Hybrid Proxy Deploy/apigee-hybrid-epic_interconnect_gs_utility_v2021r|apigee-hybrid-epic_interconnect_gs_utility_v2021r|class org.jenkinsci.plugins.workflow.multibranch.WorkflowMultiBranchProject
      1 CTO/Apigee-Hybrid/engineering/Ignite Apigee Hybrid Proxy Deploy/apigee-hybrid-epic_interconnect_diagnostics_services_v200908|apigee-hybrid-epic_interconnect_diagnostics_services_v200908|class org.jenkinsci.plugins.workflow.multibranch.WorkflowMultiBranchProject
      1 CTO/Apigee-Hybrid/engineering/Ignite Apigee Hybrid Proxy Deploy/apigee-hybrid-epic_haiku_canto_rover_routing_apig_v3rch|apigee-hybrid-epic_haiku_canto_rover_routing_apig_v3rch|class org.jenkinsci.plugins.workflow.multibranch.WorkflowMultiBranchProject
      1 CTO/Apigee-Hybrid/engineering/Ignite Apigee Hybrid Proxy Deploy/apigee-hybrid-epic_haiku_canto_rover_routing_apig_v3rch
      1 CTO/Apigee-Hybrid/engineering/Ignite Apigee Hybrid Proxy Deploy/apigee-hybrid-epic_fhir_valueset_r4_mux|apigee-hybrid-epic_fhir_valueset_r4_mux|class org.jenkinsci.plugins.workflow.multibranch.WorkflowMultiBranchProject
      1 CTO/Apigee-Hybrid/engineering/Ignite Apigee Hybrid Proxy Deploy/apigee-hybrid-epic_fhir_reviewcollection_r4_mux|apigee-hybrid-epic_fhir_reviewcollection_r4_mux|class org.jenkinsci.plugins.workflow.multibranch.WorkflowMultiBranchProject
      1 CTO/Apigee-Hybrid/engineering/Ignite Apigee Hybrid Proxy Deploy/apigee-hybrid-epic_fhir_practitionerrole_stu3_mux|apigee-hybrid-epic_fhir_practitionerrole_stu3_mux|class org.jenkinsci.plugins.workflow.multibranch.WorkflowMultiBranchProject
      1 CTO/Apigee-Hybrid/engineering/Ignite Apigee Hybrid Proxy Deploy/apigee-hybrid-epic_fhir_practitionerrole_r4_mux|apigee-hybrid-epic_fhir_practitionerrole_r4_mux|class org.jenkinsci.plugins.workflow.multibranch.WorkflowMultiBranchProject
      1 CTO/Apigee-Hybrid/engineering/Ignite Apigee Hybrid Proxy Deploy/apigee-hybrid-epic_fhir_practitioner_stu3|apigee-hybrid-epic_fhir_practitioner_stu3|class org.jenkinsci.plugins.workflow.multibranch.WorkflowMultiBranchProject
      1 CTO/Apigee-Hybrid/engineering/Ignite Apigee Hybrid Proxy Deploy/apigee-hybrid-epic_fhir_practitioner_stu3_mux|apigee-hybrid-epic_fhir_practitioner_stu3_mux|class org.jenkinsci.plugins.workflow.multibranch.WorkflowMultiBranchProject
      1 CTO/Apigee-Hybrid/engineering/Ignite Apigee Hybrid Proxy Deploy/apigee-hybrid-epic_fhir_patient_stu3|apigee-hybrid-epic_fhir_patient_stu3|class org.jenkinsci.plugins.workflow.multibranch.WorkflowMultiBranchProject
      1 CTO/Apigee-Hybrid/engineering/Ignite Apigee Hybrid Proxy Deploy/apigee-hybrid-epic_fhir_patient_stu3_mux|apigee-hybrid-epic_fhir_patient_stu3_mux|class org.jenkinsci.plugins.workflow.multibranch.WorkflowMultiBranchProject
      1 CTO/Apigee-Hybrid/engineering/Ignite Apigee Hybrid Proxy Deploy/apigee-hybrid-epic_fhir_patient_r4|apigee-hybrid-epic_fhir_patient_r4|class org.jenkinsci.plugins.workflow.multibranch.WorkflowMultiBranchProject
      1 CTO/Apigee-Hybrid/engineering/Ignite Apigee Hybrid Proxy Deploy/apigee-hybrid-epic_fhir_organization_r4_mux|apigee-hybrid-epic_fhir_organization_r4_mux|class org.jenkinsci.plugins.workflow.multibranch.WorkflowMultiBranchProject
      1 CTO/Apigee-Hybrid/engineering/Ignite Apigee Hybrid Proxy Deploy/apigee-hybrid-epic_fhir_openid_r4_mux|apigee-hybrid-epic_fhir_openid_r4_mux|class org.jenkinsci.plugins.workflow.multibranch.WorkflowMultiBranchProject
      1 CTO/Apigee-Hybrid/engineering/Ignite Apigee Hybrid Proxy Deploy/apigee-hybrid-epic_fhir_observation_stu3|apigee-hybrid-epic_fhir_observation_stu3|class org.jenkinsci.plugins.workflow.multibranch.WorkflowMultiBranchProject
      1 CTO/Apigee-Hybrid/engineering/Ignite Apigee Hybrid Proxy Deploy/apigee-hybrid-epic_fhir_observation_stu3_mux|apigee-hybrid-epic_fhir_observation_stu3_mux|class org.jenkinsci.plugins.workflow.multibranch.WorkflowMultiBranchProject
      1 CTO/Apigee-Hybrid/engineering/Ignite Apigee Hybrid Proxy Deploy/apigee-hybrid-epic_fhir_oauth2_v2021|apigee-hybrid-epic_fhir_oauth2_v2021|class org.jenkinsci.plugins.workflow.multibranch.WorkflowMultiBranchProject
      1 CTO/Apigee-Hybrid/engineering/Ignite Apigee Hybrid Proxy Deploy/apigee-hybrid-epic_fhir_metadata_r4|apigee-hybrid-epic_fhir_metadata_r4|class org.jenkinsci.plugins.workflow.multibranch.WorkflowMultiBranchProject
      1 CTO/Apigee-Hybrid/engineering/Ignite Apigee Hybrid Proxy Deploy/apigee-hybrid-epic_fhir_location_r4_mux|apigee-hybrid-epic_fhir_location_r4_mux|class org.jenkinsci.plugins.workflow.multibranch.WorkflowMultiBranchProject
      1 CTO/Apigee-Hybrid/engineering/Ignite Apigee Hybrid Proxy Deploy/apigee-hybrid-epic_fhir_encounter_stu3|apigee-hybrid-epic_fhir_encounter_stu3|class org.jenkinsci.plugins.workflow.multibranch.WorkflowMultiBranchProject
      1 CTO/Apigee-Hybrid/engineering/Ignite Apigee Hybrid Proxy Deploy/apigee-hybrid-epic_fhir_encounter_stu3_mux|apigee-hybrid-epic_fhir_encounter_stu3_mux|class org.jenkinsci.plugins.workflow.multibranch.WorkflowMultiBranchProject
      1 CTO/Apigee-Hybrid/engineering/Ignite Apigee Hybrid Proxy Deploy/apigee-hybrid-epic_fhir_encounter_r4|apigee-hybrid-epic_fhir_encounter_r4|class org.jenkinsci.plugins.workflow.multibranch.WorkflowMultiBranchProject
      1 CTO/Apigee-Hybrid/engineering/Ignite Apigee Hybrid Proxy Deploy/apigee-hybrid-epic_fhir_encounter_r4_mux|apigee-hybrid-epic_fhir_encounter_r4_mux|class org.jenkinsci.plugins.workflow.multibranch.WorkflowMultiBranchProject
      1 CTO/Apigee-Hybrid/engineering/Ignite Apigee Hybrid Proxy Deploy/apigee-hybrid-epic_fhir_criteriareview_r4|apigee-hybrid-epic_fhir_criteriareview_r4|class org.jenkinsci.plugins.workflow.multibranch.WorkflowMultiBranchProject
      1 CTO/Apigee-Hybrid/engineering/Ignite Apigee Hybrid Proxy Deploy/apigee-hybrid-epic_fhir_criteriareview_r4_mux|apigee-hybrid-epic_fhir_criteriareview_r4_mux|class org.jenkinsci.plugins.workflow.multibranch.WorkflowMultiBranchProject
      1 CTO/Apigee-Hybrid/engineering/Ignite Apigee Hybrid Proxy Deploy/apigee-hybrid-epic_fhir_condition_stu3_mux|apigee-hybrid-epic_fhir_condition_stu3_mux|class org.jenkinsci.plugins.workflow.multibranch.WorkflowMultiBranchProject
      1 CTO/Apigee-Hybrid/engineering/Ignite Apigee Hybrid Proxy Deploy/apigee-hybrid-epic_fhir_condition_r4|apigee-hybrid-epic_fhir_condition_r4|class org.jenkinsci.plugins.workflow.multibranch.WorkflowMultiBranchProject
      1 CTO/Apigee-Hybrid/engineering/Ignite Apigee Hybrid Proxy Deploy/apigee-hybrid-epic_fhir_condition_r4_mux|apigee-hybrid-epic_fhir_condition_r4_mux|class org.jenkinsci.plugins.workflow.multibranch.WorkflowMultiBranchProject
      1 CTO/Apigee-Hybrid/engineering/Ignite Apigee Hybrid Proxy Deploy/apigee-hybrid-epic_empi_s_v5sh|apigee-hybrid-epic_empi_s_v5sh|class org.jenkinsci.plugins.workflow.multibranch.WorkflowMultiBranchProject
      1 CTO/Apigee-Hybrid/engineering/Ignite Apigee Hybrid Proxy Deploy/apigee-hybrid-epic_empi_s_v5sh
      1 CTO/Apigee-Hybrid/engineering/Ignite Apigee Hybrid Proxy Deploy/apigee-hybrid-epic_empi_legacy_v5|apigee-hybrid-epic_empi_legacy_v5|class org.jenkinsci.plugins.workflow.multibranch.WorkflowMultiBranchProject
      1 CTO/Apigee-Hybrid/engineering/Ignite Apigee Hybrid Proxy Deploy/apigee-hybrid-epic_empi_gs_patient_services_v2012|apigee-hybrid-epic_empi_gs_patient_services_v2012|class org.jenkinsci.plugins.workflow.multibranch.WorkflowMultiBranchProject
      1 CTO/Apigee-Hybrid/engineering/Ignite Apigee Hybrid Proxy Deploy/apigee-hybrid-epic_empi_gs_patient_services_v2012r|apigee-hybrid-epic_empi_gs_patient_services_v2012r|class org.jenkinsci.plugins.workflow.multibranch.WorkflowMultiBranchProject
      1 CTO/Apigee-Hybrid/engineering/Ignite Apigee Hybrid Proxy Deploy/apigee-hybrid-epic_edi_xml_sure_scripts_receiver_services_v2015br|apigee-hybrid-epic_edi_xml_sure_scripts_receiver_services_v2015br|class org.jenkinsci.plugins.workflow.multibranch.WorkflowMultiBranchProject
      1 CTO/Apigee-Hybrid/engineering/Ignite Apigee Hybrid Proxy Deploy/apigee-hybrid-epic_edi_xml_bridges_receiver_v2020r|apigee-hybrid-epic_edi_xml_bridges_receiver_v2020r|class org.jenkinsci.plugins.workflow.multibranch.WorkflowMultiBranchProject
      1 CTO/Apigee-Hybrid/engineering/Ignite Apigee Hybrid Proxy Deploy/apigee-hybrid-epic_edi_soapreceiver_v2009s|apigee-hybrid-epic_edi_soapreceiver_v2009s|class org.jenkinsci.plugins.workflow.multibranch.WorkflowMultiBranchProject
      1 CTO/Apigee-Hybrid/engineering/Ignite Apigee Hybrid Proxy Deploy/apigee-hybrid-epic_edi_fhir_procedure_vdstu2r|apigee-hybrid-epic_edi_fhir_procedure_vdstu2r|class org.jenkinsci.plugins.workflow.multibranch.WorkflowMultiBranchProject
      1 CTO/Apigee-Hybrid/engineering/Ignite Apigee Hybrid Proxy Deploy/apigee-hybrid-epic_edi_fhir_patient_vdstu2r|apigee-hybrid-epic_edi_fhir_patient_vdstu2r|class org.jenkinsci.plugins.workflow.multibranch.WorkflowMultiBranchProject
      1 CTO/Apigee-Hybrid/engineering/Ignite Apigee Hybrid Proxy Deploy/apigee-hybrid-epic_edi_fhir_patient_dstu2_mux|apigee-hybrid-epic_edi_fhir_patient_dstu2_mux|class org.jenkinsci.plugins.workflow.multibranch.WorkflowMultiBranchProject
      1 CTO/Apigee-Hybrid/engineering/Ignite Apigee Hybrid Proxy Deploy/apigee-hybrid-epic_edi_fhir_observation_vdstu2r|apigee-hybrid-epic_edi_fhir_observation_vdstu2r|class org.jenkinsci.plugins.workflow.multibranch.WorkflowMultiBranchProject
      1 CTO/Apigee-Hybrid/engineering/Ignite Apigee Hybrid Proxy Deploy/apigee-hybrid-epic_edi_fhir_metadata_vdstu2r|apigee-hybrid-epic_edi_fhir_metadata_vdstu2r|class org.jenkinsci.plugins.workflow.multibranch.WorkflowMultiBranchProject
      1 CTO/Apigee-Hybrid/engineering/Ignite Apigee Hybrid Proxy Deploy/apigee-hybrid-epic_edi_fhir_medication_vdstu2r|apigee-hybrid-epic_edi_fhir_medication_vdstu2r|class org.jenkinsci.plugins.workflow.multibranch.WorkflowMultiBranchProject
      1 CTO/Apigee-Hybrid/engineering/Ignite Apigee Hybrid Proxy Deploy/apigee-hybrid-epic_edi_fhir_medication_statement_vdstu2r|apigee-hybrid-epic_edi_fhir_medication_statement_vdstu2r|class org.jenkinsci.plugins.workflow.multibranch.WorkflowMultiBranchProject
      1 CTO/Apigee-Hybrid/engineering/Ignite Apigee Hybrid Proxy Deploy/apigee-hybrid-epic_edi_fhir_medication_order_vdstu2r|apigee-hybrid-epic_edi_fhir_medication_order_vdstu2r|class org.jenkinsci.plugins.workflow.multibranch.WorkflowMultiBranchProject
      1 CTO/Apigee-Hybrid/engineering/Ignite Apigee Hybrid Proxy Deploy/apigee-hybrid-epic_edi_fhir_immunization_vdstu2r|apigee-hybrid-epic_edi_fhir_immunization_vdstu2r|class org.jenkinsci.plugins.workflow.multibranch.WorkflowMultiBranchProject
      1 CTO/Apigee-Hybrid/engineering/Ignite Apigee Hybrid Proxy Deploy/apigee-hybrid-epic_edi_fhir_diagnostic_report_vdstu2r|apigee-hybrid-epic_edi_fhir_diagnostic_report_vdstu2r|class org.jenkinsci.plugins.workflow.multibranch.WorkflowMultiBranchProject
      1 CTO/Apigee-Hybrid/engineering/Ignite Apigee Hybrid Proxy Deploy/apigee-hybrid-epic_edi_fhir_condition_vdstu2r|apigee-hybrid-epic_edi_fhir_condition_vdstu2r|class org.jenkinsci.plugins.workflow.multibranch.WorkflowMultiBranchProject
      1 CTO/Apigee-Hybrid/engineering/Ignite Apigee Hybrid Proxy Deploy/apigee-hybrid-epic_edi_fhir_allergy_intolerance_vdstu2r|apigee-hybrid-epic_edi_fhir_allergy_intolerance_vdstu2r|class org.jenkinsci.plugins.workflow.multibranch.WorkflowMultiBranchProject
      1 CTO/Apigee-Hybrid/engineering/Ignite Apigee Hybrid Proxy Deploy/apigee-hybrid-epic_crm_gs_utility_v2018r|apigee-hybrid-epic_crm_gs_utility_v2018r|class org.jenkinsci.plugins.workflow.multibranch.WorkflowMultiBranchProject
      1 CTO/Apigee-Hybrid/engineering/Ignite Apigee Hybrid Proxy Deploy/apigee-hybrid-epic_crm_gs_utility_services_v2014b|apigee-hybrid-epic_crm_gs_utility_services_v2014b|class org.jenkinsci.plugins.workflow.multibranch.WorkflowMultiBranchProject
      1 CTO/Apigee-Hybrid/engineering/Ignite Apigee Hybrid Proxy Deploy/apigee-hybrid-epic_crm_gs_utility_services_2014br|apigee-hybrid-epic_crm_gs_utility_services_2014br|class org.jenkinsci.plugins.workflow.multibranch.WorkflowMultiBranchProject
      1 CTO/Apigee-Hybrid/engineering/Ignite Apigee Hybrid Proxy Deploy/apigee-hybrid-epic_creditcard_gs_api_v2020|apigee-hybrid-epic_creditcard_gs_api_v2020|class org.jenkinsci.plugins.workflow.multibranch.WorkflowMultiBranchProject
      1 CTO/Apigee-Hybrid/engineering/Ignite Apigee Hybrid Proxy Deploy/apigee-hybrid-epic_core_services_v200804|apigee-hybrid-epic_core_services_v200804|class org.jenkinsci.plugins.workflow.multibranch.WorkflowMultiBranchProject
      1 CTO/Apigee-Hybrid/engineering/Ignite Apigee Hybrid Proxy Deploy/apigee-hybrid-epic_community_empi_services_v200405|apigee-hybrid-epic_community_empi_services_v200405|class org.jenkinsci.plugins.workflow.multibranch.WorkflowMultiBranchProject
      1 CTO/Apigee-Hybrid/engineering/Ignite Apigee Hybrid Proxy Deploy/apigee-hybrid-epic_common_web_services_v2016m|apigee-hybrid-epic_common_web_services_v2016m|class org.jenkinsci.plugins.workflow.multibranch.WorkflowMultiBranchProject
      1 CTO/Apigee-Hybrid/engineering/Ignite Apigee Hybrid Proxy Deploy/apigee-hybrid-epic_common_services_v2009|apigee-hybrid-epic_common_services_v2009|class org.jenkinsci.plugins.workflow.multibranch.WorkflowMultiBranchProject
      1 CTO/Apigee-Hybrid/engineering/Ignite Apigee Hybrid Proxy Deploy/apigee-hybrid-epic_common_services_v200804|apigee-hybrid-epic_common_services_v200804|class org.jenkinsci.plugins.workflow.multibranch.WorkflowMultiBranchProject
      1 CTO/Apigee-Hybrid/engineering/Ignite Apigee Hybrid Proxy Deploy/apigee-hybrid-epic_common_gs_utility_services_v2017|apigee-hybrid-epic_common_gs_utility_services_v2017|class org.jenkinsci.plugins.workflow.multibranch.WorkflowMultiBranchProject
      1 CTO/Apigee-Hybrid/engineering/Ignite Apigee Hybrid Proxy Deploy/apigee-hybrid-epic_common_gs_user_accessnow_v2011|apigee-hybrid-epic_common_gs_user_accessnow_v2011|class org.jenkinsci.plugins.workflow.multibranch.WorkflowMultiBranchProject
      1 CTO/Apigee-Hybrid/engineering/Ignite Apigee Hybrid Proxy Deploy/apigee-hybrid-epic_common_gs_patient_services_v2018|apigee-hybrid-epic_common_gs_patient_services_v2018|class org.jenkinsci.plugins.workflow.multibranch.WorkflowMultiBranchProject
      1 CTO/Apigee-Hybrid/engineering/Ignite Apigee Hybrid Proxy Deploy/apigee-hybrid-epic_common_gs_patient_services_v2015|apigee-hybrid-epic_common_gs_patient_services_v2015|class org.jenkinsci.plugins.workflow.multibranch.WorkflowMultiBranchProject
      1 CTO/Apigee-Hybrid/engineering/Ignite Apigee Hybrid Proxy Deploy/apigee-hybrid-epic_common_gs_patient_services_v2012|apigee-hybrid-epic_common_gs_patient_services_v2012|class org.jenkinsci.plugins.workflow.multibranch.WorkflowMultiBranchProject
      1 CTO/Apigee-Hybrid/engineering/Ignite Apigee Hybrid Proxy Deploy/apigee-hybrid-epic_common_gs_patient_services_v2012r|apigee-hybrid-epic_common_gs_patient_services_v2012r|class org.jenkinsci.plugins.workflow.multibranch.WorkflowMultiBranchProject
      1 CTO/Apigee-Hybrid/engineering/Ignite Apigee Hybrid Proxy Deploy/apigee-hybrid-epic_common_gs_patient_services_v2010r|apigee-hybrid-epic_common_gs_patient_services_v2010r|class org.jenkinsci.plugins.workflow.multibranch.WorkflowMultiBranchProject
      1 CTO/Apigee-Hybrid/engineering/Ignite Apigee Hybrid Proxy Deploy/apigee-hybrid-epic_clinical_pharmacy_services_v2015|apigee-hybrid-epic_clinical_pharmacy_services_v2015|class org.jenkinsci.plugins.workflow.multibranch.WorkflowMultiBranchProject
      1 CTO/Apigee-Hybrid/engineering/Ignite Apigee Hybrid Proxy Deploy/apigee-hybrid-epic_clinical_notes_v2018|apigee-hybrid-epic_clinical_notes_v2018|class org.jenkinsci.plugins.workflow.multibranch.WorkflowMultiBranchProject
      1 CTO/Apigee-Hybrid/engineering/Ignite Apigee Hybrid Proxy Deploy/apigee-hybrid-epic_clinical_gs_utility_v2013r|apigee-hybrid-epic_clinical_gs_utility_v2013r|class org.jenkinsci.plugins.workflow.multibranch.WorkflowMultiBranchProject
      1 CTO/Apigee-Hybrid/engineering/Ignite Apigee Hybrid Proxy Deploy/apigee-hybrid-epic_clinical_gs_utility_services_v2015|apigee-hybrid-epic_clinical_gs_utility_services_v2015|class org.jenkinsci.plugins.workflow.multibranch.WorkflowMultiBranchProject
      1 CTO/Apigee-Hybrid/engineering/Ignite Apigee Hybrid Proxy Deploy/apigee-hybrid-epic_clinical_gs_utility_services_v2015r|apigee-hybrid-epic_clinical_gs_utility_services_v2015r|class org.jenkinsci.plugins.workflow.multibranch.WorkflowMultiBranchProject
      1 CTO/Apigee-Hybrid/engineering/Ignite Apigee Hybrid Proxy Deploy/apigee-hybrid-epic_clinical_gs_utility_services_v2013|apigee-hybrid-epic_clinical_gs_utility_services_v2013|class org.jenkinsci.plugins.workflow.multibranch.WorkflowMultiBranchProject
      1 CTO/Apigee-Hybrid/engineering/Ignite Apigee Hybrid Proxy Deploy/apigee-hybrid-epic_clinical_gs_utility_services_v2013r|apigee-hybrid-epic_clinical_gs_utility_services_v2013r|class org.jenkinsci.plugins.workflow.multibranch.WorkflowMultiBranchProject
      1 CTO/Apigee-Hybrid/engineering/Ignite Apigee Hybrid Proxy Deploy/apigee-hybrid-epic_clinical_gs_utility_services_v2013a|apigee-hybrid-epic_clinical_gs_utility_services_v2013a|class org.jenkinsci.plugins.workflow.multibranch.WorkflowMultiBranchProject
      1 CTO/Apigee-Hybrid/engineering/Ignite Apigee Hybrid Proxy Deploy/apigee-hybrid-epic_clinical_gs_patient_v2024|apigee-hybrid-epic_clinical_gs_patient_v2024|class org.jenkinsci.plugins.workflow.multibranch.WorkflowMultiBranchProject
      1 CTO/Apigee-Hybrid/engineering/Ignite Apigee Hybrid Proxy Deploy/apigee-hybrid-epic_clinical_gs_patient_services_v2014|apigee-hybrid-epic_clinical_gs_patient_services_v2014|class org.jenkinsci.plugins.workflow.multibranch.WorkflowMultiBranchProject
      1 CTO/Apigee-Hybrid/engineering/Ignite Apigee Hybrid Proxy Deploy/apigee-hybrid-epic_clinical_gs_patient_services_v2014r|apigee-hybrid-epic_clinical_gs_patient_services_v2014r|class org.jenkinsci.plugins.workflow.multibranch.WorkflowMultiBranchProject
      1 CTO/Apigee-Hybrid/engineering/Ignite Apigee Hybrid Proxy Deploy/apigee-hybrid-epic_clinical_gs_patient_services_v2013|apigee-hybrid-epic_clinical_gs_patient_services_v2013|class org.jenkinsci.plugins.workflow.multibranch.WorkflowMultiBranchProject
      1 CTO/Apigee-Hybrid/engineering/Ignite Apigee Hybrid Proxy Deploy/apigee-hybrid-epic_clinical_gs_patient_services_v2012|apigee-hybrid-epic_clinical_gs_patient_services_v2012|class org.jenkinsci.plugins.workflow.multibranch.WorkflowMultiBranchProject
      1 CTO/Apigee-Hybrid/engineering/Ignite Apigee Hybrid Proxy Deploy/apigee-hybrid-epic_clinical_gs_patient_services_v2010|apigee-hybrid-epic_clinical_gs_patient_services_v2010|class org.jenkinsci.plugins.workflow.multibranch.WorkflowMultiBranchProject
      1 CTO/Apigee-Hybrid/engineering/Ignite Apigee Hybrid Proxy Deploy/apigee-hybrid-epic_clinical_gs_patient_onprem_v2011|apigee-hybrid-epic_clinical_gs_patient_onprem_v2011|class org.jenkinsci.plugins.workflow.multibranch.WorkflowMultiBranchProject
      1 CTO/Apigee-Hybrid/engineering/Ignite Apigee Hybrid Proxy Deploy/apigee-hybrid-epic_clinical_gs_order_services_v2011|apigee-hybrid-epic_clinical_gs_order_services_v2011|class org.jenkinsci.plugins.workflow.multibranch.WorkflowMultiBranchProject
      1 CTO/Apigee-Hybrid/engineering/Ignite Apigee Hybrid Proxy Deploy/apigee-hybrid-epic_clinical_clinical_services_v2009|apigee-hybrid-epic_clinical_clinical_services_v2009|class org.jenkinsci.plugins.workflow.multibranch.WorkflowMultiBranchProject
      1 CTO/Apigee-Hybrid/engineering/Ignite Apigee Hybrid Proxy Deploy/apigee-hybrid-epic_billing_gs_patient_services_v2015|apigee-hybrid-epic_billing_gs_patient_services_v2015|class org.jenkinsci.plugins.workflow.multibranch.WorkflowMultiBranchProject
      1 CTO/Apigee-Hybrid/engineering/Ignite Apigee Hybrid Proxy Deploy/apigee-hybrid-epic_billing_gs_patient_services_v2015a|apigee-hybrid-epic_billing_gs_patient_services_v2015a|class org.jenkinsci.plugins.workflow.multibranch.WorkflowMultiBranchProject
      1 CTO/Apigee-Hybrid/engineering/Ignite Apigee Hybrid Proxy Deploy/apigee-hybrid-epic_billing_gs_patient_services_v2015ar|apigee-hybrid-epic_billing_gs_patient_services_v2015ar|class org.jenkinsci.plugins.workflow.multibranch.WorkflowMultiBranchProject
      1 CTO/Apigee-Hybrid/engineering/Ignite Apigee Hybrid Proxy Deploy/apigee-hybrid-epic_billing_gs_external_v2019r|apigee-hybrid-epic_billing_gs_external_v2019r|class org.jenkinsci.plugins.workflow.multibranch.WorkflowMultiBranchProject
      1 CTO/Apigee-Hybrid/engineering/Ignite Apigee Hybrid Proxy Deploy/apigee-hybrid-epic_billing_gs_encoder_v2016r|apigee-hybrid-epic_billing_gs_encoder_v2016r|class org.jenkinsci.plugins.workflow.multibranch.WorkflowMultiBranchProject
      1 CTO/Apigee-Hybrid/engineering/Ignite Apigee Hybrid Proxy Deploy/apigee-hybrid-epic_billing_gs_account_services_v2012|apigee-hybrid-epic_billing_gs_account_services_v2012|class org.jenkinsci.plugins.workflow.multibranch.WorkflowMultiBranchProject
      1 CTO/Apigee-Hybrid/engineering/Ignite Apigee Hybrid Proxy Deploy/apigee-hybrid-epic_billing_gs_account_services_v2012r|apigee-hybrid-epic_billing_gs_account_services_v2012r|class org.jenkinsci.plugins.workflow.multibranch.WorkflowMultiBranchProject
      1 CTO/Apigee-Hybrid/engineering/Ignite Apigee Hybrid Proxy Deploy/apigee-hybrid-epic_access_gs_referral_services_api_v2014|apigee-hybrid-epic_access_gs_referral_services_api_v2014|class org.jenkinsci.plugins.workflow.multibranch.WorkflowMultiBranchProject
      1 CTO/Apigee-Hybrid/engineering/Ignite Apigee Hybrid Proxy Deploy/apigee-hybrid-epic_access_gs_patient_services_v2020|apigee-hybrid-epic_access_gs_patient_services_v2020|class org.jenkinsci.plugins.workflow.multibranch.WorkflowMultiBranchProject
      1 CTO/Apigee-Hybrid/engineering/Ignite Apigee Hybrid Proxy Deploy/apigee-hybrid-epic_access_gs_patient_services_v2017|apigee-hybrid-epic_access_gs_patient_services_v2017|class org.jenkinsci.plugins.workflow.multibranch.WorkflowMultiBranchProject
      1 CTO/Apigee-Hybrid/engineering/Ignite Apigee Hybrid Proxy Deploy/apigee-hybrid-epic_access_gs_patient_services_v2017r|apigee-hybrid-epic_access_gs_patient_services_v2017r|class org.jenkinsci.plugins.workflow.multibranch.WorkflowMultiBranchProject
      1 CTO/Apigee-Hybrid/engineering/Ignite Apigee Hybrid Proxy Deploy/apigee-hybrid-epic_access_gs_patient_services_v2014b|apigee-hybrid-epic_access_gs_patient_services_v2014b|class org.jenkinsci.plugins.workflow.multibranch.WorkflowMultiBranchProject
      1 CTO/Apigee-Hybrid/engineering/Ignite Apigee Hybrid Proxy Deploy/apigee-hybrid-epic_access_gs_patient_services_v2014a|apigee-hybrid-epic_access_gs_patient_services_v2014a|class org.jenkinsci.plugins.workflow.multibranch.WorkflowMultiBranchProject
      1 CTO/Apigee-Hybrid/engineering/Ignite Apigee Hybrid Proxy Deploy/apigee-hybrid-epic_access_gs_patient_services_v2012|apigee-hybrid-epic_access_gs_patient_services_v2012|class org.jenkinsci.plugins.workflow.multibranch.WorkflowMultiBranchProject
      1 CTO/Apigee-Hybrid/engineering/Ignite Apigee Hybrid Proxy Deploy/apigee-hybrid-epharmacy_placer_order_v1rc|apigee-hybrid-epharmacy_placer_order_v1rc|class org.jenkinsci.plugins.workflow.multibranch.WorkflowMultiBranchProject
      1 CTO/Apigee-Hybrid/engineering/Ignite Apigee Hybrid Proxy Deploy/apigee-hybrid-epharmacy_placer_order_v1c|apigee-hybrid-epharmacy_placer_order_v1c|class org.jenkinsci.plugins.workflow.multibranch.WorkflowMultiBranchProject
      1 CTO/Apigee-Hybrid/engineering/Ignite Apigee Hybrid Proxy Deploy/apigee-hybrid-epdm_v10|apigee-hybrid-epdm_v10|class org.jenkinsci.plugins.workflow.multibranch.WorkflowMultiBranchProject
      1 CTO/Apigee-Hybrid/engineering/Ignite Apigee Hybrid Proxy Deploy/apigee-hybrid-entitlement_v2sc|apigee-hybrid-entitlement_v2sc|class org.jenkinsci.plugins.workflow.multibranch.WorkflowMultiBranchProject
      1 CTO/Apigee-Hybrid/engineering/Ignite Apigee Hybrid Proxy Deploy/apigee-hybrid-entitlement_v2c|apigee-hybrid-entitlement_v2c|class org.jenkinsci.plugins.workflow.multibranch.WorkflowMultiBranchProject
      1 CTO/Apigee-Hybrid/engineering/Ignite Apigee Hybrid Proxy Deploy/apigee-hybrid-enterprise_profile_and_preferences_hp_v30|apigee-hybrid-enterprise_profile_and_preferences_hp_v30|class org.jenkinsci.plugins.workflow.multibranch.WorkflowMultiBranchProject
      1 CTO/Apigee-Hybrid/engineering/Ignite Apigee Hybrid Proxy Deploy/apigee-hybrid-enterprise_messaging_web_v1|apigee-hybrid-enterprise_messaging_web_v1|class org.jenkinsci.plugins.workflow.multibranch.WorkflowMultiBranchProject
      1 CTO/Apigee-Hybrid/engineering/Ignite Apigee Hybrid Proxy Deploy/apigee-hybrid-enterprise_messaging_form_api_v1r|apigee-hybrid-enterprise_messaging_form_api_v1r|class org.jenkinsci.plugins.workflow.multibranch.WorkflowMultiBranchProject
      1 CTO/Apigee-Hybrid/engineering/Ignite Apigee Hybrid Proxy Deploy/apigee-hybrid-enterprise_messaging_affm_care_giver_v1r|apigee-hybrid-enterprise_messaging_affm_care_giver_v1r|class org.jenkinsci.plugins.workflow.multibranch.WorkflowMultiBranchProject
      1 CTO/Apigee-Hybrid/engineering/Ignite Apigee Hybrid Proxy Deploy/apigee-hybrid-enterprise_eligibility_and_demographics_v5|apigee-hybrid-enterprise_eligibility_and_demographics_v5|class org.jenkinsci.plugins.workflow.multibranch.WorkflowMultiBranchProject
      1 CTO/Apigee-Hybrid/engineering/Ignite Apigee Hybrid Proxy Deploy/apigee-hybrid-ensodata_v1r|apigee-hybrid-ensodata_v1r|class org.jenkinsci.plugins.workflow.multibranch.WorkflowMultiBranchProject
      1 CTO/Apigee-Hybrid/engineering/Ignite Apigee Hybrid Proxy Deploy/apigee-hybrid-emws_int_mod_inbound_v1|apigee-hybrid-emws_int_mod_inbound_v1|class org.jenkinsci.plugins.workflow.multibranch.WorkflowMultiBranchProject
      1 CTO/Apigee-Hybrid/engineering/Ignite Apigee Hybrid Proxy Deploy/apigee-hybrid-emws_inbound_v1|apigee-hybrid-emws_inbound_v1|class org.jenkinsci.plugins.workflow.multibranch.WorkflowMultiBranchProject
      1 CTO/Apigee-Hybrid/engineering/Ignite Apigee Hybrid Proxy Deploy/apigee-hybrid-emws_file_net_p8_content_engine_web_v4|apigee-hybrid-emws_file_net_p8_content_engine_web_v4|class org.jenkinsci.plugins.workflow.multibranch.WorkflowMultiBranchProject
      1 CTO/Apigee-Hybrid/engineering/Ignite Apigee Hybrid Proxy Deploy/apigee-hybrid-empi_xpath_test_v1s|apigee-hybrid-empi_xpath_test_v1s|class org.jenkinsci.plugins.workflow.multibranch.WorkflowMultiBranchProject
      1 CTO/Apigee-Hybrid/engineering/Ignite Apigee Hybrid Proxy Deploy/apigee-hybrid-empi_service_api|apigee-hybrid-empi_service_api|class org.jenkinsci.plugins.workflow.multibranch.WorkflowMultiBranchProject
      1 CTO/Apigee-Hybrid/engineering/Ignite Apigee Hybrid Proxy Deploy/apigee-hybrid-emi_web_service_v10|apigee-hybrid-emi_web_service_v10|class org.jenkinsci.plugins.workflow.multibranch.WorkflowMultiBranchProject
      1 CTO/Apigee-Hybrid/engineering/Ignite Apigee Hybrid Proxy Deploy/apigee-hybrid-emc_form_interceptor|apigee-hybrid-emc_form_interceptor|class org.jenkinsci.plugins.workflow.multibranch.WorkflowMultiBranchProject
      1 CTO/Apigee-Hybrid/engineering/Ignite Apigee Hybrid Proxy Deploy/apigee-hybrid-elentra_services_v1|apigee-hybrid-elentra_services_v1|class org.jenkinsci.plugins.workflow.multibranch.WorkflowMultiBranchProject
      1 CTO/Apigee-Hybrid/engineering/Ignite Apigee Hybrid Proxy Deploy/apigee-hybrid-ehost_v1rh|apigee-hybrid-ehost_v1rh|class org.jenkinsci.plugins.workflow.multibranch.WorkflowMultiBranchProject
      1 CTO/Apigee-Hybrid/engineering/Ignite Apigee Hybrid Proxy Deploy/apigee-hybrid-econsult_ssb_v1r|apigee-hybrid-econsult_ssb_v1r|class org.jenkinsci.plugins.workflow.multibranch.WorkflowMultiBranchProject
      1 CTO/Apigee-Hybrid/engineering/Ignite Apigee Hybrid Proxy Deploy/apigee-hybrid-eci_case_track_single_audit_v1r|apigee-hybrid-eci_case_track_single_audit_v1r|class org.jenkinsci.plugins.workflow.multibranch.WorkflowMultiBranchProject
      1 CTO/Apigee-Hybrid/engineering/Ignite Apigee Hybrid Proxy Deploy/apigee-hybrid-eci_case_track_audits_list_v1r|apigee-hybrid-eci_case_track_audits_list_v1r|class org.jenkinsci.plugins.workflow.multibranch.WorkflowMultiBranchProject
      1 CTO/Apigee-Hybrid/engineering/Ignite Apigee Hybrid Proxy Deploy/apigee-hybrid-eci_case_track_audit_lookup_list_v1r|apigee-hybrid-eci_case_track_audit_lookup_list_v1r|class org.jenkinsci.plugins.workflow.multibranch.WorkflowMultiBranchProject
      1 CTO/Apigee-Hybrid/engineering/Ignite Apigee Hybrid Proxy Deploy/apigee-hybrid-ecc_pbminfo_v1r|apigee-hybrid-ecc_pbminfo_v1r|class org.jenkinsci.plugins.workflow.multibranch.WorkflowMultiBranchProject
      1 CTO/Apigee-Hybrid/engineering/Ignite Apigee Hybrid Proxy Deploy/apigee-hybrid-ebssdocumentarchive-apiv1|apigee-hybrid-ebssdocumentarchive-apiv1|class org.jenkinsci.plugins.workflow.multibranch.WorkflowMultiBranchProject
      1 CTO/Apigee-Hybrid/engineering/Ignite Apigee Hybrid Proxy Deploy/apigee-hybrid-ebssdocumentarchive-apiv1
      1 CTO/Apigee-Hybrid/engineering/Ignite Apigee Hybrid Proxy Deploy/apigee-hybrid-ebss_plancoverage_bff_v1r|apigee-hybrid-ebss_plancoverage_bff_v1r|class org.jenkinsci.plugins.workflow.multibranch.WorkflowMultiBranchProject
      1 CTO/Apigee-Hybrid/engineering/Ignite Apigee Hybrid Proxy Deploy/apigee-hybrid-dxp_api_event_v1rh|apigee-hybrid-dxp_api_event_v1rh|class org.jenkinsci.plugins.workflow.multibranch.WorkflowMultiBranchProject
      1 CTO/Apigee-Hybrid/engineering/Ignite Apigee Hybrid Proxy Deploy/apigee-hybrid-dst_plan_benefits_data_lookup_v10r|apigee-hybrid-dst_plan_benefits_data_lookup_v10r|class org.jenkinsci.plugins.workflow.multibranch.WorkflowMultiBranchProject
      1 CTO/Apigee-Hybrid/engineering/Ignite Apigee Hybrid Proxy Deploy/apigee-hybrid-dss_user_registration_v1r|apigee-hybrid-dss_user_registration_v1r|class org.jenkinsci.plugins.workflow.multibranch.WorkflowMultiBranchProject
      1 CTO/Apigee-Hybrid/engineering/Ignite Apigee Hybrid Proxy Deploy/apigee-hybrid-dss_user_registration_v1rc|apigee-hybrid-dss_user_registration_v1rc|class org.jenkinsci.plugins.workflow.multibranch.WorkflowMultiBranchProject
      1 CTO/Apigee-Hybrid/engineering/Ignite Apigee Hybrid Proxy Deploy/apigee-hybrid-dss_provider_photo_v1rc|apigee-hybrid-dss_provider_photo_v1rc|class org.jenkinsci.plugins.workflow.multibranch.WorkflowMultiBranchProject
      1 CTO/Apigee-Hybrid/engineering/Ignite Apigee Hybrid Proxy Deploy/apigee-hybrid-dss_healthwise_metadatar_v10|apigee-hybrid-dss_healthwise_metadatar_v10|class org.jenkinsci.plugins.workflow.multibranch.WorkflowMultiBranchProject
      1 CTO/Apigee-Hybrid/engineering/Ignite Apigee Hybrid Proxy Deploy/apigee-hybrid-dss_healthwise_knowledge_contentr_v10|apigee-hybrid-dss_healthwise_knowledge_contentr_v10|class org.jenkinsci.plugins.workflow.multibranch.WorkflowMultiBranchProject
      1 CTO/Apigee-Hybrid/engineering/Ignite Apigee Hybrid Proxy Deploy/apigee-hybrid-dss_healthwise_inventoryr_v10|apigee-hybrid-dss_healthwise_inventoryr_v10|class org.jenkinsci.plugins.workflow.multibranch.WorkflowMultiBranchProject
      1 CTO/Apigee-Hybrid/engineering/Ignite Apigee Hybrid Proxy Deploy/apigee-hybrid-dss_fdb_monographs_xmlr_v10|apigee-hybrid-dss_fdb_monographs_xmlr_v10|class org.jenkinsci.plugins.workflow.multibranch.WorkflowMultiBranchProject
      1 CTO/Apigee-Hybrid/engineering/Ignite Apigee Hybrid Proxy Deploy/apigee-hybrid-dss_fdb_drug_encyclopediar_v10|apigee-hybrid-dss_fdb_drug_encyclopediar_v10|class org.jenkinsci.plugins.workflow.multibranch.WorkflowMultiBranchProject
      1 CTO/Apigee-Hybrid/engineering/Ignite Apigee Hybrid Proxy Deploy/apigee-hybrid-dss_business_event_routing_v10_c|apigee-hybrid-dss_business_event_routing_v10_c|class org.jenkinsci.plugins.workflow.multibranch.WorkflowMultiBranchProject
      1 CTO/Apigee-Hybrid/engineering/Ignite Apigee Hybrid Proxy Deploy/apigee-hybrid-drug_exclusion_otc_med_list_v1r|apigee-hybrid-drug_exclusion_otc_med_list_v1r|class org.jenkinsci.plugins.workflow.multibranch.WorkflowMultiBranchProject
      1 CTO/Apigee-Hybrid/engineering/Ignite Apigee Hybrid Proxy Deploy/apigee-hybrid-dptrelease_of_information_document_v10_c|apigee-hybrid-dptrelease_of_information_document_v10_c|class org.jenkinsci.plugins.workflow.multibranch.WorkflowMultiBranchProject
      1 CTO/Apigee-Hybrid/engineering/Ignite Apigee Hybrid Proxy Deploy/apigee-hybrid-dpt_user_registration_v1_0_1c|apigee-hybrid-dpt_user_registration_v1_0_1c|class org.jenkinsci.plugins.workflow.multibranch.WorkflowMultiBranchProject
      1 CTO/Apigee-Hybrid/engineering/Ignite Apigee Hybrid Proxy Deploy/apigee-hybrid-dpt_user_audit_v1r|apigee-hybrid-dpt_user_audit_v1r|class org.jenkinsci.plugins.workflow.multibranch.WorkflowMultiBranchProject
      1 CTO/Apigee-Hybrid/engineering/Ignite Apigee Hybrid Proxy Deploy/apigee-hybrid-dpt_user_audit_v1_1r|apigee-hybrid-dpt_user_audit_v1_1r|class org.jenkinsci.plugins.workflow.multibranch.WorkflowMultiBranchProject
      1 CTO/Apigee-Hybrid/engineering/Ignite Apigee Hybrid Proxy Deploy/apigee-hybrid-dpt_unsubscribe_notification_v1rc|apigee-hybrid-dpt_unsubscribe_notification_v1rc|class org.jenkinsci.plugins.workflow.multibranch.WorkflowMultiBranchProject
      1 CTO/Apigee-Hybrid/engineering/Ignite Apigee Hybrid Proxy Deploy/apigee-hybrid-dpt_release_of_information_request_v1r|apigee-hybrid-dpt_release_of_information_request_v1r|class org.jenkinsci.plugins.workflow.multibranch.WorkflowMultiBranchProject
      1 CTO/Apigee-Hybrid/engineering/Ignite Apigee Hybrid Proxy Deploy/apigee-hybrid-dpt_release_of_information_document_v1c|apigee-hybrid-dpt_release_of_information_document_v1c|class org.jenkinsci.plugins.workflow.multibranch.WorkflowMultiBranchProject
      1 CTO/Apigee-Hybrid/engineering/Ignite Apigee Hybrid Proxy Deploy/apigee-hybrid-dpt_provider_aggregater_v20_c|apigee-hybrid-dpt_provider_aggregater_v20_c|class org.jenkinsci.plugins.workflow.multibranch.WorkflowMultiBranchProject
      1 CTO/Apigee-Hybrid/engineering/Ignite Apigee Hybrid Proxy Deploy/apigee-hybrid-dpt_provider_aggregate_v2|apigee-hybrid-dpt_provider_aggregate_v2|class org.jenkinsci.plugins.workflow.multibranch.WorkflowMultiBranchProject
      1 CTO/Apigee-Hybrid/engineering/Ignite Apigee Hybrid Proxy Deploy/apigee-hybrid-dpt_profile_and_preferences_v1r|apigee-hybrid-dpt_profile_and_preferences_v1r|class org.jenkinsci.plugins.workflow.multibranch.WorkflowMultiBranchProject
      1 CTO/Apigee-Hybrid/engineering/Ignite Apigee Hybrid Proxy Deploy/apigee-hybrid-dpt_profile_and_preferences_v1rc|apigee-hybrid-dpt_profile_and_preferences_v1rc|class org.jenkinsci.plugins.workflow.multibranch.WorkflowMultiBranchProject
      1 CTO/Apigee-Hybrid/engineering/Ignite Apigee Hybrid Proxy Deploy/apigee-hybrid-dpt_notification_platform_event_v1h|apigee-hybrid-dpt_notification_platform_event_v1h|class org.jenkinsci.plugins.workflow.multibranch.WorkflowMultiBranchProject
      1 CTO/Apigee-Hybrid/engineering/Ignite Apigee Hybrid Proxy Deploy/apigee-hybrid-dpt_notification_platform_event_v1_2sh|apigee-hybrid-dpt_notification_platform_event_v1_2sh|class org.jenkinsci.plugins.workflow.multibranch.WorkflowMultiBranchProject
      1 CTO/Apigee-Hybrid/engineering/Ignite Apigee Hybrid Proxy Deploy/apigee-hybrid-dpt_notification_platform_event_v12|apigee-hybrid-dpt_notification_platform_event_v12|class org.jenkinsci.plugins.workflow.multibranch.WorkflowMultiBranchProject
      1 CTO/Apigee-Hybrid/engineering/Ignite Apigee Hybrid Proxy Deploy/apigee-hybrid-dpt_ncal_appointment_management_v3_0_2c|apigee-hybrid-dpt_ncal_appointment_management_v3_0_2c|class org.jenkinsci.plugins.workflow.multibranch.WorkflowMultiBranchProject
      1 CTO/Apigee-Hybrid/engineering/Ignite Apigee Hybrid Proxy Deploy/apigee-hybrid-dpt_mnp_callback_v1rh|apigee-hybrid-dpt_mnp_callback_v1rh|class org.jenkinsci.plugins.workflow.multibranch.WorkflowMultiBranchProject
      1 CTO/Apigee-Hybrid/engineering/Ignite Apigee Hybrid Proxy Deploy/apigee-hybrid-dpt_mnp_callback_v1rh
      1 CTO/Apigee-Hybrid/engineering/Ignite Apigee Hybrid Proxy Deploy/apigee-hybrid-dpt_mnp_callback_v10h|apigee-hybrid-dpt_mnp_callback_v10h|class org.jenkinsci.plugins.workflow.multibranch.WorkflowMultiBranchProject
      1 CTO/Apigee-Hybrid/engineering/Ignite Apigee Hybrid Proxy Deploy/apigee-hybrid-dpt_messaging_v2c|apigee-hybrid-dpt_messaging_v2c|class org.jenkinsci.plugins.workflow.multibranch.WorkflowMultiBranchProject
      1 CTO/Apigee-Hybrid/engineering/Ignite Apigee Hybrid Proxy Deploy/apigee-hybrid-dpt_membership_card_data_provisioning_v1rc|apigee-hybrid-dpt_membership_card_data_provisioning_v1rc|class org.jenkinsci.plugins.workflow.multibranch.WorkflowMultiBranchProject
      1 CTO/Apigee-Hybrid/engineering/Ignite Apigee Hybrid Proxy Deploy/apigee-hybrid-dpt_medication_order_v403c_bkp|apigee-hybrid-dpt_medication_order_v403c_bkp|class org.jenkinsci.plugins.workflow.multibranch.WorkflowMultiBranchProject
      1 CTO/Apigee-Hybrid/engineering/Ignite Apigee Hybrid Proxy Deploy/apigee-hybrid-dpt_medication_order_v403c_bkp
      1 CTO/Apigee-Hybrid/engineering/Ignite Apigee Hybrid Proxy Deploy/apigee-hybrid-dpt_medical_bill_pay_v1rc|apigee-hybrid-dpt_medical_bill_pay_v1rc|class org.jenkinsci.plugins.workflow.multibranch.WorkflowMultiBranchProject
      1 CTO/Apigee-Hybrid/engineering/Ignite Apigee Hybrid Proxy Deploy/apigee-hybrid-dpt_identity_management_v1rc|apigee-hybrid-dpt_identity_management_v1rc|class org.jenkinsci.plugins.workflow.multibranch.WorkflowMultiBranchProject
      1 CTO/Apigee-Hybrid/engineering/Ignite Apigee Hybrid Proxy Deploy/apigee-hybrid-dpt_facility_directory_data_v1|apigee-hybrid-dpt_facility_directory_data_v1|class org.jenkinsci.plugins.workflow.multibranch.WorkflowMultiBranchProject
      1 CTO/Apigee-Hybrid/engineering/Ignite Apigee Hybrid Proxy Deploy/apigee-hybrid-dpt_document_v1rc|apigee-hybrid-dpt_document_v1rc|class org.jenkinsci.plugins.workflow.multibranch.WorkflowMultiBranchProject
      1 CTO/Apigee-Hybrid/engineering/Ignite Apigee Hybrid Proxy Deploy/apigee-hybrid-dpt_dmc_self_tool_v1|apigee-hybrid-dpt_dmc_self_tool_v1|class org.jenkinsci.plugins.workflow.multibranch.WorkflowMultiBranchProject
      1 CTO/Apigee-Hybrid/engineering/Ignite Apigee Hybrid Proxy Deploy/apigee-hybrid-dpt_crypto_v1rh|apigee-hybrid-dpt_crypto_v1rh|class org.jenkinsci.plugins.workflow.multibranch.WorkflowMultiBranchProject
      1 CTO/Apigee-Hybrid/engineering/Ignite Apigee Hybrid Proxy Deploy/apigee-hybrid-dpt_configuration_v1r|apigee-hybrid-dpt_configuration_v1r|class org.jenkinsci.plugins.workflow.multibranch.WorkflowMultiBranchProject
      1 CTO/Apigee-Hybrid/engineering/Ignite Apigee Hybrid Proxy Deploy/apigee-hybrid-dpt_configuration_v1rc|apigee-hybrid-dpt_configuration_v1rc|class org.jenkinsci.plugins.workflow.multibranch.WorkflowMultiBranchProject
      1 CTO/Apigee-Hybrid/engineering/Ignite Apigee Hybrid Proxy Deploy/apigee-hybrid-dpt_configuration_v1rc
      1 CTO/Apigee-Hybrid/engineering/Ignite Apigee Hybrid Proxy Deploy/apigee-hybrid-dpt_authorization_v2rc|apigee-hybrid-dpt_authorization_v2rc|class org.jenkinsci.plugins.workflow.multibranch.WorkflowMultiBranchProject
      1 CTO/Apigee-Hybrid/engineering/Ignite Apigee Hybrid Proxy Deploy/apigee-hybrid-dpa_billing_v20_c|apigee-hybrid-dpa_billing_v20_c|class org.jenkinsci.plugins.workflow.multibranch.WorkflowMultiBranchProject
      1 CTO/Apigee-Hybrid/engineering/Ignite Apigee Hybrid Proxy Deploy/apigee-hybrid-docusign_oauth_v2r|apigee-hybrid-docusign_oauth_v2r|class org.jenkinsci.plugins.workflow.multibranch.WorkflowMultiBranchProject
      1 CTO/Apigee-Hybrid/engineering/Ignite Apigee Hybrid Proxy Deploy/apigee-hybrid-docusign_esignature_v2.1r|apigee-hybrid-docusign_esignature_v2.1r|class org.jenkinsci.plugins.workflow.multibranch.WorkflowMultiBranchProject
      1 CTO/Apigee-Hybrid/engineering/Ignite Apigee Hybrid Proxy Deploy/apigee-hybrid-doctorslocations-bff-apiv2|apigee-hybrid-doctorslocations-bff-apiv2|class org.jenkinsci.plugins.workflow.multibranch.WorkflowMultiBranchProject
      1 CTO/Apigee-Hybrid/engineering/Ignite Apigee Hybrid Proxy Deploy/apigee-hybrid-doctorslocations-bff-apiv2
      1 CTO/Apigee-Hybrid/engineering/Ignite Apigee Hybrid Proxy Deploy/apigee-hybrid-dnp_notification_v2c|apigee-hybrid-dnp_notification_v2c|class org.jenkinsci.plugins.workflow.multibranch.WorkflowMultiBranchProject
      1 CTO/Apigee-Hybrid/engineering/Ignite Apigee Hybrid Proxy Deploy/apigee-hybrid-dnp_notification_v2ch|apigee-hybrid-dnp_notification_v2ch|class org.jenkinsci.plugins.workflow.multibranch.WorkflowMultiBranchProject
      1 CTO/Apigee-Hybrid/engineering/Ignite Apigee Hybrid Proxy Deploy/apigee-hybrid-dnp_notification_v2c
      1 CTO/Apigee-Hybrid/engineering/Ignite Apigee Hybrid Proxy Deploy/apigee-hybrid-dnp_notification_gateway_v2ch|apigee-hybrid-dnp_notification_gateway_v2ch|class org.jenkinsci.plugins.workflow.multibranch.WorkflowMultiBranchProject
      1 CTO/Apigee-Hybrid/engineering/Ignite Apigee Hybrid Proxy Deploy/apigee-hybrid-dnp_notification_callback_v2rc|apigee-hybrid-dnp_notification_callback_v2rc|class org.jenkinsci.plugins.workflow.multibranch.WorkflowMultiBranchProject
      1 CTO/Apigee-Hybrid/engineering/Ignite Apigee Hybrid Proxy Deploy/apigee-hybrid-dnp_notification_callback_v2rch|apigee-hybrid-dnp_notification_callback_v2rch|class org.jenkinsci.plugins.workflow.multibranch.WorkflowMultiBranchProject
      1 CTO/Apigee-Hybrid/engineering/Ignite Apigee Hybrid Proxy Deploy/apigee-hybrid-dnp_file_processing_v2rh|apigee-hybrid-dnp_file_processing_v2rh|class org.jenkinsci.plugins.workflow.multibranch.WorkflowMultiBranchProject
      1 CTO/Apigee-Hybrid/engineering/Ignite Apigee Hybrid Proxy Deploy/apigee-hybrid-dnp_digital_notification_v1_2rc|apigee-hybrid-dnp_digital_notification_v1_2rc|class org.jenkinsci.plugins.workflow.multibranch.WorkflowMultiBranchProject
      1 CTO/Apigee-Hybrid/engineering/Ignite Apigee Hybrid Proxy Deploy/apigee-hybrid-dnp_callback_v2rch|apigee-hybrid-dnp_callback_v2rch|class org.jenkinsci.plugins.workflow.multibranch.WorkflowMultiBranchProject
      1 CTO/Apigee-Hybrid/engineering/Ignite Apigee Hybrid Proxy Deploy/apigee-hybrid-dnp1_notification_v1sh|apigee-hybrid-dnp1_notification_v1sh|class org.jenkinsci.plugins.workflow.multibranch.WorkflowMultiBranchProject
      1 CTO/Apigee-Hybrid/engineering/Ignite Apigee Hybrid Proxy Deploy/apigee-hybrid-dnp1_notification_v1rch|apigee-hybrid-dnp1_notification_v1rch|class org.jenkinsci.plugins.workflow.multibranch.WorkflowMultiBranchProject
      1 CTO/Apigee-Hybrid/engineering/Ignite Apigee Hybrid Proxy Deploy/apigee-hybrid-dmz_test_toolchanges|apigee-hybrid-dmz_test_toolchanges|class org.jenkinsci.plugins.workflow.multibranch.WorkflowMultiBranchProject
      1 CTO/Apigee-Hybrid/engineering/Ignite Apigee Hybrid Proxy Deploy/apigee-hybrid-dmz_test_toolchanges
      1 CTO/Apigee-Hybrid/engineering/Ignite Apigee Hybrid Proxy Deploy/apigee-hybrid-dmz_my_kp_application_v1h|apigee-hybrid-dmz_my_kp_application_v1h|class org.jenkinsci.plugins.workflow.multibranch.WorkflowMultiBranchProject
      1 CTO/Apigee-Hybrid/engineering/Ignite Apigee Hybrid Proxy Deploy/apigee-hybrid-digital_notification_v2rch|apigee-hybrid-digital_notification_v2rch|class org.jenkinsci.plugins.workflow.multibranch.WorkflowMultiBranchProject
      1 CTO/Apigee-Hybrid/engineering/Ignite Apigee Hybrid Proxy Deploy/apigee-hybrid-digital-notification-api_1.2.0v1h|apigee-hybrid-digital-notification-api_1.2.0v1h|class org.jenkinsci.plugins.workflow.multibranch.WorkflowMultiBranchProject
      1 CTO/Apigee-Hybrid/engineering/Ignite Apigee Hybrid Proxy Deploy/apigee-hybrid-digital-notification-api_1.2.0v1h
      1 CTO/Apigee-Hybrid/engineering/Ignite Apigee Hybrid Proxy Deploy/apigee-hybrid-digital-notification-api-internal_1.2.0v1|apigee-hybrid-digital-notification-api-internal_1.2.0v1|class org.jenkinsci.plugins.workflow.multibranch.WorkflowMultiBranchProject
      1 CTO/Apigee-Hybrid/engineering/Ignite Apigee Hybrid Proxy Deploy/apigee-hybrid-diagnostic_wait_time_calc_decision_v10|apigee-hybrid-diagnostic_wait_time_calc_decision_v10|class org.jenkinsci.plugins.workflow.multibranch.WorkflowMultiBranchProject
      1 CTO/Apigee-Hybrid/engineering/Ignite Apigee Hybrid Proxy Deploy/apigee-hybrid-dexcare_bff_services_v1r|apigee-hybrid-dexcare_bff_services_v1r|class org.jenkinsci.plugins.workflow.multibranch.WorkflowMultiBranchProject
      1 CTO/Apigee-Hybrid/engineering/Ignite Apigee Hybrid Proxy Deploy/apigee-hybrid-dexcare_backend_services_v1r|apigee-hybrid-dexcare_backend_services_v1r|class org.jenkinsci.plugins.workflow.multibranch.WorkflowMultiBranchProject
      1 CTO/Apigee-Hybrid/engineering/Ignite Apigee Hybrid Proxy Deploy/apigee-hybrid-desktop_medicine_messages_ingestion_v1r|apigee-hybrid-desktop_medicine_messages_ingestion_v1r|class org.jenkinsci.plugins.workflow.multibranch.WorkflowMultiBranchProject
      1 CTO/Apigee-Hybrid/engineering/Ignite Apigee Hybrid Proxy Deploy/apigee-hybrid-datahub_microservices_bff_v10r|apigee-hybrid-datahub_microservices_bff_v10r|class org.jenkinsci.plugins.workflow.multibranch.WorkflowMultiBranchProject
      1 CTO/Apigee-Hybrid/engineering/Ignite Apigee Hybrid Proxy Deploy/apigee-hybrid-dast_amp_validation_v1rh|apigee-hybrid-dast_amp_validation_v1rh|class org.jenkinsci.plugins.workflow.multibranch.WorkflowMultiBranchProject
      1 CTO/Apigee-Hybrid/engineering/Ignite Apigee Hybrid Proxy Deploy/apigee-hybrid-custom_proxy_test|apigee-hybrid-custom_proxy_test|class org.jenkinsci.plugins.workflow.multibranch.WorkflowMultiBranchProject
      1 CTO/Apigee-Hybrid/engineering/Ignite Apigee Hybrid Proxy Deploy/apigee-hybrid-custom_proxy_test
      1 CTO/Apigee-Hybrid/engineering/Ignite Apigee Hybrid Proxy Deploy/apigee-hybrid-cpx_session_tempus_outbound_v1|apigee-hybrid-cpx_session_tempus_outbound_v1|class org.jenkinsci.plugins.workflow.multibranch.WorkflowMultiBranchProject
      1 CTO/Apigee-Hybrid/engineering/Ignite Apigee Hybrid Proxy Deploy/apigee-hybrid-cpx_rx_pos_txfillservice_r_v1r|apigee-hybrid-cpx_rx_pos_txfillservice_r_v1r|class org.jenkinsci.plugins.workflow.multibranch.WorkflowMultiBranchProject
      1 CTO/Apigee-Hybrid/engineering/Ignite Apigee Hybrid Proxy Deploy/apigee-hybrid-cpx_payment_tempus_outbound_v1|apigee-hybrid-cpx_payment_tempus_outbound_v1|class org.jenkinsci.plugins.workflow.multibranch.WorkflowMultiBranchProject
      1 CTO/Apigee-Hybrid/engineering/Ignite Apigee Hybrid Proxy Deploy/apigee-hybrid-cpx_payment_services_v1|apigee-hybrid-cpx_payment_services_v1|class org.jenkinsci.plugins.workflow.multibranch.WorkflowMultiBranchProject
      1 CTO/Apigee-Hybrid/engineering/Ignite Apigee Hybrid Proxy Deploy/apigee-hybrid-cpx_payment_pdiach_inbound_v1|apigee-hybrid-cpx_payment_pdiach_inbound_v1|class org.jenkinsci.plugins.workflow.multibranch.WorkflowMultiBranchProject
      1 CTO/Apigee-Hybrid/engineering/Ignite Apigee Hybrid Proxy Deploy/apigee-hybrid-cpx_payment_epims_outbound_v1r|apigee-hybrid-cpx_payment_epims_outbound_v1r|class org.jenkinsci.plugins.workflow.multibranch.WorkflowMultiBranchProject
      1 CTO/Apigee-Hybrid/engineering/Ignite Apigee Hybrid Proxy Deploy/apigee-hybrid-cpx_payment_epims_inbound_v1|apigee-hybrid-cpx_payment_epims_inbound_v1|class org.jenkinsci.plugins.workflow.multibranch.WorkflowMultiBranchProject
      1 CTO/Apigee-Hybrid/engineering/Ignite Apigee Hybrid Proxy Deploy/apigee-hybrid-cpx_ewallet_v1|apigee-hybrid-cpx_ewallet_v1|class org.jenkinsci.plugins.workflow.multibranch.WorkflowMultiBranchProject
      1 CTO/Apigee-Hybrid/engineering/Ignite Apigee Hybrid Proxy Deploy/apigee-hybrid-cpx_ewallet_gen_v1|apigee-hybrid-cpx_ewallet_gen_v1|class org.jenkinsci.plugins.workflow.multibranch.WorkflowMultiBranchProject
      1 CTO/Apigee-Hybrid/engineering/Ignite Apigee Hybrid Proxy Deploy/apigee-hybrid-covid_vaccine_authorization_bff_v1r|apigee-hybrid-covid_vaccine_authorization_bff_v1r|class org.jenkinsci.plugins.workflow.multibranch.WorkflowMultiBranchProject
      1 CTO/Apigee-Hybrid/engineering/Ignite Apigee Hybrid Proxy Deploy/apigee-hybrid-covid19_test_kit_v1rc|apigee-hybrid-covid19_test_kit_v1rc|class org.jenkinsci.plugins.workflow.multibranch.WorkflowMultiBranchProject
      1 CTO/Apigee-Hybrid/engineering/Ignite Apigee Hybrid Proxy Deploy/apigee-hybrid-contract_production_distribution_v1r|apigee-hybrid-contract_production_distribution_v1r|class org.jenkinsci.plugins.workflow.multibranch.WorkflowMultiBranchProject
      1 CTO/Apigee-Hybrid/engineering/Ignite Apigee Hybrid Proxy Deploy/apigee-hybrid-contract_production_data_mapping_v1r|apigee-hybrid-contract_production_data_mapping_v1r|class org.jenkinsci.plugins.workflow.multibranch.WorkflowMultiBranchProject
      1 CTO/Apigee-Hybrid/engineering/Ignite Apigee Hybrid Proxy Deploy/apigee-hybrid-contract_production_data_extraction_v1r|apigee-hybrid-contract_production_data_extraction_v1r|class org.jenkinsci.plugins.workflow.multibranch.WorkflowMultiBranchProject
      1 CTO/Apigee-Hybrid/engineering/Ignite Apigee Hybrid Proxy Deploy/apigee-hybrid-contract_production_bundle_validation_v1r|apigee-hybrid-contract_production_bundle_validation_v1r|class org.jenkinsci.plugins.workflow.multibranch.WorkflowMultiBranchProject
      1 CTO/Apigee-Hybrid/engineering/Ignite Apigee Hybrid Proxy Deploy/apigee-hybrid-content_api_v1r|apigee-hybrid-content_api_v1r|class org.jenkinsci.plugins.workflow.multibranch.WorkflowMultiBranchProject
      1 CTO/Apigee-Hybrid/engineering/Ignite Apigee Hybrid Proxy Deploy/apigee-hybrid-complianceconnect_elr_servicenow_v1rh|apigee-hybrid-complianceconnect_elr_servicenow_v1rh|class org.jenkinsci.plugins.workflow.multibranch.WorkflowMultiBranchProject
      1 CTO/Apigee-Hybrid/engineering/Ignite Apigee Hybrid Proxy Deploy/apigee-hybrid-complianceconnect_elr_servicenow_v1rh
      1 CTO/Apigee-Hybrid/engineering/Ignite Apigee Hybrid Proxy Deploy/apigee-hybrid-complaint_inquiry_v2|apigee-hybrid-complaint_inquiry_v2|class org.jenkinsci.plugins.workflow.multibranch.WorkflowMultiBranchProject
      1 CTO/Apigee-Hybrid/engineering/Ignite Apigee Hybrid Proxy Deploy/apigee-hybrid-common_provider_master_data_v2r|apigee-hybrid-common_provider_master_data_v2r|class org.jenkinsci.plugins.workflow.multibranch.WorkflowMultiBranchProject
      1 CTO/Apigee-Hybrid/engineering/Ignite Apigee Hybrid Proxy Deploy/apigee-hybrid-common_provider_master_data_v10r|apigee-hybrid-common_provider_master_data_v10r|class org.jenkinsci.plugins.workflow.multibranch.WorkflowMultiBranchProject
      1 CTO/Apigee-Hybrid/engineering/Ignite Apigee Hybrid Proxy Deploy/apigee-hybrid-colorado_salesforce_broker_login_v1|apigee-hybrid-colorado_salesforce_broker_login_v1|class org.jenkinsci.plugins.workflow.multibranch.WorkflowMultiBranchProject
      1 CTO/Apigee-Hybrid/engineering/Ignite Apigee Hybrid Proxy Deploy/apigee-hybrid-colorado_salesforce_bob_v10|apigee-hybrid-colorado_salesforce_bob_v10|class org.jenkinsci.plugins.workflow.multibranch.WorkflowMultiBranchProject
      1 CTO/Apigee-Hybrid/engineering/Ignite Apigee Hybrid Proxy Deploy/apigee-hybrid-colorado_iis_v2011|apigee-hybrid-colorado_iis_v2011|class org.jenkinsci.plugins.workflow.multibranch.WorkflowMultiBranchProject
      1 CTO/Apigee-Hybrid/engineering/Ignite Apigee Hybrid Proxy Deploy/apigee-hybrid-colonoscopy_risk_stratification_v1r|apigee-hybrid-colonoscopy_risk_stratification_v1r|class org.jenkinsci.plugins.workflow.multibranch.WorkflowMultiBranchProject
      1 CTO/Apigee-Hybrid/engineering/Ignite Apigee Hybrid Proxy Deploy/apigee-hybrid-colonoscopy_pathology_integration_v1rc|apigee-hybrid-colonoscopy_pathology_integration_v1rc|class org.jenkinsci.plugins.workflow.multibranch.WorkflowMultiBranchProject
      1 CTO/Apigee-Hybrid/engineering/Ignite Apigee Hybrid Proxy Deploy/apigee-hybrid-cmsinterop_hp_fhirmemberaccess_v1r|apigee-hybrid-cmsinterop_hp_fhirmemberaccess_v1r|class org.jenkinsci.plugins.workflow.multibranch.WorkflowMultiBranchProject
      1 CTO/Apigee-Hybrid/engineering/Ignite Apigee Hybrid Proxy Deploy/apigee-hybrid-cms_pecos_v2r|apigee-hybrid-cms_pecos_v2r|class org.jenkinsci.plugins.workflow.multibranch.WorkflowMultiBranchProject
      1 CTO/Apigee-Hybrid/engineering/Ignite Apigee Hybrid Proxy Deploy/apigee-hybrid-cms_oec_obtain_oauth_token_v1r|apigee-hybrid-cms_oec_obtain_oauth_token_v1r|class org.jenkinsci.plugins.workflow.multibranch.WorkflowMultiBranchProject
      1 CTO/Apigee-Hybrid/engineering/Ignite Apigee Hybrid Proxy Deploy/apigee-hybrid-cms_oec_enrollments_v1r|apigee-hybrid-cms_oec_enrollments_v1r|class org.jenkinsci.plugins.workflow.multibranch.WorkflowMultiBranchProject
      1 CTO/Apigee-Hybrid/engineering/Ignite Apigee Hybrid Proxy Deploy/apigee-hybrid-cm_member_change_publish_v1|apigee-hybrid-cm_member_change_publish_v1|class org.jenkinsci.plugins.workflow.multibranch.WorkflowMultiBranchProject
      1 CTO/Apigee-Hybrid/engineering/Ignite Apigee Hybrid Proxy Deploy/apigee-hybrid-cm_group_inquiry_v20|apigee-hybrid-cm_group_inquiry_v20|class org.jenkinsci.plugins.workflow.multibranch.WorkflowMultiBranchProject
      1 CTO/Apigee-Hybrid/engineering/Ignite Apigee Hybrid Proxy Deploy/apigee-hybrid-cm_group_inquiry_v1|apigee-hybrid-cm_group_inquiry_v1|class org.jenkinsci.plugins.workflow.multibranch.WorkflowMultiBranchProject
      1 CTO/Apigee-Hybrid/engineering/Ignite Apigee Hybrid Proxy Deploy/apigee-hybrid-cm_group_change_publish_v1|apigee-hybrid-cm_group_change_publish_v1|class org.jenkinsci.plugins.workflow.multibranch.WorkflowMultiBranchProject
      1 CTO/Apigee-Hybrid/engineering/Ignite Apigee Hybrid Proxy Deploy/apigee-hybrid-clinician_connect_api_internal_v1r|apigee-hybrid-clinician_connect_api_internal_v1r|class org.jenkinsci.plugins.workflow.multibranch.WorkflowMultiBranchProject
      1 CTO/Apigee-Hybrid/engineering/Ignite Apigee Hybrid Proxy Deploy/apigee-hybrid-check_prescription_v1r|apigee-hybrid-check_prescription_v1r|class org.jenkinsci.plugins.workflow.multibranch.WorkflowMultiBranchProject
      1 CTO/Apigee-Hybrid/engineering/Ignite Apigee Hybrid Proxy Deploy/apigee-hybrid-chats_case_updates_v10|apigee-hybrid-chats_case_updates_v10|class org.jenkinsci.plugins.workflow.multibranch.WorkflowMultiBranchProject
      1 CTO/Apigee-Hybrid/engineering/Ignite Apigee Hybrid Proxy Deploy/apigee-hybrid-chamai_sal_v1rc|apigee-hybrid-chamai_sal_v1rc|class org.jenkinsci.plugins.workflow.multibranch.WorkflowMultiBranchProject
      1 CTO/Apigee-Hybrid/engineering/Ignite Apigee Hybrid Proxy Deploy/apigee-hybrid-cdis_telephone_treatment_v1r|apigee-hybrid-cdis_telephone_treatment_v1r|class org.jenkinsci.plugins.workflow.multibranch.WorkflowMultiBranchProject
      1 CTO/Apigee-Hybrid/engineering/Ignite Apigee Hybrid Proxy Deploy/apigee-hybrid-cdis_snp_v1r|apigee-hybrid-cdis_snp_v1r|class org.jenkinsci.plugins.workflow.multibranch.WorkflowMultiBranchProject
      1 CTO/Apigee-Hybrid/engineering/Ignite Apigee Hybrid Proxy Deploy/apigee-hybrid-cdis_messaging_v1r|apigee-hybrid-cdis_messaging_v1r|class org.jenkinsci.plugins.workflow.multibranch.WorkflowMultiBranchProject
      1 CTO/Apigee-Hybrid/engineering/Ignite Apigee Hybrid Proxy Deploy/apigee-hybrid-cdis_facinfo_v1r|apigee-hybrid-cdis_facinfo_v1r|class org.jenkinsci.plugins.workflow.multibranch.WorkflowMultiBranchProject
      1 CTO/Apigee-Hybrid/engineering/Ignite Apigee Hybrid Proxy Deploy/apigee-hybrid-cdis_cti_v1r|apigee-hybrid-cdis_cti_v1r|class org.jenkinsci.plugins.workflow.multibranch.WorkflowMultiBranchProject
      1 CTO/Apigee-Hybrid/engineering/Ignite Apigee Hybrid Proxy Deploy/apigee-hybrid-cdis_booking_v1r|apigee-hybrid-cdis_booking_v1r|class org.jenkinsci.plugins.workflow.multibranch.WorkflowMultiBranchProject
      1 CTO/Apigee-Hybrid/engineering/Ignite Apigee Hybrid Proxy Deploy/apigee-hybrid-cdis_adminuser_v1r|apigee-hybrid-cdis_adminuser_v1r|class org.jenkinsci.plugins.workflow.multibranch.WorkflowMultiBranchProject
      1 CTO/Apigee-Hybrid/engineering/Ignite Apigee Hybrid Proxy Deploy/apigee-hybrid-cdads_owl_internal_v1r|apigee-hybrid-cdads_owl_internal_v1r|class org.jenkinsci.plugins.workflow.multibranch.WorkflowMultiBranchProject
      1 CTO/Apigee-Hybrid/engineering/Ignite Apigee Hybrid Proxy Deploy/apigee-hybrid-cdads_cyclecount_internal_v10r|apigee-hybrid-cdads_cyclecount_internal_v10r|class org.jenkinsci.plugins.workflow.multibranch.WorkflowMultiBranchProject
      1 CTO/Apigee-Hybrid/engineering/Ignite Apigee Hybrid Proxy Deploy/apigee-hybrid-cc_sandbox_v1r|apigee-hybrid-cc_sandbox_v1r|class org.jenkinsci.plugins.workflow.multibranch.WorkflowMultiBranchProject
      1 CTO/Apigee-Hybrid/engineering/Ignite Apigee Hybrid Proxy Deploy/apigee-hybrid-cc_benefit_v2rc|apigee-hybrid-cc_benefit_v2rc|class org.jenkinsci.plugins.workflow.multibranch.WorkflowMultiBranchProject
      1 CTO/Apigee-Hybrid/engineering/Ignite Apigee Hybrid Proxy Deploy/apigee-hybrid-cc_benefit_v1rc|apigee-hybrid-cc_benefit_v1rc|class org.jenkinsci.plugins.workflow.multibranch.WorkflowMultiBranchProject
      1 CTO/Apigee-Hybrid/engineering/Ignite Apigee Hybrid Proxy Deploy/apigee-hybrid-cc_accumulation_summary_v20|apigee-hybrid-cc_accumulation_summary_v20|class org.jenkinsci.plugins.workflow.multibranch.WorkflowMultiBranchProject
      1 CTO/Apigee-Hybrid/engineering/Ignite Apigee Hybrid Proxy Deploy/apigee-hybrid-cc_accumulation_summary_v10|apigee-hybrid-cc_accumulation_summary_v10|class org.jenkinsci.plugins.workflow.multibranch.WorkflowMultiBranchProject
      1 CTO/Apigee-Hybrid/engineering/Ignite Apigee Hybrid Proxy Deploy/apigee-hybrid-catalog_validator_v1r|apigee-hybrid-catalog_validator_v1r|class org.jenkinsci.plugins.workflow.multibranch.WorkflowMultiBranchProject
      1 CTO/Apigee-Hybrid/engineering/Ignite Apigee Hybrid Proxy Deploy/apigee-hybrid-cas_amp_validation_v5r|apigee-hybrid-cas_amp_validation_v5r|class org.jenkinsci.plugins.workflow.multibranch.WorkflowMultiBranchProject
      1 CTO/Apigee-Hybrid/engineering/Ignite Apigee Hybrid Proxy Deploy/apigee-hybrid-cas_amp_validation_v3rh|apigee-hybrid-cas_amp_validation_v3rh|class org.jenkinsci.plugins.workflow.multibranch.WorkflowMultiBranchProject
      1 CTO/Apigee-Hybrid/engineering/Ignite Apigee Hybrid Proxy Deploy/apigee-hybrid-cas_amp_validation_v1r|apigee-hybrid-cas_amp_validation_v1r|class org.jenkinsci.plugins.workflow.multibranch.WorkflowMultiBranchProject
      1 CTO/Apigee-Hybrid/engineering/Ignite Apigee Hybrid Proxy Deploy/apigee-hybrid-cas_amp_validation_standard_v4rc|apigee-hybrid-cas_amp_validation_standard_v4rc|class org.jenkinsci.plugins.workflow.multibranch.WorkflowMultiBranchProject
      1 CTO/Apigee-Hybrid/engineering/Ignite Apigee Hybrid Proxy Deploy/apigee-hybrid-cas_amp_pt_v2r|apigee-hybrid-cas_amp_pt_v2r|class org.jenkinsci.plugins.workflow.multibranch.WorkflowMultiBranchProject
      1 CTO/Apigee-Hybrid/engineering/Ignite Apigee Hybrid Proxy Deploy/apigee-hybrid-cas_amp_hybrid_test_v1rh|apigee-hybrid-cas_amp_hybrid_test_v1rh|class org.jenkinsci.plugins.workflow.multibranch.WorkflowMultiBranchProject
      1 CTO/Apigee-Hybrid/engineering/Ignite Apigee Hybrid Proxy Deploy/apigee-hybrid-carsws_docs|apigee-hybrid-carsws_docs|class org.jenkinsci.plugins.workflow.multibranch.WorkflowMultiBranchProject
      1 CTO/Apigee-Hybrid/engineering/Ignite Apigee Hybrid Proxy Deploy/apigee-hybrid-carsws_docs_v20|apigee-hybrid-carsws_docs_v20|class org.jenkinsci.plugins.workflow.multibranch.WorkflowMultiBranchProject
      1 CTO/Apigee-Hybrid/engineering/Ignite Apigee Hybrid Proxy Deploy/apigee-hybrid-cars_upload_docv10r|apigee-hybrid-cars_upload_docv10r|class org.jenkinsci.plugins.workflow.multibranch.WorkflowMultiBranchProject
      1 CTO/Apigee-Hybrid/engineering/Ignite Apigee Hybrid Proxy Deploy/apigee-hybrid-cars_repository_v30|apigee-hybrid-cars_repository_v30|class org.jenkinsci.plugins.workflow.multibranch.WorkflowMultiBranchProject
      1 CTO/Apigee-Hybrid/engineering/Ignite Apigee Hybrid Proxy Deploy/apigee-hybrid-cars_nonmember_getdocr_v10|apigee-hybrid-cars_nonmember_getdocr_v10|class org.jenkinsci.plugins.workflow.multibranch.WorkflowMultiBranchProject
      1 CTO/Apigee-Hybrid/engineering/Ignite Apigee Hybrid Proxy Deploy/apigee-hybrid-cars_get_doc_rl_service|apigee-hybrid-cars_get_doc_rl_service|class org.jenkinsci.plugins.workflow.multibranch.WorkflowMultiBranchProject
      1 CTO/Apigee-Hybrid/engineering/Ignite Apigee Hybrid Proxy Deploy/apigee-hybrid-cars_docv10|apigee-hybrid-cars_docv10|class org.jenkinsci.plugins.workflow.multibranch.WorkflowMultiBranchProject
      1 CTO/Apigee-Hybrid/engineering/Ignite Apigee Hybrid Proxy Deploy/apigee-hybrid-cardinal_health_nuctrac_v1r|apigee-hybrid-cardinal_health_nuctrac_v1r|class org.jenkinsci.plugins.workflow.multibranch.WorkflowMultiBranchProject
      1 CTO/Apigee-Hybrid/engineering/Ignite Apigee Hybrid Proxy Deploy/apigee-hybrid-cardinal_health_nuctrac_oauth_v1r|apigee-hybrid-cardinal_health_nuctrac_oauth_v1r|class org.jenkinsci.plugins.workflow.multibranch.WorkflowMultiBranchProject
      1 CTO/Apigee-Hybrid/engineering/Ignite Apigee Hybrid Proxy Deploy/apigee-hybrid-cair_iz_portal_v10|apigee-hybrid-cair_iz_portal_v10|class org.jenkinsci.plugins.workflow.multibranch.WorkflowMultiBranchProject
      1 CTO/Apigee-Hybrid/engineering/Ignite Apigee Hybrid Proxy Deploy/apigee-hybrid-ca_provider_license_boards_v1rh|apigee-hybrid-ca_provider_license_boards_v1rh|class org.jenkinsci.plugins.workflow.multibranch.WorkflowMultiBranchProject
      1 CTO/Apigee-Hybrid/engineering/Ignite Apigee Hybrid Proxy Deploy/apigee-hybrid-ca_provider_license_boards_v1rh
      1 CTO/Apigee-Hybrid/engineering/Ignite Apigee Hybrid Proxy Deploy/apigee-hybrid-c2chours_of_operation_v1r|apigee-hybrid-c2chours_of_operation_v1r|class org.jenkinsci.plugins.workflow.multibranch.WorkflowMultiBranchProject
      1 CTO/Apigee-Hybrid/engineering/Ignite Apigee Hybrid Proxy Deploy/apigee-hybrid-bsor_brokernet_v10|apigee-hybrid-bsor_brokernet_v10|class org.jenkinsci.plugins.workflow.multibranch.WorkflowMultiBranchProject
      1 CTO/Apigee-Hybrid/engineering/Ignite Apigee Hybrid Proxy Deploy/apigee-hybrid-bsor_brokernet_v10
      1 CTO/Apigee-Hybrid/engineering/Ignite Apigee Hybrid Proxy Deploy/apigee-hybrid-bsor_broker_net_v30|apigee-hybrid-bsor_broker_net_v30|class org.jenkinsci.plugins.workflow.multibranch.WorkflowMultiBranchProject
      1 CTO/Apigee-Hybrid/engineering/Ignite Apigee Hybrid Proxy Deploy/apigee-hybrid-broker_membership_selfservice_v1r|apigee-hybrid-broker_membership_selfservice_v1r|class org.jenkinsci.plugins.workflow.multibranch.WorkflowMultiBranchProject
      1 CTO/Apigee-Hybrid/engineering/Ignite Apigee Hybrid Proxy Deploy/apigee-hybrid-brkrsvc-broker-services-lookup-1-0-api_1.0.0v1|apigee-hybrid-brkrsvc-broker-services-lookup-1-0-api_1.0.0v1|class org.jenkinsci.plugins.workflow.multibranch.WorkflowMultiBranchProject
      1 CTO/Apigee-Hybrid/engineering/Ignite Apigee Hybrid Proxy Deploy/apigee-hybrid-brkrsvc-broker-services-lookup-1-0-api_1.0.0v1
      1 CTO/Apigee-Hybrid/engineering/Ignite Apigee Hybrid Proxy Deploy/apigee-hybrid-boomi_atomsphere_interface_v1r|apigee-hybrid-boomi_atomsphere_interface_v1r|class org.jenkinsci.plugins.workflow.multibranch.WorkflowMultiBranchProject
      1 CTO/Apigee-Hybrid/engineering/Ignite Apigee Hybrid Proxy Deploy/apigee-hybrid-bigpanda_transfer_agent_v1r|apigee-hybrid-bigpanda_transfer_agent_v1r|class org.jenkinsci.plugins.workflow.multibranch.WorkflowMultiBranchProject
      1 CTO/Apigee-Hybrid/engineering/Ignite Apigee Hybrid Proxy Deploy/apigee-hybrid-bigpanda_general_ingestion_v1r|apigee-hybrid-bigpanda_general_ingestion_v1r|class org.jenkinsci.plugins.workflow.multibranch.WorkflowMultiBranchProject
      1 CTO/Apigee-Hybrid/engineering/Ignite Apigee Hybrid Proxy Deploy/apigee-hybrid-batch_member_mrn_search_v2v10r|apigee-hybrid-batch_member_mrn_search_v2v10r|class org.jenkinsci.plugins.workflow.multibranch.WorkflowMultiBranchProject
      1 CTO/Apigee-Hybrid/engineering/Ignite Apigee Hybrid Proxy Deploy/apigee-hybrid-az-secure-vic_application_v1r|apigee-hybrid-az-secure-vic_application_v1r|class org.jenkinsci.plugins.workflow.multibranch.WorkflowMultiBranchProject
      1 CTO/Apigee-Hybrid/engineering/Ignite Apigee Hybrid Proxy Deploy/apigee-hybrid-az-secure-test01|apigee-hybrid-az-secure-test01|class org.jenkinsci.plugins.workflow.multibranch.WorkflowMultiBranchProject
      1 CTO/Apigee-Hybrid/engineering/Ignite Apigee Hybrid Proxy Deploy/apigee-hybrid-az-secure-test01
      1 CTO/Apigee-Hybrid/engineering/Ignite Apigee Hybrid Proxy Deploy/apigee-hybrid-az-secure-rsnt_api_event_service_internal_v1|apigee-hybrid-az-secure-rsnt_api_event_service_internal_v1|class org.jenkinsci.plugins.workflow.multibranch.WorkflowMultiBranchProject
      1 CTO/Apigee-Hybrid/engineering/Ignite Apigee Hybrid Proxy Deploy/apigee-hybrid-az-secure-risant_vbp_adapter_external_v1rh|apigee-hybrid-az-secure-risant_vbp_adapter_external_v1rh|class org.jenkinsci.plugins.workflow.multibranch.WorkflowMultiBranchProject
      1 CTO/Apigee-Hybrid/engineering/Ignite Apigee Hybrid Proxy Deploy/apigee-hybrid-az-secure-risant_vbp_adapter_external_v1rh
      1 CTO/Apigee-Hybrid/engineering/Ignite Apigee Hybrid Proxy Deploy/apigee-hybrid-az-secure-onelink_apex_vendor_data_inbound_v1r|apigee-hybrid-az-secure-onelink_apex_vendor_data_inbound_v1r|class org.jenkinsci.plugins.workflow.multibranch.WorkflowMultiBranchProject
      1 CTO/Apigee-Hybrid/engineering/Ignite Apigee Hybrid Proxy Deploy/apigee-hybrid-az-secure-notification_adaptor_v2sh|apigee-hybrid-az-secure-notification_adaptor_v2sh|class org.jenkinsci.plugins.workflow.multibranch.WorkflowMultiBranchProject
      1 CTO/Apigee-Hybrid/engineering/Ignite Apigee Hybrid Proxy Deploy/apigee-hybrid-az-secure-notification_adaptor_v2rh|apigee-hybrid-az-secure-notification_adaptor_v2rh|class org.jenkinsci.plugins.workflow.multibranch.WorkflowMultiBranchProject
      1 CTO/Apigee-Hybrid/engineering/Ignite Apigee Hybrid Proxy Deploy/apigee-hybrid-az-secure-mykp_yammer_v10h|apigee-hybrid-az-secure-mykp_yammer_v10h|class org.jenkinsci.plugins.workflow.multibranch.WorkflowMultiBranchProject
      1 CTO/Apigee-Hybrid/engineering/Ignite Apigee Hybrid Proxy Deploy/apigee-hybrid-az-secure-mykp_workforce_notifications_v10h|apigee-hybrid-az-secure-mykp_workforce_notifications_v10h|class org.jenkinsci.plugins.workflow.multibranch.WorkflowMultiBranchProject
      1 CTO/Apigee-Hybrid/engineering/Ignite Apigee Hybrid Proxy Deploy/apigee-hybrid-az-secure-mykp_shared_profile_api_v1|apigee-hybrid-az-secure-mykp_shared_profile_api_v1|class org.jenkinsci.plugins.workflow.multibranch.WorkflowMultiBranchProject
      1 CTO/Apigee-Hybrid/engineering/Ignite Apigee Hybrid Proxy Deploy/apigee-hybrid-az-secure-mykp_profile_read_only_v1h|apigee-hybrid-az-secure-mykp_profile_read_only_v1h|class org.jenkinsci.plugins.workflow.multibranch.WorkflowMultiBranchProject
      1 CTO/Apigee-Hybrid/engineering/Ignite Apigee Hybrid Proxy Deploy/apigee-hybrid-az-secure-my_kp_secured_search_api_v10h|apigee-hybrid-az-secure-my_kp_secured_search_api_v10h|class org.jenkinsci.plugins.workflow.multibranch.WorkflowMultiBranchProject
      1 CTO/Apigee-Hybrid/engineering/Ignite Apigee Hybrid Proxy Deploy/apigee-hybrid-az-secure-my_kp_public_search_api_v10h|apigee-hybrid-az-secure-my_kp_public_search_api_v10h|class org.jenkinsci.plugins.workflow.multibranch.WorkflowMultiBranchProject
      1 CTO/Apigee-Hybrid/engineering/Ignite Apigee Hybrid Proxy Deploy/apigee-hybrid-az-secure-my_kp_application_v1h|apigee-hybrid-az-secure-my_kp_application_v1h|class org.jenkinsci.plugins.workflow.multibranch.WorkflowMultiBranchProject
      1 CTO/Apigee-Hybrid/engineering/Ignite Apigee Hybrid Proxy Deploy/apigee-hybrid-az-secure-kpd_risant_app_v1rh|apigee-hybrid-az-secure-kpd_risant_app_v1rh|class org.jenkinsci.plugins.workflow.multibranch.WorkflowMultiBranchProject
      1 CTO/Apigee-Hybrid/engineering/Ignite Apigee Hybrid Proxy Deploy/apigee-hybrid-az-secure-kpd_fdl2epic_az_v1rh|apigee-hybrid-az-secure-kpd_fdl2epic_az_v1rh|class org.jenkinsci.plugins.workflow.multibranch.WorkflowMultiBranchProject
      1 CTO/Apigee-Hybrid/engineering/Ignite Apigee Hybrid Proxy Deploy/apigee-hybrid-az-secure-kpd_email_classifier_api_v1rh|apigee-hybrid-az-secure-kpd_email_classifier_api_v1rh|class org.jenkinsci.plugins.workflow.multibranch.WorkflowMultiBranchProject
      1 CTO/Apigee-Hybrid/engineering/Ignite Apigee Hybrid Proxy Deploy/apigee-hybrid-az-secure-kpd_consumer_interactions_v1rh|apigee-hybrid-az-secure-kpd_consumer_interactions_v1rh|class org.jenkinsci.plugins.workflow.multibranch.WorkflowMultiBranchProject
      1 CTO/Apigee-Hybrid/engineering/Ignite Apigee Hybrid Proxy Deploy/apigee-hybrid-az-secure-infosource_search_v1rh|apigee-hybrid-az-secure-infosource_search_v1rh|class org.jenkinsci.plugins.workflow.multibranch.WorkflowMultiBranchProject
      1 CTO/Apigee-Hybrid/engineering/Ignite Apigee Hybrid Proxy Deploy/apigee-hybrid-az-secure-hpts_azure_open_ai_chat_completion_v1rh|apigee-hybrid-az-secure-hpts_azure_open_ai_chat_completion_v1rh|class org.jenkinsci.plugins.workflow.multibranch.WorkflowMultiBranchProject
      1 CTO/Apigee-Hybrid/engineering/Ignite Apigee Hybrid Proxy Deploy/apigee-hybrid-az-secure-hpts_azure_open_ai_chat_completion_v1rh
      1 CTO/Apigee-Hybrid/engineering/Ignite Apigee Hybrid Proxy Deploy/apigee-hybrid-az-secure-hp_balance_inquiry_v1|apigee-hybrid-az-secure-hp_balance_inquiry_v1|class org.jenkinsci.plugins.workflow.multibranch.WorkflowMultiBranchProject
      1 CTO/Apigee-Hybrid/engineering/Ignite Apigee Hybrid Proxy Deploy/apigee-hybrid-az-secure-epic_haiku_canto_rover_signalr_r_v3rh|apigee-hybrid-az-secure-epic_haiku_canto_rover_signalr_r_v3rh|class org.jenkinsci.plugins.workflow.multibranch.WorkflowMultiBranchProject
      1 CTO/Apigee-Hybrid/engineering/Ignite Apigee Hybrid Proxy Deploy/apigee-hybrid-az-secure-epic_haiku_canto_rover_prelogin_r_v3rh|apigee-hybrid-az-secure-epic_haiku_canto_rover_prelogin_r_v3rh|class org.jenkinsci.plugins.workflow.multibranch.WorkflowMultiBranchProject
      1 CTO/Apigee-Hybrid/engineering/Ignite Apigee Hybrid Proxy Deploy/apigee-hybrid-az-secure-epic_haiku_canto_rover_oauth2_apig_v3rh|apigee-hybrid-az-secure-epic_haiku_canto_rover_oauth2_apig_v3rh|class org.jenkinsci.plugins.workflow.multibranch.WorkflowMultiBranchProject
      1 CTO/Apigee-Hybrid/engineering/Ignite Apigee Hybrid Proxy Deploy/apigee-hybrid-az-secure-epic_haiku_canto_rover_mobile_apig_r_v3rh|apigee-hybrid-az-secure-epic_haiku_canto_rover_mobile_apig_r_v3rh|class org.jenkinsci.plugins.workflow.multibranch.WorkflowMultiBranchProject
      1 CTO/Apigee-Hybrid/engineering/Ignite Apigee Hybrid Proxy Deploy/apigee-hybrid-az-secure-epic_haiku_canto_rover_listener_apig_s_v3sh|apigee-hybrid-az-secure-epic_haiku_canto_rover_listener_apig_s_v3sh|class org.jenkinsci.plugins.workflow.multibranch.WorkflowMultiBranchProject
      1 CTO/Apigee-Hybrid/engineering/Ignite Apigee Hybrid Proxy Deploy/apigee-hybrid-az-secure-ecomm_kp2020_hhub_bff_visionsvc_0_0_01|apigee-hybrid-az-secure-ecomm_kp2020_hhub_bff_visionsvc_0_0_01|class org.jenkinsci.plugins.workflow.multibranch.WorkflowMultiBranchProject
      1 CTO/Apigee-Hybrid/engineering/Ignite Apigee Hybrid Proxy Deploy/apigee-hybrid-az-secure-ecomm_kp2020_hhub_bff_visionsvc_0_0_01
      1 CTO/Apigee-Hybrid/engineering/Ignite Apigee Hybrid Proxy Deploy/apigee-hybrid-az-secure-dxp_api_event_v1rh|apigee-hybrid-az-secure-dxp_api_event_v1rh|class org.jenkinsci.plugins.workflow.multibranch.WorkflowMultiBranchProject
      1 CTO/Apigee-Hybrid/engineering/Ignite Apigee Hybrid Proxy Deploy/apigee-hybrid-az-secure-dpt_notification_platform_event_v1h|apigee-hybrid-az-secure-dpt_notification_platform_event_v1h|class org.jenkinsci.plugins.workflow.multibranch.WorkflowMultiBranchProject
      1 CTO/Apigee-Hybrid/engineering/Ignite Apigee Hybrid Proxy Deploy/apigee-hybrid-az-secure-dpt_notification_platform_event_v1h
      1 CTO/Apigee-Hybrid/engineering/Ignite Apigee Hybrid Proxy Deploy/apigee-hybrid-az-secure-dpt_mnp_callback_v10h|apigee-hybrid-az-secure-dpt_mnp_callback_v10h|class org.jenkinsci.plugins.workflow.multibranch.WorkflowMultiBranchProject
      1 CTO/Apigee-Hybrid/engineering/Ignite Apigee Hybrid Proxy Deploy/apigee-hybrid-az-secure-dpt_mnp_callback_v10h
      1 CTO/Apigee-Hybrid/engineering/Ignite Apigee Hybrid Proxy Deploy/apigee-hybrid-az-secure-dnp_file_processing_v2rh|apigee-hybrid-az-secure-dnp_file_processing_v2rh|class org.jenkinsci.plugins.workflow.multibranch.WorkflowMultiBranchProject
      1 CTO/Apigee-Hybrid/engineering/Ignite Apigee Hybrid Proxy Deploy/apigee-hybrid-az-secure-dnp_digital_notification_v1_2rc|apigee-hybrid-az-secure-dnp_digital_notification_v1_2rc|class org.jenkinsci.plugins.workflow.multibranch.WorkflowMultiBranchProject
      1 CTO/Apigee-Hybrid/engineering/Ignite Apigee Hybrid Proxy Deploy/apigee-hybrid-az-secure-dnp_digital_notification_v1_2rc
      1 CTO/Apigee-Hybrid/engineering/Ignite Apigee Hybrid Proxy Deploy/apigee-hybrid-az-secure-dnp_callback_v2rch|apigee-hybrid-az-secure-dnp_callback_v2rch|class org.jenkinsci.plugins.workflow.multibranch.WorkflowMultiBranchProject
      1 CTO/Apigee-Hybrid/engineering/Ignite Apigee Hybrid Proxy Deploy/apigee-hybrid-az-secure-digital_notification_v2rch|apigee-hybrid-az-secure-digital_notification_v2rch|class org.jenkinsci.plugins.workflow.multibranch.WorkflowMultiBranchProject
      1 CTO/Apigee-Hybrid/engineering/Ignite Apigee Hybrid Proxy Deploy/apigee-hybrid-az-secure-dal_event_external_v1rh|apigee-hybrid-az-secure-dal_event_external_v1rh|class org.jenkinsci.plugins.workflow.multibranch.WorkflowMultiBranchProject
      1 CTO/Apigee-Hybrid/engineering/Ignite Apigee Hybrid Proxy Deploy/apigee-hybrid-az-secure-complianceconnect_elr_servicenow_v1rh|apigee-hybrid-az-secure-complianceconnect_elr_servicenow_v1rh|class org.jenkinsci.plugins.workflow.multibranch.WorkflowMultiBranchProject
      1 CTO/Apigee-Hybrid/engineering/Ignite Apigee Hybrid Proxy Deploy/apigee-hybrid-az-secure-complianceconnect_elr_servicenow_v1rh
      1 CTO/Apigee-Hybrid/engineering/Ignite Apigee Hybrid Proxy Deploy/apigee-hybrid-az-secure-complianceconnect_elr_salesforce_v1rh|apigee-hybrid-az-secure-complianceconnect_elr_salesforce_v1rh|class org.jenkinsci.plugins.workflow.multibranch.WorkflowMultiBranchProject
      1 CTO/Apigee-Hybrid/engineering/Ignite Apigee Hybrid Proxy Deploy/apigee-hybrid-az-secure-avaamo_microsoft_conversation_v1rh|apigee-hybrid-az-secure-avaamo_microsoft_conversation_v1rh|class org.jenkinsci.plugins.workflow.multibranch.WorkflowMultiBranchProject
      1 CTO/Apigee-Hybrid/engineering/Ignite Apigee Hybrid Proxy Deploy/apigee-hybrid-az-secure-avaamo_microsoft_conversation_v1rh
      1 CTO/Apigee-Hybrid/engineering/Ignite Apigee Hybrid Proxy Deploy/apigee-hybrid-az-secure-aclr_ui_v1rh|apigee-hybrid-az-secure-aclr_ui_v1rh|class org.jenkinsci.plugins.workflow.multibranch.WorkflowMultiBranchProject
      1 CTO/Apigee-Hybrid/engineering/Ignite Apigee Hybrid Proxy Deploy/apigee-hybrid-az-secure-aclr_ui_v1rh
      1 CTO/Apigee-Hybrid/engineering/Ignite Apigee Hybrid Proxy Deploy/apigee-hybrid-az-secure-AutoGenProxy|apigee-hybrid-az-secure-AutoGenProxy|class org.jenkinsci.plugins.workflow.multibranch.WorkflowMultiBranchProject
      1 CTO/Apigee-Hybrid/engineering/Ignite Apigee Hybrid Proxy Deploy/apigee-hybrid-az-secure-AutoGenProxy2|apigee-hybrid-az-secure-AutoGenProxy2|class org.jenkinsci.plugins.workflow.multibranch.WorkflowMultiBranchProject
      1 CTO/Apigee-Hybrid/engineering/Ignite Apigee Hybrid Proxy Deploy/apigee-hybrid-az-secure-AutoGenProxy1|apigee-hybrid-az-secure-AutoGenProxy1|class org.jenkinsci.plugins.workflow.multibranch.WorkflowMultiBranchProject
      1 CTO/Apigee-Hybrid/engineering/Ignite Apigee Hybrid Proxy Deploy/apigee-hybrid-az-secure-AutoGenProxy1
      1 CTO/Apigee-Hybrid/engineering/Ignite Apigee Hybrid Proxy Deploy/apigee-hybrid-automation-testsuite|apigee-hybrid-automation-testsuite|class org.jenkinsci.plugins.workflow.multibranch.WorkflowMultiBranchProject
      1 CTO/Apigee-Hybrid/engineering/Ignite Apigee Hybrid Proxy Deploy/apigee-hybrid-autocal_insulin_infusion_calculator_v20|apigee-hybrid-autocal_insulin_infusion_calculator_v20|class org.jenkinsci.plugins.workflow.multibranch.WorkflowMultiBranchProject
      1 CTO/Apigee-Hybrid/engineering/Ignite Apigee Hybrid Proxy Deploy/apigee-hybrid-auto1|apigee-hybrid-auto1|class org.jenkinsci.plugins.workflow.multibranch.WorkflowMultiBranchProject
      1 CTO/Apigee-Hybrid/engineering/Ignite Apigee Hybrid Proxy Deploy/apigee-hybrid-atlas_get_token_v1|apigee-hybrid-atlas_get_token_v1|class org.jenkinsci.plugins.workflow.multibranch.WorkflowMultiBranchProject
      1 CTO/Apigee-Hybrid/engineering/Ignite Apigee Hybrid Proxy Deploy/apigee-hybrid-aspect_wfm_custom_v1|apigee-hybrid-aspect_wfm_custom_v1|class org.jenkinsci.plugins.workflow.multibranch.WorkflowMultiBranchProject
      1 CTO/Apigee-Hybrid/engineering/Ignite Apigee Hybrid Proxy Deploy/apigee-hybrid-ars_kpirs_v1r|apigee-hybrid-ars_kpirs_v1r|class org.jenkinsci.plugins.workflow.multibranch.WorkflowMultiBranchProject
      1 CTO/Apigee-Hybrid/engineering/Ignite Apigee Hybrid Proxy Deploy/apigee-hybrid-ars_idw_integration|apigee-hybrid-ars_idw_integration|class org.jenkinsci.plugins.workflow.multibranch.WorkflowMultiBranchProject
      1 CTO/Apigee-Hybrid/engineering/Ignite Apigee Hybrid Proxy Deploy/apigee-hybrid-armis_access_token_v1r|apigee-hybrid-armis_access_token_v1r|class org.jenkinsci.plugins.workflow.multibranch.WorkflowMultiBranchProject
      1 CTO/Apigee-Hybrid/engineering/Ignite Apigee Hybrid Proxy Deploy/apigee-hybrid-apptctr-bff-kpmobileappts-apiv1|apigee-hybrid-apptctr-bff-kpmobileappts-apiv1|class org.jenkinsci.plugins.workflow.multibranch.WorkflowMultiBranchProject
      1 CTO/Apigee-Hybrid/engineering/Ignite Apigee Hybrid Proxy Deploy/apigee-hybrid-apptctr-bff-kpmobileappts-apiv1
      1 CTO/Apigee-Hybrid/engineering/Ignite Apigee Hybrid Proxy Deploy/apigee-hybrid-apptctr-bff-kpathsmedicalbooking-apiv1|apigee-hybrid-apptctr-bff-kpathsmedicalbooking-apiv1|class org.jenkinsci.plugins.workflow.multibranch.WorkflowMultiBranchProject
      1 CTO/Apigee-Hybrid/engineering/Ignite Apigee Hybrid Proxy Deploy/apigee-hybrid-apptctr-bff-kpathsmedicalbooking-apiv1
      1 CTO/Apigee-Hybrid/engineering/Ignite Apigee Hybrid Proxy Deploy/apigee-hybrid-apptctr-bff-ecibff-apiv1|apigee-hybrid-apptctr-bff-ecibff-apiv1|class org.jenkinsci.plugins.workflow.multibranch.WorkflowMultiBranchProject
      1 CTO/Apigee-Hybrid/engineering/Ignite Apigee Hybrid Proxy Deploy/apigee-hybrid-apptctr-bff-ecibff-apiv1
      1 CTO/Apigee-Hybrid/engineering/Ignite Apigee Hybrid Proxy Deploy/apigee-hybrid-apptctr-bff-aptmgmt-apiv1|apigee-hybrid-apptctr-bff-aptmgmt-apiv1|class org.jenkinsci.plugins.workflow.multibranch.WorkflowMultiBranchProject
      1 CTO/Apigee-Hybrid/engineering/Ignite Apigee Hybrid Proxy Deploy/apigee-hybrid-appointment_scheduling_v61c|apigee-hybrid-appointment_scheduling_v61c|class org.jenkinsci.plugins.workflow.multibranch.WorkflowMultiBranchProject
      1 CTO/Apigee-Hybrid/engineering/Ignite Apigee Hybrid Proxy Deploy/apigee-hybrid-appointing_choreography_micro_v11rc|apigee-hybrid-appointing_choreography_micro_v11rc|class org.jenkinsci.plugins.workflow.multibranch.WorkflowMultiBranchProject
      1 CTO/Apigee-Hybrid/engineering/Ignite Apigee Hybrid Proxy Deploy/apigee-hybrid-application_mediator_r_v1r|apigee-hybrid-application_mediator_r_v1r|class org.jenkinsci.plugins.workflow.multibranch.WorkflowMultiBranchProject
      1 CTO/Apigee-Hybrid/engineering/Ignite Apigee Hybrid Proxy Deploy/apigee-hybrid-api_ecosystem_v1r|apigee-hybrid-api_ecosystem_v1r|class org.jenkinsci.plugins.workflow.multibranch.WorkflowMultiBranchProject
      1 CTO/Apigee-Hybrid/engineering/Ignite Apigee Hybrid Proxy Deploy/apigee-hybrid-api_ecosystem_basic_v1r|apigee-hybrid-api_ecosystem_basic_v1r|class org.jenkinsci.plugins.workflow.multibranch.WorkflowMultiBranchProject
      1 CTO/Apigee-Hybrid/engineering/Ignite Apigee Hybrid Proxy Deploy/apigee-hybrid-amwell_consumer_enrollment_v1|apigee-hybrid-amwell_consumer_enrollment_v1|class org.jenkinsci.plugins.workflow.multibranch.WorkflowMultiBranchProject
      1 CTO/Apigee-Hybrid/engineering/Ignite Apigee Hybrid Proxy Deploy/apigee-hybrid-amp_test_onelink_multioperation_v2|apigee-hybrid-amp_test_onelink_multioperation_v2|class org.jenkinsci.plugins.workflow.multibranch.WorkflowMultiBranchProject
      1 CTO/Apigee-Hybrid/engineering/Ignite Apigee Hybrid Proxy Deploy/apigee-hybrid-amp_test_onelink_multioperation_v2
      1 CTO/Apigee-Hybrid/engineering/Ignite Apigee Hybrid Proxy Deploy/apigee-hybrid-am_dev_validation_v1r|apigee-hybrid-am_dev_validation_v1r|class org.jenkinsci.plugins.workflow.multibranch.WorkflowMultiBranchProject
      1 CTO/Apigee-Hybrid/engineering/Ignite Apigee Hybrid Proxy Deploy/apigee-hybrid-am_dev_validation_v1rh|apigee-hybrid-am_dev_validation_v1rh|class org.jenkinsci.plugins.workflow.multibranch.WorkflowMultiBranchProject
      1 CTO/Apigee-Hybrid/engineering/Ignite Apigee Hybrid Proxy Deploy/apigee-hybrid-aks-platform-sandboxes|apigee-hybrid-aks-platform-sandboxes|class org.jenkinsci.plugins.workflow.multibranch.WorkflowMultiBranchProject
      1 CTO/Apigee-Hybrid/engineering/Ignite Apigee Hybrid Proxy Deploy/apigee-hybrid-aks-platform-images|apigee-hybrid-aks-platform-images|class org.jenkinsci.plugins.workflow.multibranch.WorkflowMultiBranchProject
      1 CTO/Apigee-Hybrid/engineering/Ignite Apigee Hybrid Proxy Deploy/apigee-hybrid-aks-platform-config|apigee-hybrid-aks-platform-config|class org.jenkinsci.plugins.workflow.multibranch.WorkflowMultiBranchProject
      1 CTO/Apigee-Hybrid/engineering/Ignite Apigee Hybrid Proxy Deploy/apigee-hybrid-ais_metrs_predict_v1r|apigee-hybrid-ais_metrs_predict_v1r|class org.jenkinsci.plugins.workflow.multibranch.WorkflowMultiBranchProject
      1 CTO/Apigee-Hybrid/engineering/Ignite Apigee Hybrid Proxy Deploy/apigee-hybrid-adp_odm_v1r|apigee-hybrid-adp_odm_v1r|class org.jenkinsci.plugins.workflow.multibranch.WorkflowMultiBranchProject
      1 CTO/Apigee-Hybrid/engineering/Ignite Apigee Hybrid Proxy Deploy/apigee-hybrid-adp_odm_poctest1_v1r|apigee-hybrid-adp_odm_poctest1_v1r|class org.jenkinsci.plugins.workflow.multibranch.WorkflowMultiBranchProject
      1 CTO/Apigee-Hybrid/engineering/Ignite Apigee Hybrid Proxy Deploy/apigee-hybrid-adp_odm_poctest1_v1r
      1 CTO/Apigee-Hybrid/engineering/Ignite Apigee Hybrid Proxy Deploy/apigee-hybrid-adobe_sign_api_v6r|apigee-hybrid-adobe_sign_api_v6r|class org.jenkinsci.plugins.workflow.multibranch.WorkflowMultiBranchProject
      1 CTO/Apigee-Hybrid/engineering/Ignite Apigee Hybrid Proxy Deploy/apigee-hybrid-adept_marketo_workforce_v1rh|apigee-hybrid-adept_marketo_workforce_v1rh|class org.jenkinsci.plugins.workflow.multibranch.WorkflowMultiBranchProject
      1 CTO/Apigee-Hybrid/engineering/Ignite Apigee Hybrid Proxy Deploy/apigee-hybrid-address_validation_v3|apigee-hybrid-address_validation_v3|class org.jenkinsci.plugins.workflow.multibranch.WorkflowMultiBranchProject
      1 CTO/Apigee-Hybrid/engineering/Ignite Apigee Hybrid Proxy Deploy/apigee-hybrid-address_validation_v10|apigee-hybrid-address_validation_v10|class org.jenkinsci.plugins.workflow.multibranch.WorkflowMultiBranchProject
      1 CTO/Apigee-Hybrid/engineering/Ignite Apigee Hybrid Proxy Deploy/apigee-hybrid-ada_posthog_v1rh|apigee-hybrid-ada_posthog_v1rh|class org.jenkinsci.plugins.workflow.multibranch.WorkflowMultiBranchProject
      1 CTO/Apigee-Hybrid/engineering/Ignite Apigee Hybrid Proxy Deploy/apigee-hybrid-aclr_v1rh|apigee-hybrid-aclr_v1rh|class org.jenkinsci.plugins.workflow.multibranch.WorkflowMultiBranchProject
      1 CTO/Apigee-Hybrid/engineering/Ignite Apigee Hybrid Proxy Deploy/apigee-hybrid-aclr_ui_v1rh|apigee-hybrid-aclr_ui_v1rh|class org.jenkinsci.plugins.workflow.multibranch.WorkflowMultiBranchProject
      1 CTO/Apigee-Hybrid/engineering/Ignite Apigee Hybrid Proxy Deploy/apigee-hybrid-aclr_ui_v1rh
      1 CTO/Apigee-Hybrid/engineering/Ignite Apigee Hybrid Proxy Deploy/apigee-hybrid-account_financial_inquiry_v10|apigee-hybrid-account_financial_inquiry_v10|class org.jenkinsci.plugins.workflow.multibranch.WorkflowMultiBranchProject
      1 CTO/Apigee-Hybrid/engineering/Ignite Apigee Hybrid Proxy Deploy/apigee-hybrid-account_data_setup_r_v10|apigee-hybrid-account_data_setup_r_v10|class org.jenkinsci.plugins.workflow.multibranch.WorkflowMultiBranchProject
      1 CTO/Apigee-Hybrid/engineering/Ignite Apigee Hybrid Proxy Deploy/apigee-hybrid-accessnow_svc_account_management_v1r|apigee-hybrid-accessnow_svc_account_management_v1r|class org.jenkinsci.plugins.workflow.multibranch.WorkflowMultiBranchProject
      1 CTO/Apigee-Hybrid/engineering/Ignite Apigee Hybrid Proxy Deploy/apigee-hybrid-accessnow_manage_groups_v1rh|apigee-hybrid-accessnow_manage_groups_v1rh|class org.jenkinsci.plugins.workflow.multibranch.WorkflowMultiBranchProject
      1 CTO/Apigee-Hybrid/engineering/Ignite Apigee Hybrid Proxy Deploy/apigee-hybrid-accessnow_generic_v1r|apigee-hybrid-accessnow_generic_v1r|class org.jenkinsci.plugins.workflow.multibranch.WorkflowMultiBranchProject
      1 CTO/Apigee-Hybrid/engineering/Ignite Apigee Hybrid Proxy Deploy/apigee-hybrid-accessnow_ad_groups_management_v1r|apigee-hybrid-accessnow_ad_groups_management_v1r|class org.jenkinsci.plugins.workflow.multibranch.WorkflowMultiBranchProject
      1 CTO/Apigee-Hybrid/engineering/Ignite Apigee Hybrid Proxy Deploy/apigee-hybrid-aca_pingid_v1r|apigee-hybrid-aca_pingid_v1r|class org.jenkinsci.plugins.workflow.multibranch.WorkflowMultiBranchProject
      1 CTO/Apigee-Hybrid/engineering/Ignite Apigee Hybrid Proxy Deploy/apigee-hybrid-abridge_ambient_listening_v1r|apigee-hybrid-abridge_ambient_listening_v1r|class org.jenkinsci.plugins.workflow.multibranch.WorkflowMultiBranchProject
      1 CTO/Apigee-Hybrid/engineering/Ignite Apigee Hybrid Proxy Deploy/apigee-hybrid-WebsocketSample|apigee-hybrid-WebsocketSample|class org.jenkinsci.plugins.workflow.multibranch.WorkflowMultiBranchProject
      1 CTO/Apigee-Hybrid/engineering/Ignite Apigee Hybrid Proxy Deploy/apigee-hybrid-WebsocketSample
      1 CTO/Apigee-Hybrid/engineering/Ignite Apigee Hybrid Proxy Deploy/apigee-hybrid-Search-Engine-MyKP|apigee-hybrid-Search-Engine-MyKP|class org.jenkinsci.plugins.workflow.multibranch.WorkflowMultiBranchProject
      1 CTO/Apigee-Hybrid/engineering/Ignite Apigee Hybrid Proxy Deploy/apigee-hybrid-Search-Engine-KPorg|apigee-hybrid-Search-Engine-KPorg|class org.jenkinsci.plugins.workflow.multibranch.WorkflowMultiBranchProject
      1 CTO/Apigee-Hybrid/engineering/Ignite Apigee Hybrid Proxy Deploy/apigee-hybrid-KPORG-Router-Test-Proxy|apigee-hybrid-KPORG-Router-Test-Proxy|class org.jenkinsci.plugins.workflow.multibranch.WorkflowMultiBranchProject
      1 CTO/Apigee-Hybrid/engineering/Ignite Apigee Hybrid Proxy Deploy/apigee-hybrid-Digital-Notification-API-Internal_2.0v1|apigee-hybrid-Digital-Notification-API-Internal_2.0v1|class org.jenkinsci.plugins.workflow.multibranch.WorkflowMultiBranchProject
      1 CTO/Apigee-Hybrid/engineering/Ignite Apigee Hybrid Proxy Deploy/apigee-hybrid-AMZ-AZ-DMZ-kvm_admin_v1|apigee-hybrid-AMZ-AZ-DMZ-kvm_admin_v1|class org.jenkinsci.plugins.workflow.multibranch.WorkflowMultiBranchProject
      1 CTO/Apigee-Hybrid/engineering/Ignite Apigee Hybrid Proxy Deploy/apigee-hybrid--dmz_my_kp_public_search_api_v10h|apigee-hybrid--dmz_my_kp_public_search_api_v10h|class org.jenkinsci.plugins.workflow.multibranch.WorkflowMultiBranchProject
      1 CTO/Apigee-Hybrid/engineering/Ignite Apigee Hybrid Proxy Deploy/apigee-hybrid--dmz_my_kp_public_search_api_v10h
     43 CTO/Apigee-Hybrid/engineering/Deploy Apigee Hybrid Custom Proxy/custom-apigee-hybrid-epic_patientaccess_gs_external_dexcare_v2012r
     37 CTO/Apigee-Hybrid/engineering/Deploy Apigee Hybrid Custom Proxy/custom-apigee-hybrid-epic_managed_care_account_services_v2010
     36 CTO/Apigee-Hybrid/engineering/Deploy Apigee Hybrid Custom Proxy/custom-apigee-hybrid-epic_patient_access_mychart_bedside_services_v2012r
     35 CTO/Apigee-Hybrid/engineering/Deploy Apigee Hybrid Custom Proxy/custom-apigee-hybrid-myhr_oracle_hcm_ucm_generic_soap_v10
     35 CTO/Apigee-Hybrid/engineering/Deploy Apigee Hybrid Custom Proxy/custom-apigee-hybrid-epims_kp_rx_v1r
     35 CTO/Apigee-Hybrid/engineering/Deploy Apigee Hybrid Custom Proxy/custom-apigee-hybrid-epic_edi_xml_ncpdp_receiver_services_v2017r
     31 CTO/Apigee-Hybrid/engineering/Deploy Apigee Hybrid Custom Proxy/custom-apigee-hybrid-oregon_alert_iis_vaccination_v2011
     29 CTO/Apigee-Hybrid/engineering/Deploy Apigee Hybrid Custom Proxy/custom-apigee-hybrid-epic_edi_fhir_services_r4
     29 CTO/Apigee-Hybrid/engineering/Deploy Apigee Hybrid Custom Proxy/custom-apigee-hybrid-cas_amp_custom_hybrid_v2
     28 CTO/Apigee-Hybrid/engineering/Deploy Apigee Hybrid Custom Proxy/custom-apigee-hybrid-epic_patient_access_ws_v51
     28 CTO/Apigee-Hybrid/engineering/Deploy Apigee Hybrid Custom Proxy/custom-apigee-hybrid-epic_mychart_mobile_services_v2020r
     28 CTO/Apigee-Hybrid/engineering/Deploy Apigee Hybrid Custom Proxy/custom-apigee-hybrid-dms_doc_gen_v10
     27 CTO/Apigee-Hybrid/engineering/Deploy Apigee Hybrid Custom Proxy/custom-apigee-hybrid-user_data_v214
     27 CTO/Apigee-Hybrid/engineering/Deploy Apigee Hybrid Custom Proxy/custom-apigee-hybrid-proxy_management_v1_0_8c
     27 CTO/Apigee-Hybrid/engineering/Deploy Apigee Hybrid Custom Proxy/custom-apigee-hybrid-epic_haiku_canto_rover_listener_apig_s_v3sh
     26 CTO/Apigee-Hybrid/engineering/Deploy Apigee Hybrid Custom Proxy/custom-apigee-hybrid-epims_epharmacy_ivr_v4c
     26 CTO/Apigee-Hybrid/engineering/Deploy Apigee Hybrid Custom Proxy/custom-apigee-hybrid-epic_patient_access_mobile_services_v2013m
     26 CTO/Apigee-Hybrid/engineering/Deploy Apigee Hybrid Custom Proxy/custom-apigee-hybrid-epic_edi_fhir_oauth2_services_api_v2014r
     25 CTO/Apigee-Hybrid/engineering/Deploy Apigee Hybrid Custom Proxy/custom-apigee-hybrid-infosource_search_v1rh
     25 CTO/Apigee-Hybrid/engineering/Deploy Apigee Hybrid Custom Proxy/custom-apigee-hybrid-epims_dispenser_v40
     25 CTO/Apigee-Hybrid/engineering/Deploy Apigee Hybrid Custom Proxy/custom-apigee-hybrid-epic_billing_gs_account_legacy_v2012r
     24 CTO/Apigee-Hybrid/engineering/Deploy Apigee Hybrid Custom Proxy/custom-apigee-hybrid-epims_central_prescriber_mgmt_v50
     23 CTO/Apigee-Hybrid/engineering/Deploy Apigee Hybrid Custom Proxy/custom-apigee-hybrid-interactive_voice_response_v120
     23 CTO/Apigee-Hybrid/engineering/Deploy Apigee Hybrid Custom Proxy/custom-apigee-hybrid-epic_edi_fhir_services_api_v2014r
     23 CTO/Apigee-Hybrid/engineering/Deploy Apigee Hybrid Custom Proxy/custom-apigee-hybrid-cas_amp_custom_validation_v2sh
     23 CTO/Apigee-Hybrid/engineering/Deploy Apigee Hybrid Custom Proxy/custom-apigee-hybrid-atlas_get_token_v20r
     22 CTO/Apigee-Hybrid/engineering/Deploy Apigee Hybrid Custom Proxy/custom-apigee-hybrid-myhr_oracle_hcm_schedule_report_v1
     22 CTO/Apigee-Hybrid/engineering/Deploy Apigee Hybrid Custom Proxy/custom-apigee-hybrid-kphc_store_document_v3m
     22 CTO/Apigee-Hybrid/engineering/Deploy Apigee Hybrid Custom Proxy/custom-apigee-hybrid-kphc_get_prof_billing_details_legacy_v1
     22 CTO/Apigee-Hybrid/engineering/Deploy Apigee Hybrid Custom Proxy/custom-apigee-hybrid-epic_tapestry_apclaims_v2017_kphckpcc_outbound
     22 CTO/Apigee-Hybrid/engineering/Deploy Apigee Hybrid Custom Proxy/custom-apigee-hybrid-ansible_automation_controller_v4r
     21 CTO/Apigee-Hybrid/engineering/Deploy Apigee Hybrid Custom Proxy/custom-apigee-hybrid-kphc_lsp_application_v10r_c
     21 CTO/Apigee-Hybrid/engineering/Deploy Apigee Hybrid Custom Proxy/custom-apigee-hybrid-epic_patientaccess_gs_external_dexcare_v2014r
     21 CTO/Apigee-Hybrid/engineering/Deploy Apigee Hybrid Custom Proxy/custom-apigee-hybrid-epic_billing_gs_external_legacy_v2019r
     21 CTO/Apigee-Hybrid/engineering/Deploy Apigee Hybrid Custom Proxy/custom-apigee-hybrid-contract_production_composition_v1r
     21 CTO/Apigee-Hybrid/engineering/Deploy Apigee Hybrid Custom Proxy/custom-apigee-hybrid-clinician_connect_api_v2r
     20 CTO/Apigee-Hybrid/engineering/Deploy Apigee Hybrid Custom Proxy/custom-apigee-hybrid-storeinformation_v40
     20 CTO/Apigee-Hybrid/engineering/Deploy Apigee Hybrid Custom Proxy/custom-apigee-hybrid-onelink_apex_vendor_data_inbound_v1r
     20 CTO/Apigee-Hybrid/engineering/Deploy Apigee Hybrid Custom Proxy/custom-apigee-hybrid-epic_core_services_accessnow_v200804
     20 CTO/Apigee-Hybrid/engineering/Deploy Apigee Hybrid Custom Proxy/custom-apigee-hybrid-cas_amp_def_and_unified_v1r
     19 CTO/Apigee-Hybrid/engineering/Deploy Apigee Hybrid Custom Proxy/custom-apigee-hybrid-epic_security_gs_personnel_management_accessnow_v2016
     19 CTO/Apigee-Hybrid/engineering/Deploy Apigee Hybrid Custom Proxy/custom-apigee-hybrid-epic_nebula_cognitive_computing_v1r
     18 CTO/Apigee-Hybrid/engineering/Deploy Apigee Hybrid Custom Proxy/custom-apigee-hybrid-salesconnect_partner_v1
     18 CTO/Apigee-Hybrid/engineering/Deploy Apigee Hybrid Custom Proxy/custom-apigee-hybrid-oracle_hcm_saas_r_v10
     18 CTO/Apigee-Hybrid/engineering/Deploy Apigee Hybrid Custom Proxy/custom-apigee-hybrid-kphc_get_guarantor_account_legacy_v1
     17 CTO/Apigee-Hybrid/engineering/Deploy Apigee Hybrid Custom Proxy/custom-apigee-hybrid-mps_pie_common_services_api
     17 CTO/Apigee-Hybrid/engineering/Deploy Apigee Hybrid Custom Proxy/custom-apigee-hybrid-member_enrollment_v1
     17 CTO/Apigee-Hybrid/engineering/Deploy Apigee Hybrid Custom Proxy/custom-apigee-hybrid-kp_polaris_epicschedulingprovider_v2013
     17 CTO/Apigee-Hybrid/engineering/Deploy Apigee Hybrid Custom Proxy/custom-apigee-hybrid-hp_chats_webchat_v1
     17 CTO/Apigee-Hybrid/engineering/Deploy Apigee Hybrid Custom Proxy/custom-apigee-hybrid-epic_security_gs_personnel_management_accessnow_v2014
     17 CTO/Apigee-Hybrid/engineering/Deploy Apigee Hybrid Custom Proxy/custom-apigee-hybrid-epic_patientaccess_gs_external_services_v2018Br
     17 CTO/Apigee-Hybrid/engineering/Deploy Apigee Hybrid Custom Proxy/custom-apigee-hybrid-epic_haiku_canto_rover_oauth2_apig_v3rh
     17 CTO/Apigee-Hybrid/engineering/Deploy Apigee Hybrid Custom Proxy/custom-apigee-hybrid-epic_haiku_canto_rover_mobile_apig_r_v3rh
     17 CTO/Apigee-Hybrid/engineering/Deploy Apigee Hybrid Custom Proxy/custom-apigee-hybrid-atlas_update_v20r
     16 CTO/Apigee-Hybrid/engineering/Deploy Apigee Hybrid Custom Proxy/custom-apigee-hybrid-kphc_get_blank_questionnaire_fam_v1
     16 CTO/Apigee-Hybrid/engineering/Deploy Apigee Hybrid Custom Proxy/custom-apigee-hybrid-kphc_get_appt_home_v1
     16 CTO/Apigee-Hybrid/engineering/Deploy Apigee Hybrid Custom Proxy/custom-apigee-hybrid-epims_eps_outbound_patient_message_v40
     16 CTO/Apigee-Hybrid/engineering/Deploy Apigee Hybrid Custom Proxy/custom-apigee-hybrid-epims_epr_ecompatient_v7
     16 CTO/Apigee-Hybrid/engineering/Deploy Apigee Hybrid Custom Proxy/custom-apigee-hybrid-epic_haiku_canto_apig_v2rh
     16 CTO/Apigee-Hybrid/engineering/Deploy Apigee Hybrid Custom Proxy/custom-apigee-hybrid-dnp_notification_v2ch
     15 CTO/Apigee-Hybrid/engineering/Deploy Apigee Hybrid Custom Proxy/custom-apigee-hybrid-one_link_attachment_service
     15 CTO/Apigee-Hybrid/engineering/Deploy Apigee Hybrid Custom Proxy/custom-apigee-hybrid-myhr_oracle_hcm_extract_web_v10
     15 CTO/Apigee-Hybrid/engineering/Deploy Apigee Hybrid Custom Proxy/custom-apigee-hybrid-epic_patientaccess_gs_account_legacy_v2020r
     15 CTO/Apigee-Hybrid/engineering/Deploy Apigee Hybrid Custom Proxy/custom-apigee-hybrid-epic_mychart_mobile_care_services_v2020r
     14 CTO/Apigee-Hybrid/engineering/Deploy Apigee Hybrid Custom Proxy/custom-apigee-hybrid-unit4_services_v1
     14 CTO/Apigee-Hybrid/engineering/Deploy Apigee Hybrid Custom Proxy/custom-apigee-hybrid-notification_platform_event_v1_2mch
     14 CTO/Apigee-Hybrid/engineering/Deploy Apigee Hybrid Custom Proxy/custom-apigee-hybrid-non_member_carsws_v20
     14 CTO/Apigee-Hybrid/engineering/Deploy Apigee Hybrid Custom Proxy/custom-apigee-hybrid-national_member_s_v20
     14 CTO/Apigee-Hybrid/engineering/Deploy Apigee Hybrid Custom Proxy/custom-apigee-hybrid-my_kp_application_v1h
     14 CTO/Apigee-Hybrid/engineering/Deploy Apigee Hybrid Custom Proxy/custom-apigee-hybrid-metlife_soh_v1
     14 CTO/Apigee-Hybrid/engineering/Deploy Apigee Hybrid Custom Proxy/custom-apigee-hybrid-member_subgroup_transfer_v10
     14 CTO/Apigee-Hybrid/engineering/Deploy Apigee Hybrid Custom Proxy/custom-apigee-hybrid-kphc_store_document_legacy_v3
     14 CTO/Apigee-Hybrid/engineering/Deploy Apigee Hybrid Custom Proxy/custom-apigee-hybrid-kphc_store_document_legacy_v2
     14 CTO/Apigee-Hybrid/engineering/Deploy Apigee Hybrid Custom Proxy/custom-apigee-hybrid-kphc_get_demographics_legacy_v2s
     14 CTO/Apigee-Hybrid/engineering/Deploy Apigee Hybrid Custom Proxy/custom-apigee-hybrid-kp_polaris_oauth2
     14 CTO/Apigee-Hybrid/engineering/Deploy Apigee Hybrid Custom Proxy/custom-apigee-hybrid-kp_polaris_epicsecuritypersonnelmanagement_v2014
     14 CTO/Apigee-Hybrid/engineering/Deploy Apigee Hybrid Custom Proxy/custom-apigee-hybrid-epims_nonkphc_in_bound_v1r
     14 CTO/Apigee-Hybrid/engineering/Deploy Apigee Hybrid Custom Proxy/custom-apigee-hybrid-epims_kphc_inbound_v1r
     14 CTO/Apigee-Hybrid/engineering/Deploy Apigee Hybrid Custom Proxy/custom-apigee-hybrid-epic_printing_gs_eps_local_v2017r
     14 CTO/Apigee-Hybrid/engineering/Deploy Apigee Hybrid Custom Proxy/custom-apigee-hybrid-epic_patientaccess_gs_account_legacy_v2018r
     14 CTO/Apigee-Hybrid/engineering/Deploy Apigee Hybrid Custom Proxy/custom-apigee-hybrid-epic_empi_gs_patient_services_v2012a
     14 CTO/Apigee-Hybrid/engineering/Deploy Apigee Hybrid Custom Proxy/custom-apigee-hybrid-epic_clinical_notes_services_v2017r
     14 CTO/Apigee-Hybrid/engineering/Deploy Apigee Hybrid Custom Proxy/custom-apigee-hybrid-employer_broker_selfservice_internal_bff_v1r
     14 CTO/Apigee-Hybrid/engineering/Deploy Apigee Hybrid Custom Proxy/custom-apigee-hybrid-dpt_messaging_v2c
     14 CTO/Apigee-Hybrid/engineering/Deploy Apigee Hybrid Custom Proxy/custom-apigee-hybrid-contract_production_decision_v1r
     13 CTO/Apigee-Hybrid/engineering/Deploy Apigee Hybrid Custom Proxy/custom-apigee-hybrid-update_nonpatient_demographics_api_v1sh
     13 CTO/Apigee-Hybrid/engineering/Deploy Apigee Hybrid Custom Proxy/custom-apigee-hybrid-qmsi_po_and_iut_receipt_v10
     13 CTO/Apigee-Hybrid/engineering/Deploy Apigee Hybrid Custom Proxy/custom-apigee-hybrid-nps_hbaf_report_v1r
     13 CTO/Apigee-Hybrid/engineering/Deploy Apigee Hybrid Custom Proxy/custom-apigee-hybrid-mykp_workforce_notifications_v10h
     13 CTO/Apigee-Hybrid/engineering/Deploy Apigee Hybrid Custom Proxy/custom-apigee-hybrid-member_inquiry_v21
     13 CTO/Apigee-Hybrid/engineering/Deploy Apigee Hybrid Custom Proxy/custom-apigee-hybrid-kphc_store_document_v2
     13 CTO/Apigee-Hybrid/engineering/Deploy Apigee Hybrid Custom Proxy/custom-apigee-hybrid-kphc_put_questionnaire_fam_v2s
     13 CTO/Apigee-Hybrid/engineering/Deploy Apigee Hybrid Custom Proxy/custom-apigee-hybrid-epic_common_gs_patient_services_v2010
     13 CTO/Apigee-Hybrid/engineering/Deploy Apigee Hybrid Custom Proxy/custom-apigee-hybrid-bpa_api_v10r
     12 CTO/Apigee-Hybrid/engineering/Deploy Apigee Hybrid Custom Proxy/custom-apigee-hybrid-kp_polaris_stu3
     12 CTO/Apigee-Hybrid/engineering/Deploy Apigee Hybrid Custom Proxy/custom-apigee-hybrid-kp_polaris_r4
     12 CTO/Apigee-Hybrid/engineering/Deploy Apigee Hybrid Custom Proxy/custom-apigee-hybrid-kp_polaris_dstu2
     12 CTO/Apigee-Hybrid/engineering/Deploy Apigee Hybrid Custom Proxy/custom-apigee-hybrid-group_membership_list_v20
     12 CTO/Apigee-Hybrid/engineering/Deploy Apigee Hybrid Custom Proxy/custom-apigee-hybrid-epims_rms_inventory_v10
     12 CTO/Apigee-Hybrid/engineering/Deploy Apigee Hybrid Custom Proxy/custom-apigee-hybrid-epic_security_gs_personnel_management_accessnow_v2012
     12 CTO/Apigee-Hybrid/engineering/Deploy Apigee Hybrid Custom Proxy/custom-apigee-hybrid-epic_revenue_managedcare_v2019r
     12 CTO/Apigee-Hybrid/engineering/Deploy Apigee Hybrid Custom Proxy/custom-apigee-hybrid-epic_haiku_canto_rover_prelogin_r_v3rh
     12 CTO/Apigee-Hybrid/engineering/Deploy Apigee Hybrid Custom Proxy/custom-apigee-hybrid-epic_fhir_Metadata_r4_mux
     12 CTO/Apigee-Hybrid/engineering/Deploy Apigee Hybrid Custom Proxy/custom-apigee-hybrid-epic_clinical_gs_notes_fam_v2018r
     12 CTO/Apigee-Hybrid/engineering/Deploy Apigee Hybrid Custom Proxy/custom-apigee-hybrid-cost_model_web_v10
     12 CTO/Apigee-Hybrid/engineering/Deploy Apigee Hybrid Custom Proxy/custom-apigee-hybrid-cas_amp_validation_custom_v1rh
     11 CTO/Apigee-Hybrid/engineering/Deploy Apigee Hybrid Custom Proxy/custom-apigee-hybrid-video_visits_api_v3
     11 CTO/Apigee-Hybrid/engineering/Deploy Apigee Hybrid Custom Proxy/custom-apigee-hybrid-one_link_multi_operation_api_v10
     11 CTO/Apigee-Hybrid/engineering/Deploy Apigee Hybrid Custom Proxy/custom-apigee-hybrid-member_information_v1r
     11 CTO/Apigee-Hybrid/engineering/Deploy Apigee Hybrid Custom Proxy/custom-apigee-hybrid-kphc_text_message_option_v1
     11 CTO/Apigee-Hybrid/engineering/Deploy Apigee Hybrid Custom Proxy/custom-apigee-hybrid-kphc_pointclickcare_webhook_listener_v1r
     11 CTO/Apigee-Hybrid/engineering/Deploy Apigee Hybrid Custom Proxy/custom-apigee-hybrid-kphc_orca_legacy_v1
     11 CTO/Apigee-Hybrid/engineering/Deploy Apigee Hybrid Custom Proxy/custom-apigee-hybrid-kphc_get_referral_claims_legacy_v3s
     11 CTO/Apigee-Hybrid/engineering/Deploy Apigee Hybrid Custom Proxy/custom-apigee-hybrid-kphc_get_demographics_v3
     11 CTO/Apigee-Hybrid/engineering/Deploy Apigee Hybrid Custom Proxy/custom-apigee-hybrid-kp_polaris_openpk
     11 CTO/Apigee-Hybrid/engineering/Deploy Apigee Hybrid Custom Proxy/custom-apigee-hybrid-kp_polaris_epicclinicalvoiceassistant_v2021
     11 CTO/Apigee-Hybrid/engineering/Deploy Apigee Hybrid Custom Proxy/custom-apigee-hybrid-epic_haiku_canto_rover_signalr_r_v3rh
     11 CTO/Apigee-Hybrid/engineering/Deploy Apigee Hybrid Custom Proxy/custom-apigee-hybrid-epic_edi_xml_sure_scripts_receiver_services_v2015r
     11 CTO/Apigee-Hybrid/engineering/Deploy Apigee Hybrid Custom Proxy/custom-apigee-hybrid-epic_access_gs_referral_services_v2012
     11 CTO/Apigee-Hybrid/engineering/Deploy Apigee Hybrid Custom Proxy/custom-apigee-hybrid-covid_accumulation_v1rc
     11 CTO/Apigee-Hybrid/engineering/Deploy Apigee Hybrid Custom Proxy/custom-apigee-hybrid-cdads_member_preference_notification_v10r
     11 CTO/Apigee-Hybrid/engineering/Deploy Apigee Hybrid Custom Proxy/custom-apigee-hybrid-cafm_building_information_v10
     11 CTO/Apigee-Hybrid/engineering/Deploy Apigee Hybrid Custom Proxy/custom-apigee-hybrid-amp_dev_team_test_v3rh
     10 CTO/Apigee-Hybrid/engineering/Deploy Apigee Hybrid Custom Proxy/custom-apigee-hybrid-tms_memberbenefitsinquiry_v10
     10 CTO/Apigee-Hybrid/engineering/Deploy Apigee Hybrid Custom Proxy/custom-apigee-hybrid-tempus_epic_ppsapi_v1
     10 CTO/Apigee-Hybrid/engineering/Deploy Apigee Hybrid Custom Proxy/custom-apigee-hybrid-system_availability_v10
     10 CTO/Apigee-Hybrid/engineering/Deploy Apigee Hybrid Custom Proxy/custom-apigee-hybrid-surescripts_eligibility_messaging_v10r
     10 CTO/Apigee-Hybrid/engineering/Deploy Apigee Hybrid Custom Proxy/custom-apigee-hybrid-myhr_oracle_hcm_erp_integration_v10
     10 CTO/Apigee-Hybrid/engineering/Deploy Apigee Hybrid Custom Proxy/custom-apigee-hybrid-mps_pie_account_balance_v1
     10 CTO/Apigee-Hybrid/engineering/Deploy Apigee Hybrid Custom Proxy/custom-apigee-hybrid-kphc_get_user_base_deployment_v1
     10 CTO/Apigee-Hybrid/engineering/Deploy Apigee Hybrid Custom Proxy/custom-apigee-hybrid-kphc_get_referrals_v4
     10 CTO/Apigee-Hybrid/engineering/Deploy Apigee Hybrid Custom Proxy/custom-apigee-hybrid-kphc_get_hosp_billing_account_legacy_v1
     10 CTO/Apigee-Hybrid/engineering/Deploy Apigee Hybrid Custom Proxy/custom-apigee-hybrid-kphc_get_guarantor_patient_list_legacy_v2r
     10 CTO/Apigee-Hybrid/engineering/Deploy Apigee Hybrid Custom Proxy/custom-apigee-hybrid-kphc_comm_prefs_fam_v1
     10 CTO/Apigee-Hybrid/engineering/Deploy Apigee Hybrid Custom Proxy/custom-apigee-hybrid-kpcc_kphc_get_coverages_v4
     10 CTO/Apigee-Hybrid/engineering/Deploy Apigee Hybrid Custom Proxy/custom-apigee-hybrid-gen5_private_cloud_management_platform_websocket_v1rh
     10 CTO/Apigee-Hybrid/engineering/Deploy Apigee Hybrid Custom Proxy/custom-apigee-hybrid-gen5_aiops_websocket_v1rh
     10 CTO/Apigee-Hybrid/engineering/Deploy Apigee Hybrid Custom Proxy/custom-apigee-hybrid-epic_telehealth_gs_external_eoauth_v2020r
     10 CTO/Apigee-Hybrid/engineering/Deploy Apigee Hybrid Custom Proxy/custom-apigee-hybrid-epic_telehealth_gs_contextlinking_eoauth_v2018r
     10 CTO/Apigee-Hybrid/engineering/Deploy Apigee Hybrid Custom Proxy/custom-apigee-hybrid-epic_patient_access_mobile_services_v2020
     10 CTO/Apigee-Hybrid/engineering/Deploy Apigee Hybrid Custom Proxy/custom-apigee-hybrid-epic_fhir_practitioner_r4_mux
     10 CTO/Apigee-Hybrid/engineering/Deploy Apigee Hybrid Custom Proxy/custom-apigee-hybrid-epic_fhir_patient_r4_mux
     10 CTO/Apigee-Hybrid/engineering/Deploy Apigee Hybrid Custom Proxy/custom-apigee-hybrid-epic_fhir_muxoauth2_v2021
     10 CTO/Apigee-Hybrid/engineering/Deploy Apigee Hybrid Custom Proxy/custom-apigee-hybrid-epic_fhir_documentreference_r4_mux
     10 CTO/Apigee-Hybrid/engineering/Deploy Apigee Hybrid Custom Proxy/custom-apigee-hybrid-epic_common_gs_patient_dexcare_v2015r
     10 CTO/Apigee-Hybrid/engineering/Deploy Apigee Hybrid Custom Proxy/custom-apigee-hybrid-epic_clinical_gs_patient_v2011
     10 CTO/Apigee-Hybrid/engineering/Deploy Apigee Hybrid Custom Proxy/custom-apigee-hybrid-epic_billing_external_v2017r
     10 CTO/Apigee-Hybrid/engineering/Deploy Apigee Hybrid Custom Proxy/custom-apigee-hybrid-empi_service_api
     10 CTO/Apigee-Hybrid/engineering/Deploy Apigee Hybrid Custom Proxy/custom-apigee-hybrid-choose_your_doctor_v1
     10 CTO/Apigee-Hybrid/engineering/Deploy Apigee Hybrid Custom Proxy/custom-apigee-hybrid-bpm_task_apir_v10
     10 CTO/Apigee-Hybrid/engineering/Deploy Apigee Hybrid Custom Proxy/custom-apigee-hybrid-benefits_validation_v11
     10 CTO/Apigee-Hybrid/engineering/Deploy Apigee Hybrid Custom Proxy/custom-apigee-hybrid-atlas_application_full_report_v2r
      9 CTO/Apigee-Hybrid/engineering/Deploy Apigee Hybrid Custom Proxy/custom-apigee-hybrid-sbmo_epims_v4
      9 CTO/Apigee-Hybrid/engineering/Deploy Apigee Hybrid Custom Proxy/custom-apigee-hybrid-sales_eligibility_engine_service_area_v1r
      9 CTO/Apigee-Hybrid/engineering/Deploy Apigee Hybrid Custom Proxy/custom-apigee-hybrid-kpmc_restproxy_v1r
      9 CTO/Apigee-Hybrid/engineering/Deploy Apigee Hybrid Custom Proxy/custom-apigee-hybrid-kphc_send_inbasket_message_v1
      9 CTO/Apigee-Hybrid/engineering/Deploy Apigee Hybrid Custom Proxy/custom-apigee-hybrid-kphc_orders_v2
      9 CTO/Apigee-Hybrid/engineering/Deploy Apigee Hybrid Custom Proxy/custom-apigee-hybrid-kphc_haikucanto_v20r
      9 CTO/Apigee-Hybrid/engineering/Deploy Apigee Hybrid Custom Proxy/custom-apigee-hybrid-kphc_get_encounters_v3
      9 CTO/Apigee-Hybrid/engineering/Deploy Apigee Hybrid Custom Proxy/custom-apigee-hybrid-kphc_get_demographics_v1
      9 CTO/Apigee-Hybrid/engineering/Deploy Apigee Hybrid Custom Proxy/custom-apigee-hybrid-kphc_get_appt_details_v4
      9 CTO/Apigee-Hybrid/engineering/Deploy Apigee Hybrid Custom Proxy/custom-apigee-hybrid-iam_user_management_v1
      9 CTO/Apigee-Hybrid/engineering/Deploy Apigee Hybrid Custom Proxy/custom-apigee-hybrid-health_plan_kpx_v1rc
      9 CTO/Apigee-Hybrid/engineering/Deploy Apigee Hybrid Custom Proxy/custom-apigee-hybrid-epic_web_blob_v2017r
      9 CTO/Apigee-Hybrid/engineering/Deploy Apigee Hybrid Custom Proxy/custom-apigee-hybrid-epic_reporting_predictive_services_v2017r
      9 CTO/Apigee-Hybrid/engineering/Deploy Apigee Hybrid Custom Proxy/custom-apigee-hybrid-epic_fhir_servicerequest_r4_mux
      9 CTO/Apigee-Hybrid/engineering/Deploy Apigee Hybrid Custom Proxy/custom-apigee-hybrid-epic_common_gs_patient_services_v2015r
      9 CTO/Apigee-Hybrid/engineering/Deploy Apigee Hybrid Custom Proxy/custom-apigee-hybrid-epic_clinical_pharmacy_v2018s
      9 CTO/Apigee-Hybrid/engineering/Deploy Apigee Hybrid Custom Proxy/custom-apigee-hybrid-emc_cache_lookup
      9 CTO/Apigee-Hybrid/engineering/Deploy Apigee Hybrid Custom Proxy/custom-apigee-hybrid-covid_claim_submission_v1r
      9 CTO/Apigee-Hybrid/engineering/Deploy Apigee Hybrid Custom Proxy/custom-apigee-hybrid-cm_memberinquiry_v10
      9 CTO/Apigee-Hybrid/engineering/Deploy Apigee Hybrid Custom Proxy/custom-apigee-hybrid-chart_of_accounts_microservice_v1r
      8 CTO/Apigee-Hybrid/engineering/Deploy Apigee Hybrid Custom Proxy/custom-apigee-hybrid-user_identifier_external_v1r
      8 CTO/Apigee-Hybrid/engineering/Deploy Apigee Hybrid Custom Proxy/custom-apigee-hybrid-pharmacy_mobile_checkin_v1rc
      8 CTO/Apigee-Hybrid/engineering/Deploy Apigee Hybrid Custom Proxy/custom-apigee-hybrid-nps_interfaces_gateway_v10r
      8 CTO/Apigee-Hybrid/engineering/Deploy Apigee Hybrid Custom Proxy/custom-apigee-hybrid-my_kp_secured_search_api_v10h
      8 CTO/Apigee-Hybrid/engineering/Deploy Apigee Hybrid Custom Proxy/custom-apigee-hybrid-mps_pie_scheduled_payments_v1
      8 CTO/Apigee-Hybrid/engineering/Deploy Apigee Hybrid Custom Proxy/custom-apigee-hybrid-kpx-access-apiv1
      8 CTO/Apigee-Hybrid/engineering/Deploy Apigee Hybrid Custom Proxy/custom-apigee-hybrid-kpmc_ssindvbinderpayment_bff_v1_1r
      8 CTO/Apigee-Hybrid/engineering/Deploy Apigee Hybrid Custom Proxy/custom-apigee-hybrid-kpmc_cam_group_sor_v1r
      8 CTO/Apigee-Hybrid/engineering/Deploy Apigee Hybrid Custom Proxy/custom-apigee-hybrid-kpmc_bill_and_pay_bff_v1_1r
      8 CTO/Apigee-Hybrid/engineering/Deploy Apigee Hybrid Custom Proxy/custom-apigee-hybrid-kphp_fhir_resources_r4
      8 CTO/Apigee-Hybrid/engineering/Deploy Apigee Hybrid Custom Proxy/custom-apigee-hybrid-kphc_put_questionnaire_v1
      8 CTO/Apigee-Hybrid/engineering/Deploy Apigee Hybrid Custom Proxy/custom-apigee-hybrid-kphc_medications_v5
      8 CTO/Apigee-Hybrid/engineering/Deploy Apigee Hybrid Custom Proxy/custom-apigee-hybrid-kphc_lab_orders_v5
      8 CTO/Apigee-Hybrid/engineering/Deploy Apigee Hybrid Custom Proxy/custom-apigee-hybrid-kphc_lab_orders_v3
      8 CTO/Apigee-Hybrid/engineering/Deploy Apigee Hybrid Custom Proxy/custom-apigee-hybrid-kphc_get_referral_claims_v3
      8 CTO/Apigee-Hybrid/engineering/Deploy Apigee Hybrid Custom Proxy/custom-apigee-hybrid-kp_polaris_legacy_oauth2
      8 CTO/Apigee-Hybrid/engineering/Deploy Apigee Hybrid Custom Proxy/custom-apigee-hybrid-kp_polaris_epicedisoapreceiver_v2009
      8 CTO/Apigee-Hybrid/engineering/Deploy Apigee Hybrid Custom Proxy/custom-apigee-hybrid-kp_polaris_epicedihl7v2receiver_v2015
      8 CTO/Apigee-Hybrid/engineering/Deploy Apigee Hybrid Custom Proxy/custom-apigee-hybrid-kp_polaris_epiccreditcard_v2016
      8 CTO/Apigee-Hybrid/engineering/Deploy Apigee Hybrid Custom Proxy/custom-apigee-hybrid-kp2020_ocuco_a2r
      8 CTO/Apigee-Hybrid/engineering/Deploy Apigee Hybrid Custom Proxy/custom-apigee-hybrid-identity_hub_v20
      8 CTO/Apigee-Hybrid/engineering/Deploy Apigee Hybrid Custom Proxy/custom-apigee-hybrid-groupsetup
      8 CTO/Apigee-Hybrid/engineering/Deploy Apigee Hybrid Custom Proxy/custom-apigee-hybrid-etl_odw_bigpanda_v1r
      8 CTO/Apigee-Hybrid/engineering/Deploy Apigee Hybrid Custom Proxy/custom-apigee-hybrid-epic_tapestry_apclaims_v2022s
      8 CTO/Apigee-Hybrid/engineering/Deploy Apigee Hybrid Custom Proxy/custom-apigee-hybrid-epic_scheduling_gs_provider_dexcare_v2012r
      8 CTO/Apigee-Hybrid/engineering/Deploy Apigee Hybrid Custom Proxy/custom-apigee-hybrid-epic_reporting_predictive_v2018r
      8 CTO/Apigee-Hybrid/engineering/Deploy Apigee Hybrid Custom Proxy/custom-apigee-hybrid-epic_fhir_task_r4_mux
      8 CTO/Apigee-Hybrid/engineering/Deploy Apigee Hybrid Custom Proxy/custom-apigee-hybrid-epic_edi_fhir_routing_services_api_v1
      8 CTO/Apigee-Hybrid/engineering/Deploy Apigee Hybrid Custom Proxy/custom-apigee-hybrid-epic_common_gs_user_accessnow_v2011
      8 CTO/Apigee-Hybrid/engineering/Deploy Apigee Hybrid Custom Proxy/custom-apigee-hybrid-dss_wex_search_r_v10
      8 CTO/Apigee-Hybrid/engineering/Deploy Apigee Hybrid Custom Proxy/custom-apigee-hybrid-dast_amp_custom_validation_v1rh
      8 CTO/Apigee-Hybrid/engineering/Deploy Apigee Hybrid Custom Proxy/custom-apigee-hybrid-clinicianconnect_api_v3
      7 CTO/Apigee-Hybrid/engineering/Deploy Apigee Hybrid Custom Proxy/custom-apigee-hybrid-one_link_macro_helix_inbound_v10
      7 CTO/Apigee-Hybrid/engineering/Deploy Apigee Hybrid Custom Proxy/custom-apigee-hybrid-nuvolo_paragon_v1r
      7 CTO/Apigee-Hybrid/engineering/Deploy Apigee Hybrid Custom Proxy/custom-apigee-hybrid-nps_rqr_management_v1r
      7 CTO/Apigee-Hybrid/engineering/Deploy Apigee Hybrid Custom Proxy/custom-apigee-hybrid-nce_member_profile_eligibility_v10_c
      7 CTO/Apigee-Hybrid/engineering/Deploy Apigee Hybrid Custom Proxy/custom-apigee-hybrid-my_kp_public_search_api_v10h
      7 CTO/Apigee-Hybrid/engineering/Deploy Apigee Hybrid Custom Proxy/custom-apigee-hybrid-my_hr_people_fluent_r_api
      7 CTO/Apigee-Hybrid/engineering/Deploy Apigee Hybrid Custom Proxy/custom-apigee-hybrid-mps_pie_payment_initiation_v1
      7 CTO/Apigee-Hybrid/engineering/Deploy Apigee Hybrid Custom Proxy/custom-apigee-hybrid-member_inquiry_v20
      7 CTO/Apigee-Hybrid/engineering/Deploy Apigee Hybrid Custom Proxy/custom-apigee-hybrid-mbrshp_member_self_service_bff_v1r
      7 CTO/Apigee-Hybrid/engineering/Deploy Apigee Hybrid Custom Proxy/custom-apigee-hybrid-mbrshp_bff_ssgroupservice_v1r
      7 CTO/Apigee-Hybrid/engineering/Deploy Apigee Hybrid Custom Proxy/custom-apigee-hybrid-mbrshp_bff_ss_member_inquiry_v1r
      7 CTO/Apigee-Hybrid/engineering/Deploy Apigee Hybrid Custom Proxy/custom-apigee-hybrid-kpmc_documents_internal_bff_v1
      7 CTO/Apigee-Hybrid/engineering/Deploy Apigee Hybrid Custom Proxy/custom-apigee-hybrid-kphc_patient_care_team_v4
      7 CTO/Apigee-Hybrid/engineering/Deploy Apigee Hybrid Custom Proxy/custom-apigee-hybrid-kphc_get_encounters_v2
      7 CTO/Apigee-Hybrid/engineering/Deploy Apigee Hybrid Custom Proxy/custom-apigee-hybrid-kp_polaris_legacy_r4
      7 CTO/Apigee-Hybrid/engineering/Deploy Apigee Hybrid Custom Proxy/custom-apigee-hybrid-kp_polaris_epictelehealthexternal_v2020
      7 CTO/Apigee-Hybrid/engineering/Deploy Apigee Hybrid Custom Proxy/custom-apigee-hybrid-kp_polaris_epicedixmlreceiver_v2022
      7 CTO/Apigee-Hybrid/engineering/Deploy Apigee Hybrid Custom Proxy/custom-apigee-hybrid-kp_polaris_epicclinicalutility_v2013
      7 CTO/Apigee-Hybrid/engineering/Deploy Apigee Hybrid Custom Proxy/custom-apigee-hybrid-itops_ips_foglifter_v1r
      7 CTO/Apigee-Hybrid/engineering/Deploy Apigee Hybrid Custom Proxy/custom-apigee-hybrid-gsl_rx_api_v10
      7 CTO/Apigee-Hybrid/engineering/Deploy Apigee Hybrid Custom Proxy/custom-apigee-hybrid-epims_eps_inventory_v60
      7 CTO/Apigee-Hybrid/engineering/Deploy Apigee Hybrid Custom Proxy/custom-apigee-hybrid-epic_scheduling_gs_patient_services_v2011
      7 CTO/Apigee-Hybrid/engineering/Deploy Apigee Hybrid Custom Proxy/custom-apigee-hybrid-epic_oauth2introspect_v2023r
      7 CTO/Apigee-Hybrid/engineering/Deploy Apigee Hybrid Custom Proxy/custom-apigee-hybrid-epic_fhir_patient_empi_r4_mux
      7 CTO/Apigee-Hybrid/engineering/Deploy Apigee Hybrid Custom Proxy/custom-apigee-hybrid-epic_edi_fhir_metadata_dstu2_mux
      7 CTO/Apigee-Hybrid/engineering/Deploy Apigee Hybrid Custom Proxy/custom-apigee-hybrid-dss_wex_autocomplete_r_v10
      7 CTO/Apigee-Hybrid/engineering/Deploy Apigee Hybrid Custom Proxy/custom-apigee-hybrid-cpx_gateway_inbound_tempus_v1r
      7 CTO/Apigee-Hybrid/engineering/Deploy Apigee Hybrid Custom Proxy/custom-apigee-hybrid-cdads_cyclecount_v20r
      7 CTO/Apigee-Hybrid/engineering/Deploy Apigee Hybrid Custom Proxy/custom-apigee-hybrid-cc_sandbox_v1r
      7 CTO/Apigee-Hybrid/engineering/Deploy Apigee Hybrid Custom Proxy/custom-apigee-hybrid-aca_access_enforcement_v1r
      7 CTO/Apigee-Hybrid/engineering/Deploy Apigee Hybrid Custom Proxy/custom-apigee-hybrid-Clinicallibraryfavoriteapi_1.0.0v1
      6 CTO/Apigee-Hybrid/engineering/Deploy Apigee Hybrid Custom Proxy/custom-apigee-hybrid-vvewebhookservice_1.0.0v1
      6 CTO/Apigee-Hybrid/engineering/Deploy Apigee Hybrid Custom Proxy/custom-apigee-hybrid-vveconsentservice_1.0.0v1
      6 CTO/Apigee-Hybrid/engineering/Deploy Apigee Hybrid Custom Proxy/custom-apigee-hybrid-vveconferenceservice_1.0.0v1
      6 CTO/Apigee-Hybrid/engineering/Deploy Apigee Hybrid Custom Proxy/custom-apigee-hybrid-vers_ows_v10
      6 CTO/Apigee-Hybrid/engineering/Deploy Apigee Hybrid Custom Proxy/custom-apigee-hybrid-ssglobalheader_bff_v1r
      6 CTO/Apigee-Hybrid/engineering/Deploy Apigee Hybrid Custom Proxy/custom-apigee-hybrid-see_kpif_plans_v1r
      6 CTO/Apigee-Hybrid/engineering/Deploy Apigee Hybrid Custom Proxy/custom-apigee-hybrid-sam_document_library_v1r
      6 CTO/Apigee-Hybrid/engineering/Deploy Apigee Hybrid Custom Proxy/custom-apigee-hybrid-rate_quote_request_details_v10
      6 CTO/Apigee-Hybrid/engineering/Deploy Apigee Hybrid Custom Proxy/custom-apigee-hybrid-provider_directory_attestation_v1r
      6 CTO/Apigee-Hybrid/engineering/Deploy Apigee Hybrid Custom Proxy/custom-apigee-hybrid-onelink_rfxcel_pharmacy_receipts_inbound_v1r
      6 CTO/Apigee-Hybrid/engineering/Deploy Apigee Hybrid Custom Proxy/custom-apigee-hybrid-onelink_3pl_inbound_v1r
      6 CTO/Apigee-Hybrid/engineering/Deploy Apigee Hybrid Custom Proxy/custom-apigee-hybrid-one_link_project_creation_v1r
      6 CTO/Apigee-Hybrid/engineering/Deploy Apigee Hybrid Custom Proxy/custom-apigee-hybrid-one_link_http_connector_r_v10
      6 CTO/Apigee-Hybrid/engineering/Deploy Apigee Hybrid Custom Proxy/custom-apigee-hybrid-oak_view_app_diagram_r_v10
      6 CTO/Apigee-Hybrid/engineering/Deploy Apigee Hybrid Custom Proxy/custom-apigee-hybrid-nps_alternate_management_v1r
      6 CTO/Apigee-Hybrid/engineering/Deploy Apigee Hybrid Custom Proxy/custom-apigee-hybrid-mpeople_to_salesforce_v1r
      6 CTO/Apigee-Hybrid/engineering/Deploy Apigee Hybrid Custom Proxy/custom-apigee-hybrid-membership_selfservice_member_enrollment_v1r
      6 CTO/Apigee-Hybrid/engineering/Deploy Apigee Hybrid Custom Proxy/custom-apigee-hybrid-member_lookup_v21
      6 CTO/Apigee-Hybrid/engineering/Deploy Apigee Hybrid Custom Proxy/custom-apigee-hybrid-kphc_get_registry_v1r
      6 CTO/Apigee-Hybrid/engineering/Deploy Apigee Hybrid Custom Proxy/custom-apigee-hybrid-kphc_get_problem_list_v1
      6 CTO/Apigee-Hybrid/engineering/Deploy Apigee Hybrid Custom Proxy/custom-apigee-hybrid-kphc_get_patient_care_team_v1
      6 CTO/Apigee-Hybrid/engineering/Deploy Apigee Hybrid Custom Proxy/custom-apigee-hybrid-kp_polaris_epictelehealthcontextlinking_v2018
      6 CTO/Apigee-Hybrid/engineering/Deploy Apigee Hybrid Custom Proxy/custom-apigee-hybrid-kp_hrconnect_va_employee_details_v1r
      6 CTO/Apigee-Hybrid/engineering/Deploy Apigee Hybrid Custom Proxy/custom-apigee-hybrid-health_plan_medication_knowledge_v1rc
      6 CTO/Apigee-Hybrid/engineering/Deploy Apigee Hybrid Custom Proxy/custom-apigee-hybrid-hcm_ee_inquiryr_v10
      6 CTO/Apigee-Hybrid/engineering/Deploy Apigee Hybrid Custom Proxy/custom-apigee-hybrid-groupmanagement_v70
      6 CTO/Apigee-Hybrid/engineering/Deploy Apigee Hybrid Custom Proxy/custom-apigee-hybrid-fs_member_reinstatement_v10
      6 CTO/Apigee-Hybrid/engineering/Deploy Apigee Hybrid Custom Proxy/custom-apigee-hybrid-epims_eps_rx_v10r
      6 CTO/Apigee-Hybrid/engineering/Deploy Apigee Hybrid Custom Proxy/custom-apigee-hybrid-epic_fhir_consent_r4_mux
      6 CTO/Apigee-Hybrid/engineering/Deploy Apigee Hybrid Custom Proxy/custom-apigee-hybrid-epic_fhir_communication_r4_mux
      6 CTO/Apigee-Hybrid/engineering/Deploy Apigee Hybrid Custom Proxy/custom-apigee-hybrid-epic_fhir_binary_r4_mux
      6 CTO/Apigee-Hybrid/engineering/Deploy Apigee Hybrid Custom Proxy/custom-apigee-hybrid-epic_creditcard_gs_api_legacy_v2020
      6 CTO/Apigee-Hybrid/engineering/Deploy Apigee Hybrid Custom Proxy/custom-apigee-hybrid-enterprise_profile_and_preferences_v30
      6 CTO/Apigee-Hybrid/engineering/Deploy Apigee Hybrid Custom Proxy/custom-apigee-hybrid-cms_beneficiary_eligibility_query_v1r
      6 CTO/Apigee-Hybrid/engineering/Deploy Apigee Hybrid Custom Proxy/custom-apigee-hybrid-cdads_psb_event_trigger_notification_v1r
      6 CTO/Apigee-Hybrid/engineering/Deploy Apigee Hybrid Custom Proxy/custom-apigee-hybrid-cdads_owl_bff_api_v10r
      6 CTO/Apigee-Hybrid/engineering/Deploy Apigee Hybrid Custom Proxy/custom-apigee-hybrid-api_ecosystem_external_bff_v1
      5 CTO/Apigee-Hybrid/engineering/Deploy Apigee Hybrid Custom Proxy/custom-apigee-hybrid-vve_zoom_app_cliniciandir_bff_v1r
      5 CTO/Apigee-Hybrid/engineering/Deploy Apigee Hybrid Custom Proxy/custom-apigee-hybrid-vers_retail_v10
      5 CTO/Apigee-Hybrid/engineering/Deploy Apigee Hybrid Custom Proxy/custom-apigee-hybrid-vers_patient_v10
      5 CTO/Apigee-Hybrid/engineering/Deploy Apigee Hybrid Custom Proxy/custom-apigee-hybrid-vers_login_v10
      5 CTO/Apigee-Hybrid/engineering/Deploy Apigee Hybrid Custom Proxy/custom-apigee-hybrid-vers_health_insurance_v10
      5 CTO/Apigee-Hybrid/engineering/Deploy Apigee Hybrid Custom Proxy/custom-apigee-hybrid-triduum_mental_health_and_wellness_controller_v1r
      5 CTO/Apigee-Hybrid/engineering/Deploy Apigee Hybrid Custom Proxy/custom-apigee-hybrid-surescripts_payer_messaging_v10r
      5 CTO/Apigee-Hybrid/engineering/Deploy Apigee Hybrid Custom Proxy/custom-apigee-hybrid-snap_gabrkr_package_v10
      5 CTO/Apigee-Hybrid/engineering/Deploy Apigee Hybrid Custom Proxy/custom-apigee-hybrid-servicenow_obtain_oauth2_token_v1r
      5 CTO/Apigee-Hybrid/engineering/Deploy Apigee Hybrid Custom Proxy/custom-apigee-hybrid-servicenow_incident_verizon_ebonding_v1r
      5 CTO/Apigee-Hybrid/engineering/Deploy Apigee Hybrid Custom Proxy/custom-apigee-hybrid-servicenow_incident_convergeone_ebonding_v1r
      5 CTO/Apigee-Hybrid/engineering/Deploy Apigee Hybrid Custom Proxy/custom-apigee-hybrid-servicenow_catalog_task_verizon_ebonding_v1r
      5 CTO/Apigee-Hybrid/engineering/Deploy Apigee Hybrid Custom Proxy/custom-apigee-hybrid-see_quote_v1r
      5 CTO/Apigee-Hybrid/engineering/Deploy Apigee Hybrid Custom Proxy/custom-apigee-hybrid-risant_vbp_adapter_external_v1rh
      5 CTO/Apigee-Hybrid/engineering/Deploy Apigee Hybrid Custom Proxy/custom-apigee-hybrid-pmtssbff-apiv1
      5 CTO/Apigee-Hybrid/engineering/Deploy Apigee Hybrid Custom Proxy/custom-apigee-hybrid-payment_posting_integration_v1rc
      5 CTO/Apigee-Hybrid/engineering/Deploy Apigee Hybrid Custom Proxy/custom-apigee-hybrid-onelink_invoice_micro_inbound_v1r
      5 CTO/Apigee-Hybrid/engineering/Deploy Apigee Hybrid Custom Proxy/custom-apigee-hybrid-onelink_drofus_order_validation_inbound_v1r
      5 CTO/Apigee-Hybrid/engineering/Deploy Apigee Hybrid Custom Proxy/custom-apigee-hybrid-onelink_drofus_order_submission_inbound_v1r
      5 CTO/Apigee-Hybrid/engineering/Deploy Apigee Hybrid Custom Proxy/custom-apigee-hybrid-one_link_requisition_inquiry_service
      5 CTO/Apigee-Hybrid/engineering/Deploy Apigee Hybrid Custom Proxy/custom-apigee-hybrid-one_link_gl_combo_validation_v1r
      5 CTO/Apigee-Hybrid/engineering/Deploy Apigee Hybrid Custom Proxy/custom-apigee-hybrid-mykp_profile_read_only_v1h
      5 CTO/Apigee-Hybrid/engineering/Deploy Apigee Hybrid Custom Proxy/custom-apigee-hybrid-membership_selfservice_member_roster_v1r
      5 CTO/Apigee-Hybrid/engineering/Deploy Apigee Hybrid Custom Proxy/custom-apigee-hybrid-membership_selfservice_member_maintain_v1r
      5 CTO/Apigee-Hybrid/engineering/Deploy Apigee Hybrid Custom Proxy/custom-apigee-hybrid-membership_selfservice_member_inquiry_v1r
      5 CTO/Apigee-Hybrid/engineering/Deploy Apigee Hybrid Custom Proxy/custom-apigee-hybrid-membership_bff_ss_member_roster_v1r
      5 CTO/Apigee-Hybrid/engineering/Deploy Apigee Hybrid Custom Proxy/custom-apigee-hybrid-memberlookup_v20
      5 CTO/Apigee-Hybrid/engineering/Deploy Apigee Hybrid Custom Proxy/custom-apigee-hybrid-memberbenefitsinquiry_v21
      5 CTO/Apigee-Hybrid/engineering/Deploy Apigee Hybrid Custom Proxy/custom-apigee-hybrid-member_benefits_inquiry_v20
      5 CTO/Apigee-Hybrid/engineering/Deploy Apigee Hybrid Custom Proxy/custom-apigee-hybrid-mbrshp_bff_ss_member_maintain_v1r
      5 CTO/Apigee-Hybrid/engineering/Deploy Apigee Hybrid Custom Proxy/custom-apigee-hybrid-mbrshp_bff_ss_member_enrollment_v1r
      5 CTO/Apigee-Hybrid/engineering/Deploy Apigee Hybrid Custom Proxy/custom-apigee-hybrid-kpmc_transactiontracking_bff
      5 CTO/Apigee-Hybrid/engineering/Deploy Apigee Hybrid Custom Proxy/custom-apigee-hybrid-kpmc_member_termination_v1
      5 CTO/Apigee-Hybrid/engineering/Deploy Apigee Hybrid Custom Proxy/custom-apigee-hybrid-kphc_radiology_orders_v5
      5 CTO/Apigee-Hybrid/engineering/Deploy Apigee Hybrid Custom Proxy/custom-apigee-hybrid-kpd_risant_app_v1rh
      5 CTO/Apigee-Hybrid/engineering/Deploy Apigee Hybrid Custom Proxy/custom-apigee-hybrid-health_plan_explanation_of_benefit_capability_v1r
      5 CTO/Apigee-Hybrid/engineering/Deploy Apigee Hybrid Custom Proxy/custom-apigee-hybrid-hcm_rss_case_status_updater_v10
      5 CTO/Apigee-Hybrid/engineering/Deploy Apigee Hybrid Custom Proxy/custom-apigee-hybrid-hcm_kp_cframe_seniority_date_r_v10
      5 CTO/Apigee-Hybrid/engineering/Deploy Apigee Hybrid Custom Proxy/custom-apigee-hybrid-family_inquiry_v10
      5 CTO/Apigee-Hybrid/engineering/Deploy Apigee Hybrid Custom Proxy/custom-apigee-hybrid-epic_fhir_observation_r4_mux
      5 CTO/Apigee-Hybrid/engineering/Deploy Apigee Hybrid Custom Proxy/custom-apigee-hybrid-epic_billing_gs_account_legacy_v2012
      5 CTO/Apigee-Hybrid/engineering/Deploy Apigee Hybrid Custom Proxy/custom-apigee-hybrid-dnp_callback_v2rch
      5 CTO/Apigee-Hybrid/engineering/Deploy Apigee Hybrid Custom Proxy/custom-apigee-hybrid-dal_event_external_v1rh
      5 CTO/Apigee-Hybrid/engineering/Deploy Apigee Hybrid Custom Proxy/custom-apigee-hybrid-compliance_connect_membership_lookup_v1r
      5 CTO/Apigee-Hybrid/engineering/Deploy Apigee Hybrid Custom Proxy/custom-apigee-hybrid-cdtssp_kp_ambassador_v1r
      5 CTO/Apigee-Hybrid/engineering/Deploy Apigee Hybrid Custom Proxy/custom-apigee-hybrid-cas_amp_unified_only_v1r
      5 CTO/Apigee-Hybrid/engineering/Deploy Apigee Hybrid Custom Proxy/custom-apigee-hybrid-cas_amp_custom_validation_v1rh
      5 CTO/Apigee-Hybrid/engineering/Deploy Apigee Hybrid Custom Proxy/custom-apigee-hybrid-c2c_hours_of_operation_v1r
      5 CTO/Apigee-Hybrid/engineering/Deploy Apigee Hybrid Custom Proxy/custom-apigee-hybrid-bpm_start_process_r_v10
      5 CTO/Apigee-Hybrid/engineering/Deploy Apigee Hybrid Custom Proxy/custom-apigee-hybrid-address_validation_v20
      4 CTO/Apigee-Hybrid/engineering/Deploy Apigee Hybrid Custom Proxy/custom-apigee-hybrid-zoom-app-bff-v1r
      4 CTO/Apigee-Hybrid/engineering/Deploy Apigee Hybrid Custom Proxy/custom-apigee-hybrid-workforce_central_v1r
      4 CTO/Apigee-Hybrid/engineering/Deploy Apigee Hybrid Custom Proxy/custom-apigee-hybrid-vve_zoom_app_attendeerpt_bff_v1r
      4 CTO/Apigee-Hybrid/engineering/Deploy Apigee Hybrid Custom Proxy/custom-apigee-hybrid-vers_health_insurance_v20
      4 CTO/Apigee-Hybrid/engineering/Deploy Apigee Hybrid Custom Proxy/custom-apigee-hybrid-tpamemberlookup_v10
      4 CTO/Apigee-Hybrid/engineering/Deploy Apigee Hybrid Custom Proxy/custom-apigee-hybrid-salesconnect_spas_pa_v10
      4 CTO/Apigee-Hybrid/engineering/Deploy Apigee Hybrid Custom Proxy/custom-apigee-hybrid-salesconnect_spas_contract_v10
      4 CTO/Apigee-Hybrid/engineering/Deploy Apigee Hybrid Custom Proxy/custom-apigee-hybrid-nextgen_dashboards_ancillary_v1rh
      4 CTO/Apigee-Hybrid/engineering/Deploy Apigee Hybrid Custom Proxy/custom-apigee-hybrid-myhr_oracle_hcm_ucm_generic_v1sh
      4 CTO/Apigee-Hybrid/engineering/Deploy Apigee Hybrid Custom Proxy/custom-apigee-hybrid-kphc_get_demographics_fam_v3s
      4 CTO/Apigee-Hybrid/engineering/Deploy Apigee Hybrid Custom Proxy/custom-apigee-hybrid-kp_cframe_salesforce_r_v10
      4 CTO/Apigee-Hybrid/engineering/Deploy Apigee Hybrid Custom Proxy/custom-apigee-hybrid-infosource_solr_v9r
      4 CTO/Apigee-Hybrid/engineering/Deploy Apigee Hybrid Custom Proxy/custom-apigee-hybrid-health_plan_provider_v1r_c
      4 CTO/Apigee-Hybrid/engineering/Deploy Apigee Hybrid Custom Proxy/custom-apigee-hybrid-epic_mychart_mobile_v2020r
      4 CTO/Apigee-Hybrid/engineering/Deploy Apigee Hybrid Custom Proxy/custom-apigee-hybrid-epic_edi_xml_ncpdp_receiver_services_v2015r
      4 CTO/Apigee-Hybrid/engineering/Deploy Apigee Hybrid Custom Proxy/custom-apigee-hybrid-epic_crm_gs_utility_legacy_v2014b
      4 CTO/Apigee-Hybrid/engineering/Deploy Apigee Hybrid Custom Proxy/custom-apigee-hybrid-cas_amp_validation_custom_v1sh
      4 CTO/Apigee-Hybrid/engineering/Deploy Apigee Hybrid Custom Proxy/custom-apigee-hybrid-bpm_get_list_of_tasks_r_v10
      3 CTO/Apigee-Hybrid/engineering/Deploy Apigee Hybrid Custom Proxy/custom-apigee-hybrid-video_visits_api_v2r
      3 CTO/Apigee-Hybrid/engineering/Deploy Apigee Hybrid Custom Proxy/custom-apigee-hybrid-vers_patient_v20
      3 CTO/Apigee-Hybrid/engineering/Deploy Apigee Hybrid Custom Proxy/custom-apigee-hybrid-veridxv27s_kba_identity_verification_service
      3 CTO/Apigee-Hybrid/engineering/Deploy Apigee Hybrid Custom Proxy/custom-apigee-hybrid-surveyconnectsurveydatareceiver_v1r
      3 CTO/Apigee-Hybrid/engineering/Deploy Apigee Hybrid Custom Proxy/custom-apigee-hybrid-surveyconnectfileexporter_v1r
      3 CTO/Apigee-Hybrid/engineering/Deploy Apigee Hybrid Custom Proxy/custom-apigee-hybrid-qualifieddigital_v1r
      3 CTO/Apigee-Hybrid/engineering/Deploy Apigee Hybrid Custom Proxy/custom-apigee-hybrid-onelink_valid_gl_string_fda_approver_inbound_v1r
      3 CTO/Apigee-Hybrid/engineering/Deploy Apigee Hybrid Custom Proxy/custom-apigee-hybrid-onelink_financial_delegation_inbound_v1r
      3 CTO/Apigee-Hybrid/engineering/Deploy Apigee Hybrid Custom Proxy/custom-apigee-hybrid-myhr_oracle_hcm_erp_integration_v1sh
      3 CTO/Apigee-Hybrid/engineering/Deploy Apigee Hybrid Custom Proxy/custom-apigee-hybrid-kptwsservice_v1r
      3 CTO/Apigee-Hybrid/engineering/Deploy Apigee Hybrid Custom Proxy/custom-apigee-hybrid-ipm_aci_payment_notification_v10
      3 CTO/Apigee-Hybrid/engineering/Deploy Apigee Hybrid Custom Proxy/custom-apigee-hybrid-genesys_chat_v2r
      3 CTO/Apigee-Hybrid/engineering/Deploy Apigee Hybrid Custom Proxy/custom-apigee-hybrid-fs_memberchangepublish_v10
      3 CTO/Apigee-Hybrid/engineering/Deploy Apigee Hybrid Custom Proxy/custom-apigee-hybrid-epic_patientaccess_gs_patient_legacy_v2012s
      3 CTO/Apigee-Hybrid/engineering/Deploy Apigee Hybrid Custom Proxy/custom-apigee-hybrid-epic_haiku_canto_rover_routing_apig_v3rch
      3 CTO/Apigee-Hybrid/engineering/Deploy Apigee Hybrid Custom Proxy/custom-apigee-hybrid-drm_unity_v1r
      3 CTO/Apigee-Hybrid/engineering/Deploy Apigee Hybrid Custom Proxy/custom-apigee-hybrid-complianceconnect_elr_salesforce_v1rh
      3 CTO/Apigee-Hybrid/engineering/Deploy Apigee Hybrid Custom Proxy/custom-apigee-hybrid-cerebro_noname_v1r
      3 CTO/Apigee-Hybrid/engineering/Deploy Apigee Hybrid Custom Proxy/custom-apigee-hybrid-cdads_clinical_library_federated_search_v10r
      3 CTO/Apigee-Hybrid/engineering/Deploy Apigee Hybrid Custom Proxy/custom-apigee-hybrid-cas_amp_custom_hybrid_v3
      2 CTO/Apigee-Hybrid/engineering/Deploy Apigee Hybrid Custom Proxy/custom-apigee-hybrid-vic_application_v1r
      2 CTO/Apigee-Hybrid/engineering/Deploy Apigee Hybrid Custom Proxy/custom-apigee-hybrid-vers_retail_v20
      2 CTO/Apigee-Hybrid/engineering/Deploy Apigee Hybrid Custom Proxy/custom-apigee-hybrid-vers_ows_v20
      2 CTO/Apigee-Hybrid/engineering/Deploy Apigee Hybrid Custom Proxy/custom-apigee-hybrid-vers_login_v20
      2 CTO/Apigee-Hybrid/engineering/Deploy Apigee Hybrid Custom Proxy/custom-apigee-hybrid-vers_booking_v20
      2 CTO/Apigee-Hybrid/engineering/Deploy Apigee Hybrid Custom Proxy/custom-apigee-hybrid-verids_kba_identity_verification_v1rh
      2 CTO/Apigee-Hybrid/engineering/Deploy Apigee Hybrid Custom Proxy/custom-apigee-hybrid-nuvolo_clockworks_v1rh
      2 CTO/Apigee-Hybrid/engineering/Deploy Apigee Hybrid Custom Proxy/custom-apigee-hybrid-nps_one_time_token_v1rh
      2 CTO/Apigee-Hybrid/engineering/Deploy Apigee Hybrid Custom Proxy/custom-apigee-hybrid-mykp_yammer_v10h
      2 CTO/Apigee-Hybrid/engineering/Deploy Apigee Hybrid Custom Proxy/custom-apigee-hybrid-mps_point_of_sale_pos_v1rh
      2 CTO/Apigee-Hybrid/engineering/Deploy Apigee Hybrid Custom Proxy/custom-apigee-hybrid-member_enrollment_nw_v1
      2 CTO/Apigee-Hybrid/engineering/Deploy Apigee Hybrid Custom Proxy/custom-apigee-hybrid-kp_controller_v1r
      2 CTO/Apigee-Hybrid/engineering/Deploy Apigee Hybrid Custom Proxy/custom-apigee-hybrid-fs_consumer_manifest_v1r
      2 CTO/Apigee-Hybrid/engineering/Deploy Apigee Hybrid Custom Proxy/custom-apigee-hybrid-epims_pos_gsl_rx_api_v10r
      2 CTO/Apigee-Hybrid/engineering/Deploy Apigee Hybrid Custom Proxy/custom-apigee-hybrid-epic_common_web_services_v2016m
      2 CTO/Apigee-Hybrid/engineering/Deploy Apigee Hybrid Custom Proxy/custom-apigee-hybrid-cas_amp_nonkpd_validation_v1rh
      2 CTO/Apigee-Hybrid/engineering/Deploy Apigee Hybrid Custom Proxy/custom-apigee-hybrid-cas_amp_custom_nonkpd_validation_v5sh
      2 CTO/Apigee-Hybrid/engineering/Deploy Apigee Hybrid Custom Proxy/custom-apigee-hybrid-cas_amp_custom_hybrid_v2rh
      1 CTO/Apigee-Hybrid/engineering/Deploy Apigee Hybrid Custom Proxy|Deploy Apigee Hybrid Custom Proxy|class jenkins.branch.OrganizationFolder/
      1 CTO/Apigee-Hybrid/engineering/Deploy Apigee Hybrid Custom Proxy/custom-apigee-hybrid-zoom-app-bff-v1r|custom-apigee-hybrid-zoom-app-bff-v1r|class org.jenkinsci.plugins.workflow.multibranch.WorkflowMultiBranchProject
      1 CTO/Apigee-Hybrid/engineering/Deploy Apigee Hybrid Custom Proxy/custom-apigee-hybrid-workforce_central_v1r|custom-apigee-hybrid-workforce_central_v1r|class org.jenkinsci.plugins.workflow.multibranch.WorkflowMultiBranchProject
      1 CTO/Apigee-Hybrid/engineering/Deploy Apigee Hybrid Custom Proxy/custom-apigee-hybrid-vvewebhookservice_1.0.0v1|custom-apigee-hybrid-vvewebhookservice_1.0.0v1|class org.jenkinsci.plugins.workflow.multibranch.WorkflowMultiBranchProject
      1 CTO/Apigee-Hybrid/engineering/Deploy Apigee Hybrid Custom Proxy/custom-apigee-hybrid-vveconsentservice_1.0.0v1|custom-apigee-hybrid-vveconsentservice_1.0.0v1|class org.jenkinsci.plugins.workflow.multibranch.WorkflowMultiBranchProject
      1 CTO/Apigee-Hybrid/engineering/Deploy Apigee Hybrid Custom Proxy/custom-apigee-hybrid-vveconferenceservice_1.0.0v1|custom-apigee-hybrid-vveconferenceservice_1.0.0v1|class org.jenkinsci.plugins.workflow.multibranch.WorkflowMultiBranchProject
      1 CTO/Apigee-Hybrid/engineering/Deploy Apigee Hybrid Custom Proxy/custom-apigee-hybrid-vve_zoom_app_cliniciandir_bff_v1r|custom-apigee-hybrid-vve_zoom_app_cliniciandir_bff_v1r|class org.jenkinsci.plugins.workflow.multibranch.WorkflowMultiBranchProject
      1 CTO/Apigee-Hybrid/engineering/Deploy Apigee Hybrid Custom Proxy/custom-apigee-hybrid-vve_zoom_app_bff_akamai_r_v1rh|custom-apigee-hybrid-vve_zoom_app_bff_akamai_r_v1rh|class org.jenkinsci.plugins.workflow.multibranch.WorkflowMultiBranchProject
      1 CTO/Apigee-Hybrid/engineering/Deploy Apigee Hybrid Custom Proxy/custom-apigee-hybrid-vve_zoom_app_bff_akamai_r_v1rh
      1 CTO/Apigee-Hybrid/engineering/Deploy Apigee Hybrid Custom Proxy/custom-apigee-hybrid-vve_zoom_app_attendeerpt_bff_v1r|custom-apigee-hybrid-vve_zoom_app_attendeerpt_bff_v1r|class org.jenkinsci.plugins.workflow.multibranch.WorkflowMultiBranchProject
      1 CTO/Apigee-Hybrid/engineering/Deploy Apigee Hybrid Custom Proxy/custom-apigee-hybrid-video_visits_api_v3|custom-apigee-hybrid-video_visits_api_v3|class org.jenkinsci.plugins.workflow.multibranch.WorkflowMultiBranchProject
      1 CTO/Apigee-Hybrid/engineering/Deploy Apigee Hybrid Custom Proxy/custom-apigee-hybrid-video_visits_api_v2r|custom-apigee-hybrid-video_visits_api_v2r|class org.jenkinsci.plugins.workflow.multibranch.WorkflowMultiBranchProject
      1 CTO/Apigee-Hybrid/engineering/Deploy Apigee Hybrid Custom Proxy/custom-apigee-hybrid-vic_application_v1r|custom-apigee-hybrid-vic_application_v1r|class org.jenkinsci.plugins.workflow.multibranch.WorkflowMultiBranchProject
      1 CTO/Apigee-Hybrid/engineering/Deploy Apigee Hybrid Custom Proxy/custom-apigee-hybrid-vers_retail_v20|custom-apigee-hybrid-vers_retail_v20|class org.jenkinsci.plugins.workflow.multibranch.WorkflowMultiBranchProject
      1 CTO/Apigee-Hybrid/engineering/Deploy Apigee Hybrid Custom Proxy/custom-apigee-hybrid-vers_retail_v10|custom-apigee-hybrid-vers_retail_v10|class org.jenkinsci.plugins.workflow.multibranch.WorkflowMultiBranchProject
      1 CTO/Apigee-Hybrid/engineering/Deploy Apigee Hybrid Custom Proxy/custom-apigee-hybrid-vers_patient_v20|custom-apigee-hybrid-vers_patient_v20|class org.jenkinsci.plugins.workflow.multibranch.WorkflowMultiBranchProject
      1 CTO/Apigee-Hybrid/engineering/Deploy Apigee Hybrid Custom Proxy/custom-apigee-hybrid-vers_patient_v10|custom-apigee-hybrid-vers_patient_v10|class org.jenkinsci.plugins.workflow.multibranch.WorkflowMultiBranchProject
      1 CTO/Apigee-Hybrid/engineering/Deploy Apigee Hybrid Custom Proxy/custom-apigee-hybrid-vers_ows_v20|custom-apigee-hybrid-vers_ows_v20|class org.jenkinsci.plugins.workflow.multibranch.WorkflowMultiBranchProject
      1 CTO/Apigee-Hybrid/engineering/Deploy Apigee Hybrid Custom Proxy/custom-apigee-hybrid-vers_ows_v10|custom-apigee-hybrid-vers_ows_v10|class org.jenkinsci.plugins.workflow.multibranch.WorkflowMultiBranchProject
      1 CTO/Apigee-Hybrid/engineering/Deploy Apigee Hybrid Custom Proxy/custom-apigee-hybrid-vers_login_v20|custom-apigee-hybrid-vers_login_v20|class org.jenkinsci.plugins.workflow.multibranch.WorkflowMultiBranchProject
      1 CTO/Apigee-Hybrid/engineering/Deploy Apigee Hybrid Custom Proxy/custom-apigee-hybrid-vers_login_v10|custom-apigee-hybrid-vers_login_v10|class org.jenkinsci.plugins.workflow.multibranch.WorkflowMultiBranchProject
      1 CTO/Apigee-Hybrid/engineering/Deploy Apigee Hybrid Custom Proxy/custom-apigee-hybrid-vers_health_insurance_v20|custom-apigee-hybrid-vers_health_insurance_v20|class org.jenkinsci.plugins.workflow.multibranch.WorkflowMultiBranchProject
      1 CTO/Apigee-Hybrid/engineering/Deploy Apigee Hybrid Custom Proxy/custom-apigee-hybrid-vers_health_insurance_v10|custom-apigee-hybrid-vers_health_insurance_v10|class org.jenkinsci.plugins.workflow.multibranch.WorkflowMultiBranchProject
      1 CTO/Apigee-Hybrid/engineering/Deploy Apigee Hybrid Custom Proxy/custom-apigee-hybrid-vers_booking_v20|custom-apigee-hybrid-vers_booking_v20|class org.jenkinsci.plugins.workflow.multibranch.WorkflowMultiBranchProject
      1 CTO/Apigee-Hybrid/engineering/Deploy Apigee Hybrid Custom Proxy/custom-apigee-hybrid-veridxv27s_kba_identity_verification_service|custom-apigee-hybrid-veridxv27s_kba_identity_verification_service|class org.jenkinsci.plugins.workflow.multibranch.WorkflowMultiBranchProject
      1 CTO/Apigee-Hybrid/engineering/Deploy Apigee Hybrid Custom Proxy/custom-apigee-hybrid-verids_kba_identity_verification_v1rh|custom-apigee-hybrid-verids_kba_identity_verification_v1rh|class org.jenkinsci.plugins.workflow.multibranch.WorkflowMultiBranchProject
      1 CTO/Apigee-Hybrid/engineering/Deploy Apigee Hybrid Custom Proxy/custom-apigee-hybrid-user_identifier_external_v1r|custom-apigee-hybrid-user_identifier_external_v1r|class org.jenkinsci.plugins.workflow.multibranch.WorkflowMultiBranchProject
      1 CTO/Apigee-Hybrid/engineering/Deploy Apigee Hybrid Custom Proxy/custom-apigee-hybrid-user_data_v214|custom-apigee-hybrid-user_data_v214|class org.jenkinsci.plugins.workflow.multibranch.WorkflowMultiBranchProject
      1 CTO/Apigee-Hybrid/engineering/Deploy Apigee Hybrid Custom Proxy/custom-apigee-hybrid-update_nonpatient_demographics_api_v1sh|custom-apigee-hybrid-update_nonpatient_demographics_api_v1sh|class org.jenkinsci.plugins.workflow.multibranch.WorkflowMultiBranchProject
      1 CTO/Apigee-Hybrid/engineering/Deploy Apigee Hybrid Custom Proxy/custom-apigee-hybrid-unit4_services_v1|custom-apigee-hybrid-unit4_services_v1|class org.jenkinsci.plugins.workflow.multibranch.WorkflowMultiBranchProject
      1 CTO/Apigee-Hybrid/engineering/Deploy Apigee Hybrid Custom Proxy/custom-apigee-hybrid-triduum_mental_health_and_wellness_controller_v1r|custom-apigee-hybrid-triduum_mental_health_and_wellness_controller_v1r|class org.jenkinsci.plugins.workflow.multibranch.WorkflowMultiBranchProject
      1 CTO/Apigee-Hybrid/engineering/Deploy Apigee Hybrid Custom Proxy/custom-apigee-hybrid-tpamemberlookup_v10|custom-apigee-hybrid-tpamemberlookup_v10|class org.jenkinsci.plugins.workflow.multibranch.WorkflowMultiBranchProject
      1 CTO/Apigee-Hybrid/engineering/Deploy Apigee Hybrid Custom Proxy/custom-apigee-hybrid-tms_memberbenefitsinquiry_v10|custom-apigee-hybrid-tms_memberbenefitsinquiry_v10|class org.jenkinsci.plugins.workflow.multibranch.WorkflowMultiBranchProject
      1 CTO/Apigee-Hybrid/engineering/Deploy Apigee Hybrid Custom Proxy/custom-apigee-hybrid-tms_member_history_v1|custom-apigee-hybrid-tms_member_history_v1|class org.jenkinsci.plugins.workflow.multibranch.WorkflowMultiBranchProject
      1 CTO/Apigee-Hybrid/engineering/Deploy Apigee Hybrid Custom Proxy/custom-apigee-hybrid-tms_member_history_v1
      1 CTO/Apigee-Hybrid/engineering/Deploy Apigee Hybrid Custom Proxy/custom-apigee-hybrid-tms_grouplookup_v10|custom-apigee-hybrid-tms_grouplookup_v10|class org.jenkinsci.plugins.workflow.multibranch.WorkflowMultiBranchProject
      1 CTO/Apigee-Hybrid/engineering/Deploy Apigee Hybrid Custom Proxy/custom-apigee-hybrid-tms_grouplookup_v10
      1 CTO/Apigee-Hybrid/engineering/Deploy Apigee Hybrid Custom Proxy/custom-apigee-hybrid-tms_dpaaccountmanagement_v10|custom-apigee-hybrid-tms_dpaaccountmanagement_v10|class org.jenkinsci.plugins.workflow.multibranch.WorkflowMultiBranchProject
      1 CTO/Apigee-Hybrid/engineering/Deploy Apigee Hybrid Custom Proxy/custom-apigee-hybrid-tms_dpaaccountmanagement_v10
      1 CTO/Apigee-Hybrid/engineering/Deploy Apigee Hybrid Custom Proxy/custom-apigee-hybrid-tempus_epic_ppsapi_v1|custom-apigee-hybrid-tempus_epic_ppsapi_v1|class org.jenkinsci.plugins.workflow.multibranch.WorkflowMultiBranchProject
      1 CTO/Apigee-Hybrid/engineering/Deploy Apigee Hybrid Custom Proxy/custom-apigee-hybrid-system_availability_v10|custom-apigee-hybrid-system_availability_v10|class org.jenkinsci.plugins.workflow.multibranch.WorkflowMultiBranchProject
      1 CTO/Apigee-Hybrid/engineering/Deploy Apigee Hybrid Custom Proxy/custom-apigee-hybrid-surveyconnectsurveydatareceiver_v1r|custom-apigee-hybrid-surveyconnectsurveydatareceiver_v1r|class org.jenkinsci.plugins.workflow.multibranch.WorkflowMultiBranchProject
      1 CTO/Apigee-Hybrid/engineering/Deploy Apigee Hybrid Custom Proxy/custom-apigee-hybrid-surveyconnectfileexporter_v1r|custom-apigee-hybrid-surveyconnectfileexporter_v1r|class org.jenkinsci.plugins.workflow.multibranch.WorkflowMultiBranchProject
      1 CTO/Apigee-Hybrid/engineering/Deploy Apigee Hybrid Custom Proxy/custom-apigee-hybrid-surescripts_payer_messaging_v10r|custom-apigee-hybrid-surescripts_payer_messaging_v10r|class org.jenkinsci.plugins.workflow.multibranch.WorkflowMultiBranchProject
      1 CTO/Apigee-Hybrid/engineering/Deploy Apigee Hybrid Custom Proxy/custom-apigee-hybrid-surescripts_eligibility_messaging_v10r|custom-apigee-hybrid-surescripts_eligibility_messaging_v10r|class org.jenkinsci.plugins.workflow.multibranch.WorkflowMultiBranchProject
      1 CTO/Apigee-Hybrid/engineering/Deploy Apigee Hybrid Custom Proxy/custom-apigee-hybrid-storeinformation_v40|custom-apigee-hybrid-storeinformation_v40|class org.jenkinsci.plugins.workflow.multibranch.WorkflowMultiBranchProject
      1 CTO/Apigee-Hybrid/engineering/Deploy Apigee Hybrid Custom Proxy/custom-apigee-hybrid-ssglobalheader_bff_v1r|custom-apigee-hybrid-ssglobalheader_bff_v1r|class org.jenkinsci.plugins.workflow.multibranch.WorkflowMultiBranchProject
      1 CTO/Apigee-Hybrid/engineering/Deploy Apigee Hybrid Custom Proxy/custom-apigee-hybrid-snap_gabrkr_package_v10|custom-apigee-hybrid-snap_gabrkr_package_v10|class org.jenkinsci.plugins.workflow.multibranch.WorkflowMultiBranchProject
      1 CTO/Apigee-Hybrid/engineering/Deploy Apigee Hybrid Custom Proxy/custom-apigee-hybrid-servicenow_obtain_oauth2_token_v1r|custom-apigee-hybrid-servicenow_obtain_oauth2_token_v1r|class org.jenkinsci.plugins.workflow.multibranch.WorkflowMultiBranchProject
      1 CTO/Apigee-Hybrid/engineering/Deploy Apigee Hybrid Custom Proxy/custom-apigee-hybrid-servicenow_incident_verizon_ebonding_v1r|custom-apigee-hybrid-servicenow_incident_verizon_ebonding_v1r|class org.jenkinsci.plugins.workflow.multibranch.WorkflowMultiBranchProject
      1 CTO/Apigee-Hybrid/engineering/Deploy Apigee Hybrid Custom Proxy/custom-apigee-hybrid-servicenow_incident_convergeone_ebonding_v1r|custom-apigee-hybrid-servicenow_incident_convergeone_ebonding_v1r|class org.jenkinsci.plugins.workflow.multibranch.WorkflowMultiBranchProject
      1 CTO/Apigee-Hybrid/engineering/Deploy Apigee Hybrid Custom Proxy/custom-apigee-hybrid-servicenow_catalog_task_verizon_ebonding_v1r|custom-apigee-hybrid-servicenow_catalog_task_verizon_ebonding_v1r|class org.jenkinsci.plugins.workflow.multibranch.WorkflowMultiBranchProject
      1 CTO/Apigee-Hybrid/engineering/Deploy Apigee Hybrid Custom Proxy/custom-apigee-hybrid-see_quote_v1r|custom-apigee-hybrid-see_quote_v1r|class org.jenkinsci.plugins.workflow.multibranch.WorkflowMultiBranchProject
      1 CTO/Apigee-Hybrid/engineering/Deploy Apigee Hybrid Custom Proxy/custom-apigee-hybrid-see_kpif_plans_v1r|custom-apigee-hybrid-see_kpif_plans_v1r|class org.jenkinsci.plugins.workflow.multibranch.WorkflowMultiBranchProject
      1 CTO/Apigee-Hybrid/engineering/Deploy Apigee Hybrid Custom Proxy/custom-apigee-hybrid-scal_eligibility_and_demographics_v50|custom-apigee-hybrid-scal_eligibility_and_demographics_v50|class org.jenkinsci.plugins.workflow.multibranch.WorkflowMultiBranchProject
      1 CTO/Apigee-Hybrid/engineering/Deploy Apigee Hybrid Custom Proxy/custom-apigee-hybrid-scal_eligibility_and_demographics_v50
      1 CTO/Apigee-Hybrid/engineering/Deploy Apigee Hybrid Custom Proxy/custom-apigee-hybrid-scal_eligibility_and_demographics_v30|custom-apigee-hybrid-scal_eligibility_and_demographics_v30|class org.jenkinsci.plugins.workflow.multibranch.WorkflowMultiBranchProject
      1 CTO/Apigee-Hybrid/engineering/Deploy Apigee Hybrid Custom Proxy/custom-apigee-hybrid-scal_eligibility_and_demographics_v30
      1 CTO/Apigee-Hybrid/engineering/Deploy Apigee Hybrid Custom Proxy/custom-apigee-hybrid-sbmo_epims_v4|custom-apigee-hybrid-sbmo_epims_v4|class org.jenkinsci.plugins.workflow.multibranch.WorkflowMultiBranchProject
      1 CTO/Apigee-Hybrid/engineering/Deploy Apigee Hybrid Custom Proxy/custom-apigee-hybrid-sam_document_library_v1r|custom-apigee-hybrid-sam_document_library_v1r|class org.jenkinsci.plugins.workflow.multibranch.WorkflowMultiBranchProject
      1 CTO/Apigee-Hybrid/engineering/Deploy Apigee Hybrid Custom Proxy/custom-apigee-hybrid-salesconnect_spas_pa_v10|custom-apigee-hybrid-salesconnect_spas_pa_v10|class org.jenkinsci.plugins.workflow.multibranch.WorkflowMultiBranchProject
      1 CTO/Apigee-Hybrid/engineering/Deploy Apigee Hybrid Custom Proxy/custom-apigee-hybrid-salesconnect_spas_contract_v10|custom-apigee-hybrid-salesconnect_spas_contract_v10|class org.jenkinsci.plugins.workflow.multibranch.WorkflowMultiBranchProject
      1 CTO/Apigee-Hybrid/engineering/Deploy Apigee Hybrid Custom Proxy/custom-apigee-hybrid-salesconnect_partner_v1|custom-apigee-hybrid-salesconnect_partner_v1|class org.jenkinsci.plugins.workflow.multibranch.WorkflowMultiBranchProject
      1 CTO/Apigee-Hybrid/engineering/Deploy Apigee Hybrid Custom Proxy/custom-apigee-hybrid-sales_eligibility_engine_service_area_v1r|custom-apigee-hybrid-sales_eligibility_engine_service_area_v1r|class org.jenkinsci.plugins.workflow.multibranch.WorkflowMultiBranchProject
      1 CTO/Apigee-Hybrid/engineering/Deploy Apigee Hybrid Custom Proxy/custom-apigee-hybrid-risant_vbp_adapter_external_v1rh|custom-apigee-hybrid-risant_vbp_adapter_external_v1rh|class org.jenkinsci.plugins.workflow.multibranch.WorkflowMultiBranchProject
      1 CTO/Apigee-Hybrid/engineering/Deploy Apigee Hybrid Custom Proxy/custom-apigee-hybrid-rate_quote_request_details_v10|custom-apigee-hybrid-rate_quote_request_details_v10|class org.jenkinsci.plugins.workflow.multibranch.WorkflowMultiBranchProject
      1 CTO/Apigee-Hybrid/engineering/Deploy Apigee Hybrid Custom Proxy/custom-apigee-hybrid-qualifieddigital_v1r|custom-apigee-hybrid-qualifieddigital_v1r|class org.jenkinsci.plugins.workflow.multibranch.WorkflowMultiBranchProject
      1 CTO/Apigee-Hybrid/engineering/Deploy Apigee Hybrid Custom Proxy/custom-apigee-hybrid-qmsi_po_and_iut_receipt_v10|custom-apigee-hybrid-qmsi_po_and_iut_receipt_v10|class org.jenkinsci.plugins.workflow.multibranch.WorkflowMultiBranchProject
      1 CTO/Apigee-Hybrid/engineering/Deploy Apigee Hybrid Custom Proxy/custom-apigee-hybrid-proxy_management_v1_0_8c|custom-apigee-hybrid-proxy_management_v1_0_8c|class org.jenkinsci.plugins.workflow.multibranch.WorkflowMultiBranchProject
      1 CTO/Apigee-Hybrid/engineering/Deploy Apigee Hybrid Custom Proxy/custom-apigee-hybrid-provider_directory_attestation_v1r|custom-apigee-hybrid-provider_directory_attestation_v1r|class org.jenkinsci.plugins.workflow.multibranch.WorkflowMultiBranchProject
      1 CTO/Apigee-Hybrid/engineering/Deploy Apigee Hybrid Custom Proxy/custom-apigee-hybrid-pmtssbff-apiv1|custom-apigee-hybrid-pmtssbff-apiv1|class org.jenkinsci.plugins.workflow.multibranch.WorkflowMultiBranchProject
      1 CTO/Apigee-Hybrid/engineering/Deploy Apigee Hybrid Custom Proxy/custom-apigee-hybrid-pharmacy_mobile_checkin_v1rc|custom-apigee-hybrid-pharmacy_mobile_checkin_v1rc|class org.jenkinsci.plugins.workflow.multibranch.WorkflowMultiBranchProject
      1 CTO/Apigee-Hybrid/engineering/Deploy Apigee Hybrid Custom Proxy/custom-apigee-hybrid-payment_posting_integration_v1rc|custom-apigee-hybrid-payment_posting_integration_v1rc|class org.jenkinsci.plugins.workflow.multibranch.WorkflowMultiBranchProject
      1 CTO/Apigee-Hybrid/engineering/Deploy Apigee Hybrid Custom Proxy/custom-apigee-hybrid-oregon_alert_iis_vaccination_v2011|custom-apigee-hybrid-oregon_alert_iis_vaccination_v2011|class org.jenkinsci.plugins.workflow.multibranch.WorkflowMultiBranchProject
      1 CTO/Apigee-Hybrid/engineering/Deploy Apigee Hybrid Custom Proxy/custom-apigee-hybrid-oracle_hcm_saas_r_v10|custom-apigee-hybrid-oracle_hcm_saas_r_v10|class org.jenkinsci.plugins.workflow.multibranch.WorkflowMultiBranchProject
      1 CTO/Apigee-Hybrid/engineering/Deploy Apigee Hybrid Custom Proxy/custom-apigee-hybrid-onelink_valid_gl_string_fda_approver_inbound_v1r|custom-apigee-hybrid-onelink_valid_gl_string_fda_approver_inbound_v1r|class org.jenkinsci.plugins.workflow.multibranch.WorkflowMultiBranchProject
      1 CTO/Apigee-Hybrid/engineering/Deploy Apigee Hybrid Custom Proxy/custom-apigee-hybrid-onelink_rfxcel_pharmacy_receipts_inbound_v1r|custom-apigee-hybrid-onelink_rfxcel_pharmacy_receipts_inbound_v1r|class org.jenkinsci.plugins.workflow.multibranch.WorkflowMultiBranchProject
      1 CTO/Apigee-Hybrid/engineering/Deploy Apigee Hybrid Custom Proxy/custom-apigee-hybrid-onelink_invoice_micro_inbound_v1r|custom-apigee-hybrid-onelink_invoice_micro_inbound_v1r|class org.jenkinsci.plugins.workflow.multibranch.WorkflowMultiBranchProject
      1 CTO/Apigee-Hybrid/engineering/Deploy Apigee Hybrid Custom Proxy/custom-apigee-hybrid-onelink_financial_delegation_inbound_v1r|custom-apigee-hybrid-onelink_financial_delegation_inbound_v1r|class org.jenkinsci.plugins.workflow.multibranch.WorkflowMultiBranchProject
      1 CTO/Apigee-Hybrid/engineering/Deploy Apigee Hybrid Custom Proxy/custom-apigee-hybrid-onelink_drofus_order_validation_inbound_v1r|custom-apigee-hybrid-onelink_drofus_order_validation_inbound_v1r|class org.jenkinsci.plugins.workflow.multibranch.WorkflowMultiBranchProject
      1 CTO/Apigee-Hybrid/engineering/Deploy Apigee Hybrid Custom Proxy/custom-apigee-hybrid-onelink_drofus_order_submission_inbound_v1r|custom-apigee-hybrid-onelink_drofus_order_submission_inbound_v1r|class org.jenkinsci.plugins.workflow.multibranch.WorkflowMultiBranchProject
      1 CTO/Apigee-Hybrid/engineering/Deploy Apigee Hybrid Custom Proxy/custom-apigee-hybrid-onelink_apex_vendor_data_inbound_v1r|custom-apigee-hybrid-onelink_apex_vendor_data_inbound_v1r|class org.jenkinsci.plugins.workflow.multibranch.WorkflowMultiBranchProject
      1 CTO/Apigee-Hybrid/engineering/Deploy Apigee Hybrid Custom Proxy/custom-apigee-hybrid-onelink_3pl_inbound_v1r|custom-apigee-hybrid-onelink_3pl_inbound_v1r|class org.jenkinsci.plugins.workflow.multibranch.WorkflowMultiBranchProject
      1 CTO/Apigee-Hybrid/engineering/Deploy Apigee Hybrid Custom Proxy/custom-apigee-hybrid-one_link_requisition_inquiry_service|custom-apigee-hybrid-one_link_requisition_inquiry_service|class org.jenkinsci.plugins.workflow.multibranch.WorkflowMultiBranchProject
      1 CTO/Apigee-Hybrid/engineering/Deploy Apigee Hybrid Custom Proxy/custom-apigee-hybrid-one_link_project_creation_v1r|custom-apigee-hybrid-one_link_project_creation_v1r|class org.jenkinsci.plugins.workflow.multibranch.WorkflowMultiBranchProject
      1 CTO/Apigee-Hybrid/engineering/Deploy Apigee Hybrid Custom Proxy/custom-apigee-hybrid-one_link_multi_operation_api_v10|custom-apigee-hybrid-one_link_multi_operation_api_v10|class org.jenkinsci.plugins.workflow.multibranch.WorkflowMultiBranchProject
      1 CTO/Apigee-Hybrid/engineering/Deploy Apigee Hybrid Custom Proxy/custom-apigee-hybrid-one_link_macro_helix_inbound_v10|custom-apigee-hybrid-one_link_macro_helix_inbound_v10|class org.jenkinsci.plugins.workflow.multibranch.WorkflowMultiBranchProject
      1 CTO/Apigee-Hybrid/engineering/Deploy Apigee Hybrid Custom Proxy/custom-apigee-hybrid-one_link_http_connector_r_v10|custom-apigee-hybrid-one_link_http_connector_r_v10|class org.jenkinsci.plugins.workflow.multibranch.WorkflowMultiBranchProject
      1 CTO/Apigee-Hybrid/engineering/Deploy Apigee Hybrid Custom Proxy/custom-apigee-hybrid-one_link_gl_combo_validation_v1r|custom-apigee-hybrid-one_link_gl_combo_validation_v1r|class org.jenkinsci.plugins.workflow.multibranch.WorkflowMultiBranchProject
      1 CTO/Apigee-Hybrid/engineering/Deploy Apigee Hybrid Custom Proxy/custom-apigee-hybrid-one_link_attachment_service|custom-apigee-hybrid-one_link_attachment_service|class org.jenkinsci.plugins.workflow.multibranch.WorkflowMultiBranchProject
      1 CTO/Apigee-Hybrid/engineering/Deploy Apigee Hybrid Custom Proxy/custom-apigee-hybrid-oak_view_app_diagram_r_v10|custom-apigee-hybrid-oak_view_app_diagram_r_v10|class org.jenkinsci.plugins.workflow.multibranch.WorkflowMultiBranchProject
      1 CTO/Apigee-Hybrid/engineering/Deploy Apigee Hybrid Custom Proxy/custom-apigee-hybrid-nuvolo_paragon_v1r|custom-apigee-hybrid-nuvolo_paragon_v1r|class org.jenkinsci.plugins.workflow.multibranch.WorkflowMultiBranchProject
      1 CTO/Apigee-Hybrid/engineering/Deploy Apigee Hybrid Custom Proxy/custom-apigee-hybrid-nuvolo_clockworks_v1rh|custom-apigee-hybrid-nuvolo_clockworks_v1rh|class org.jenkinsci.plugins.workflow.multibranch.WorkflowMultiBranchProject
      1 CTO/Apigee-Hybrid/engineering/Deploy Apigee Hybrid Custom Proxy/custom-apigee-hybrid-nps_websocket_v1rch|custom-apigee-hybrid-nps_websocket_v1rch|class org.jenkinsci.plugins.workflow.multibranch.WorkflowMultiBranchProject
      1 CTO/Apigee-Hybrid/engineering/Deploy Apigee Hybrid Custom Proxy/custom-apigee-hybrid-nps_websocket_v1rch
      1 CTO/Apigee-Hybrid/engineering/Deploy Apigee Hybrid Custom Proxy/custom-apigee-hybrid-nps_rqr_management_v1r|custom-apigee-hybrid-nps_rqr_management_v1r|class org.jenkinsci.plugins.workflow.multibranch.WorkflowMultiBranchProject
      1 CTO/Apigee-Hybrid/engineering/Deploy Apigee Hybrid Custom Proxy/custom-apigee-hybrid-nps_one_time_token_v1rh|custom-apigee-hybrid-nps_one_time_token_v1rh|class org.jenkinsci.plugins.workflow.multibranch.WorkflowMultiBranchProject
      1 CTO/Apigee-Hybrid/engineering/Deploy Apigee Hybrid Custom Proxy/custom-apigee-hybrid-nps_interfaces_gateway_v10r|custom-apigee-hybrid-nps_interfaces_gateway_v10r|class org.jenkinsci.plugins.workflow.multibranch.WorkflowMultiBranchProject
      1 CTO/Apigee-Hybrid/engineering/Deploy Apigee Hybrid Custom Proxy/custom-apigee-hybrid-nps_hbaf_report_v1r|custom-apigee-hybrid-nps_hbaf_report_v1r|class org.jenkinsci.plugins.workflow.multibranch.WorkflowMultiBranchProject
      1 CTO/Apigee-Hybrid/engineering/Deploy Apigee Hybrid Custom Proxy/custom-apigee-hybrid-nps_alternate_management_v1r|custom-apigee-hybrid-nps_alternate_management_v1r|class org.jenkinsci.plugins.workflow.multibranch.WorkflowMultiBranchProject
      1 CTO/Apigee-Hybrid/engineering/Deploy Apigee Hybrid Custom Proxy/custom-apigee-hybrid-notification_platform_event_v1_2mch|custom-apigee-hybrid-notification_platform_event_v1_2mch|class org.jenkinsci.plugins.workflow.multibranch.WorkflowMultiBranchProject
      1 CTO/Apigee-Hybrid/engineering/Deploy Apigee Hybrid Custom Proxy/custom-apigee-hybrid-non_member_carsws_v20|custom-apigee-hybrid-non_member_carsws_v20|class org.jenkinsci.plugins.workflow.multibranch.WorkflowMultiBranchProject
      1 CTO/Apigee-Hybrid/engineering/Deploy Apigee Hybrid Custom Proxy/custom-apigee-hybrid-nextgen_dashboards_ancillary_v1rh|custom-apigee-hybrid-nextgen_dashboards_ancillary_v1rh|class org.jenkinsci.plugins.workflow.multibranch.WorkflowMultiBranchProject
      1 CTO/Apigee-Hybrid/engineering/Deploy Apigee Hybrid Custom Proxy/custom-apigee-hybrid-nce_member_profile_eligibility_v10_c|custom-apigee-hybrid-nce_member_profile_eligibility_v10_c|class org.jenkinsci.plugins.workflow.multibranch.WorkflowMultiBranchProject
      1 CTO/Apigee-Hybrid/engineering/Deploy Apigee Hybrid Custom Proxy/custom-apigee-hybrid-national_member_s_v20|custom-apigee-hybrid-national_member_s_v20|class org.jenkinsci.plugins.workflow.multibranch.WorkflowMultiBranchProject
      1 CTO/Apigee-Hybrid/engineering/Deploy Apigee Hybrid Custom Proxy/custom-apigee-hybrid-mykp_yammer_v10h|custom-apigee-hybrid-mykp_yammer_v10h|class org.jenkinsci.plugins.workflow.multibranch.WorkflowMultiBranchProject
      1 CTO/Apigee-Hybrid/engineering/Deploy Apigee Hybrid Custom Proxy/custom-apigee-hybrid-mykp_workforce_notifications_v10h|custom-apigee-hybrid-mykp_workforce_notifications_v10h|class org.jenkinsci.plugins.workflow.multibranch.WorkflowMultiBranchProject
      1 CTO/Apigee-Hybrid/engineering/Deploy Apigee Hybrid Custom Proxy/custom-apigee-hybrid-mykp_profile_read_only_v1h|custom-apigee-hybrid-mykp_profile_read_only_v1h|class org.jenkinsci.plugins.workflow.multibranch.WorkflowMultiBranchProject
      1 CTO/Apigee-Hybrid/engineering/Deploy Apigee Hybrid Custom Proxy/custom-apigee-hybrid-myhr_oracle_hcm_ucm_generic_v1sh|custom-apigee-hybrid-myhr_oracle_hcm_ucm_generic_v1sh|class org.jenkinsci.plugins.workflow.multibranch.WorkflowMultiBranchProject
      1 CTO/Apigee-Hybrid/engineering/Deploy Apigee Hybrid Custom Proxy/custom-apigee-hybrid-myhr_oracle_hcm_ucm_generic_soap_v10|custom-apigee-hybrid-myhr_oracle_hcm_ucm_generic_soap_v10|class org.jenkinsci.plugins.workflow.multibranch.WorkflowMultiBranchProject
      1 CTO/Apigee-Hybrid/engineering/Deploy Apigee Hybrid Custom Proxy/custom-apigee-hybrid-myhr_oracle_hcm_schedule_report_v1|custom-apigee-hybrid-myhr_oracle_hcm_schedule_report_v1|class org.jenkinsci.plugins.workflow.multibranch.WorkflowMultiBranchProject
      1 CTO/Apigee-Hybrid/engineering/Deploy Apigee Hybrid Custom Proxy/custom-apigee-hybrid-myhr_oracle_hcm_extract_web_v10|custom-apigee-hybrid-myhr_oracle_hcm_extract_web_v10|class org.jenkinsci.plugins.workflow.multibranch.WorkflowMultiBranchProject
      1 CTO/Apigee-Hybrid/engineering/Deploy Apigee Hybrid Custom Proxy/custom-apigee-hybrid-myhr_oracle_hcm_erp_integration_v1sh|custom-apigee-hybrid-myhr_oracle_hcm_erp_integration_v1sh|class org.jenkinsci.plugins.workflow.multibranch.WorkflowMultiBranchProject
      1 CTO/Apigee-Hybrid/engineering/Deploy Apigee Hybrid Custom Proxy/custom-apigee-hybrid-myhr_oracle_hcm_erp_integration_v10|custom-apigee-hybrid-myhr_oracle_hcm_erp_integration_v10|class org.jenkinsci.plugins.workflow.multibranch.WorkflowMultiBranchProject
      1 CTO/Apigee-Hybrid/engineering/Deploy Apigee Hybrid Custom Proxy/custom-apigee-hybrid-my_kp_secured_search_api_v10h|custom-apigee-hybrid-my_kp_secured_search_api_v10h|class org.jenkinsci.plugins.workflow.multibranch.WorkflowMultiBranchProject
      1 CTO/Apigee-Hybrid/engineering/Deploy Apigee Hybrid Custom Proxy/custom-apigee-hybrid-my_kp_public_search_api_v10h|custom-apigee-hybrid-my_kp_public_search_api_v10h|class org.jenkinsci.plugins.workflow.multibranch.WorkflowMultiBranchProject
      1 CTO/Apigee-Hybrid/engineering/Deploy Apigee Hybrid Custom Proxy/custom-apigee-hybrid-my_kp_application_v1h|custom-apigee-hybrid-my_kp_application_v1h|class org.jenkinsci.plugins.workflow.multibranch.WorkflowMultiBranchProject
      1 CTO/Apigee-Hybrid/engineering/Deploy Apigee Hybrid Custom Proxy/custom-apigee-hybrid-my_hr_people_fluent_r_api|custom-apigee-hybrid-my_hr_people_fluent_r_api|class org.jenkinsci.plugins.workflow.multibranch.WorkflowMultiBranchProject
      1 CTO/Apigee-Hybrid/engineering/Deploy Apigee Hybrid Custom Proxy/custom-apigee-hybrid-mps_point_of_sale_pos_v1rh|custom-apigee-hybrid-mps_point_of_sale_pos_v1rh|class org.jenkinsci.plugins.workflow.multibranch.WorkflowMultiBranchProject
      1 CTO/Apigee-Hybrid/engineering/Deploy Apigee Hybrid Custom Proxy/custom-apigee-hybrid-mps_pie_scheduled_payments_v1|custom-apigee-hybrid-mps_pie_scheduled_payments_v1|class org.jenkinsci.plugins.workflow.multibranch.WorkflowMultiBranchProject
      1 CTO/Apigee-Hybrid/engineering/Deploy Apigee Hybrid Custom Proxy/custom-apigee-hybrid-mps_pie_payment_initiation_v1|custom-apigee-hybrid-mps_pie_payment_initiation_v1|class org.jenkinsci.plugins.workflow.multibranch.WorkflowMultiBranchProject
      1 CTO/Apigee-Hybrid/engineering/Deploy Apigee Hybrid Custom Proxy/custom-apigee-hybrid-mps_pie_common_services_api|custom-apigee-hybrid-mps_pie_common_services_api|class org.jenkinsci.plugins.workflow.multibranch.WorkflowMultiBranchProject
      1 CTO/Apigee-Hybrid/engineering/Deploy Apigee Hybrid Custom Proxy/custom-apigee-hybrid-mps_pie_account_balance_v1|custom-apigee-hybrid-mps_pie_account_balance_v1|class org.jenkinsci.plugins.workflow.multibranch.WorkflowMultiBranchProject
      1 CTO/Apigee-Hybrid/engineering/Deploy Apigee Hybrid Custom Proxy/custom-apigee-hybrid-mpeople_to_salesforce_v1r|custom-apigee-hybrid-mpeople_to_salesforce_v1r|class org.jenkinsci.plugins.workflow.multibranch.WorkflowMultiBranchProject
      1 CTO/Apigee-Hybrid/engineering/Deploy Apigee Hybrid Custom Proxy/custom-apigee-hybrid-metlife_soh_v1|custom-apigee-hybrid-metlife_soh_v1|class org.jenkinsci.plugins.workflow.multibranch.WorkflowMultiBranchProject
      1 CTO/Apigee-Hybrid/engineering/Deploy Apigee Hybrid Custom Proxy/custom-apigee-hybrid-message_center_attachment_v1rch|custom-apigee-hybrid-message_center_attachment_v1rch|class org.jenkinsci.plugins.workflow.multibranch.WorkflowMultiBranchProject
      1 CTO/Apigee-Hybrid/engineering/Deploy Apigee Hybrid Custom Proxy/custom-apigee-hybrid-message_center_attachment_v1rch
      1 CTO/Apigee-Hybrid/engineering/Deploy Apigee Hybrid Custom Proxy/custom-apigee-hybrid-membership_selfservice_member_roster_v1r|custom-apigee-hybrid-membership_selfservice_member_roster_v1r|class org.jenkinsci.plugins.workflow.multibranch.WorkflowMultiBranchProject
      1 CTO/Apigee-Hybrid/engineering/Deploy Apigee Hybrid Custom Proxy/custom-apigee-hybrid-membership_selfservice_member_maintain_v1r|custom-apigee-hybrid-membership_selfservice_member_maintain_v1r|class org.jenkinsci.plugins.workflow.multibranch.WorkflowMultiBranchProject
      1 CTO/Apigee-Hybrid/engineering/Deploy Apigee Hybrid Custom Proxy/custom-apigee-hybrid-membership_selfservice_member_inquiry_v1r|custom-apigee-hybrid-membership_selfservice_member_inquiry_v1r|class org.jenkinsci.plugins.workflow.multibranch.WorkflowMultiBranchProject
      1 CTO/Apigee-Hybrid/engineering/Deploy Apigee Hybrid Custom Proxy/custom-apigee-hybrid-membership_selfservice_member_enrollment_v1r|custom-apigee-hybrid-membership_selfservice_member_enrollment_v1r|class org.jenkinsci.plugins.workflow.multibranch.WorkflowMultiBranchProject
      1 CTO/Apigee-Hybrid/engineering/Deploy Apigee Hybrid Custom Proxy/custom-apigee-hybrid-membership_bff_ss_member_roster_v1r|custom-apigee-hybrid-membership_bff_ss_member_roster_v1r|class org.jenkinsci.plugins.workflow.multibranch.WorkflowMultiBranchProject
      1 CTO/Apigee-Hybrid/engineering/Deploy Apigee Hybrid Custom Proxy/custom-apigee-hybrid-memberlookup_v20|custom-apigee-hybrid-memberlookup_v20|class org.jenkinsci.plugins.workflow.multibranch.WorkflowMultiBranchProject
      1 CTO/Apigee-Hybrid/engineering/Deploy Apigee Hybrid Custom Proxy/custom-apigee-hybrid-memberbenefitsinquiry_v21|custom-apigee-hybrid-memberbenefitsinquiry_v21|class org.jenkinsci.plugins.workflow.multibranch.WorkflowMultiBranchProject
      1 CTO/Apigee-Hybrid/engineering/Deploy Apigee Hybrid Custom Proxy/custom-apigee-hybrid-member_update_v1|custom-apigee-hybrid-member_update_v1|class org.jenkinsci.plugins.workflow.multibranch.WorkflowMultiBranchProject
      1 CTO/Apigee-Hybrid/engineering/Deploy Apigee Hybrid Custom Proxy/custom-apigee-hybrid-member_update_v1
      1 CTO/Apigee-Hybrid/engineering/Deploy Apigee Hybrid Custom Proxy/custom-apigee-hybrid-member_termination_v1|custom-apigee-hybrid-member_termination_v1|class org.jenkinsci.plugins.workflow.multibranch.WorkflowMultiBranchProject
      1 CTO/Apigee-Hybrid/engineering/Deploy Apigee Hybrid Custom Proxy/custom-apigee-hybrid-member_termination_v1
      1 CTO/Apigee-Hybrid/engineering/Deploy Apigee Hybrid Custom Proxy/custom-apigee-hybrid-member_subgroup_transfer_v10|custom-apigee-hybrid-member_subgroup_transfer_v10|class org.jenkinsci.plugins.workflow.multibranch.WorkflowMultiBranchProject
      1 CTO/Apigee-Hybrid/engineering/Deploy Apigee Hybrid Custom Proxy/custom-apigee-hybrid-member_lookup_v21|custom-apigee-hybrid-member_lookup_v21|class org.jenkinsci.plugins.workflow.multibranch.WorkflowMultiBranchProject
      1 CTO/Apigee-Hybrid/engineering/Deploy Apigee Hybrid Custom Proxy/custom-apigee-hybrid-member_inquiry_v21|custom-apigee-hybrid-member_inquiry_v21|class org.jenkinsci.plugins.workflow.multibranch.WorkflowMultiBranchProject
      1 CTO/Apigee-Hybrid/engineering/Deploy Apigee Hybrid Custom Proxy/custom-apigee-hybrid-member_inquiry_v20|custom-apigee-hybrid-member_inquiry_v20|class org.jenkinsci.plugins.workflow.multibranch.WorkflowMultiBranchProject
      1 CTO/Apigee-Hybrid/engineering/Deploy Apigee Hybrid Custom Proxy/custom-apigee-hybrid-member_information_v1r|custom-apigee-hybrid-member_information_v1r|class org.jenkinsci.plugins.workflow.multibranch.WorkflowMultiBranchProject
      1 CTO/Apigee-Hybrid/engineering/Deploy Apigee Hybrid Custom Proxy/custom-apigee-hybrid-member_history_inquiry_v10|custom-apigee-hybrid-member_history_inquiry_v10|class org.jenkinsci.plugins.workflow.multibranch.WorkflowMultiBranchProject
      1 CTO/Apigee-Hybrid/engineering/Deploy Apigee Hybrid Custom Proxy/custom-apigee-hybrid-member_history_inquiry_v10
      1 CTO/Apigee-Hybrid/engineering/Deploy Apigee Hybrid Custom Proxy/custom-apigee-hybrid-member_enrollment_v1|custom-apigee-hybrid-member_enrollment_v1|class org.jenkinsci.plugins.workflow.multibranch.WorkflowMultiBranchProject
      1 CTO/Apigee-Hybrid/engineering/Deploy Apigee Hybrid Custom Proxy/custom-apigee-hybrid-member_enrollment_nw_v1|custom-apigee-hybrid-member_enrollment_nw_v1|class org.jenkinsci.plugins.workflow.multibranch.WorkflowMultiBranchProject
      1 CTO/Apigee-Hybrid/engineering/Deploy Apigee Hybrid Custom Proxy/custom-apigee-hybrid-member_benefits_inquiry_v20|custom-apigee-hybrid-member_benefits_inquiry_v20|class org.jenkinsci.plugins.workflow.multibranch.WorkflowMultiBranchProject
      1 CTO/Apigee-Hybrid/engineering/Deploy Apigee Hybrid Custom Proxy/custom-apigee-hybrid-mbrshp_member_self_service_bff_v1r|custom-apigee-hybrid-mbrshp_member_self_service_bff_v1r|class org.jenkinsci.plugins.workflow.multibranch.WorkflowMultiBranchProject
      1 CTO/Apigee-Hybrid/engineering/Deploy Apigee Hybrid Custom Proxy/custom-apigee-hybrid-mbrshp_bff_ssgroupservice_v1r|custom-apigee-hybrid-mbrshp_bff_ssgroupservice_v1r|class org.jenkinsci.plugins.workflow.multibranch.WorkflowMultiBranchProject
      1 CTO/Apigee-Hybrid/engineering/Deploy Apigee Hybrid Custom Proxy/custom-apigee-hybrid-mbrshp_bff_ss_member_maintain_v1r|custom-apigee-hybrid-mbrshp_bff_ss_member_maintain_v1r|class org.jenkinsci.plugins.workflow.multibranch.WorkflowMultiBranchProject
      1 CTO/Apigee-Hybrid/engineering/Deploy Apigee Hybrid Custom Proxy/custom-apigee-hybrid-mbrshp_bff_ss_member_inquiry_v1r|custom-apigee-hybrid-mbrshp_bff_ss_member_inquiry_v1r|class org.jenkinsci.plugins.workflow.multibranch.WorkflowMultiBranchProject
      1 CTO/Apigee-Hybrid/engineering/Deploy Apigee Hybrid Custom Proxy/custom-apigee-hybrid-mbrshp_bff_ss_member_enrollment_v1r|custom-apigee-hybrid-mbrshp_bff_ss_member_enrollment_v1r|class org.jenkinsci.plugins.workflow.multibranch.WorkflowMultiBranchProject
      1 CTO/Apigee-Hybrid/engineering/Deploy Apigee Hybrid Custom Proxy/custom-apigee-hybrid-mas_eligibility_and_demographics_v10|custom-apigee-hybrid-mas_eligibility_and_demographics_v10|class org.jenkinsci.plugins.workflow.multibranch.WorkflowMultiBranchProject
      1 CTO/Apigee-Hybrid/engineering/Deploy Apigee Hybrid Custom Proxy/custom-apigee-hybrid-mas_eligibility_and_demographics_v10
      1 CTO/Apigee-Hybrid/engineering/Deploy Apigee Hybrid Custom Proxy/custom-apigee-hybrid-kpx_access_akamai_rc_v1rch|custom-apigee-hybrid-kpx_access_akamai_rc_v1rch|class org.jenkinsci.plugins.workflow.multibranch.WorkflowMultiBranchProject
      1 CTO/Apigee-Hybrid/engineering/Deploy Apigee Hybrid Custom Proxy/custom-apigee-hybrid-kpx_access_akamai_rc_v1rch
      1 CTO/Apigee-Hybrid/engineering/Deploy Apigee Hybrid Custom Proxy/custom-apigee-hybrid-kpx-access-apiv1|custom-apigee-hybrid-kpx-access-apiv1|class org.jenkinsci.plugins.workflow.multibranch.WorkflowMultiBranchProject
      1 CTO/Apigee-Hybrid/engineering/Deploy Apigee Hybrid Custom Proxy/custom-apigee-hybrid-kptwsservice_v1r|custom-apigee-hybrid-kptwsservice_v1r|class org.jenkinsci.plugins.workflow.multibranch.WorkflowMultiBranchProject
      1 CTO/Apigee-Hybrid/engineering/Deploy Apigee Hybrid Custom Proxy/custom-apigee-hybrid-kpmc_transactiontracking_bff|custom-apigee-hybrid-kpmc_transactiontracking_bff|class org.jenkinsci.plugins.workflow.multibranch.WorkflowMultiBranchProject
      1 CTO/Apigee-Hybrid/engineering/Deploy Apigee Hybrid Custom Proxy/custom-apigee-hybrid-kpmc_ssindvbinderpayment_bff_v1_1r|custom-apigee-hybrid-kpmc_ssindvbinderpayment_bff_v1_1r|class org.jenkinsci.plugins.workflow.multibranch.WorkflowMultiBranchProject
      1 CTO/Apigee-Hybrid/engineering/Deploy Apigee Hybrid Custom Proxy/custom-apigee-hybrid-kpmc_restproxy_v1r|custom-apigee-hybrid-kpmc_restproxy_v1r|class org.jenkinsci.plugins.workflow.multibranch.WorkflowMultiBranchProject
      1 CTO/Apigee-Hybrid/engineering/Deploy Apigee Hybrid Custom Proxy/custom-apigee-hybrid-kpmc_member_termination_v1|custom-apigee-hybrid-kpmc_member_termination_v1|class org.jenkinsci.plugins.workflow.multibranch.WorkflowMultiBranchProject
      1 CTO/Apigee-Hybrid/engineering/Deploy Apigee Hybrid Custom Proxy/custom-apigee-hybrid-kpmc_documents_internal_bff_v1|custom-apigee-hybrid-kpmc_documents_internal_bff_v1|class org.jenkinsci.plugins.workflow.multibranch.WorkflowMultiBranchProject
      1 CTO/Apigee-Hybrid/engineering/Deploy Apigee Hybrid Custom Proxy/custom-apigee-hybrid-kpmc_cam_group_sor_v1r|custom-apigee-hybrid-kpmc_cam_group_sor_v1r|class org.jenkinsci.plugins.workflow.multibranch.WorkflowMultiBranchProject
      1 CTO/Apigee-Hybrid/engineering/Deploy Apigee Hybrid Custom Proxy/custom-apigee-hybrid-kpmc_bill_and_pay_bff_v1_1r|custom-apigee-hybrid-kpmc_bill_and_pay_bff_v1_1r|class org.jenkinsci.plugins.workflow.multibranch.WorkflowMultiBranchProject
      1 CTO/Apigee-Hybrid/engineering/Deploy Apigee Hybrid Custom Proxy/custom-apigee-hybrid-kphp_fhir_resources_r4|custom-apigee-hybrid-kphp_fhir_resources_r4|class org.jenkinsci.plugins.workflow.multibranch.WorkflowMultiBranchProject
      1 CTO/Apigee-Hybrid/engineering/Deploy Apigee Hybrid Custom Proxy/custom-apigee-hybrid-kphc_text_message_option_v1|custom-apigee-hybrid-kphc_text_message_option_v1|class org.jenkinsci.plugins.workflow.multibranch.WorkflowMultiBranchProject
      1 CTO/Apigee-Hybrid/engineering/Deploy Apigee Hybrid Custom Proxy/custom-apigee-hybrid-kphc_store_document_v3m|custom-apigee-hybrid-kphc_store_document_v3m|class org.jenkinsci.plugins.workflow.multibranch.WorkflowMultiBranchProject
      1 CTO/Apigee-Hybrid/engineering/Deploy Apigee Hybrid Custom Proxy/custom-apigee-hybrid-kphc_store_document_v2|custom-apigee-hybrid-kphc_store_document_v2|class org.jenkinsci.plugins.workflow.multibranch.WorkflowMultiBranchProject
      1 CTO/Apigee-Hybrid/engineering/Deploy Apigee Hybrid Custom Proxy/custom-apigee-hybrid-kphc_store_document_legacy_v3|custom-apigee-hybrid-kphc_store_document_legacy_v3|class org.jenkinsci.plugins.workflow.multibranch.WorkflowMultiBranchProject
      1 CTO/Apigee-Hybrid/engineering/Deploy Apigee Hybrid Custom Proxy/custom-apigee-hybrid-kphc_store_document_legacy_v2|custom-apigee-hybrid-kphc_store_document_legacy_v2|class org.jenkinsci.plugins.workflow.multibranch.WorkflowMultiBranchProject
      1 CTO/Apigee-Hybrid/engineering/Deploy Apigee Hybrid Custom Proxy/custom-apigee-hybrid-kphc_send_inbasket_message_v1|custom-apigee-hybrid-kphc_send_inbasket_message_v1|class org.jenkinsci.plugins.workflow.multibranch.WorkflowMultiBranchProject
      1 CTO/Apigee-Hybrid/engineering/Deploy Apigee Hybrid Custom Proxy/custom-apigee-hybrid-kphc_radiology_orders_v5|custom-apigee-hybrid-kphc_radiology_orders_v5|class org.jenkinsci.plugins.workflow.multibranch.WorkflowMultiBranchProject
      1 CTO/Apigee-Hybrid/engineering/Deploy Apigee Hybrid Custom Proxy/custom-apigee-hybrid-kphc_put_questionnaire_v1|custom-apigee-hybrid-kphc_put_questionnaire_v1|class org.jenkinsci.plugins.workflow.multibranch.WorkflowMultiBranchProject
      1 CTO/Apigee-Hybrid/engineering/Deploy Apigee Hybrid Custom Proxy/custom-apigee-hybrid-kphc_put_questionnaire_fam_v2s|custom-apigee-hybrid-kphc_put_questionnaire_fam_v2s|class org.jenkinsci.plugins.workflow.multibranch.WorkflowMultiBranchProject
      1 CTO/Apigee-Hybrid/engineering/Deploy Apigee Hybrid Custom Proxy/custom-apigee-hybrid-kphc_pointclickcare_webhook_listener_v1r|custom-apigee-hybrid-kphc_pointclickcare_webhook_listener_v1r|class org.jenkinsci.plugins.workflow.multibranch.WorkflowMultiBranchProject
      1 CTO/Apigee-Hybrid/engineering/Deploy Apigee Hybrid Custom Proxy/custom-apigee-hybrid-kphc_patient_care_team_v4|custom-apigee-hybrid-kphc_patient_care_team_v4|class org.jenkinsci.plugins.workflow.multibranch.WorkflowMultiBranchProject
      1 CTO/Apigee-Hybrid/engineering/Deploy Apigee Hybrid Custom Proxy/custom-apigee-hybrid-kphc_orders_v2|custom-apigee-hybrid-kphc_orders_v2|class org.jenkinsci.plugins.workflow.multibranch.WorkflowMultiBranchProject
      1 CTO/Apigee-Hybrid/engineering/Deploy Apigee Hybrid Custom Proxy/custom-apigee-hybrid-kphc_orca_legacy_v1|custom-apigee-hybrid-kphc_orca_legacy_v1|class org.jenkinsci.plugins.workflow.multibranch.WorkflowMultiBranchProject
      1 CTO/Apigee-Hybrid/engineering/Deploy Apigee Hybrid Custom Proxy/custom-apigee-hybrid-kphc_medications_v5|custom-apigee-hybrid-kphc_medications_v5|class org.jenkinsci.plugins.workflow.multibranch.WorkflowMultiBranchProject
      1 CTO/Apigee-Hybrid/engineering/Deploy Apigee Hybrid Custom Proxy/custom-apigee-hybrid-kphc_lsp_application_v10r_c|custom-apigee-hybrid-kphc_lsp_application_v10r_c|class org.jenkinsci.plugins.workflow.multibranch.WorkflowMultiBranchProject
      1 CTO/Apigee-Hybrid/engineering/Deploy Apigee Hybrid Custom Proxy/custom-apigee-hybrid-kphc_lab_orders_v5|custom-apigee-hybrid-kphc_lab_orders_v5|class org.jenkinsci.plugins.workflow.multibranch.WorkflowMultiBranchProject
      1 CTO/Apigee-Hybrid/engineering/Deploy Apigee Hybrid Custom Proxy/custom-apigee-hybrid-kphc_lab_orders_v3|custom-apigee-hybrid-kphc_lab_orders_v3|class org.jenkinsci.plugins.workflow.multibranch.WorkflowMultiBranchProject
      1 CTO/Apigee-Hybrid/engineering/Deploy Apigee Hybrid Custom Proxy/custom-apigee-hybrid-kphc_haikucanto_v20r|custom-apigee-hybrid-kphc_haikucanto_v20r|class org.jenkinsci.plugins.workflow.multibranch.WorkflowMultiBranchProject
      1 CTO/Apigee-Hybrid/engineering/Deploy Apigee Hybrid Custom Proxy/custom-apigee-hybrid-kphc_get_user_base_deployment_v1|custom-apigee-hybrid-kphc_get_user_base_deployment_v1|class org.jenkinsci.plugins.workflow.multibranch.WorkflowMultiBranchProject
      1 CTO/Apigee-Hybrid/engineering/Deploy Apigee Hybrid Custom Proxy/custom-apigee-hybrid-kphc_get_registry_v1r|custom-apigee-hybrid-kphc_get_registry_v1r|class org.jenkinsci.plugins.workflow.multibranch.WorkflowMultiBranchProject
      1 CTO/Apigee-Hybrid/engineering/Deploy Apigee Hybrid Custom Proxy/custom-apigee-hybrid-kphc_get_referrals_v4|custom-apigee-hybrid-kphc_get_referrals_v4|class org.jenkinsci.plugins.workflow.multibranch.WorkflowMultiBranchProject
      1 CTO/Apigee-Hybrid/engineering/Deploy Apigee Hybrid Custom Proxy/custom-apigee-hybrid-kphc_get_referral_claims_v3|custom-apigee-hybrid-kphc_get_referral_claims_v3|class org.jenkinsci.plugins.workflow.multibranch.WorkflowMultiBranchProject
      1 CTO/Apigee-Hybrid/engineering/Deploy Apigee Hybrid Custom Proxy/custom-apigee-hybrid-kphc_get_referral_claims_legacy_v3s|custom-apigee-hybrid-kphc_get_referral_claims_legacy_v3s|class org.jenkinsci.plugins.workflow.multibranch.WorkflowMultiBranchProject
      1 CTO/Apigee-Hybrid/engineering/Deploy Apigee Hybrid Custom Proxy/custom-apigee-hybrid-kphc_get_prof_billing_details_legacy_v1|custom-apigee-hybrid-kphc_get_prof_billing_details_legacy_v1|class org.jenkinsci.plugins.workflow.multibranch.WorkflowMultiBranchProject
      1 CTO/Apigee-Hybrid/engineering/Deploy Apigee Hybrid Custom Proxy/custom-apigee-hybrid-kphc_get_prof_billing_details_legacy_s_v1s|custom-apigee-hybrid-kphc_get_prof_billing_details_legacy_s_v1s|class org.jenkinsci.plugins.workflow.multibranch.WorkflowMultiBranchProject
      1 CTO/Apigee-Hybrid/engineering/Deploy Apigee Hybrid Custom Proxy/custom-apigee-hybrid-kphc_get_prof_billing_details_legacy_s_v1s
      1 CTO/Apigee-Hybrid/engineering/Deploy Apigee Hybrid Custom Proxy/custom-apigee-hybrid-kphc_get_problem_list_v1|custom-apigee-hybrid-kphc_get_problem_list_v1|class org.jenkinsci.plugins.workflow.multibranch.WorkflowMultiBranchProject
      1 CTO/Apigee-Hybrid/engineering/Deploy Apigee Hybrid Custom Proxy/custom-apigee-hybrid-kphc_get_patient_care_team_v1|custom-apigee-hybrid-kphc_get_patient_care_team_v1|class org.jenkinsci.plugins.workflow.multibranch.WorkflowMultiBranchProject
      1 CTO/Apigee-Hybrid/engineering/Deploy Apigee Hybrid Custom Proxy/custom-apigee-hybrid-kphc_get_hosp_billing_account_legacy_v1|custom-apigee-hybrid-kphc_get_hosp_billing_account_legacy_v1|class org.jenkinsci.plugins.workflow.multibranch.WorkflowMultiBranchProject
      1 CTO/Apigee-Hybrid/engineering/Deploy Apigee Hybrid Custom Proxy/custom-apigee-hybrid-kphc_get_guarantor_patient_list_legacy_v2r|custom-apigee-hybrid-kphc_get_guarantor_patient_list_legacy_v2r|class org.jenkinsci.plugins.workflow.multibranch.WorkflowMultiBranchProject
      1 CTO/Apigee-Hybrid/engineering/Deploy Apigee Hybrid Custom Proxy/custom-apigee-hybrid-kphc_get_guarantor_account_legacy_v1|custom-apigee-hybrid-kphc_get_guarantor_account_legacy_v1|class org.jenkinsci.plugins.workflow.multibranch.WorkflowMultiBranchProject
      1 CTO/Apigee-Hybrid/engineering/Deploy Apigee Hybrid Custom Proxy/custom-apigee-hybrid-kphc_get_encounters_v3|custom-apigee-hybrid-kphc_get_encounters_v3|class org.jenkinsci.plugins.workflow.multibranch.WorkflowMultiBranchProject
      1 CTO/Apigee-Hybrid/engineering/Deploy Apigee Hybrid Custom Proxy/custom-apigee-hybrid-kphc_get_encounters_v2|custom-apigee-hybrid-kphc_get_encounters_v2|class org.jenkinsci.plugins.workflow.multibranch.WorkflowMultiBranchProject
      1 CTO/Apigee-Hybrid/engineering/Deploy Apigee Hybrid Custom Proxy/custom-apigee-hybrid-kphc_get_demographics_v3|custom-apigee-hybrid-kphc_get_demographics_v3|class org.jenkinsci.plugins.workflow.multibranch.WorkflowMultiBranchProject
      1 CTO/Apigee-Hybrid/engineering/Deploy Apigee Hybrid Custom Proxy/custom-apigee-hybrid-kphc_get_demographics_v1|custom-apigee-hybrid-kphc_get_demographics_v1|class org.jenkinsci.plugins.workflow.multibranch.WorkflowMultiBranchProject
      1 CTO/Apigee-Hybrid/engineering/Deploy Apigee Hybrid Custom Proxy/custom-apigee-hybrid-kphc_get_demographics_legacy_v2s|custom-apigee-hybrid-kphc_get_demographics_legacy_v2s|class org.jenkinsci.plugins.workflow.multibranch.WorkflowMultiBranchProject
      1 CTO/Apigee-Hybrid/engineering/Deploy Apigee Hybrid Custom Proxy/custom-apigee-hybrid-kphc_get_demographics_fam_v3s|custom-apigee-hybrid-kphc_get_demographics_fam_v3s|class org.jenkinsci.plugins.workflow.multibranch.WorkflowMultiBranchProject
      1 CTO/Apigee-Hybrid/engineering/Deploy Apigee Hybrid Custom Proxy/custom-apigee-hybrid-kphc_get_blank_questionnaire_fam_v1|custom-apigee-hybrid-kphc_get_blank_questionnaire_fam_v1|class org.jenkinsci.plugins.workflow.multibranch.WorkflowMultiBranchProject
      1 CTO/Apigee-Hybrid/engineering/Deploy Apigee Hybrid Custom Proxy/custom-apigee-hybrid-kphc_get_appt_home_v1|custom-apigee-hybrid-kphc_get_appt_home_v1|class org.jenkinsci.plugins.workflow.multibranch.WorkflowMultiBranchProject
      1 CTO/Apigee-Hybrid/engineering/Deploy Apigee Hybrid Custom Proxy/custom-apigee-hybrid-kphc_get_appt_home_dmzh_s_v1sh|custom-apigee-hybrid-kphc_get_appt_home_dmzh_s_v1sh|class org.jenkinsci.plugins.workflow.multibranch.WorkflowMultiBranchProject
      1 CTO/Apigee-Hybrid/engineering/Deploy Apigee Hybrid Custom Proxy/custom-apigee-hybrid-kphc_get_appt_home_dmzh_s_v1sh
      1 CTO/Apigee-Hybrid/engineering/Deploy Apigee Hybrid Custom Proxy/custom-apigee-hybrid-kphc_get_appt_details_v4|custom-apigee-hybrid-kphc_get_appt_details_v4|class org.jenkinsci.plugins.workflow.multibranch.WorkflowMultiBranchProject
      1 CTO/Apigee-Hybrid/engineering/Deploy Apigee Hybrid Custom Proxy/custom-apigee-hybrid-kphc_comm_prefs_fam_v1|custom-apigee-hybrid-kphc_comm_prefs_fam_v1|class org.jenkinsci.plugins.workflow.multibranch.WorkflowMultiBranchProject
      1 CTO/Apigee-Hybrid/engineering/Deploy Apigee Hybrid Custom Proxy/custom-apigee-hybrid-kpd_risant_app_v1rh|custom-apigee-hybrid-kpd_risant_app_v1rh|class org.jenkinsci.plugins.workflow.multibranch.WorkflowMultiBranchProject
      1 CTO/Apigee-Hybrid/engineering/Deploy Apigee Hybrid Custom Proxy/custom-apigee-hybrid-kpd_email_classifier_api_v1rh|custom-apigee-hybrid-kpd_email_classifier_api_v1rh|class org.jenkinsci.plugins.workflow.multibranch.WorkflowMultiBranchProject
      1 CTO/Apigee-Hybrid/engineering/Deploy Apigee Hybrid Custom Proxy/custom-apigee-hybrid-kpd_email_classifier_api_v1rh
      1 CTO/Apigee-Hybrid/engineering/Deploy Apigee Hybrid Custom Proxy/custom-apigee-hybrid-kpcc_kphc_get_coverages_v4|custom-apigee-hybrid-kpcc_kphc_get_coverages_v4|class org.jenkinsci.plugins.workflow.multibranch.WorkflowMultiBranchProject
      1 CTO/Apigee-Hybrid/engineering/Deploy Apigee Hybrid Custom Proxy/custom-apigee-hybrid-kp_polaris_stu3|custom-apigee-hybrid-kp_polaris_stu3|class org.jenkinsci.plugins.workflow.multibranch.WorkflowMultiBranchProject
      1 CTO/Apigee-Hybrid/engineering/Deploy Apigee Hybrid Custom Proxy/custom-apigee-hybrid-kp_polaris_r4|custom-apigee-hybrid-kp_polaris_r4|class org.jenkinsci.plugins.workflow.multibranch.WorkflowMultiBranchProject
      1 CTO/Apigee-Hybrid/engineering/Deploy Apigee Hybrid Custom Proxy/custom-apigee-hybrid-kp_polaris_openpk|custom-apigee-hybrid-kp_polaris_openpk|class org.jenkinsci.plugins.workflow.multibranch.WorkflowMultiBranchProject
      1 CTO/Apigee-Hybrid/engineering/Deploy Apigee Hybrid Custom Proxy/custom-apigee-hybrid-kp_polaris_oauth2|custom-apigee-hybrid-kp_polaris_oauth2|class org.jenkinsci.plugins.workflow.multibranch.WorkflowMultiBranchProject
      1 CTO/Apigee-Hybrid/engineering/Deploy Apigee Hybrid Custom Proxy/custom-apigee-hybrid-kp_polaris_legacy_r4|custom-apigee-hybrid-kp_polaris_legacy_r4|class org.jenkinsci.plugins.workflow.multibranch.WorkflowMultiBranchProject
      1 CTO/Apigee-Hybrid/engineering/Deploy Apigee Hybrid Custom Proxy/custom-apigee-hybrid-kp_polaris_legacy_oauth2|custom-apigee-hybrid-kp_polaris_legacy_oauth2|class org.jenkinsci.plugins.workflow.multibranch.WorkflowMultiBranchProject
      1 CTO/Apigee-Hybrid/engineering/Deploy Apigee Hybrid Custom Proxy/custom-apigee-hybrid-kp_polaris_epictelehealthexternal_v2020|custom-apigee-hybrid-kp_polaris_epictelehealthexternal_v2020|class org.jenkinsci.plugins.workflow.multibranch.WorkflowMultiBranchProject
      1 CTO/Apigee-Hybrid/engineering/Deploy Apigee Hybrid Custom Proxy/custom-apigee-hybrid-kp_polaris_epictelehealthcontextlinking_v2018|custom-apigee-hybrid-kp_polaris_epictelehealthcontextlinking_v2018|class org.jenkinsci.plugins.workflow.multibranch.WorkflowMultiBranchProject
      1 CTO/Apigee-Hybrid/engineering/Deploy Apigee Hybrid Custom Proxy/custom-apigee-hybrid-kp_polaris_epicsecuritypersonnelmanagement_v2014|custom-apigee-hybrid-kp_polaris_epicsecuritypersonnelmanagement_v2014|class org.jenkinsci.plugins.workflow.multibranch.WorkflowMultiBranchProject
      1 CTO/Apigee-Hybrid/engineering/Deploy Apigee Hybrid Custom Proxy/custom-apigee-hybrid-kp_polaris_epicschedulingprovider_v2013|custom-apigee-hybrid-kp_polaris_epicschedulingprovider_v2013|class org.jenkinsci.plugins.workflow.multibranch.WorkflowMultiBranchProject
      1 CTO/Apigee-Hybrid/engineering/Deploy Apigee Hybrid Custom Proxy/custom-apigee-hybrid-kp_polaris_epicedixmlreceiver_v2022|custom-apigee-hybrid-kp_polaris_epicedixmlreceiver_v2022|class org.jenkinsci.plugins.workflow.multibranch.WorkflowMultiBranchProject
      1 CTO/Apigee-Hybrid/engineering/Deploy Apigee Hybrid Custom Proxy/custom-apigee-hybrid-kp_polaris_epicedisoapreceiver_v2009|custom-apigee-hybrid-kp_polaris_epicedisoapreceiver_v2009|class org.jenkinsci.plugins.workflow.multibranch.WorkflowMultiBranchProject
      1 CTO/Apigee-Hybrid/engineering/Deploy Apigee Hybrid Custom Proxy/custom-apigee-hybrid-kp_polaris_epicedihl7v2receiver_v2015|custom-apigee-hybrid-kp_polaris_epicedihl7v2receiver_v2015|class org.jenkinsci.plugins.workflow.multibranch.WorkflowMultiBranchProject
      1 CTO/Apigee-Hybrid/engineering/Deploy Apigee Hybrid Custom Proxy/custom-apigee-hybrid-kp_polaris_epiccreditcard_v2016|custom-apigee-hybrid-kp_polaris_epiccreditcard_v2016|class org.jenkinsci.plugins.workflow.multibranch.WorkflowMultiBranchProject
      1 CTO/Apigee-Hybrid/engineering/Deploy Apigee Hybrid Custom Proxy/custom-apigee-hybrid-kp_polaris_epicclinicalvoiceassistant_v2021|custom-apigee-hybrid-kp_polaris_epicclinicalvoiceassistant_v2021|class org.jenkinsci.plugins.workflow.multibranch.WorkflowMultiBranchProject
      1 CTO/Apigee-Hybrid/engineering/Deploy Apigee Hybrid Custom Proxy/custom-apigee-hybrid-kp_polaris_epicclinicalutility_v2013|custom-apigee-hybrid-kp_polaris_epicclinicalutility_v2013|class org.jenkinsci.plugins.workflow.multibranch.WorkflowMultiBranchProject
      1 CTO/Apigee-Hybrid/engineering/Deploy Apigee Hybrid Custom Proxy/custom-apigee-hybrid-kp_polaris_epic_clinical_utility_v2013rh|custom-apigee-hybrid-kp_polaris_epic_clinical_utility_v2013rh|class org.jenkinsci.plugins.workflow.multibranch.WorkflowMultiBranchProject
      1 CTO/Apigee-Hybrid/engineering/Deploy Apigee Hybrid Custom Proxy/custom-apigee-hybrid-kp_polaris_epic_clinical_utility_v2013rh
      1 CTO/Apigee-Hybrid/engineering/Deploy Apigee Hybrid Custom Proxy/custom-apigee-hybrid-kp_polaris_dstu2|custom-apigee-hybrid-kp_polaris_dstu2|class org.jenkinsci.plugins.workflow.multibranch.WorkflowMultiBranchProject
      1 CTO/Apigee-Hybrid/engineering/Deploy Apigee Hybrid Custom Proxy/custom-apigee-hybrid-kp_mps_ewallet_cpx_ewallet_v1r|custom-apigee-hybrid-kp_mps_ewallet_cpx_ewallet_v1r|class org.jenkinsci.plugins.workflow.multibranch.WorkflowMultiBranchProject
      1 CTO/Apigee-Hybrid/engineering/Deploy Apigee Hybrid Custom Proxy/custom-apigee-hybrid-kp_mps_ewallet_cpx_ewallet_v1r
      1 CTO/Apigee-Hybrid/engineering/Deploy Apigee Hybrid Custom Proxy/custom-apigee-hybrid-kp_hrconnect_va_employee_details_v1r|custom-apigee-hybrid-kp_hrconnect_va_employee_details_v1r|class org.jenkinsci.plugins.workflow.multibranch.WorkflowMultiBranchProject
      1 CTO/Apigee-Hybrid/engineering/Deploy Apigee Hybrid Custom Proxy/custom-apigee-hybrid-kp_controller_v1r|custom-apigee-hybrid-kp_controller_v1r|class org.jenkinsci.plugins.workflow.multibranch.WorkflowMultiBranchProject
      1 CTO/Apigee-Hybrid/engineering/Deploy Apigee Hybrid Custom Proxy/custom-apigee-hybrid-kp_cframe_salesforce_r_v10|custom-apigee-hybrid-kp_cframe_salesforce_r_v10|class org.jenkinsci.plugins.workflow.multibranch.WorkflowMultiBranchProject
      1 CTO/Apigee-Hybrid/engineering/Deploy Apigee Hybrid Custom Proxy/custom-apigee-hybrid-kp2020_ocuco_a2r|custom-apigee-hybrid-kp2020_ocuco_a2r|class org.jenkinsci.plugins.workflow.multibranch.WorkflowMultiBranchProject
      1 CTO/Apigee-Hybrid/engineering/Deploy Apigee Hybrid Custom Proxy/custom-apigee-hybrid-itops_ips_foglifter_v1r|custom-apigee-hybrid-itops_ips_foglifter_v1r|class org.jenkinsci.plugins.workflow.multibranch.WorkflowMultiBranchProject
      1 CTO/Apigee-Hybrid/engineering/Deploy Apigee Hybrid Custom Proxy/custom-apigee-hybrid-ipm_aci_payment_notification_v10|custom-apigee-hybrid-ipm_aci_payment_notification_v10|class org.jenkinsci.plugins.workflow.multibranch.WorkflowMultiBranchProject
      1 CTO/Apigee-Hybrid/engineering/Deploy Apigee Hybrid Custom Proxy/custom-apigee-hybrid-interactive_voice_response_v120|custom-apigee-hybrid-interactive_voice_response_v120|class org.jenkinsci.plugins.workflow.multibranch.WorkflowMultiBranchProject
      1 CTO/Apigee-Hybrid/engineering/Deploy Apigee Hybrid Custom Proxy/custom-apigee-hybrid-infosource_solr_v9r|custom-apigee-hybrid-infosource_solr_v9r|class org.jenkinsci.plugins.workflow.multibranch.WorkflowMultiBranchProject
      1 CTO/Apigee-Hybrid/engineering/Deploy Apigee Hybrid Custom Proxy/custom-apigee-hybrid-infosource_search_v1rh|custom-apigee-hybrid-infosource_search_v1rh|class org.jenkinsci.plugins.workflow.multibranch.WorkflowMultiBranchProject
      1 CTO/Apigee-Hybrid/engineering/Deploy Apigee Hybrid Custom Proxy/custom-apigee-hybrid-identity_hub_v20|custom-apigee-hybrid-identity_hub_v20|class org.jenkinsci.plugins.workflow.multibranch.WorkflowMultiBranchProject
      1 CTO/Apigee-Hybrid/engineering/Deploy Apigee Hybrid Custom Proxy/custom-apigee-hybrid-iam_user_management_v1|custom-apigee-hybrid-iam_user_management_v1|class org.jenkinsci.plugins.workflow.multibranch.WorkflowMultiBranchProject
      1 CTO/Apigee-Hybrid/engineering/Deploy Apigee Hybrid Custom Proxy/custom-apigee-hybrid-hrconnect_hcm_oauth_v1rh|custom-apigee-hybrid-hrconnect_hcm_oauth_v1rh|class org.jenkinsci.plugins.workflow.multibranch.WorkflowMultiBranchProject
      1 CTO/Apigee-Hybrid/engineering/Deploy Apigee Hybrid Custom Proxy/custom-apigee-hybrid-hrconnect_hcm_oauth_v1rh
      1 CTO/Apigee-Hybrid/engineering/Deploy Apigee Hybrid Custom Proxy/custom-apigee-hybrid-hp_chats_webchat_v1|custom-apigee-hybrid-hp_chats_webchat_v1|class org.jenkinsci.plugins.workflow.multibranch.WorkflowMultiBranchProject
      1 CTO/Apigee-Hybrid/engineering/Deploy Apigee Hybrid Custom Proxy/custom-apigee-hybrid-health_plan_provider_v1r_c|custom-apigee-hybrid-health_plan_provider_v1r_c|class org.jenkinsci.plugins.workflow.multibranch.WorkflowMultiBranchProject
      1 CTO/Apigee-Hybrid/engineering/Deploy Apigee Hybrid Custom Proxy/custom-apigee-hybrid-health_plan_medication_knowledge_v1rc|custom-apigee-hybrid-health_plan_medication_knowledge_v1rc|class org.jenkinsci.plugins.workflow.multibranch.WorkflowMultiBranchProject
      1 CTO/Apigee-Hybrid/engineering/Deploy Apigee Hybrid Custom Proxy/custom-apigee-hybrid-health_plan_kpx_v1rc|custom-apigee-hybrid-health_plan_kpx_v1rc|class org.jenkinsci.plugins.workflow.multibranch.WorkflowMultiBranchProject
      1 CTO/Apigee-Hybrid/engineering/Deploy Apigee Hybrid Custom Proxy/custom-apigee-hybrid-health_plan_kpx_v1r_c|custom-apigee-hybrid-health_plan_kpx_v1r_c|class org.jenkinsci.plugins.workflow.multibranch.WorkflowMultiBranchProject
      1 CTO/Apigee-Hybrid/engineering/Deploy Apigee Hybrid Custom Proxy/custom-apigee-hybrid-health_plan_kpx_v1r_c
      1 CTO/Apigee-Hybrid/engineering/Deploy Apigee Hybrid Custom Proxy/custom-apigee-hybrid-health_plan_explanation_of_benefit_capability_v1r|custom-apigee-hybrid-health_plan_explanation_of_benefit_capability_v1r|class org.jenkinsci.plugins.workflow.multibranch.WorkflowMultiBranchProject
      1 CTO/Apigee-Hybrid/engineering/Deploy Apigee Hybrid Custom Proxy/custom-apigee-hybrid-hcm_rss_case_status_updater_v10|custom-apigee-hybrid-hcm_rss_case_status_updater_v10|class org.jenkinsci.plugins.workflow.multibranch.WorkflowMultiBranchProject
      1 CTO/Apigee-Hybrid/engineering/Deploy Apigee Hybrid Custom Proxy/custom-apigee-hybrid-hcm_kp_cframe_seniority_date_r_v10|custom-apigee-hybrid-hcm_kp_cframe_seniority_date_r_v10|class org.jenkinsci.plugins.workflow.multibranch.WorkflowMultiBranchProject
      1 CTO/Apigee-Hybrid/engineering/Deploy Apigee Hybrid Custom Proxy/custom-apigee-hybrid-hcm_ee_inquiryr_v10|custom-apigee-hybrid-hcm_ee_inquiryr_v10|class org.jenkinsci.plugins.workflow.multibranch.WorkflowMultiBranchProject
      1 CTO/Apigee-Hybrid/engineering/Deploy Apigee Hybrid Custom Proxy/custom-apigee-hybrid-gsl_rx_api_v10|custom-apigee-hybrid-gsl_rx_api_v10|class org.jenkinsci.plugins.workflow.multibranch.WorkflowMultiBranchProject
      1 CTO/Apigee-Hybrid/engineering/Deploy Apigee Hybrid Custom Proxy/custom-apigee-hybrid-groupsetup|custom-apigee-hybrid-groupsetup|class org.jenkinsci.plugins.workflow.multibranch.WorkflowMultiBranchProject
      1 CTO/Apigee-Hybrid/engineering/Deploy Apigee Hybrid Custom Proxy/custom-apigee-hybrid-groupmanagement_v70|custom-apigee-hybrid-groupmanagement_v70|class org.jenkinsci.plugins.workflow.multibranch.WorkflowMultiBranchProject
      1 CTO/Apigee-Hybrid/engineering/Deploy Apigee Hybrid Custom Proxy/custom-apigee-hybrid-group_membership_list_v20|custom-apigee-hybrid-group_membership_list_v20|class org.jenkinsci.plugins.workflow.multibranch.WorkflowMultiBranchProject
      1 CTO/Apigee-Hybrid/engineering/Deploy Apigee Hybrid Custom Proxy/custom-apigee-hybrid-group_inquiry_v10|custom-apigee-hybrid-group_inquiry_v10|class org.jenkinsci.plugins.workflow.multibranch.WorkflowMultiBranchProject
      1 CTO/Apigee-Hybrid/engineering/Deploy Apigee Hybrid Custom Proxy/custom-apigee-hybrid-group_inquiry_v10
      1 CTO/Apigee-Hybrid/engineering/Deploy Apigee Hybrid Custom Proxy/custom-apigee-hybrid-genesys_chat_v2r|custom-apigee-hybrid-genesys_chat_v2r|class org.jenkinsci.plugins.workflow.multibranch.WorkflowMultiBranchProject
      1 CTO/Apigee-Hybrid/engineering/Deploy Apigee Hybrid Custom Proxy/custom-apigee-hybrid-genesys_chat_v1|custom-apigee-hybrid-genesys_chat_v1|class org.jenkinsci.plugins.workflow.multibranch.WorkflowMultiBranchProject
      1 CTO/Apigee-Hybrid/engineering/Deploy Apigee Hybrid Custom Proxy/custom-apigee-hybrid-genesys_chat_v1
      1 CTO/Apigee-Hybrid/engineering/Deploy Apigee Hybrid Custom Proxy/custom-apigee-hybrid-gen5_private_cloud_management_platform_websocket_v1rh|custom-apigee-hybrid-gen5_private_cloud_management_platform_websocket_v1rh|class org.jenkinsci.plugins.workflow.multibranch.WorkflowMultiBranchProject
      1 CTO/Apigee-Hybrid/engineering/Deploy Apigee Hybrid Custom Proxy/custom-apigee-hybrid-gen5_aiops_websocket_v1rh|custom-apigee-hybrid-gen5_aiops_websocket_v1rh|class org.jenkinsci.plugins.workflow.multibranch.WorkflowMultiBranchProject
      1 CTO/Apigee-Hybrid/engineering/Deploy Apigee Hybrid Custom Proxy/custom-apigee-hybrid-fs_tpa_cross_reference_v10|custom-apigee-hybrid-fs_tpa_cross_reference_v10|class org.jenkinsci.plugins.workflow.multibranch.WorkflowMultiBranchProject
      1 CTO/Apigee-Hybrid/engineering/Deploy Apigee Hybrid Custom Proxy/custom-apigee-hybrid-fs_tpa_cross_reference_v10
      1 CTO/Apigee-Hybrid/engineering/Deploy Apigee Hybrid Custom Proxy/custom-apigee-hybrid-fs_memberchangepublish_v10|custom-apigee-hybrid-fs_memberchangepublish_v10|class org.jenkinsci.plugins.workflow.multibranch.WorkflowMultiBranchProject
      1 CTO/Apigee-Hybrid/engineering/Deploy Apigee Hybrid Custom Proxy/custom-apigee-hybrid-fs_member_termination_v10|custom-apigee-hybrid-fs_member_termination_v10|class org.jenkinsci.plugins.workflow.multibranch.WorkflowMultiBranchProject
      1 CTO/Apigee-Hybrid/engineering/Deploy Apigee Hybrid Custom Proxy/custom-apigee-hybrid-fs_member_termination_v10
      1 CTO/Apigee-Hybrid/engineering/Deploy Apigee Hybrid Custom Proxy/custom-apigee-hybrid-fs_member_reinstatement_v10|custom-apigee-hybrid-fs_member_reinstatement_v10|class org.jenkinsci.plugins.workflow.multibranch.WorkflowMultiBranchProject
      1 CTO/Apigee-Hybrid/engineering/Deploy Apigee Hybrid Custom Proxy/custom-apigee-hybrid-fs_family_account_role_v10|custom-apigee-hybrid-fs_family_account_role_v10|class org.jenkinsci.plugins.workflow.multibranch.WorkflowMultiBranchProject
      1 CTO/Apigee-Hybrid/engineering/Deploy Apigee Hybrid Custom Proxy/custom-apigee-hybrid-fs_family_account_role_v10
      1 CTO/Apigee-Hybrid/engineering/Deploy Apigee Hybrid Custom Proxy/custom-apigee-hybrid-fs_consumer_manifest_v1r|custom-apigee-hybrid-fs_consumer_manifest_v1r|class org.jenkinsci.plugins.workflow.multibranch.WorkflowMultiBranchProject
      1 CTO/Apigee-Hybrid/engineering/Deploy Apigee Hybrid Custom Proxy/custom-apigee-hybrid-foundation_system_member_search_web|custom-apigee-hybrid-foundation_system_member_search_web|class org.jenkinsci.plugins.workflow.multibranch.WorkflowMultiBranchProject
      1 CTO/Apigee-Hybrid/engineering/Deploy Apigee Hybrid Custom Proxy/custom-apigee-hybrid-foundation_system_member_search_web
      1 CTO/Apigee-Hybrid/engineering/Deploy Apigee Hybrid Custom Proxy/custom-apigee-hybrid-foundation_system_member_list_web_v10|custom-apigee-hybrid-foundation_system_member_list_web_v10|class org.jenkinsci.plugins.workflow.multibranch.WorkflowMultiBranchProject
      1 CTO/Apigee-Hybrid/engineering/Deploy Apigee Hybrid Custom Proxy/custom-apigee-hybrid-foundation_system_member_list_web_v10
      1 CTO/Apigee-Hybrid/engineering/Deploy Apigee Hybrid Custom Proxy/custom-apigee-hybrid-family_inquiry_v10|custom-apigee-hybrid-family_inquiry_v10|class org.jenkinsci.plugins.workflow.multibranch.WorkflowMultiBranchProject
      1 CTO/Apigee-Hybrid/engineering/Deploy Apigee Hybrid Custom Proxy/custom-apigee-hybrid-etl_odw_bigpanda_v1r|custom-apigee-hybrid-etl_odw_bigpanda_v1r|class org.jenkinsci.plugins.workflow.multibranch.WorkflowMultiBranchProject
      1 CTO/Apigee-Hybrid/engineering/Deploy Apigee Hybrid Custom Proxy/custom-apigee-hybrid-epims_rms_inventory_v10|custom-apigee-hybrid-epims_rms_inventory_v10|class org.jenkinsci.plugins.workflow.multibranch.WorkflowMultiBranchProject
      1 CTO/Apigee-Hybrid/engineering/Deploy Apigee Hybrid Custom Proxy/custom-apigee-hybrid-epims_pos_gsl_rx_api_v10r|custom-apigee-hybrid-epims_pos_gsl_rx_api_v10r|class org.jenkinsci.plugins.workflow.multibranch.WorkflowMultiBranchProject
      1 CTO/Apigee-Hybrid/engineering/Deploy Apigee Hybrid Custom Proxy/custom-apigee-hybrid-epims_nonkphc_in_bound_v1r|custom-apigee-hybrid-epims_nonkphc_in_bound_v1r|class org.jenkinsci.plugins.workflow.multibranch.WorkflowMultiBranchProject
      1 CTO/Apigee-Hybrid/engineering/Deploy Apigee Hybrid Custom Proxy/custom-apigee-hybrid-epims_kphc_inbound_v1r|custom-apigee-hybrid-epims_kphc_inbound_v1r|class org.jenkinsci.plugins.workflow.multibranch.WorkflowMultiBranchProject
      1 CTO/Apigee-Hybrid/engineering/Deploy Apigee Hybrid Custom Proxy/custom-apigee-hybrid-epims_kp_rx_v1r|custom-apigee-hybrid-epims_kp_rx_v1r|class org.jenkinsci.plugins.workflow.multibranch.WorkflowMultiBranchProject
      1 CTO/Apigee-Hybrid/engineering/Deploy Apigee Hybrid Custom Proxy/custom-apigee-hybrid-epims_eps_rx_v10r|custom-apigee-hybrid-epims_eps_rx_v10r|class org.jenkinsci.plugins.workflow.multibranch.WorkflowMultiBranchProject
      1 CTO/Apigee-Hybrid/engineering/Deploy Apigee Hybrid Custom Proxy/custom-apigee-hybrid-epims_eps_outbound_patient_message_v40|custom-apigee-hybrid-epims_eps_outbound_patient_message_v40|class org.jenkinsci.plugins.workflow.multibranch.WorkflowMultiBranchProject
      1 CTO/Apigee-Hybrid/engineering/Deploy Apigee Hybrid Custom Proxy/custom-apigee-hybrid-epims_eps_inventory_v60|custom-apigee-hybrid-epims_eps_inventory_v60|class org.jenkinsci.plugins.workflow.multibranch.WorkflowMultiBranchProject
      1 CTO/Apigee-Hybrid/engineering/Deploy Apigee Hybrid Custom Proxy/custom-apigee-hybrid-epims_epr_ecompatient_v7|custom-apigee-hybrid-epims_epr_ecompatient_v7|class org.jenkinsci.plugins.workflow.multibranch.WorkflowMultiBranchProject
      1 CTO/Apigee-Hybrid/engineering/Deploy Apigee Hybrid Custom Proxy/custom-apigee-hybrid-epims_epharmacy_ivr_v4c|custom-apigee-hybrid-epims_epharmacy_ivr_v4c|class org.jenkinsci.plugins.workflow.multibranch.WorkflowMultiBranchProject
      1 CTO/Apigee-Hybrid/engineering/Deploy Apigee Hybrid Custom Proxy/custom-apigee-hybrid-epims_dispenser_v40|custom-apigee-hybrid-epims_dispenser_v40|class org.jenkinsci.plugins.workflow.multibranch.WorkflowMultiBranchProject
      1 CTO/Apigee-Hybrid/engineering/Deploy Apigee Hybrid Custom Proxy/custom-apigee-hybrid-epims_central_prescriber_mgmt_v50|custom-apigee-hybrid-epims_central_prescriber_mgmt_v50|class org.jenkinsci.plugins.workflow.multibranch.WorkflowMultiBranchProject
      1 CTO/Apigee-Hybrid/engineering/Deploy Apigee Hybrid Custom Proxy/custom-apigee-hybrid-epic_web_blob_v2017r|custom-apigee-hybrid-epic_web_blob_v2017r|class org.jenkinsci.plugins.workflow.multibranch.WorkflowMultiBranchProject
      1 CTO/Apigee-Hybrid/engineering/Deploy Apigee Hybrid Custom Proxy/custom-apigee-hybrid-epic_telehealth_gs_external_eoauth_v2020r|custom-apigee-hybrid-epic_telehealth_gs_external_eoauth_v2020r|class org.jenkinsci.plugins.workflow.multibranch.WorkflowMultiBranchProject
      1 CTO/Apigee-Hybrid/engineering/Deploy Apigee Hybrid Custom Proxy/custom-apigee-hybrid-epic_telehealth_gs_contextlinking_eoauth_v2018r|custom-apigee-hybrid-epic_telehealth_gs_contextlinking_eoauth_v2018r|class org.jenkinsci.plugins.workflow.multibranch.WorkflowMultiBranchProject
      1 CTO/Apigee-Hybrid/engineering/Deploy Apigee Hybrid Custom Proxy/custom-apigee-hybrid-epic_tapestry_apclaims_v2022s|custom-apigee-hybrid-epic_tapestry_apclaims_v2022s|class org.jenkinsci.plugins.workflow.multibranch.WorkflowMultiBranchProject
      1 CTO/Apigee-Hybrid/engineering/Deploy Apigee Hybrid Custom Proxy/custom-apigee-hybrid-epic_tapestry_apclaims_v2017_kphckpcc_outbound|custom-apigee-hybrid-epic_tapestry_apclaims_v2017_kphckpcc_outbound|class org.jenkinsci.plugins.workflow.multibranch.WorkflowMultiBranchProject
      1 CTO/Apigee-Hybrid/engineering/Deploy Apigee Hybrid Custom Proxy/custom-apigee-hybrid-epic_security_gs_personnel_management_accessnow_v2016|custom-apigee-hybrid-epic_security_gs_personnel_management_accessnow_v2016|class org.jenkinsci.plugins.workflow.multibranch.WorkflowMultiBranchProject
      1 CTO/Apigee-Hybrid/engineering/Deploy Apigee Hybrid Custom Proxy/custom-apigee-hybrid-epic_security_gs_personnel_management_accessnow_v2014|custom-apigee-hybrid-epic_security_gs_personnel_management_accessnow_v2014|class org.jenkinsci.plugins.workflow.multibranch.WorkflowMultiBranchProject
      1 CTO/Apigee-Hybrid/engineering/Deploy Apigee Hybrid Custom Proxy/custom-apigee-hybrid-epic_security_gs_personnel_management_accessnow_v2012|custom-apigee-hybrid-epic_security_gs_personnel_management_accessnow_v2012|class org.jenkinsci.plugins.workflow.multibranch.WorkflowMultiBranchProject
      1 CTO/Apigee-Hybrid/engineering/Deploy Apigee Hybrid Custom Proxy/custom-apigee-hybrid-epic_scheduling_gs_provider_dexcare_v2012r|custom-apigee-hybrid-epic_scheduling_gs_provider_dexcare_v2012r|class org.jenkinsci.plugins.workflow.multibranch.WorkflowMultiBranchProject
      1 CTO/Apigee-Hybrid/engineering/Deploy Apigee Hybrid Custom Proxy/custom-apigee-hybrid-epic_scheduling_gs_patient_services_v2011|custom-apigee-hybrid-epic_scheduling_gs_patient_services_v2011|class org.jenkinsci.plugins.workflow.multibranch.WorkflowMultiBranchProject
      1 CTO/Apigee-Hybrid/engineering/Deploy Apigee Hybrid Custom Proxy/custom-apigee-hybrid-epic_revenue_managedcare_v2019r|custom-apigee-hybrid-epic_revenue_managedcare_v2019r|class org.jenkinsci.plugins.workflow.multibranch.WorkflowMultiBranchProject
      1 CTO/Apigee-Hybrid/engineering/Deploy Apigee Hybrid Custom Proxy/custom-apigee-hybrid-epic_reporting_predictive_v2018r|custom-apigee-hybrid-epic_reporting_predictive_v2018r|class org.jenkinsci.plugins.workflow.multibranch.WorkflowMultiBranchProject
      1 CTO/Apigee-Hybrid/engineering/Deploy Apigee Hybrid Custom Proxy/custom-apigee-hybrid-epic_reporting_predictive_services_v2017r|custom-apigee-hybrid-epic_reporting_predictive_services_v2017r|class org.jenkinsci.plugins.workflow.multibranch.WorkflowMultiBranchProject
      1 CTO/Apigee-Hybrid/engineering/Deploy Apigee Hybrid Custom Proxy/custom-apigee-hybrid-epic_proxy_activation_v1|custom-apigee-hybrid-epic_proxy_activation_v1|class org.jenkinsci.plugins.workflow.multibranch.WorkflowMultiBranchProject
      1 CTO/Apigee-Hybrid/engineering/Deploy Apigee Hybrid Custom Proxy/custom-apigee-hybrid-epic_proxy_activation_v1
      1 CTO/Apigee-Hybrid/engineering/Deploy Apigee Hybrid Custom Proxy/custom-apigee-hybrid-epic_printing_gs_eps_local_v2017r|custom-apigee-hybrid-epic_printing_gs_eps_local_v2017r|class org.jenkinsci.plugins.workflow.multibranch.WorkflowMultiBranchProject
      1 CTO/Apigee-Hybrid/engineering/Deploy Apigee Hybrid Custom Proxy/custom-apigee-hybrid-epic_patientaccess_gs_patient_legacy_v2012s|custom-apigee-hybrid-epic_patientaccess_gs_patient_legacy_v2012s|class org.jenkinsci.plugins.workflow.multibranch.WorkflowMultiBranchProject
      1 CTO/Apigee-Hybrid/engineering/Deploy Apigee Hybrid Custom Proxy/custom-apigee-hybrid-epic_patientaccess_gs_external_services_v2018Br|custom-apigee-hybrid-epic_patientaccess_gs_external_services_v2018Br|class org.jenkinsci.plugins.workflow.multibranch.WorkflowMultiBranchProject
      1 CTO/Apigee-Hybrid/engineering/Deploy Apigee Hybrid Custom Proxy/custom-apigee-hybrid-epic_patientaccess_gs_external_dexcare_v2014r|custom-apigee-hybrid-epic_patientaccess_gs_external_dexcare_v2014r|class org.jenkinsci.plugins.workflow.multibranch.WorkflowMultiBranchProject
      1 CTO/Apigee-Hybrid/engineering/Deploy Apigee Hybrid Custom Proxy/custom-apigee-hybrid-epic_patientaccess_gs_external_dexcare_v2012r|custom-apigee-hybrid-epic_patientaccess_gs_external_dexcare_v2012r|class org.jenkinsci.plugins.workflow.multibranch.WorkflowMultiBranchProject
      1 CTO/Apigee-Hybrid/engineering/Deploy Apigee Hybrid Custom Proxy/custom-apigee-hybrid-epic_patientaccess_gs_account_legacy_v2020r|custom-apigee-hybrid-epic_patientaccess_gs_account_legacy_v2020r|class org.jenkinsci.plugins.workflow.multibranch.WorkflowMultiBranchProject
      1 CTO/Apigee-Hybrid/engineering/Deploy Apigee Hybrid Custom Proxy/custom-apigee-hybrid-epic_patientaccess_gs_account_legacy_v2018r|custom-apigee-hybrid-epic_patientaccess_gs_account_legacy_v2018r|class org.jenkinsci.plugins.workflow.multibranch.WorkflowMultiBranchProject
      1 CTO/Apigee-Hybrid/engineering/Deploy Apigee Hybrid Custom Proxy/custom-apigee-hybrid-epic_patientaccess_custom_s_v5_1sh|custom-apigee-hybrid-epic_patientaccess_custom_s_v5_1sh|class org.jenkinsci.plugins.workflow.multibranch.WorkflowMultiBranchProject
      1 CTO/Apigee-Hybrid/engineering/Deploy Apigee Hybrid Custom Proxy/custom-apigee-hybrid-epic_patientaccess_custom_s_v5_1sh
      1 CTO/Apigee-Hybrid/engineering/Deploy Apigee Hybrid Custom Proxy/custom-apigee-hybrid-epic_patient_access_ws_v51|custom-apigee-hybrid-epic_patient_access_ws_v51|class org.jenkinsci.plugins.workflow.multibranch.WorkflowMultiBranchProject
      1 CTO/Apigee-Hybrid/engineering/Deploy Apigee Hybrid Custom Proxy/custom-apigee-hybrid-epic_patient_access_mychart_bedside_services_v2012r|custom-apigee-hybrid-epic_patient_access_mychart_bedside_services_v2012r|class org.jenkinsci.plugins.workflow.multibranch.WorkflowMultiBranchProject
      1 CTO/Apigee-Hybrid/engineering/Deploy Apigee Hybrid Custom Proxy/custom-apigee-hybrid-epic_patient_access_mobile_services_v2020|custom-apigee-hybrid-epic_patient_access_mobile_services_v2020|class org.jenkinsci.plugins.workflow.multibranch.WorkflowMultiBranchProject
      1 CTO/Apigee-Hybrid/engineering/Deploy Apigee Hybrid Custom Proxy/custom-apigee-hybrid-epic_patient_access_mobile_services_v2013m|custom-apigee-hybrid-epic_patient_access_mobile_services_v2013m|class org.jenkinsci.plugins.workflow.multibranch.WorkflowMultiBranchProject
      1 CTO/Apigee-Hybrid/engineering/Deploy Apigee Hybrid Custom Proxy/custom-apigee-hybrid-epic_oauth2introspect_v2023r|custom-apigee-hybrid-epic_oauth2introspect_v2023r|class org.jenkinsci.plugins.workflow.multibranch.WorkflowMultiBranchProject
      1 CTO/Apigee-Hybrid/engineering/Deploy Apigee Hybrid Custom Proxy/custom-apigee-hybrid-epic_nebula_cognitive_computing_v1r|custom-apigee-hybrid-epic_nebula_cognitive_computing_v1r|class org.jenkinsci.plugins.workflow.multibranch.WorkflowMultiBranchProject
      1 CTO/Apigee-Hybrid/engineering/Deploy Apigee Hybrid Custom Proxy/custom-apigee-hybrid-epic_mychart_mobile_v2020r|custom-apigee-hybrid-epic_mychart_mobile_v2020r|class org.jenkinsci.plugins.workflow.multibranch.WorkflowMultiBranchProject
      1 CTO/Apigee-Hybrid/engineering/Deploy Apigee Hybrid Custom Proxy/custom-apigee-hybrid-epic_mychart_mobile_services_v2020r|custom-apigee-hybrid-epic_mychart_mobile_services_v2020r|class org.jenkinsci.plugins.workflow.multibranch.WorkflowMultiBranchProject
      1 CTO/Apigee-Hybrid/engineering/Deploy Apigee Hybrid Custom Proxy/custom-apigee-hybrid-epic_mychart_mobile_care_services_v2020r|custom-apigee-hybrid-epic_mychart_mobile_care_services_v2020r|class org.jenkinsci.plugins.workflow.multibranch.WorkflowMultiBranchProject
      1 CTO/Apigee-Hybrid/engineering/Deploy Apigee Hybrid Custom Proxy/custom-apigee-hybrid-epic_managed_care_account_services_v2010|custom-apigee-hybrid-epic_managed_care_account_services_v2010|class org.jenkinsci.plugins.workflow.multibranch.WorkflowMultiBranchProject
      1 CTO/Apigee-Hybrid/engineering/Deploy Apigee Hybrid Custom Proxy/custom-apigee-hybrid-epic_haiku_canto_rover_signalr_r_v3rh|custom-apigee-hybrid-epic_haiku_canto_rover_signalr_r_v3rh|class org.jenkinsci.plugins.workflow.multibranch.WorkflowMultiBranchProject
      1 CTO/Apigee-Hybrid/engineering/Deploy Apigee Hybrid Custom Proxy/custom-apigee-hybrid-epic_haiku_canto_rover_routing_apig_v3rch|custom-apigee-hybrid-epic_haiku_canto_rover_routing_apig_v3rch|class org.jenkinsci.plugins.workflow.multibranch.WorkflowMultiBranchProject
      1 CTO/Apigee-Hybrid/engineering/Deploy Apigee Hybrid Custom Proxy/custom-apigee-hybrid-epic_haiku_canto_rover_prelogin_r_v3rh|custom-apigee-hybrid-epic_haiku_canto_rover_prelogin_r_v3rh|class org.jenkinsci.plugins.workflow.multibranch.WorkflowMultiBranchProject
      1 CTO/Apigee-Hybrid/engineering/Deploy Apigee Hybrid Custom Proxy/custom-apigee-hybrid-epic_haiku_canto_rover_oauth2_apig_v3rh|custom-apigee-hybrid-epic_haiku_canto_rover_oauth2_apig_v3rh|class org.jenkinsci.plugins.workflow.multibranch.WorkflowMultiBranchProject
      1 CTO/Apigee-Hybrid/engineering/Deploy Apigee Hybrid Custom Proxy/custom-apigee-hybrid-epic_haiku_canto_rover_mobile_apig_r_v3rh|custom-apigee-hybrid-epic_haiku_canto_rover_mobile_apig_r_v3rh|class org.jenkinsci.plugins.workflow.multibranch.WorkflowMultiBranchProject
      1 CTO/Apigee-Hybrid/engineering/Deploy Apigee Hybrid Custom Proxy/custom-apigee-hybrid-epic_haiku_canto_rover_listener_apig_s_v3sh|custom-apigee-hybrid-epic_haiku_canto_rover_listener_apig_s_v3sh|class org.jenkinsci.plugins.workflow.multibranch.WorkflowMultiBranchProject
      1 CTO/Apigee-Hybrid/engineering/Deploy Apigee Hybrid Custom Proxy/custom-apigee-hybrid-epic_haiku_canto_apig_v2rh|custom-apigee-hybrid-epic_haiku_canto_apig_v2rh|class org.jenkinsci.plugins.workflow.multibranch.WorkflowMultiBranchProject
      1 CTO/Apigee-Hybrid/engineering/Deploy Apigee Hybrid Custom Proxy/custom-apigee-hybrid-epic_fhir_task_r4_mux|custom-apigee-hybrid-epic_fhir_task_r4_mux|class org.jenkinsci.plugins.workflow.multibranch.WorkflowMultiBranchProject
      1 CTO/Apigee-Hybrid/engineering/Deploy Apigee Hybrid Custom Proxy/custom-apigee-hybrid-epic_fhir_servicerequest_r4_mux|custom-apigee-hybrid-epic_fhir_servicerequest_r4_mux|class org.jenkinsci.plugins.workflow.multibranch.WorkflowMultiBranchProject
      1 CTO/Apigee-Hybrid/engineering/Deploy Apigee Hybrid Custom Proxy/custom-apigee-hybrid-epic_fhir_practitioner_r4_mux|custom-apigee-hybrid-epic_fhir_practitioner_r4_mux|class org.jenkinsci.plugins.workflow.multibranch.WorkflowMultiBranchProject
      1 CTO/Apigee-Hybrid/engineering/Deploy Apigee Hybrid Custom Proxy/custom-apigee-hybrid-epic_fhir_patient_r4_mux|custom-apigee-hybrid-epic_fhir_patient_r4_mux|class org.jenkinsci.plugins.workflow.multibranch.WorkflowMultiBranchProject
      1 CTO/Apigee-Hybrid/engineering/Deploy Apigee Hybrid Custom Proxy/custom-apigee-hybrid-epic_fhir_patient_empi_r4_mux|custom-apigee-hybrid-epic_fhir_patient_empi_r4_mux|class org.jenkinsci.plugins.workflow.multibranch.WorkflowMultiBranchProject
      1 CTO/Apigee-Hybrid/engineering/Deploy Apigee Hybrid Custom Proxy/custom-apigee-hybrid-epic_fhir_observation_r4_mux|custom-apigee-hybrid-epic_fhir_observation_r4_mux|class org.jenkinsci.plugins.workflow.multibranch.WorkflowMultiBranchProject
      1 CTO/Apigee-Hybrid/engineering/Deploy Apigee Hybrid Custom Proxy/custom-apigee-hybrid-epic_fhir_muxoauth2_v2021|custom-apigee-hybrid-epic_fhir_muxoauth2_v2021|class org.jenkinsci.plugins.workflow.multibranch.WorkflowMultiBranchProject
      1 CTO/Apigee-Hybrid/engineering/Deploy Apigee Hybrid Custom Proxy/custom-apigee-hybrid-epic_fhir_documentreference_r4_mux|custom-apigee-hybrid-epic_fhir_documentreference_r4_mux|class org.jenkinsci.plugins.workflow.multibranch.WorkflowMultiBranchProject
      1 CTO/Apigee-Hybrid/engineering/Deploy Apigee Hybrid Custom Proxy/custom-apigee-hybrid-epic_fhir_consent_r4_mux|custom-apigee-hybrid-epic_fhir_consent_r4_mux|class org.jenkinsci.plugins.workflow.multibranch.WorkflowMultiBranchProject
      1 CTO/Apigee-Hybrid/engineering/Deploy Apigee Hybrid Custom Proxy/custom-apigee-hybrid-epic_fhir_communication_r4_mux|custom-apigee-hybrid-epic_fhir_communication_r4_mux|class org.jenkinsci.plugins.workflow.multibranch.WorkflowMultiBranchProject
      1 CTO/Apigee-Hybrid/engineering/Deploy Apigee Hybrid Custom Proxy/custom-apigee-hybrid-epic_fhir_binary_r4_mux|custom-apigee-hybrid-epic_fhir_binary_r4_mux|class org.jenkinsci.plugins.workflow.multibranch.WorkflowMultiBranchProject
      1 CTO/Apigee-Hybrid/engineering/Deploy Apigee Hybrid Custom Proxy/custom-apigee-hybrid-epic_fhir_Metadata_r4_mux|custom-apigee-hybrid-epic_fhir_Metadata_r4_mux|class org.jenkinsci.plugins.workflow.multibranch.WorkflowMultiBranchProject
      1 CTO/Apigee-Hybrid/engineering/Deploy Apigee Hybrid Custom Proxy/custom-apigee-hybrid-epic_empi_gs_patient_services_v2012a|custom-apigee-hybrid-epic_empi_gs_patient_services_v2012a|class org.jenkinsci.plugins.workflow.multibranch.WorkflowMultiBranchProject
      1 CTO/Apigee-Hybrid/engineering/Deploy Apigee Hybrid Custom Proxy/custom-apigee-hybrid-epic_edi_xml_sure_scripts_receiver_services_v2015r|custom-apigee-hybrid-epic_edi_xml_sure_scripts_receiver_services_v2015r|class org.jenkinsci.plugins.workflow.multibranch.WorkflowMultiBranchProject
      1 CTO/Apigee-Hybrid/engineering/Deploy Apigee Hybrid Custom Proxy/custom-apigee-hybrid-epic_edi_xml_ncpdp_receiver_services_v2017r|custom-apigee-hybrid-epic_edi_xml_ncpdp_receiver_services_v2017r|class org.jenkinsci.plugins.workflow.multibranch.WorkflowMultiBranchProject
      1 CTO/Apigee-Hybrid/engineering/Deploy Apigee Hybrid Custom Proxy/custom-apigee-hybrid-epic_edi_xml_ncpdp_receiver_services_v2015r|custom-apigee-hybrid-epic_edi_xml_ncpdp_receiver_services_v2015r|class org.jenkinsci.plugins.workflow.multibranch.WorkflowMultiBranchProject
      1 CTO/Apigee-Hybrid/engineering/Deploy Apigee Hybrid Custom Proxy/custom-apigee-hybrid-epic_edi_fhir_services_r4|custom-apigee-hybrid-epic_edi_fhir_services_r4|class org.jenkinsci.plugins.workflow.multibranch.WorkflowMultiBranchProject
      1 CTO/Apigee-Hybrid/engineering/Deploy Apigee Hybrid Custom Proxy/custom-apigee-hybrid-epic_edi_fhir_services_api_v2014r|custom-apigee-hybrid-epic_edi_fhir_services_api_v2014r|class org.jenkinsci.plugins.workflow.multibranch.WorkflowMultiBranchProject
      1 CTO/Apigee-Hybrid/engineering/Deploy Apigee Hybrid Custom Proxy/custom-apigee-hybrid-epic_edi_fhir_routing_services_api_v1|custom-apigee-hybrid-epic_edi_fhir_routing_services_api_v1|class org.jenkinsci.plugins.workflow.multibranch.WorkflowMultiBranchProject
      1 CTO/Apigee-Hybrid/engineering/Deploy Apigee Hybrid Custom Proxy/custom-apigee-hybrid-epic_edi_fhir_oauth2_services_api_v2014r|custom-apigee-hybrid-epic_edi_fhir_oauth2_services_api_v2014r|class org.jenkinsci.plugins.workflow.multibranch.WorkflowMultiBranchProject
      1 CTO/Apigee-Hybrid/engineering/Deploy Apigee Hybrid Custom Proxy/custom-apigee-hybrid-epic_edi_fhir_metadata_dstu2_mux|custom-apigee-hybrid-epic_edi_fhir_metadata_dstu2_mux|class org.jenkinsci.plugins.workflow.multibranch.WorkflowMultiBranchProject
      1 CTO/Apigee-Hybrid/engineering/Deploy Apigee Hybrid Custom Proxy/custom-apigee-hybrid-epic_crm_gs_utility_legacy_v2014b|custom-apigee-hybrid-epic_crm_gs_utility_legacy_v2014b|class org.jenkinsci.plugins.workflow.multibranch.WorkflowMultiBranchProject
      1 CTO/Apigee-Hybrid/engineering/Deploy Apigee Hybrid Custom Proxy/custom-apigee-hybrid-epic_creditcard_gs_api_legacy_v2020|custom-apigee-hybrid-epic_creditcard_gs_api_legacy_v2020|class org.jenkinsci.plugins.workflow.multibranch.WorkflowMultiBranchProject
      1 CTO/Apigee-Hybrid/engineering/Deploy Apigee Hybrid Custom Proxy/custom-apigee-hybrid-epic_core_services_accessnow_v200804|custom-apigee-hybrid-epic_core_services_accessnow_v200804|class org.jenkinsci.plugins.workflow.multibranch.WorkflowMultiBranchProject
      1 CTO/Apigee-Hybrid/engineering/Deploy Apigee Hybrid Custom Proxy/custom-apigee-hybrid-epic_common_web_services_v2016m|custom-apigee-hybrid-epic_common_web_services_v2016m|class org.jenkinsci.plugins.workflow.multibranch.WorkflowMultiBranchProject
      1 CTO/Apigee-Hybrid/engineering/Deploy Apigee Hybrid Custom Proxy/custom-apigee-hybrid-epic_common_gs_user_accessnow_v2011|custom-apigee-hybrid-epic_common_gs_user_accessnow_v2011|class org.jenkinsci.plugins.workflow.multibranch.WorkflowMultiBranchProject
      1 CTO/Apigee-Hybrid/engineering/Deploy Apigee Hybrid Custom Proxy/custom-apigee-hybrid-epic_common_gs_patient_services_v2015r|custom-apigee-hybrid-epic_common_gs_patient_services_v2015r|class org.jenkinsci.plugins.workflow.multibranch.WorkflowMultiBranchProject
      1 CTO/Apigee-Hybrid/engineering/Deploy Apigee Hybrid Custom Proxy/custom-apigee-hybrid-epic_common_gs_patient_services_v2010|custom-apigee-hybrid-epic_common_gs_patient_services_v2010|class org.jenkinsci.plugins.workflow.multibranch.WorkflowMultiBranchProject
      1 CTO/Apigee-Hybrid/engineering/Deploy Apigee Hybrid Custom Proxy/custom-apigee-hybrid-epic_common_gs_patient_dexcare_v2015r|custom-apigee-hybrid-epic_common_gs_patient_dexcare_v2015r|class org.jenkinsci.plugins.workflow.multibranch.WorkflowMultiBranchProject
      1 CTO/Apigee-Hybrid/engineering/Deploy Apigee Hybrid Custom Proxy/custom-apigee-hybrid-epic_clinical_pharmacy_v2018s|custom-apigee-hybrid-epic_clinical_pharmacy_v2018s|class org.jenkinsci.plugins.workflow.multibranch.WorkflowMultiBranchProject
      1 CTO/Apigee-Hybrid/engineering/Deploy Apigee Hybrid Custom Proxy/custom-apigee-hybrid-epic_clinical_notes_services_v2017r|custom-apigee-hybrid-epic_clinical_notes_services_v2017r|class org.jenkinsci.plugins.workflow.multibranch.WorkflowMultiBranchProject
      1 CTO/Apigee-Hybrid/engineering/Deploy Apigee Hybrid Custom Proxy/custom-apigee-hybrid-epic_clinical_gs_patient_v2011|custom-apigee-hybrid-epic_clinical_gs_patient_v2011|class org.jenkinsci.plugins.workflow.multibranch.WorkflowMultiBranchProject
      1 CTO/Apigee-Hybrid/engineering/Deploy Apigee Hybrid Custom Proxy/custom-apigee-hybrid-epic_clinical_gs_notes_fam_v2018r|custom-apigee-hybrid-epic_clinical_gs_notes_fam_v2018r|class org.jenkinsci.plugins.workflow.multibranch.WorkflowMultiBranchProject
      1 CTO/Apigee-Hybrid/engineering/Deploy Apigee Hybrid Custom Proxy/custom-apigee-hybrid-epic_billing_gs_external_legacy_v2019r|custom-apigee-hybrid-epic_billing_gs_external_legacy_v2019r|class org.jenkinsci.plugins.workflow.multibranch.WorkflowMultiBranchProject
      1 CTO/Apigee-Hybrid/engineering/Deploy Apigee Hybrid Custom Proxy/custom-apigee-hybrid-epic_billing_gs_account_legacy_v2012|custom-apigee-hybrid-epic_billing_gs_account_legacy_v2012|class org.jenkinsci.plugins.workflow.multibranch.WorkflowMultiBranchProject
      1 CTO/Apigee-Hybrid/engineering/Deploy Apigee Hybrid Custom Proxy/custom-apigee-hybrid-epic_billing_gs_account_legacy_v2012r|custom-apigee-hybrid-epic_billing_gs_account_legacy_v2012r|class org.jenkinsci.plugins.workflow.multibranch.WorkflowMultiBranchProject
      1 CTO/Apigee-Hybrid/engineering/Deploy Apigee Hybrid Custom Proxy/custom-apigee-hybrid-epic_billing_external_v2017r|custom-apigee-hybrid-epic_billing_external_v2017r|class org.jenkinsci.plugins.workflow.multibranch.WorkflowMultiBranchProject
      1 CTO/Apigee-Hybrid/engineering/Deploy Apigee Hybrid Custom Proxy/custom-apigee-hybrid-epic_access_gs_referral_services_v2012|custom-apigee-hybrid-epic_access_gs_referral_services_v2012|class org.jenkinsci.plugins.workflow.multibranch.WorkflowMultiBranchProject
      1 CTO/Apigee-Hybrid/engineering/Deploy Apigee Hybrid Custom Proxy/custom-apigee-hybrid-enterprise_profile_and_preferences_v30|custom-apigee-hybrid-enterprise_profile_and_preferences_v30|class org.jenkinsci.plugins.workflow.multibranch.WorkflowMultiBranchProject
      1 CTO/Apigee-Hybrid/engineering/Deploy Apigee Hybrid Custom Proxy/custom-apigee-hybrid-employer_broker_selfservice_internal_bff_v1r|custom-apigee-hybrid-employer_broker_selfservice_internal_bff_v1r|class org.jenkinsci.plugins.workflow.multibranch.WorkflowMultiBranchProject
      1 CTO/Apigee-Hybrid/engineering/Deploy Apigee Hybrid Custom Proxy/custom-apigee-hybrid-empi_service_api|custom-apigee-hybrid-empi_service_api|class org.jenkinsci.plugins.workflow.multibranch.WorkflowMultiBranchProject
      1 CTO/Apigee-Hybrid/engineering/Deploy Apigee Hybrid Custom Proxy/custom-apigee-hybrid-emc_cache_lookup|custom-apigee-hybrid-emc_cache_lookup|class org.jenkinsci.plugins.workflow.multibranch.WorkflowMultiBranchProject
      1 CTO/Apigee-Hybrid/engineering/Deploy Apigee Hybrid Custom Proxy/custom-apigee-hybrid-dss_wex_search_r_v10|custom-apigee-hybrid-dss_wex_search_r_v10|class org.jenkinsci.plugins.workflow.multibranch.WorkflowMultiBranchProject
      1 CTO/Apigee-Hybrid/engineering/Deploy Apigee Hybrid Custom Proxy/custom-apigee-hybrid-dss_wex_autocomplete_r_v10|custom-apigee-hybrid-dss_wex_autocomplete_r_v10|class org.jenkinsci.plugins.workflow.multibranch.WorkflowMultiBranchProject
      1 CTO/Apigee-Hybrid/engineering/Deploy Apigee Hybrid Custom Proxy/custom-apigee-hybrid-drm_unity_v1r|custom-apigee-hybrid-drm_unity_v1r|class org.jenkinsci.plugins.workflow.multibranch.WorkflowMultiBranchProject
      1 CTO/Apigee-Hybrid/engineering/Deploy Apigee Hybrid Custom Proxy/custom-apigee-hybrid-dpt_release_of_information_request_v1r|custom-apigee-hybrid-dpt_release_of_information_request_v1r|class org.jenkinsci.plugins.workflow.multibranch.WorkflowMultiBranchProject
      1 CTO/Apigee-Hybrid/engineering/Deploy Apigee Hybrid Custom Proxy/custom-apigee-hybrid-dpt_release_of_information_request_v1r
      1 CTO/Apigee-Hybrid/engineering/Deploy Apigee Hybrid Custom Proxy/custom-apigee-hybrid-dpt_notification_platform_event_v1_2sh|custom-apigee-hybrid-dpt_notification_platform_event_v1_2sh|class org.jenkinsci.plugins.workflow.multibranch.WorkflowMultiBranchProject
      1 CTO/Apigee-Hybrid/engineering/Deploy Apigee Hybrid Custom Proxy/custom-apigee-hybrid-dpt_notification_platform_event_v1_2sh
      1 CTO/Apigee-Hybrid/engineering/Deploy Apigee Hybrid Custom Proxy/custom-apigee-hybrid-dpt_notification_platform_event_v12|custom-apigee-hybrid-dpt_notification_platform_event_v12|class org.jenkinsci.plugins.workflow.multibranch.WorkflowMultiBranchProject
      1 CTO/Apigee-Hybrid/engineering/Deploy Apigee Hybrid Custom Proxy/custom-apigee-hybrid-dpt_notification_platform_event_v12
      1 CTO/Apigee-Hybrid/engineering/Deploy Apigee Hybrid Custom Proxy/custom-apigee-hybrid-dpt_messaging_v2c|custom-apigee-hybrid-dpt_messaging_v2c|class org.jenkinsci.plugins.workflow.multibranch.WorkflowMultiBranchProject
      1 CTO/Apigee-Hybrid/engineering/Deploy Apigee Hybrid Custom Proxy/custom-apigee-hybrid-dnp_notification_v2ch|custom-apigee-hybrid-dnp_notification_v2ch|class org.jenkinsci.plugins.workflow.multibranch.WorkflowMultiBranchProject
      1 CTO/Apigee-Hybrid/engineering/Deploy Apigee Hybrid Custom Proxy/custom-apigee-hybrid-dnp_callback_v2rch|custom-apigee-hybrid-dnp_callback_v2rch|class org.jenkinsci.plugins.workflow.multibranch.WorkflowMultiBranchProject
      1 CTO/Apigee-Hybrid/engineering/Deploy Apigee Hybrid Custom Proxy/custom-apigee-hybrid-dms_doc_gen_v10|custom-apigee-hybrid-dms_doc_gen_v10|class org.jenkinsci.plugins.workflow.multibranch.WorkflowMultiBranchProject
      1 CTO/Apigee-Hybrid/engineering/Deploy Apigee Hybrid Custom Proxy/custom-apigee-hybrid-dast_amp_custom_validation_v1rh|custom-apigee-hybrid-dast_amp_custom_validation_v1rh|class org.jenkinsci.plugins.workflow.multibranch.WorkflowMultiBranchProject
      1 CTO/Apigee-Hybrid/engineering/Deploy Apigee Hybrid Custom Proxy/custom-apigee-hybrid-dal_event_external_v1rh|custom-apigee-hybrid-dal_event_external_v1rh|class org.jenkinsci.plugins.workflow.multibranch.WorkflowMultiBranchProject
      1 CTO/Apigee-Hybrid/engineering/Deploy Apigee Hybrid Custom Proxy/custom-apigee-hybrid-cpx_gateway_inbound_tempus_v1r|custom-apigee-hybrid-cpx_gateway_inbound_tempus_v1r|class org.jenkinsci.plugins.workflow.multibranch.WorkflowMultiBranchProject
      1 CTO/Apigee-Hybrid/engineering/Deploy Apigee Hybrid Custom Proxy/custom-apigee-hybrid-covid_claim_submission_v1r|custom-apigee-hybrid-covid_claim_submission_v1r|class org.jenkinsci.plugins.workflow.multibranch.WorkflowMultiBranchProject
      1 CTO/Apigee-Hybrid/engineering/Deploy Apigee Hybrid Custom Proxy/custom-apigee-hybrid-covid_accumulation_v1rc|custom-apigee-hybrid-covid_accumulation_v1rc|class org.jenkinsci.plugins.workflow.multibranch.WorkflowMultiBranchProject
      1 CTO/Apigee-Hybrid/engineering/Deploy Apigee Hybrid Custom Proxy/custom-apigee-hybrid-cost_model_web_v10|custom-apigee-hybrid-cost_model_web_v10|class org.jenkinsci.plugins.workflow.multibranch.WorkflowMultiBranchProject
      1 CTO/Apigee-Hybrid/engineering/Deploy Apigee Hybrid Custom Proxy/custom-apigee-hybrid-contract_production_decision_v1r|custom-apigee-hybrid-contract_production_decision_v1r|class org.jenkinsci.plugins.workflow.multibranch.WorkflowMultiBranchProject
      1 CTO/Apigee-Hybrid/engineering/Deploy Apigee Hybrid Custom Proxy/custom-apigee-hybrid-contract_production_composition_v1r|custom-apigee-hybrid-contract_production_composition_v1r|class org.jenkinsci.plugins.workflow.multibranch.WorkflowMultiBranchProject
      1 CTO/Apigee-Hybrid/engineering/Deploy Apigee Hybrid Custom Proxy/custom-apigee-hybrid-complianceconnect_elr_salesforce_v1rh|custom-apigee-hybrid-complianceconnect_elr_salesforce_v1rh|class org.jenkinsci.plugins.workflow.multibranch.WorkflowMultiBranchProject
      1 CTO/Apigee-Hybrid/engineering/Deploy Apigee Hybrid Custom Proxy/custom-apigee-hybrid-compliance_connect_membership_lookup_v1r|custom-apigee-hybrid-compliance_connect_membership_lookup_v1r|class org.jenkinsci.plugins.workflow.multibranch.WorkflowMultiBranchProject
      1 CTO/Apigee-Hybrid/engineering/Deploy Apigee Hybrid Custom Proxy/custom-apigee-hybrid-cms_beneficiary_eligibility_query_v1r|custom-apigee-hybrid-cms_beneficiary_eligibility_query_v1r|class org.jenkinsci.plugins.workflow.multibranch.WorkflowMultiBranchProject
      1 CTO/Apigee-Hybrid/engineering/Deploy Apigee Hybrid Custom Proxy/custom-apigee-hybrid-cm_memberinquiry_v10|custom-apigee-hybrid-cm_memberinquiry_v10|class org.jenkinsci.plugins.workflow.multibranch.WorkflowMultiBranchProject
      1 CTO/Apigee-Hybrid/engineering/Deploy Apigee Hybrid Custom Proxy/custom-apigee-hybrid-cm_member_change_publish_v1|custom-apigee-hybrid-cm_member_change_publish_v1|class org.jenkinsci.plugins.workflow.multibranch.WorkflowMultiBranchProject
      1 CTO/Apigee-Hybrid/engineering/Deploy Apigee Hybrid Custom Proxy/custom-apigee-hybrid-cm_member_change_publish_v1
      1 CTO/Apigee-Hybrid/engineering/Deploy Apigee Hybrid Custom Proxy/custom-apigee-hybrid-cm_group_inquiry_v1|custom-apigee-hybrid-cm_group_inquiry_v1|class org.jenkinsci.plugins.workflow.multibranch.WorkflowMultiBranchProject
      1 CTO/Apigee-Hybrid/engineering/Deploy Apigee Hybrid Custom Proxy/custom-apigee-hybrid-cm_group_inquiry_v1
      1 CTO/Apigee-Hybrid/engineering/Deploy Apigee Hybrid Custom Proxy/custom-apigee-hybrid-cm_group_change_publish_v1|custom-apigee-hybrid-cm_group_change_publish_v1|class org.jenkinsci.plugins.workflow.multibranch.WorkflowMultiBranchProject
      1 CTO/Apigee-Hybrid/engineering/Deploy Apigee Hybrid Custom Proxy/custom-apigee-hybrid-cm_group_change_publish_v1
      1 CTO/Apigee-Hybrid/engineering/Deploy Apigee Hybrid Custom Proxy/custom-apigee-hybrid-clinicianconnect_api_v3|custom-apigee-hybrid-clinicianconnect_api_v3|class org.jenkinsci.plugins.workflow.multibranch.WorkflowMultiBranchProject
      1 CTO/Apigee-Hybrid/engineering/Deploy Apigee Hybrid Custom Proxy/custom-apigee-hybrid-clinician_connect_api_v2r|custom-apigee-hybrid-clinician_connect_api_v2r|class org.jenkinsci.plugins.workflow.multibranch.WorkflowMultiBranchProject
      1 CTO/Apigee-Hybrid/engineering/Deploy Apigee Hybrid Custom Proxy/custom-apigee-hybrid-choose_your_doctor_v1|custom-apigee-hybrid-choose_your_doctor_v1|class org.jenkinsci.plugins.workflow.multibranch.WorkflowMultiBranchProject
      1 CTO/Apigee-Hybrid/engineering/Deploy Apigee Hybrid Custom Proxy/custom-apigee-hybrid-chart_of_accounts_microservice_v1r|custom-apigee-hybrid-chart_of_accounts_microservice_v1r|class org.jenkinsci.plugins.workflow.multibranch.WorkflowMultiBranchProject
      1 CTO/Apigee-Hybrid/engineering/Deploy Apigee Hybrid Custom Proxy/custom-apigee-hybrid-cerebro_noname_v1r|custom-apigee-hybrid-cerebro_noname_v1r|class org.jenkinsci.plugins.workflow.multibranch.WorkflowMultiBranchProject
      1 CTO/Apigee-Hybrid/engineering/Deploy Apigee Hybrid Custom Proxy/custom-apigee-hybrid-cdtssp_kp_ambassador_v1r|custom-apigee-hybrid-cdtssp_kp_ambassador_v1r|class org.jenkinsci.plugins.workflow.multibranch.WorkflowMultiBranchProject
      1 CTO/Apigee-Hybrid/engineering/Deploy Apigee Hybrid Custom Proxy/custom-apigee-hybrid-cdads_psb_event_trigger_notification_v1r|custom-apigee-hybrid-cdads_psb_event_trigger_notification_v1r|class org.jenkinsci.plugins.workflow.multibranch.WorkflowMultiBranchProject
      1 CTO/Apigee-Hybrid/engineering/Deploy Apigee Hybrid Custom Proxy/custom-apigee-hybrid-cdads_owl_bff_api_v10r|custom-apigee-hybrid-cdads_owl_bff_api_v10r|class org.jenkinsci.plugins.workflow.multibranch.WorkflowMultiBranchProject
      1 CTO/Apigee-Hybrid/engineering/Deploy Apigee Hybrid Custom Proxy/custom-apigee-hybrid-cdads_member_preference_notification_v10r|custom-apigee-hybrid-cdads_member_preference_notification_v10r|class org.jenkinsci.plugins.workflow.multibranch.WorkflowMultiBranchProject
      1 CTO/Apigee-Hybrid/engineering/Deploy Apigee Hybrid Custom Proxy/custom-apigee-hybrid-cdads_cyclecount_v20r|custom-apigee-hybrid-cdads_cyclecount_v20r|class org.jenkinsci.plugins.workflow.multibranch.WorkflowMultiBranchProject
      1 CTO/Apigee-Hybrid/engineering/Deploy Apigee Hybrid Custom Proxy/custom-apigee-hybrid-cdads_clinical_library_federated_search_v10r|custom-apigee-hybrid-cdads_clinical_library_federated_search_v10r|class org.jenkinsci.plugins.workflow.multibranch.WorkflowMultiBranchProject
      1 CTO/Apigee-Hybrid/engineering/Deploy Apigee Hybrid Custom Proxy/custom-apigee-hybrid-cc_sandbox_v1r|custom-apigee-hybrid-cc_sandbox_v1r|class org.jenkinsci.plugins.workflow.multibranch.WorkflowMultiBranchProject
      1 CTO/Apigee-Hybrid/engineering/Deploy Apigee Hybrid Custom Proxy/custom-apigee-hybrid-cc_accumulation_summary_v10|custom-apigee-hybrid-cc_accumulation_summary_v10|class org.jenkinsci.plugins.workflow.multibranch.WorkflowMultiBranchProject
      1 CTO/Apigee-Hybrid/engineering/Deploy Apigee Hybrid Custom Proxy/custom-apigee-hybrid-cc_accumulation_summary_v10
      1 CTO/Apigee-Hybrid/engineering/Deploy Apigee Hybrid Custom Proxy/custom-apigee-hybrid-cas_amp_validation_custom_v1sh|custom-apigee-hybrid-cas_amp_validation_custom_v1sh|class org.jenkinsci.plugins.workflow.multibranch.WorkflowMultiBranchProject
      1 CTO/Apigee-Hybrid/engineering/Deploy Apigee Hybrid Custom Proxy/custom-apigee-hybrid-cas_amp_validation_custom_v1rh|custom-apigee-hybrid-cas_amp_validation_custom_v1rh|class org.jenkinsci.plugins.workflow.multibranch.WorkflowMultiBranchProject
      1 CTO/Apigee-Hybrid/engineering/Deploy Apigee Hybrid Custom Proxy/custom-apigee-hybrid-cas_amp_unified_only_v1r|custom-apigee-hybrid-cas_amp_unified_only_v1r|class org.jenkinsci.plugins.workflow.multibranch.WorkflowMultiBranchProject
      1 CTO/Apigee-Hybrid/engineering/Deploy Apigee Hybrid Custom Proxy/custom-apigee-hybrid-cas_amp_nonkpd_validation_v1rh|custom-apigee-hybrid-cas_amp_nonkpd_validation_v1rh|class org.jenkinsci.plugins.workflow.multibranch.WorkflowMultiBranchProject
      1 CTO/Apigee-Hybrid/engineering/Deploy Apigee Hybrid Custom Proxy/custom-apigee-hybrid-cas_amp_def_and_unified_v1r|custom-apigee-hybrid-cas_amp_def_and_unified_v1r|class org.jenkinsci.plugins.workflow.multibranch.WorkflowMultiBranchProject
      1 CTO/Apigee-Hybrid/engineering/Deploy Apigee Hybrid Custom Proxy/custom-apigee-hybrid-cas_amp_custom_validation_v2sh|custom-apigee-hybrid-cas_amp_custom_validation_v2sh|class org.jenkinsci.plugins.workflow.multibranch.WorkflowMultiBranchProject
      1 CTO/Apigee-Hybrid/engineering/Deploy Apigee Hybrid Custom Proxy/custom-apigee-hybrid-cas_amp_custom_validation_v1rh|custom-apigee-hybrid-cas_amp_custom_validation_v1rh|class org.jenkinsci.plugins.workflow.multibranch.WorkflowMultiBranchProject
      1 CTO/Apigee-Hybrid/engineering/Deploy Apigee Hybrid Custom Proxy/custom-apigee-hybrid-cas_amp_custom_nonkpd_validation_v5sh|custom-apigee-hybrid-cas_amp_custom_nonkpd_validation_v5sh|class org.jenkinsci.plugins.workflow.multibranch.WorkflowMultiBranchProject
      1 CTO/Apigee-Hybrid/engineering/Deploy Apigee Hybrid Custom Proxy/custom-apigee-hybrid-cas_amp_custom_hybrid_v3|custom-apigee-hybrid-cas_amp_custom_hybrid_v3|class org.jenkinsci.plugins.workflow.multibranch.WorkflowMultiBranchProject
      1 CTO/Apigee-Hybrid/engineering/Deploy Apigee Hybrid Custom Proxy/custom-apigee-hybrid-cas_amp_custom_hybrid_v2|custom-apigee-hybrid-cas_amp_custom_hybrid_v2|class org.jenkinsci.plugins.workflow.multibranch.WorkflowMultiBranchProject
      1 CTO/Apigee-Hybrid/engineering/Deploy Apigee Hybrid Custom Proxy/custom-apigee-hybrid-cas_amp_custom_hybrid_v2rh|custom-apigee-hybrid-cas_amp_custom_hybrid_v2rh|class org.jenkinsci.plugins.workflow.multibranch.WorkflowMultiBranchProject
      1 CTO/Apigee-Hybrid/engineering/Deploy Apigee Hybrid Custom Proxy/custom-apigee-hybrid-cars_non_member_getdoc_v1rh|custom-apigee-hybrid-cars_non_member_getdoc_v1rh|class org.jenkinsci.plugins.workflow.multibranch.WorkflowMultiBranchProject
      1 CTO/Apigee-Hybrid/engineering/Deploy Apigee Hybrid Custom Proxy/custom-apigee-hybrid-cars_non_member_getdoc_v1rh
      1 CTO/Apigee-Hybrid/engineering/Deploy Apigee Hybrid Custom Proxy/custom-apigee-hybrid-cafm_building_information_v10|custom-apigee-hybrid-cafm_building_information_v10|class org.jenkinsci.plugins.workflow.multibranch.WorkflowMultiBranchProject
      1 CTO/Apigee-Hybrid/engineering/Deploy Apigee Hybrid Custom Proxy/custom-apigee-hybrid-c2c_hours_of_operation_v1r|custom-apigee-hybrid-c2c_hours_of_operation_v1r|class org.jenkinsci.plugins.workflow.multibranch.WorkflowMultiBranchProject
      1 CTO/Apigee-Hybrid/engineering/Deploy Apigee Hybrid Custom Proxy/custom-apigee-hybrid-bsor_broker_net_v30|custom-apigee-hybrid-bsor_broker_net_v30|class org.jenkinsci.plugins.workflow.multibranch.WorkflowMultiBranchProject
      1 CTO/Apigee-Hybrid/engineering/Deploy Apigee Hybrid Custom Proxy/custom-apigee-hybrid-bsor_broker_net_v30
      1 CTO/Apigee-Hybrid/engineering/Deploy Apigee Hybrid Custom Proxy/custom-apigee-hybrid-bpm_task_apir_v10|custom-apigee-hybrid-bpm_task_apir_v10|class org.jenkinsci.plugins.workflow.multibranch.WorkflowMultiBranchProject
      1 CTO/Apigee-Hybrid/engineering/Deploy Apigee Hybrid Custom Proxy/custom-apigee-hybrid-bpm_start_process_r_v10|custom-apigee-hybrid-bpm_start_process_r_v10|class org.jenkinsci.plugins.workflow.multibranch.WorkflowMultiBranchProject
      1 CTO/Apigee-Hybrid/engineering/Deploy Apigee Hybrid Custom Proxy/custom-apigee-hybrid-bpm_get_list_of_tasks_r_v10|custom-apigee-hybrid-bpm_get_list_of_tasks_r_v10|class org.jenkinsci.plugins.workflow.multibranch.WorkflowMultiBranchProject
      1 CTO/Apigee-Hybrid/engineering/Deploy Apigee Hybrid Custom Proxy/custom-apigee-hybrid-bpa_api_v10r|custom-apigee-hybrid-bpa_api_v10r|class org.jenkinsci.plugins.workflow.multibranch.WorkflowMultiBranchProject
      1 CTO/Apigee-Hybrid/engineering/Deploy Apigee Hybrid Custom Proxy/custom-apigee-hybrid-benefits_validation_v11|custom-apigee-hybrid-benefits_validation_v11|class org.jenkinsci.plugins.workflow.multibranch.WorkflowMultiBranchProject
      1 CTO/Apigee-Hybrid/engineering/Deploy Apigee Hybrid Custom Proxy/custom-apigee-hybrid-bcssp_usermanagement_bff_v1r|custom-apigee-hybrid-bcssp_usermanagement_bff_v1r|class org.jenkinsci.plugins.workflow.multibranch.WorkflowMultiBranchProject
      1 CTO/Apigee-Hybrid/engineering/Deploy Apigee Hybrid Custom Proxy/custom-apigee-hybrid-bcssp_usermanagement_bff_v1r
      1 CTO/Apigee-Hybrid/engineering/Deploy Apigee Hybrid Custom Proxy/custom-apigee-hybrid-bcssp_edi_bff_v1r|custom-apigee-hybrid-bcssp_edi_bff_v1r|class org.jenkinsci.plugins.workflow.multibranch.WorkflowMultiBranchProject
      1 CTO/Apigee-Hybrid/engineering/Deploy Apigee Hybrid Custom Proxy/custom-apigee-hybrid-bcssp_edi_bff_v1r
      1 CTO/Apigee-Hybrid/engineering/Deploy Apigee Hybrid Custom Proxy/custom-apigee-hybrid-bcssp_docserver_bff_v1r|custom-apigee-hybrid-bcssp_docserver_bff_v1r|class org.jenkinsci.plugins.workflow.multibranch.WorkflowMultiBranchProject
      1 CTO/Apigee-Hybrid/engineering/Deploy Apigee Hybrid Custom Proxy/custom-apigee-hybrid-bcssp_docserver_bff_v1r
      1 CTO/Apigee-Hybrid/engineering/Deploy Apigee Hybrid Custom Proxy/custom-apigee-hybrid-bcssp_customer_bff_v1r|custom-apigee-hybrid-bcssp_customer_bff_v1r|class org.jenkinsci.plugins.workflow.multibranch.WorkflowMultiBranchProject
      1 CTO/Apigee-Hybrid/engineering/Deploy Apigee Hybrid Custom Proxy/custom-apigee-hybrid-bcssp_customer_bff_v1r
      1 CTO/Apigee-Hybrid/engineering/Deploy Apigee Hybrid Custom Proxy/custom-apigee-hybrid-bcssp_broker_bff_v1r|custom-apigee-hybrid-bcssp_broker_bff_v1r|class org.jenkinsci.plugins.workflow.multibranch.WorkflowMultiBranchProject
      1 CTO/Apigee-Hybrid/engineering/Deploy Apigee Hybrid Custom Proxy/custom-apigee-hybrid-bcssp_broker_bff_v1r
      1 CTO/Apigee-Hybrid/engineering/Deploy Apigee Hybrid Custom Proxy/custom-apigee-hybrid-bcssp_admin_bff_v1r|custom-apigee-hybrid-bcssp_admin_bff_v1r|class org.jenkinsci.plugins.workflow.multibranch.WorkflowMultiBranchProject
      1 CTO/Apigee-Hybrid/engineering/Deploy Apigee Hybrid Custom Proxy/custom-apigee-hybrid-bcssp_admin_bff_v1r
      1 CTO/Apigee-Hybrid/engineering/Deploy Apigee Hybrid Custom Proxy/custom-apigee-hybrid-atlas_update_v20r|custom-apigee-hybrid-atlas_update_v20r|class org.jenkinsci.plugins.workflow.multibranch.WorkflowMultiBranchProject
      1 CTO/Apigee-Hybrid/engineering/Deploy Apigee Hybrid Custom Proxy/custom-apigee-hybrid-atlas_get_token_v20r|custom-apigee-hybrid-atlas_get_token_v20r|class org.jenkinsci.plugins.workflow.multibranch.WorkflowMultiBranchProject
      1 CTO/Apigee-Hybrid/engineering/Deploy Apigee Hybrid Custom Proxy/custom-apigee-hybrid-atlas_application_full_report_v2r|custom-apigee-hybrid-atlas_application_full_report_v2r|class org.jenkinsci.plugins.workflow.multibranch.WorkflowMultiBranchProject
      1 CTO/Apigee-Hybrid/engineering/Deploy Apigee Hybrid Custom Proxy/custom-apigee-hybrid-api_ecosystem_external_bff_v1|custom-apigee-hybrid-api_ecosystem_external_bff_v1|class org.jenkinsci.plugins.workflow.multibranch.WorkflowMultiBranchProject
      1 CTO/Apigee-Hybrid/engineering/Deploy Apigee Hybrid Custom Proxy/custom-apigee-hybrid-ansible_automation_controller_v4r|custom-apigee-hybrid-ansible_automation_controller_v4r|class org.jenkinsci.plugins.workflow.multibranch.WorkflowMultiBranchProject
      1 CTO/Apigee-Hybrid/engineering/Deploy Apigee Hybrid Custom Proxy/custom-apigee-hybrid-amp_dev_team_test_v3rh|custom-apigee-hybrid-amp_dev_team_test_v3rh|class org.jenkinsci.plugins.workflow.multibranch.WorkflowMultiBranchProject
      1 CTO/Apigee-Hybrid/engineering/Deploy Apigee Hybrid Custom Proxy/custom-apigee-hybrid-address_validation_v20|custom-apigee-hybrid-address_validation_v20|class org.jenkinsci.plugins.workflow.multibranch.WorkflowMultiBranchProject
      1 CTO/Apigee-Hybrid/engineering/Deploy Apigee Hybrid Custom Proxy/custom-apigee-hybrid-account_financial_inquiry_v10|custom-apigee-hybrid-account_financial_inquiry_v10|class org.jenkinsci.plugins.workflow.multibranch.WorkflowMultiBranchProject
      1 CTO/Apigee-Hybrid/engineering/Deploy Apigee Hybrid Custom Proxy/custom-apigee-hybrid-account_financial_inquiry_v10
      1 CTO/Apigee-Hybrid/engineering/Deploy Apigee Hybrid Custom Proxy/custom-apigee-hybrid-aca_access_enforcement_v1r|custom-apigee-hybrid-aca_access_enforcement_v1r|class org.jenkinsci.plugins.workflow.multibranch.WorkflowMultiBranchProject
      1 CTO/Apigee-Hybrid/engineering/Deploy Apigee Hybrid Custom Proxy/custom-apigee-hybrid-Clinicallibraryfavoriteapi_1.0.0v1|custom-apigee-hybrid-Clinicallibraryfavoriteapi_1.0.0v1|class org.jenkinsci.plugins.workflow.multibranch.WorkflowMultiBranchProject
     31 CTO/Apigee-Hybrid/engineering/Build Custom Apigee Hybrid Proxy/ignite-custom-hybrid-epic_mychart_mobile_services_v2020r
     29 CTO/Apigee-Hybrid/engineering/Build Custom Apigee Hybrid Proxy/ignite-custom-hybrid-myhr_oracle_hcm_ucm_generic_soap_v10
     28 CTO/Apigee-Hybrid/engineering/Build Custom Apigee Hybrid Proxy/ignite-custom-hybrid-epic_patient_access_mychart_bedside_services_v2012r
     27 CTO/Apigee-Hybrid/engineering/Build Custom Apigee Hybrid Proxy/ignite-custom-hybrid-epims_epharmacy_ivr_v4c
     24 CTO/Apigee-Hybrid/engineering/Build Custom Apigee Hybrid Proxy/ignite-custom-hybrid-ansible_automation_controller_v4r
     22 CTO/Apigee-Hybrid/engineering/Build Custom Apigee Hybrid Proxy/ignite-custom-hybrid-onelink_apex_vendor_data_inbound_v1r
     22 CTO/Apigee-Hybrid/engineering/Build Custom Apigee Hybrid Proxy/ignite-custom-hybrid-epic_patientaccess_gs_external_dexcare_v2012r
     22 CTO/Apigee-Hybrid/engineering/Build Custom Apigee Hybrid Proxy/ignite-custom-hybrid-epic_patient_access_mobile_services_v2013m
     22 CTO/Apigee-Hybrid/engineering/Build Custom Apigee Hybrid Proxy/ignite-custom-hybrid-epic_billing_gs_account_legacy_v2012r
     21 CTO/Apigee-Hybrid/engineering/Build Custom Apigee Hybrid Proxy/ignite-custom-hybrid-epims_kp_rx_v1r
     20 CTO/Apigee-Hybrid/engineering/Build Custom Apigee Hybrid Proxy/ignite-custom-hybrid-oregon_alert_iis_vaccination_v2011
     19 CTO/Apigee-Hybrid/engineering/Build Custom Apigee Hybrid Proxy/ignite-custom-hybrid-kphc_lsp_application_v10r_c
     19 CTO/Apigee-Hybrid/engineering/Build Custom Apigee Hybrid Proxy/ignite-custom-hybrid-kphc_get_demographics_legacy_v2s
     19 CTO/Apigee-Hybrid/engineering/Build Custom Apigee Hybrid Proxy/ignite-custom-hybrid-epic_patientaccess_gs_external_services_v2018Br
     19 CTO/Apigee-Hybrid/engineering/Build Custom Apigee Hybrid Proxy/ignite-custom-hybrid-epic_edi_fhir_oauth2_services_api_v2014r
     19 CTO/Apigee-Hybrid/engineering/Build Custom Apigee Hybrid Proxy/ignite-custom-hybrid-atlas_get_token_v20r
     18 CTO/Apigee-Hybrid/engineering/Build Custom Apigee Hybrid Proxy/ignite-custom-hybrid-epims_central_prescriber_mgmt_v50
     18 CTO/Apigee-Hybrid/engineering/Build Custom Apigee Hybrid Proxy/ignite-custom-hybrid-epic_security_gs_personnel_management_accessnow_v2016
     18 CTO/Apigee-Hybrid/engineering/Build Custom Apigee Hybrid Proxy/ignite-custom-hybrid-epic_patient_access_ws_v51
     18 CTO/Apigee-Hybrid/engineering/Build Custom Apigee Hybrid Proxy/ignite-custom-hybrid-epic_managed_care_account_services_v2010
     18 CTO/Apigee-Hybrid/engineering/Build Custom Apigee Hybrid Proxy/ignite-custom-hybrid-epic_edi_fhir_services_r4
     18 CTO/Apigee-Hybrid/engineering/Build Custom Apigee Hybrid Proxy/ignite-custom-hybrid-epic_core_services_accessnow_v200804
     18 CTO/Apigee-Hybrid/engineering/Build Custom Apigee Hybrid Proxy/ignite-custom-hybrid-atlas_update_v20r
     17 CTO/Apigee-Hybrid/engineering/Build Custom Apigee Hybrid Proxy/ignite-custom-hybrid-myhr_oracle_hcm_extract_web_v10
     17 CTO/Apigee-Hybrid/engineering/Build Custom Apigee Hybrid Proxy/ignite-custom-hybrid-kphc_get_prof_billing_details_legacy_v1
     17 CTO/Apigee-Hybrid/engineering/Build Custom Apigee Hybrid Proxy/ignite-custom-hybrid-epic_empi_gs_patient_services_v2012a
     17 CTO/Apigee-Hybrid/engineering/Build Custom Apigee Hybrid Proxy/ignite-custom-hybrid-epic_edi_fhir_services_api_v2014r
     16 CTO/Apigee-Hybrid/engineering/Build Custom Apigee Hybrid Proxy/ignite-custom-hybrid-salesconnect_partner_v1
     16 CTO/Apigee-Hybrid/engineering/Build Custom Apigee Hybrid Proxy/ignite-custom-hybrid-proxy_management_v1_0_8c
     16 CTO/Apigee-Hybrid/engineering/Build Custom Apigee Hybrid Proxy/ignite-custom-hybrid-myhr_oracle_hcm_schedule_report_v1
     16 CTO/Apigee-Hybrid/engineering/Build Custom Apigee Hybrid Proxy/ignite-custom-hybrid-kphc_get_guarantor_account_legacy_v1
     16 CTO/Apigee-Hybrid/engineering/Build Custom Apigee Hybrid Proxy/ignite-custom-hybrid-kp_polaris_epicschedulingprovider_v2013
     16 CTO/Apigee-Hybrid/engineering/Build Custom Apigee Hybrid Proxy/ignite-custom-hybrid-epic_printing_gs_eps_local_v2017r
     16 CTO/Apigee-Hybrid/engineering/Build Custom Apigee Hybrid Proxy/ignite-custom-hybrid-epic_nebula_cognitive_computing_v1r
     16 CTO/Apigee-Hybrid/engineering/Build Custom Apigee Hybrid Proxy/ignite-custom-hybrid-epic_billing_gs_external_legacy_v2019r
     16 CTO/Apigee-Hybrid/engineering/Build Custom Apigee Hybrid Proxy/ignite-custom-hybrid-dms_doc_gen_v10
     16 CTO/Apigee-Hybrid/engineering/Build Custom Apigee Hybrid Proxy/ignite-custom-hybrid-clinician_connect_api_v2r
     15 CTO/Apigee-Hybrid/engineering/Build Custom Apigee Hybrid Proxy/ignite-custom-hybrid-non_member_carsws_v20
     15 CTO/Apigee-Hybrid/engineering/Build Custom Apigee Hybrid Proxy/ignite-custom-hybrid-kphc_put_questionnaire_fam_v2s
     15 CTO/Apigee-Hybrid/engineering/Build Custom Apigee Hybrid Proxy/ignite-custom-hybrid-kphc_get_blank_questionnaire_fam_v1
     15 CTO/Apigee-Hybrid/engineering/Build Custom Apigee Hybrid Proxy/ignite-custom-hybrid-kphc_get_appt_home_v1
     15 CTO/Apigee-Hybrid/engineering/Build Custom Apigee Hybrid Proxy/ignite-custom-hybrid-epic_mychart_mobile_care_services_v2020r
     15 CTO/Apigee-Hybrid/engineering/Build Custom Apigee Hybrid Proxy/ignite-custom-hybrid-contract_production_composition_v1r
     15 CTO/Apigee-Hybrid/engineering/Build Custom Apigee Hybrid Proxy/ignite-custom-hybrid-cas_amp_validation_custom_v1rh
     14 CTO/Apigee-Hybrid/engineering/Build Custom Apigee Hybrid Proxy/ignite-custom-hybrid-tempus_epic_ppsapi_v1
     14 CTO/Apigee-Hybrid/engineering/Build Custom Apigee Hybrid Proxy/ignite-custom-hybrid-oracle_hcm_saas_r_v10
     14 CTO/Apigee-Hybrid/engineering/Build Custom Apigee Hybrid Proxy/ignite-custom-hybrid-one_link_multi_operation_api_v10
     14 CTO/Apigee-Hybrid/engineering/Build Custom Apigee Hybrid Proxy/ignite-custom-hybrid-nps_hbaf_report_v1r
     14 CTO/Apigee-Hybrid/engineering/Build Custom Apigee Hybrid Proxy/ignite-custom-hybrid-kpx-access-apiv1
     14 CTO/Apigee-Hybrid/engineering/Build Custom Apigee Hybrid Proxy/ignite-custom-hybrid-etl_odw_bigpanda_v1r
     14 CTO/Apigee-Hybrid/engineering/Build Custom Apigee Hybrid Proxy/ignite-custom-hybrid-epims_rms_inventory_v10
     14 CTO/Apigee-Hybrid/engineering/Build Custom Apigee Hybrid Proxy/ignite-custom-hybrid-epic_clinical_notes_services_v2017r
     14 CTO/Apigee-Hybrid/engineering/Build Custom Apigee Hybrid Proxy/ignite-custom-hybrid-dal_event_external_v1rh
     14 CTO/Apigee-Hybrid/engineering/Build Custom Apigee Hybrid Proxy/ignite-custom-hybrid-contract_production_decision_v1r
     14 CTO/Apigee-Hybrid/engineering/Build Custom Apigee Hybrid Proxy/ignite-custom-hybrid-bpa_api_v10r
     13 CTO/Apigee-Hybrid/engineering/Build Custom Apigee Hybrid Proxy/ignite-custom-hybrid-vve_zoom_app_cliniciandir_bff_v1r
     13 CTO/Apigee-Hybrid/engineering/Build Custom Apigee Hybrid Proxy/ignite-custom-hybrid-user_data_v214
     13 CTO/Apigee-Hybrid/engineering/Build Custom Apigee Hybrid Proxy/ignite-custom-hybrid-storeinformation_v40
     13 CTO/Apigee-Hybrid/engineering/Build Custom Apigee Hybrid Proxy/ignite-custom-hybrid-one_link_attachment_service
     13 CTO/Apigee-Hybrid/engineering/Build Custom Apigee Hybrid Proxy/ignite-custom-hybrid-myhr_oracle_hcm_erp_integration_v10
     13 CTO/Apigee-Hybrid/engineering/Build Custom Apigee Hybrid Proxy/ignite-custom-hybrid-mps_pie_common_services_api
     13 CTO/Apigee-Hybrid/engineering/Build Custom Apigee Hybrid Proxy/ignite-custom-hybrid-metlife_soh_v1
     13 CTO/Apigee-Hybrid/engineering/Build Custom Apigee Hybrid Proxy/ignite-custom-hybrid-member_subgroup_transfer_v10
     13 CTO/Apigee-Hybrid/engineering/Build Custom Apigee Hybrid Proxy/ignite-custom-hybrid-kphc_store_document_v3m
     13 CTO/Apigee-Hybrid/engineering/Build Custom Apigee Hybrid Proxy/ignite-custom-hybrid-kphc_store_document_legacy_v2
     13 CTO/Apigee-Hybrid/engineering/Build Custom Apigee Hybrid Proxy/ignite-custom-hybrid-kphc_pointclickcare_webhook_listener_v1r
     13 CTO/Apigee-Hybrid/engineering/Build Custom Apigee Hybrid Proxy/ignite-custom-hybrid-kphc_comm_prefs_fam_v1
     13 CTO/Apigee-Hybrid/engineering/Build Custom Apigee Hybrid Proxy/ignite-custom-hybrid-hp_chats_webchat_v1
     13 CTO/Apigee-Hybrid/engineering/Build Custom Apigee Hybrid Proxy/ignite-custom-hybrid-epims_nonkphc_in_bound_v1r
     13 CTO/Apigee-Hybrid/engineering/Build Custom Apigee Hybrid Proxy/ignite-custom-hybrid-epims_kphc_inbound_v1r
     13 CTO/Apigee-Hybrid/engineering/Build Custom Apigee Hybrid Proxy/ignite-custom-hybrid-epims_eps_inventory_v60
     13 CTO/Apigee-Hybrid/engineering/Build Custom Apigee Hybrid Proxy/ignite-custom-hybrid-epic_revenue_managedcare_v2019r
     13 CTO/Apigee-Hybrid/engineering/Build Custom Apigee Hybrid Proxy/ignite-custom-hybrid-epic_patientaccess_gs_account_legacy_v2020r
     13 CTO/Apigee-Hybrid/engineering/Build Custom Apigee Hybrid Proxy/ignite-custom-hybrid-epic_patientaccess_gs_account_legacy_v2018r
     13 CTO/Apigee-Hybrid/engineering/Build Custom Apigee Hybrid Proxy/ignite-custom-hybrid-epic_edi_xml_ncpdp_receiver_services_v2017r
     13 CTO/Apigee-Hybrid/engineering/Build Custom Apigee Hybrid Proxy/ignite-custom-hybrid-epic_clinical_gs_notes_fam_v2018r
     12 CTO/Apigee-Hybrid/engineering/Build Custom Apigee Hybrid Proxy/ignite-custom-hybrid-kphc_store_document_v2
     12 CTO/Apigee-Hybrid/engineering/Build Custom Apigee Hybrid Proxy/ignite-custom-hybrid-kphc_store_document_legacy_v3
     12 CTO/Apigee-Hybrid/engineering/Build Custom Apigee Hybrid Proxy/ignite-custom-hybrid-kphc_orders_v2
     12 CTO/Apigee-Hybrid/engineering/Build Custom Apigee Hybrid Proxy/ignite-custom-hybrid-kphc_get_demographics_v3
     12 CTO/Apigee-Hybrid/engineering/Build Custom Apigee Hybrid Proxy/ignite-custom-hybrid-kp_polaris_epicsecuritypersonnelmanagement_v2014
     12 CTO/Apigee-Hybrid/engineering/Build Custom Apigee Hybrid Proxy/ignite-custom-hybrid-infosource_search_v1rh
     12 CTO/Apigee-Hybrid/engineering/Build Custom Apigee Hybrid Proxy/ignite-custom-hybrid-epic_tapestry_apclaims_v2017_kphckpcc_outbound
     12 CTO/Apigee-Hybrid/engineering/Build Custom Apigee Hybrid Proxy/ignite-custom-hybrid-epic_security_gs_personnel_management_accessnow_v2014
     12 CTO/Apigee-Hybrid/engineering/Build Custom Apigee Hybrid Proxy/ignite-custom-hybrid-epic_security_gs_personnel_management_accessnow_v2012
     12 CTO/Apigee-Hybrid/engineering/Build Custom Apigee Hybrid Proxy/ignite-custom-hybrid-epic_fhir_patient_r4_mux
     12 CTO/Apigee-Hybrid/engineering/Build Custom Apigee Hybrid Proxy/ignite-custom-hybrid-epic_fhir_Metadata_r4_mux
     11 CTO/Apigee-Hybrid/engineering/Build Custom Apigee Hybrid Proxy/ignite-custom-hybrid-video_visits_api_v3
     11 CTO/Apigee-Hybrid/engineering/Build Custom Apigee Hybrid Proxy/ignite-custom-hybrid-ssglobalheader_bff_v1r
     11 CTO/Apigee-Hybrid/engineering/Build Custom Apigee Hybrid Proxy/ignite-custom-hybrid-qmsi_po_and_iut_receipt_v10
     11 CTO/Apigee-Hybrid/engineering/Build Custom Apigee Hybrid Proxy/ignite-custom-hybrid-kphc_orca_legacy_v1
     11 CTO/Apigee-Hybrid/engineering/Build Custom Apigee Hybrid Proxy/ignite-custom-hybrid-kphc_get_user_base_deployment_v1
     11 CTO/Apigee-Hybrid/engineering/Build Custom Apigee Hybrid Proxy/ignite-custom-hybrid-kphc_get_referrals_v4
     11 CTO/Apigee-Hybrid/engineering/Build Custom Apigee Hybrid Proxy/ignite-custom-hybrid-kphc_get_referral_claims_legacy_v3s
     11 CTO/Apigee-Hybrid/engineering/Build Custom Apigee Hybrid Proxy/ignite-custom-hybrid-kp_polaris_stu3
     11 CTO/Apigee-Hybrid/engineering/Build Custom Apigee Hybrid Proxy/ignite-custom-hybrid-kp_polaris_r4
     11 CTO/Apigee-Hybrid/engineering/Build Custom Apigee Hybrid Proxy/ignite-custom-hybrid-kp_polaris_oauth2
     11 CTO/Apigee-Hybrid/engineering/Build Custom Apigee Hybrid Proxy/ignite-custom-hybrid-kp_polaris_epicclinicalvoiceassistant_v2021
     11 CTO/Apigee-Hybrid/engineering/Build Custom Apigee Hybrid Proxy/ignite-custom-hybrid-interactive_voice_response_v120
     11 CTO/Apigee-Hybrid/engineering/Build Custom Apigee Hybrid Proxy/ignite-custom-hybrid-epims_eps_outbound_patient_message_v40
     11 CTO/Apigee-Hybrid/engineering/Build Custom Apigee Hybrid Proxy/ignite-custom-hybrid-epims_epr_ecompatient_v7
     11 CTO/Apigee-Hybrid/engineering/Build Custom Apigee Hybrid Proxy/ignite-custom-hybrid-epims_dispenser_v40
     11 CTO/Apigee-Hybrid/engineering/Build Custom Apigee Hybrid Proxy/ignite-custom-hybrid-epic_fhir_documentreference_r4_mux
     11 CTO/Apigee-Hybrid/engineering/Build Custom Apigee Hybrid Proxy/ignite-custom-hybrid-epic_edi_xml_sure_scripts_receiver_services_v2015r
     11 CTO/Apigee-Hybrid/engineering/Build Custom Apigee Hybrid Proxy/ignite-custom-hybrid-epic_common_gs_patient_services_v2010
     11 CTO/Apigee-Hybrid/engineering/Build Custom Apigee Hybrid Proxy/ignite-custom-hybrid-cost_model_web_v10
     11 CTO/Apigee-Hybrid/engineering/Build Custom Apigee Hybrid Proxy/ignite-custom-hybrid-atlas_application_full_report_v2r
     10 CTO/Apigee-Hybrid/engineering/Build Custom Apigee Hybrid Proxy/ignite-custom-hybrid-user_identifier_external_v1r
     10 CTO/Apigee-Hybrid/engineering/Build Custom Apigee Hybrid Proxy/ignite-custom-hybrid-unit4_services_v1
     10 CTO/Apigee-Hybrid/engineering/Build Custom Apigee Hybrid Proxy/ignite-custom-hybrid-mps_pie_account_balance_v1
     10 CTO/Apigee-Hybrid/engineering/Build Custom Apigee Hybrid Proxy/ignite-custom-hybrid-kpmc_ssindvbinderpayment_bff_v1_1r
     10 CTO/Apigee-Hybrid/engineering/Build Custom Apigee Hybrid Proxy/ignite-custom-hybrid-kpmc_documents_internal_bff_v1
     10 CTO/Apigee-Hybrid/engineering/Build Custom Apigee Hybrid Proxy/ignite-custom-hybrid-kphc_put_questionnaire_v1
     10 CTO/Apigee-Hybrid/engineering/Build Custom Apigee Hybrid Proxy/ignite-custom-hybrid-kphc_medications_v5
     10 CTO/Apigee-Hybrid/engineering/Build Custom Apigee Hybrid Proxy/ignite-custom-hybrid-kphc_lab_orders_v3
     10 CTO/Apigee-Hybrid/engineering/Build Custom Apigee Hybrid Proxy/ignite-custom-hybrid-kphc_get_hosp_billing_account_legacy_v1
     10 CTO/Apigee-Hybrid/engineering/Build Custom Apigee Hybrid Proxy/ignite-custom-hybrid-kphc_get_guarantor_patient_list_legacy_v2r
     10 CTO/Apigee-Hybrid/engineering/Build Custom Apigee Hybrid Proxy/ignite-custom-hybrid-kphc_get_encounters_v3
     10 CTO/Apigee-Hybrid/engineering/Build Custom Apigee Hybrid Proxy/ignite-custom-hybrid-kp_polaris_openpk
     10 CTO/Apigee-Hybrid/engineering/Build Custom Apigee Hybrid Proxy/ignite-custom-hybrid-kp_polaris_dstu2
     10 CTO/Apigee-Hybrid/engineering/Build Custom Apigee Hybrid Proxy/ignite-custom-hybrid-epic_patientaccess_gs_external_dexcare_v2014r
     10 CTO/Apigee-Hybrid/engineering/Build Custom Apigee Hybrid Proxy/ignite-custom-hybrid-epic_fhir_practitioner_r4_mux
     10 CTO/Apigee-Hybrid/engineering/Build Custom Apigee Hybrid Proxy/ignite-custom-hybrid-epic_billing_external_v2017r
     10 CTO/Apigee-Hybrid/engineering/Build Custom Apigee Hybrid Proxy/ignite-custom-hybrid-compliance_connect_membership_lookup_v1r
     10 CTO/Apigee-Hybrid/engineering/Build Custom Apigee Hybrid Proxy/ignite-custom-hybrid-cafm_building_information_v10
     10 CTO/Apigee-Hybrid/engineering/Build Custom Apigee Hybrid Proxy/ignite-custom-hybrid-bpm_task_apir_v10
      9 CTO/Apigee-Hybrid/engineering/Build Custom Apigee Hybrid Proxy/ignite-custom-hybrid-vveconsentservice_1.0.0v1
      9 CTO/Apigee-Hybrid/engineering/Build Custom Apigee Hybrid Proxy/ignite-custom-hybrid-member_enrollment_v1
      9 CTO/Apigee-Hybrid/engineering/Build Custom Apigee Hybrid Proxy/ignite-custom-hybrid-mbrshp_member_self_service_bff_v1r
      9 CTO/Apigee-Hybrid/engineering/Build Custom Apigee Hybrid Proxy/ignite-custom-hybrid-kpmc_bill_and_pay_bff_v1_1r
      9 CTO/Apigee-Hybrid/engineering/Build Custom Apigee Hybrid Proxy/ignite-custom-hybrid-kphp_fhir_resources_r4
      9 CTO/Apigee-Hybrid/engineering/Build Custom Apigee Hybrid Proxy/ignite-custom-hybrid-kphc_text_message_option_v1
      9 CTO/Apigee-Hybrid/engineering/Build Custom Apigee Hybrid Proxy/ignite-custom-hybrid-kphc_send_inbasket_message_v1
      9 CTO/Apigee-Hybrid/engineering/Build Custom Apigee Hybrid Proxy/ignite-custom-hybrid-iam_user_management_v1
      9 CTO/Apigee-Hybrid/engineering/Build Custom Apigee Hybrid Proxy/ignite-custom-hybrid-health_plan_kpx_v1rc
      9 CTO/Apigee-Hybrid/engineering/Build Custom Apigee Hybrid Proxy/ignite-custom-hybrid-health_plan_explanation_of_benefit_capability_v1r
      9 CTO/Apigee-Hybrid/engineering/Build Custom Apigee Hybrid Proxy/ignite-custom-hybrid-hcm_ee_inquiryr_v10
      9 CTO/Apigee-Hybrid/engineering/Build Custom Apigee Hybrid Proxy/ignite-custom-hybrid-groupsetup
      9 CTO/Apigee-Hybrid/engineering/Build Custom Apigee Hybrid Proxy/ignite-custom-hybrid-epic_telehealth_gs_external_eoauth_v2020r
      9 CTO/Apigee-Hybrid/engineering/Build Custom Apigee Hybrid Proxy/ignite-custom-hybrid-epic_telehealth_gs_contextlinking_eoauth_v2018r
      9 CTO/Apigee-Hybrid/engineering/Build Custom Apigee Hybrid Proxy/ignite-custom-hybrid-epic_fhir_servicerequest_r4_mux
      9 CTO/Apigee-Hybrid/engineering/Build Custom Apigee Hybrid Proxy/ignite-custom-hybrid-epic_edi_fhir_routing_services_api_v1
      9 CTO/Apigee-Hybrid/engineering/Build Custom Apigee Hybrid Proxy/ignite-custom-hybrid-epic_common_gs_user_accessnow_v2011
      9 CTO/Apigee-Hybrid/engineering/Build Custom Apigee Hybrid Proxy/ignite-custom-hybrid-epic_common_gs_patient_dexcare_v2015r
      9 CTO/Apigee-Hybrid/engineering/Build Custom Apigee Hybrid Proxy/ignite-custom-hybrid-epic_clinical_pharmacy_v2018s
      9 CTO/Apigee-Hybrid/engineering/Build Custom Apigee Hybrid Proxy/ignite-custom-hybrid-epic_clinical_gs_patient_v2011
      9 CTO/Apigee-Hybrid/engineering/Build Custom Apigee Hybrid Proxy/ignite-custom-hybrid-employer_broker_selfservice_internal_bff_v1r
      9 CTO/Apigee-Hybrid/engineering/Build Custom Apigee Hybrid Proxy/ignite-custom-hybrid-clinicianconnect_api_v3
      9 CTO/Apigee-Hybrid/engineering/Build Custom Apigee Hybrid Proxy/ignite-custom-hybrid-choose_your_doctor_v1
      9 CTO/Apigee-Hybrid/engineering/Build Custom Apigee Hybrid Proxy/ignite-custom-hybrid-cdads_member_preference_notification_v10r
      9 CTO/Apigee-Hybrid/engineering/Build Custom Apigee Hybrid Proxy/ignite-custom-hybrid-cas_amp_custom_validation_v2sh
      9 CTO/Apigee-Hybrid/engineering/Build Custom Apigee Hybrid Proxy/ignite-custom-hybrid-bpm_get_list_of_tasks_r_v10
      8 CTO/Apigee-Hybrid/engineering/Build Custom Apigee Hybrid Proxy/ignite-custom-hybrid-vveconferenceservice_1.0.0v1
      8 CTO/Apigee-Hybrid/engineering/Build Custom Apigee Hybrid Proxy/ignite-custom-hybrid-system_availability_v10
      8 CTO/Apigee-Hybrid/engineering/Build Custom Apigee Hybrid Proxy/ignite-custom-hybrid-servicenow_catalog_task_verizon_ebonding_v1r
      8 CTO/Apigee-Hybrid/engineering/Build Custom Apigee Hybrid Proxy/ignite-custom-hybrid-sbmo_epims_v4
      8 CTO/Apigee-Hybrid/engineering/Build Custom Apigee Hybrid Proxy/ignite-custom-hybrid-sam_document_library_v1r
      8 CTO/Apigee-Hybrid/engineering/Build Custom Apigee Hybrid Proxy/ignite-custom-hybrid-pmtssbff-apiv1
      8 CTO/Apigee-Hybrid/engineering/Build Custom Apigee Hybrid Proxy/ignite-custom-hybrid-pharmacy_mobile_checkin_v1rc
      8 CTO/Apigee-Hybrid/engineering/Build Custom Apigee Hybrid Proxy/ignite-custom-hybrid-nps_rqr_management_v1r
      8 CTO/Apigee-Hybrid/engineering/Build Custom Apigee Hybrid Proxy/ignite-custom-hybrid-nps_interfaces_gateway_v10r
      8 CTO/Apigee-Hybrid/engineering/Build Custom Apigee Hybrid Proxy/ignite-custom-hybrid-national_member_s_v20
      8 CTO/Apigee-Hybrid/engineering/Build Custom Apigee Hybrid Proxy/ignite-custom-hybrid-mps_pie_scheduled_payments_v1
      8 CTO/Apigee-Hybrid/engineering/Build Custom Apigee Hybrid Proxy/ignite-custom-hybrid-member_inquiry_v21
      8 CTO/Apigee-Hybrid/engineering/Build Custom Apigee Hybrid Proxy/ignite-custom-hybrid-member_information_v1r
      8 CTO/Apigee-Hybrid/engineering/Build Custom Apigee Hybrid Proxy/ignite-custom-hybrid-kpmc_restproxy_v1r
      8 CTO/Apigee-Hybrid/engineering/Build Custom Apigee Hybrid Proxy/ignite-custom-hybrid-kpmc_cam_group_sor_v1r
      8 CTO/Apigee-Hybrid/engineering/Build Custom Apigee Hybrid Proxy/ignite-custom-hybrid-kphc_get_problem_list_v1
      8 CTO/Apigee-Hybrid/engineering/Build Custom Apigee Hybrid Proxy/ignite-custom-hybrid-kphc_get_demographics_v1
      8 CTO/Apigee-Hybrid/engineering/Build Custom Apigee Hybrid Proxy/ignite-custom-hybrid-kphc_get_appt_details_v4
      8 CTO/Apigee-Hybrid/engineering/Build Custom Apigee Hybrid Proxy/ignite-custom-hybrid-kpcc_kphc_get_coverages_v4
      8 CTO/Apigee-Hybrid/engineering/Build Custom Apigee Hybrid Proxy/ignite-custom-hybrid-kp_polaris_epicedihl7v2receiver_v2015
      8 CTO/Apigee-Hybrid/engineering/Build Custom Apigee Hybrid Proxy/ignite-custom-hybrid-kp2020_ocuco_a2r
      8 CTO/Apigee-Hybrid/engineering/Build Custom Apigee Hybrid Proxy/ignite-custom-hybrid-itops_ips_foglifter_v1r
      8 CTO/Apigee-Hybrid/engineering/Build Custom Apigee Hybrid Proxy/ignite-custom-hybrid-health_plan_medication_knowledge_v1rc
      8 CTO/Apigee-Hybrid/engineering/Build Custom Apigee Hybrid Proxy/ignite-custom-hybrid-group_membership_list_v20
      8 CTO/Apigee-Hybrid/engineering/Build Custom Apigee Hybrid Proxy/ignite-custom-hybrid-fs_member_summary_v10
      8 CTO/Apigee-Hybrid/engineering/Build Custom Apigee Hybrid Proxy/ignite-custom-hybrid-epic_web_blob_v2017r
      8 CTO/Apigee-Hybrid/engineering/Build Custom Apigee Hybrid Proxy/ignite-custom-hybrid-epic_reporting_predictive_services_v2017r
      8 CTO/Apigee-Hybrid/engineering/Build Custom Apigee Hybrid Proxy/ignite-custom-hybrid-epic_haiku_canto_rover_signalr_r_v3rh
      8 CTO/Apigee-Hybrid/engineering/Build Custom Apigee Hybrid Proxy/ignite-custom-hybrid-epic_fhir_task_r4_mux
      8 CTO/Apigee-Hybrid/engineering/Build Custom Apigee Hybrid Proxy/ignite-custom-hybrid-epic_fhir_muxoauth2_v2021
      8 CTO/Apigee-Hybrid/engineering/Build Custom Apigee Hybrid Proxy/ignite-custom-hybrid-epic_fhir_communication_r4_mux
      8 CTO/Apigee-Hybrid/engineering/Build Custom Apigee Hybrid Proxy/ignite-custom-hybrid-epic_edi_fhir_metadata_dstu2_mux
      8 CTO/Apigee-Hybrid/engineering/Build Custom Apigee Hybrid Proxy/ignite-custom-hybrid-epic_common_gs_patient_services_v2015r
      8 CTO/Apigee-Hybrid/engineering/Build Custom Apigee Hybrid Proxy/ignite-custom-hybrid-cpx_gateway_inbound_tempus_v1r
      8 CTO/Apigee-Hybrid/engineering/Build Custom Apigee Hybrid Proxy/ignite-custom-hybrid-cm_memberinquiry_v10
      8 CTO/Apigee-Hybrid/engineering/Build Custom Apigee Hybrid Proxy/ignite-custom-hybrid-cdads_cyclecount_v20r
      8 CTO/Apigee-Hybrid/engineering/Build Custom Apigee Hybrid Proxy/ignite-custom-hybrid-bpm_start_process_r_v10
      8 CTO/Apigee-Hybrid/engineering/Build Custom Apigee Hybrid Proxy/ignite-custom-hybrid-benefits_validation_v11
      8 CTO/Apigee-Hybrid/engineering/Build Custom Apigee Hybrid Proxy/ignite-custom-hybrid-amp_dev_team_test_v3rh
      8 CTO/Apigee-Hybrid/engineering/Build Custom Apigee Hybrid Proxy/ignite-custom-hybrid-address_validation_v20
      7 CTO/Apigee-Hybrid/engineering/Build Custom Apigee Hybrid Proxy/ignite-custom-hybrid-vvewebhookservice_1.0.0v1
      7 CTO/Apigee-Hybrid/engineering/Build Custom Apigee Hybrid Proxy/ignite-custom-hybrid-vers_patient_v10
      7 CTO/Apigee-Hybrid/engineering/Build Custom Apigee Hybrid Proxy/ignite-custom-hybrid-tpamemberlookup_v10
      7 CTO/Apigee-Hybrid/engineering/Build Custom Apigee Hybrid Proxy/ignite-custom-hybrid-surveyconnectsurveydatareceiver_v1r
      7 CTO/Apigee-Hybrid/engineering/Build Custom Apigee Hybrid Proxy/ignite-custom-hybrid-surescripts_eligibility_messaging_v10r
      7 CTO/Apigee-Hybrid/engineering/Build Custom Apigee Hybrid Proxy/ignite-custom-hybrid-rate_quote_request_details_v10
      7 CTO/Apigee-Hybrid/engineering/Build Custom Apigee Hybrid Proxy/ignite-custom-hybrid-provider_directory_attestation_v1r
      7 CTO/Apigee-Hybrid/engineering/Build Custom Apigee Hybrid Proxy/ignite-custom-hybrid-one_link_macro_helix_inbound_v10
      7 CTO/Apigee-Hybrid/engineering/Build Custom Apigee Hybrid Proxy/ignite-custom-hybrid-oak_view_app_diagram_r_v10
      7 CTO/Apigee-Hybrid/engineering/Build Custom Apigee Hybrid Proxy/ignite-custom-hybrid-nuvolo_paragon_v1r
      7 CTO/Apigee-Hybrid/engineering/Build Custom Apigee Hybrid Proxy/ignite-custom-hybrid-nps_alternate_management_v1r
      7 CTO/Apigee-Hybrid/engineering/Build Custom Apigee Hybrid Proxy/ignite-custom-hybrid-nce_member_profile_eligibility_v10_c
      7 CTO/Apigee-Hybrid/engineering/Build Custom Apigee Hybrid Proxy/ignite-custom-hybrid-mps_pie_payment_initiation_v1
      7 CTO/Apigee-Hybrid/engineering/Build Custom Apigee Hybrid Proxy/ignite-custom-hybrid-mbrshp_bff_ssgroupservice_v1r
      7 CTO/Apigee-Hybrid/engineering/Build Custom Apigee Hybrid Proxy/ignite-custom-hybrid-kphc_patient_care_team_v4
      7 CTO/Apigee-Hybrid/engineering/Build Custom Apigee Hybrid Proxy/ignite-custom-hybrid-kphc_lab_orders_v5
      7 CTO/Apigee-Hybrid/engineering/Build Custom Apigee Hybrid Proxy/ignite-custom-hybrid-kphc_haikucanto_v20r
      7 CTO/Apigee-Hybrid/engineering/Build Custom Apigee Hybrid Proxy/ignite-custom-hybrid-kphc_get_referral_claims_v3
      7 CTO/Apigee-Hybrid/engineering/Build Custom Apigee Hybrid Proxy/ignite-custom-hybrid-kphc_get_encounters_v2
      7 CTO/Apigee-Hybrid/engineering/Build Custom Apigee Hybrid Proxy/ignite-custom-hybrid-kp_polaris_epicclinicalutility_v2013
      7 CTO/Apigee-Hybrid/engineering/Build Custom Apigee Hybrid Proxy/ignite-custom-hybrid-kp_controller_v1r
      7 CTO/Apigee-Hybrid/engineering/Build Custom Apigee Hybrid Proxy/ignite-custom-hybrid-ipm_aci_payment_notification_v10
      7 CTO/Apigee-Hybrid/engineering/Build Custom Apigee Hybrid Proxy/ignite-custom-hybrid-health_plan_provider_v1r_c
      7 CTO/Apigee-Hybrid/engineering/Build Custom Apigee Hybrid Proxy/ignite-custom-hybrid-epic_scheduling_gs_provider_dexcare_v2012r
      7 CTO/Apigee-Hybrid/engineering/Build Custom Apigee Hybrid Proxy/ignite-custom-hybrid-epic_scheduling_gs_patient_services_v2011
      7 CTO/Apigee-Hybrid/engineering/Build Custom Apigee Hybrid Proxy/ignite-custom-hybrid-epic_reporting_predictive_v2018r
      7 CTO/Apigee-Hybrid/engineering/Build Custom Apigee Hybrid Proxy/ignite-custom-hybrid-epic_haiku_canto_rover_prelogin_r_v3rh
      7 CTO/Apigee-Hybrid/engineering/Build Custom Apigee Hybrid Proxy/ignite-custom-hybrid-epic_haiku_canto_rover_oauth2_apig_v3rh
      7 CTO/Apigee-Hybrid/engineering/Build Custom Apigee Hybrid Proxy/ignite-custom-hybrid-epic_haiku_canto_rover_mobile_apig_r_v3rh
      7 CTO/Apigee-Hybrid/engineering/Build Custom Apigee Hybrid Proxy/ignite-custom-hybrid-epic_haiku_canto_rover_listener_apig_s_v3sh
      7 CTO/Apigee-Hybrid/engineering/Build Custom Apigee Hybrid Proxy/ignite-custom-hybrid-epic_haiku_canto_apig_v2rh
      7 CTO/Apigee-Hybrid/engineering/Build Custom Apigee Hybrid Proxy/ignite-custom-hybrid-epic_fhir_patient_empi_r4_mux
      7 CTO/Apigee-Hybrid/engineering/Build Custom Apigee Hybrid Proxy/ignite-custom-hybrid-epic_fhir_consent_r4_mux
      7 CTO/Apigee-Hybrid/engineering/Build Custom Apigee Hybrid Proxy/ignite-custom-hybrid-epic_access_gs_referral_services_v2012
      7 CTO/Apigee-Hybrid/engineering/Build Custom Apigee Hybrid Proxy/ignite-custom-hybrid-empi_service_api
      7 CTO/Apigee-Hybrid/engineering/Build Custom Apigee Hybrid Proxy/ignite-custom-hybrid-emc_cache_lookup
      7 CTO/Apigee-Hybrid/engineering/Build Custom Apigee Hybrid Proxy/ignite-custom-hybrid-dss_wex_autocomplete_r_v10
      7 CTO/Apigee-Hybrid/engineering/Build Custom Apigee Hybrid Proxy/ignite-custom-hybrid-dast_amp_custom_validation_v1rh
      7 CTO/Apigee-Hybrid/engineering/Build Custom Apigee Hybrid Proxy/ignite-custom-hybrid-aca_access_enforcement_v1r
      6 CTO/Apigee-Hybrid/engineering/Build Custom Apigee Hybrid Proxy/ignite-custom-hybrid-zoom-app-bff-v1r
      6 CTO/Apigee-Hybrid/engineering/Build Custom Apigee Hybrid Proxy/ignite-custom-hybrid-vers_ows_v10
      6 CTO/Apigee-Hybrid/engineering/Build Custom Apigee Hybrid Proxy/ignite-custom-hybrid-vers_login_v10
      6 CTO/Apigee-Hybrid/engineering/Build Custom Apigee Hybrid Proxy/ignite-custom-hybrid-vers_health_insurance_v10
      6 CTO/Apigee-Hybrid/engineering/Build Custom Apigee Hybrid Proxy/ignite-custom-hybrid-surveyconnectfileexporter_v1r
      6 CTO/Apigee-Hybrid/engineering/Build Custom Apigee Hybrid Proxy/ignite-custom-hybrid-see_kpif_plans_v1r
      6 CTO/Apigee-Hybrid/engineering/Build Custom Apigee Hybrid Proxy/ignite-custom-hybrid-sales_eligibility_engine_service_area_v1r
      6 CTO/Apigee-Hybrid/engineering/Build Custom Apigee Hybrid Proxy/ignite-custom-hybrid-onelink_rfxcel_pharmacy_receipts_inbound_v1r
      6 CTO/Apigee-Hybrid/engineering/Build Custom Apigee Hybrid Proxy/ignite-custom-hybrid-onelink_drofus_order_validation_inbound_v1r
      6 CTO/Apigee-Hybrid/engineering/Build Custom Apigee Hybrid Proxy/ignite-custom-hybrid-one_link_http_connector_r_v10
      6 CTO/Apigee-Hybrid/engineering/Build Custom Apigee Hybrid Proxy/ignite-custom-hybrid-myhr_oracle_hcm_ucm_generic_v1sh
      6 CTO/Apigee-Hybrid/engineering/Build Custom Apigee Hybrid Proxy/ignite-custom-hybrid-myhr_oracle_hcm_erp_integration_v1sh
      6 CTO/Apigee-Hybrid/engineering/Build Custom Apigee Hybrid Proxy/ignite-custom-hybrid-mpeople_to_salesforce_v1r
      6 CTO/Apigee-Hybrid/engineering/Build Custom Apigee Hybrid Proxy/ignite-custom-hybrid-membership_selfservice_member_enrollment_v1r
      6 CTO/Apigee-Hybrid/engineering/Build Custom Apigee Hybrid Proxy/ignite-custom-hybrid-member_lookup_v21
      6 CTO/Apigee-Hybrid/engineering/Build Custom Apigee Hybrid Proxy/ignite-custom-hybrid-kphc_radiology_orders_v5
      6 CTO/Apigee-Hybrid/engineering/Build Custom Apigee Hybrid Proxy/ignite-custom-hybrid-kphc_get_registry_v1r
      6 CTO/Apigee-Hybrid/engineering/Build Custom Apigee Hybrid Proxy/ignite-custom-hybrid-kphc_get_patient_care_team_v1
      6 CTO/Apigee-Hybrid/engineering/Build Custom Apigee Hybrid Proxy/ignite-custom-hybrid-kp_hrconnect_va_employee_details_v1r
      6 CTO/Apigee-Hybrid/engineering/Build Custom Apigee Hybrid Proxy/ignite-custom-hybrid-hcm_rss_case_status_updater_v10
      6 CTO/Apigee-Hybrid/engineering/Build Custom Apigee Hybrid Proxy/ignite-custom-hybrid-groupmanagement_v70
      6 CTO/Apigee-Hybrid/engineering/Build Custom Apigee Hybrid Proxy/ignite-custom-hybrid-gen5_private_cloud_management_platform_websocket_v1rh
      6 CTO/Apigee-Hybrid/engineering/Build Custom Apigee Hybrid Proxy/ignite-custom-hybrid-gen5_aiops_websocket_v1rh
      6 CTO/Apigee-Hybrid/engineering/Build Custom Apigee Hybrid Proxy/ignite-custom-hybrid-fs_member_reinstatement_v10
      6 CTO/Apigee-Hybrid/engineering/Build Custom Apigee Hybrid Proxy/ignite-custom-hybrid-epims_eps_rx_v10r
      6 CTO/Apigee-Hybrid/engineering/Build Custom Apigee Hybrid Proxy/ignite-custom-hybrid-epic_tapestry_apclaims_v2022s
      6 CTO/Apigee-Hybrid/engineering/Build Custom Apigee Hybrid Proxy/ignite-custom-hybrid-epic_oauth2introspect_v2023r
      6 CTO/Apigee-Hybrid/engineering/Build Custom Apigee Hybrid Proxy/ignite-custom-hybrid-epic_fhir_observation_r4_mux
      6 CTO/Apigee-Hybrid/engineering/Build Custom Apigee Hybrid Proxy/ignite-custom-hybrid-epic_fhir_binary_r4_mux
      6 CTO/Apigee-Hybrid/engineering/Build Custom Apigee Hybrid Proxy/ignite-custom-hybrid-enterprise_profile_and_preferences_v30
      6 CTO/Apigee-Hybrid/engineering/Build Custom Apigee Hybrid Proxy/ignite-custom-hybrid-dss_wex_search_r_v10
      6 CTO/Apigee-Hybrid/engineering/Build Custom Apigee Hybrid Proxy/ignite-custom-hybrid-dnp_callback_v2rch
      6 CTO/Apigee-Hybrid/engineering/Build Custom Apigee Hybrid Proxy/ignite-custom-hybrid-covid_claim_submission_v1r
      6 CTO/Apigee-Hybrid/engineering/Build Custom Apigee Hybrid Proxy/ignite-custom-hybrid-covid_accumulation_v1rc
      6 CTO/Apigee-Hybrid/engineering/Build Custom Apigee Hybrid Proxy/ignite-custom-hybrid-cms_beneficiary_eligibility_query_v1r
      6 CTO/Apigee-Hybrid/engineering/Build Custom Apigee Hybrid Proxy/ignite-custom-hybrid-chart_of_accounts_microservice_v1r
      6 CTO/Apigee-Hybrid/engineering/Build Custom Apigee Hybrid Proxy/ignite-custom-hybrid-cdtssp_kp_ambassador_v1r
      6 CTO/Apigee-Hybrid/engineering/Build Custom Apigee Hybrid Proxy/ignite-custom-hybrid-cdads_psb_event_trigger_notification_v1r
      6 CTO/Apigee-Hybrid/engineering/Build Custom Apigee Hybrid Proxy/ignite-custom-hybrid-cdads_owl_bff_api_v10r
      6 CTO/Apigee-Hybrid/engineering/Build Custom Apigee Hybrid Proxy/ignite-custom-hybrid-cas_amp_custom_hybrid_v2
      6 CTO/Apigee-Hybrid/engineering/Build Custom Apigee Hybrid Proxy/ignite-custom-hybrid-api_ecosystem_external_bff_v1
      6 CTO/Apigee-Hybrid/engineering/Build Custom Apigee Hybrid Proxy/ignite-custom-hybrid-Clinicallibraryfavoriteapi_1.0.0v1
      5 CTO/Apigee-Hybrid/engineering/Build Custom Apigee Hybrid Proxy/ignite-custom-hybrid-vers_retail_v10
      5 CTO/Apigee-Hybrid/engineering/Build Custom Apigee Hybrid Proxy/ignite-custom-hybrid-update_nonpatient_demographics_api_v1sh
      5 CTO/Apigee-Hybrid/engineering/Build Custom Apigee Hybrid Proxy/ignite-custom-hybrid-triduum_mental_health_and_wellness_controller_v1r
      5 CTO/Apigee-Hybrid/engineering/Build Custom Apigee Hybrid Proxy/ignite-custom-hybrid-surescripts_payer_messaging_v10r
      5 CTO/Apigee-Hybrid/engineering/Build Custom Apigee Hybrid Proxy/ignite-custom-hybrid-snap_gabrkr_package_v10
      5 CTO/Apigee-Hybrid/engineering/Build Custom Apigee Hybrid Proxy/ignite-custom-hybrid-servicenow_obtain_oauth2_token_v1r
      5 CTO/Apigee-Hybrid/engineering/Build Custom Apigee Hybrid Proxy/ignite-custom-hybrid-servicenow_incident_verizon_ebonding_v1r
      5 CTO/Apigee-Hybrid/engineering/Build Custom Apigee Hybrid Proxy/ignite-custom-hybrid-servicenow_incident_convergeone_ebonding_v1r
      5 CTO/Apigee-Hybrid/engineering/Build Custom Apigee Hybrid Proxy/ignite-custom-hybrid-see_quote_v1r
      5 CTO/Apigee-Hybrid/engineering/Build Custom Apigee Hybrid Proxy/ignite-custom-hybrid-payment_posting_integration_v1rc
      5 CTO/Apigee-Hybrid/engineering/Build Custom Apigee Hybrid Proxy/ignite-custom-hybrid-onelink_invoice_micro_inbound_v1r
      5 CTO/Apigee-Hybrid/engineering/Build Custom Apigee Hybrid Proxy/ignite-custom-hybrid-onelink_drofus_order_submission_inbound_v1r
      5 CTO/Apigee-Hybrid/engineering/Build Custom Apigee Hybrid Proxy/ignite-custom-hybrid-onelink_3pl_inbound_v1r
      5 CTO/Apigee-Hybrid/engineering/Build Custom Apigee Hybrid Proxy/ignite-custom-hybrid-one_link_requisition_inquiry_service
      5 CTO/Apigee-Hybrid/engineering/Build Custom Apigee Hybrid Proxy/ignite-custom-hybrid-one_link_project_creation_v1r
      5 CTO/Apigee-Hybrid/engineering/Build Custom Apigee Hybrid Proxy/ignite-custom-hybrid-one_link_gl_combo_validation_v1r
      5 CTO/Apigee-Hybrid/engineering/Build Custom Apigee Hybrid Proxy/ignite-custom-hybrid-membership_selfservice_member_roster_v1r
      5 CTO/Apigee-Hybrid/engineering/Build Custom Apigee Hybrid Proxy/ignite-custom-hybrid-membership_selfservice_member_maintain_v1r
      5 CTO/Apigee-Hybrid/engineering/Build Custom Apigee Hybrid Proxy/ignite-custom-hybrid-membership_selfservice_member_inquiry_v1r
      5 CTO/Apigee-Hybrid/engineering/Build Custom Apigee Hybrid Proxy/ignite-custom-hybrid-membership_bff_ss_member_roster_v1r
      5 CTO/Apigee-Hybrid/engineering/Build Custom Apigee Hybrid Proxy/ignite-custom-hybrid-memberbenefitsinquiry_v21
      5 CTO/Apigee-Hybrid/engineering/Build Custom Apigee Hybrid Proxy/ignite-custom-hybrid-member_inquiry_v20
      5 CTO/Apigee-Hybrid/engineering/Build Custom Apigee Hybrid Proxy/ignite-custom-hybrid-member_benefits_inquiry_v20
      5 CTO/Apigee-Hybrid/engineering/Build Custom Apigee Hybrid Proxy/ignite-custom-hybrid-mbrshp_bff_ss_member_maintain_v1r
      5 CTO/Apigee-Hybrid/engineering/Build Custom Apigee Hybrid Proxy/ignite-custom-hybrid-mbrshp_bff_ss_member_inquiry_v1r
      5 CTO/Apigee-Hybrid/engineering/Build Custom Apigee Hybrid Proxy/ignite-custom-hybrid-mbrshp_bff_ss_member_enrollment_v1r
      5 CTO/Apigee-Hybrid/engineering/Build Custom Apigee Hybrid Proxy/ignite-custom-hybrid-kpmc_transactiontracking_bff
      5 CTO/Apigee-Hybrid/engineering/Build Custom Apigee Hybrid Proxy/ignite-custom-hybrid-kp_polaris_epicedisoapreceiver_v2009
      5 CTO/Apigee-Hybrid/engineering/Build Custom Apigee Hybrid Proxy/ignite-custom-hybrid-kp_polaris_epiccreditcard_v2016
      5 CTO/Apigee-Hybrid/engineering/Build Custom Apigee Hybrid Proxy/ignite-custom-hybrid-identity_hub_v20
      5 CTO/Apigee-Hybrid/engineering/Build Custom Apigee Hybrid Proxy/ignite-custom-hybrid-hcm_kp_cframe_seniority_date_r_v10
      5 CTO/Apigee-Hybrid/engineering/Build Custom Apigee Hybrid Proxy/ignite-custom-hybrid-gsl_rx_api_v10
      5 CTO/Apigee-Hybrid/engineering/Build Custom Apigee Hybrid Proxy/ignite-custom-hybrid-epic_patient_access_mobile_services_v2020
      5 CTO/Apigee-Hybrid/engineering/Build Custom Apigee Hybrid Proxy/ignite-custom-hybrid-epic_mychart_mobile_v2020r
      5 CTO/Apigee-Hybrid/engineering/Build Custom Apigee Hybrid Proxy/ignite-custom-hybrid-epic_creditcard_gs_api_legacy_v2020
      5 CTO/Apigee-Hybrid/engineering/Build Custom Apigee Hybrid Proxy/ignite-custom-hybrid-cdads_clinical_library_federated_search_v10r
      5 CTO/Apigee-Hybrid/engineering/Build Custom Apigee Hybrid Proxy/ignite-custom-hybrid-cc_sandbox_v1r
      5 CTO/Apigee-Hybrid/engineering/Build Custom Apigee Hybrid Proxy/ignite-custom-hybrid-cas_amp_validation_custom_v1sh
      5 CTO/Apigee-Hybrid/engineering/Build Custom Apigee Hybrid Proxy/ignite-custom-hybrid-cas_amp_def_and_unified_v1r
      5 CTO/Apigee-Hybrid/engineering/Build Custom Apigee Hybrid Proxy/ignite-custom-hybrid-c2c_hours_of_operation_v1r
      4 CTO/Apigee-Hybrid/engineering/Build Custom Apigee Hybrid Proxy/ignite-custom-hybrid-workforce_central_v1r
      4 CTO/Apigee-Hybrid/engineering/Build Custom Apigee Hybrid Proxy/ignite-custom-hybrid-vve_zoom_app_attendeerpt_bff_v1r
      4 CTO/Apigee-Hybrid/engineering/Build Custom Apigee Hybrid Proxy/ignite-custom-hybrid-vers_health_insurance_v20
      4 CTO/Apigee-Hybrid/engineering/Build Custom Apigee Hybrid Proxy/ignite-custom-hybrid-tms_memberbenefitsinquiry_v10
      4 CTO/Apigee-Hybrid/engineering/Build Custom Apigee Hybrid Proxy/ignite-custom-hybrid-salesconnect_spas_pa_v10
      4 CTO/Apigee-Hybrid/engineering/Build Custom Apigee Hybrid Proxy/ignite-custom-hybrid-salesconnect_spas_contract_v10
      4 CTO/Apigee-Hybrid/engineering/Build Custom Apigee Hybrid Proxy/ignite-custom-hybrid-onelink_valid_gl_string_fda_approver_inbound_v1r
      4 CTO/Apigee-Hybrid/engineering/Build Custom Apigee Hybrid Proxy/ignite-custom-hybrid-onelink_financial_delegation_inbound_v1r
      4 CTO/Apigee-Hybrid/engineering/Build Custom Apigee Hybrid Proxy/ignite-custom-hybrid-my_hr_people_fluent_r_api
      4 CTO/Apigee-Hybrid/engineering/Build Custom Apigee Hybrid Proxy/ignite-custom-hybrid-kphc_get_demographics_fam_v3s
      4 CTO/Apigee-Hybrid/engineering/Build Custom Apigee Hybrid Proxy/ignite-custom-hybrid-kp_polaris_legacy_r4
      4 CTO/Apigee-Hybrid/engineering/Build Custom Apigee Hybrid Proxy/ignite-custom-hybrid-kp_polaris_legacy_oauth2
      4 CTO/Apigee-Hybrid/engineering/Build Custom Apigee Hybrid Proxy/ignite-custom-hybrid-kp_polaris_epictelehealthexternal_v2020
      4 CTO/Apigee-Hybrid/engineering/Build Custom Apigee Hybrid Proxy/ignite-custom-hybrid-kp_polaris_epicedixmlreceiver_v2022
      4 CTO/Apigee-Hybrid/engineering/Build Custom Apigee Hybrid Proxy/ignite-custom-hybrid-kp_cframe_salesforce_r_v10
      4 CTO/Apigee-Hybrid/engineering/Build Custom Apigee Hybrid Proxy/ignite-custom-hybrid-infosource_solr_v9r
      4 CTO/Apigee-Hybrid/engineering/Build Custom Apigee Hybrid Proxy/ignite-custom-hybrid-fs_member_demographics_v10
      4 CTO/Apigee-Hybrid/engineering/Build Custom Apigee Hybrid Proxy/ignite-custom-hybrid-fs_consumer_manifest_v1r
      4 CTO/Apigee-Hybrid/engineering/Build Custom Apigee Hybrid Proxy/ignite-custom-hybrid-epic_edi_xml_ncpdp_receiver_services_v2015r
      4 CTO/Apigee-Hybrid/engineering/Build Custom Apigee Hybrid Proxy/ignite-custom-hybrid-epic_crm_gs_utility_legacy_v2014b
      4 CTO/Apigee-Hybrid/engineering/Build Custom Apigee Hybrid Proxy/ignite-custom-hybrid-epic_common_web_services_v2016m
      4 CTO/Apigee-Hybrid/engineering/Build Custom Apigee Hybrid Proxy/ignite-custom-hybrid-epic_billing_gs_account_legacy_v2012
      4 CTO/Apigee-Hybrid/engineering/Build Custom Apigee Hybrid Proxy/ignite-custom-hybrid-drm_unity_v1r
      4 CTO/Apigee-Hybrid/engineering/Build Custom Apigee Hybrid Proxy/ignite-custom-hybrid-cas_amp_custom_hybrid_v2rh
      4 CTO/Apigee-Hybrid/engineering/Build Custom Apigee Hybrid Proxy/ignite-custom-hybrid-account_financial_inquiry_v10
      3 CTO/Apigee-Hybrid/engineering/Build Custom Apigee Hybrid Proxy/ignite-custom-hybrid-video_visits_api_v2r
      3 CTO/Apigee-Hybrid/engineering/Build Custom Apigee Hybrid Proxy/ignite-custom-hybrid-veridxv27s_kba_identity_verification_service
      3 CTO/Apigee-Hybrid/engineering/Build Custom Apigee Hybrid Proxy/ignite-custom-hybrid-risant_vbp_adapter_external_v1rh
      3 CTO/Apigee-Hybrid/engineering/Build Custom Apigee Hybrid Proxy/ignite-custom-hybrid-qualifieddigital_v1r
      3 CTO/Apigee-Hybrid/engineering/Build Custom Apigee Hybrid Proxy/ignite-custom-hybrid-notification_platform_event_v1_2mch
      3 CTO/Apigee-Hybrid/engineering/Build Custom Apigee Hybrid Proxy/ignite-custom-hybrid-my_kp_application_v1h
      3 CTO/Apigee-Hybrid/engineering/Build Custom Apigee Hybrid Proxy/ignite-custom-hybrid-memberlookup_v20
      3 CTO/Apigee-Hybrid/engineering/Build Custom Apigee Hybrid Proxy/ignite-custom-hybrid-kptwsservice_v1r
      3 CTO/Apigee-Hybrid/engineering/Build Custom Apigee Hybrid Proxy/ignite-custom-hybrid-kpmc_member_termination_v1
      3 CTO/Apigee-Hybrid/engineering/Build Custom Apigee Hybrid Proxy/ignite-custom-hybrid-kpd_risant_app_v1rh
      3 CTO/Apigee-Hybrid/engineering/Build Custom Apigee Hybrid Proxy/ignite-custom-hybrid-kp_polaris_epictelehealthcontextlinking_v2018
      3 CTO/Apigee-Hybrid/engineering/Build Custom Apigee Hybrid Proxy/ignite-custom-hybrid-genesys_chat_v2r
      3 CTO/Apigee-Hybrid/engineering/Build Custom Apigee Hybrid Proxy/ignite-custom-hybrid-fs_memberchangepublish_v10
      3 CTO/Apigee-Hybrid/engineering/Build Custom Apigee Hybrid Proxy/ignite-custom-hybrid-fs_member_enrollment_v10
      3 CTO/Apigee-Hybrid/engineering/Build Custom Apigee Hybrid Proxy/ignite-custom-hybrid-fs_family_account_role_v10
      3 CTO/Apigee-Hybrid/engineering/Build Custom Apigee Hybrid Proxy/ignite-custom-hybrid-family_inquiry_v10
      3 CTO/Apigee-Hybrid/engineering/Build Custom Apigee Hybrid Proxy/ignite-custom-hybrid-epims_pos_gsl_rx_api_v10r
      3 CTO/Apigee-Hybrid/engineering/Build Custom Apigee Hybrid Proxy/ignite-custom-hybrid-epic_patientaccess_gs_patient_legacy_v2012s
      3 CTO/Apigee-Hybrid/engineering/Build Custom Apigee Hybrid Proxy/ignite-custom-hybrid-dpt_messaging_v2c
      3 CTO/Apigee-Hybrid/engineering/Build Custom Apigee Hybrid Proxy/ignite-custom-hybrid-complianceconnect_elr_salesforce_v1rh
      3 CTO/Apigee-Hybrid/engineering/Build Custom Apigee Hybrid Proxy/ignite-custom-hybrid-cerebro_noname_v1r
      3 CTO/Apigee-Hybrid/engineering/Build Custom Apigee Hybrid Proxy/ignite-custom-hybrid-cas_amp_unified_only_v1r
      3 CTO/Apigee-Hybrid/engineering/Build Custom Apigee Hybrid Proxy/ignite-custom-hybrid-cas_amp_custom_hybrid_v3
      3 CTO/Apigee-Hybrid/engineering/Build Custom Apigee Hybrid Proxy/ignite-custom-hybrid-cas_amp_custom_hybrid_soap_v2
      2 CTO/Apigee-Hybrid/engineering/Build Custom Apigee Hybrid Proxy/ignite-custom-hybrid-vers_retail_v20
      2 CTO/Apigee-Hybrid/engineering/Build Custom Apigee Hybrid Proxy/ignite-custom-hybrid-vers_patient_v20
      2 CTO/Apigee-Hybrid/engineering/Build Custom Apigee Hybrid Proxy/ignite-custom-hybrid-vers_ows_v20
      2 CTO/Apigee-Hybrid/engineering/Build Custom Apigee Hybrid Proxy/ignite-custom-hybrid-vers_login_v20
      2 CTO/Apigee-Hybrid/engineering/Build Custom Apigee Hybrid Proxy/ignite-custom-hybrid-vers_booking_v20
      2 CTO/Apigee-Hybrid/engineering/Build Custom Apigee Hybrid Proxy/ignite-custom-hybrid-tms_member_history_v1
      2 CTO/Apigee-Hybrid/engineering/Build Custom Apigee Hybrid Proxy/ignite-custom-hybrid-tms_dpaaccountmanagement_v10
      2 CTO/Apigee-Hybrid/engineering/Build Custom Apigee Hybrid Proxy/ignite-custom-hybrid-scal_eligibility_and_demographics_v50
      2 CTO/Apigee-Hybrid/engineering/Build Custom Apigee Hybrid Proxy/ignite-custom-hybrid-scal_eligibility_and_demographics_v30
      2 CTO/Apigee-Hybrid/engineering/Build Custom Apigee Hybrid Proxy/ignite-custom-hybrid-ncal_eligibility_and_demographics_v30
      2 CTO/Apigee-Hybrid/engineering/Build Custom Apigee Hybrid Proxy/ignite-custom-hybrid-mykp_yammer_v10h
      2 CTO/Apigee-Hybrid/engineering/Build Custom Apigee Hybrid Proxy/ignite-custom-hybrid-my_hr_pay_web_s
      2 CTO/Apigee-Hybrid/engineering/Build Custom Apigee Hybrid Proxy/ignite-custom-hybrid-member_enrollment_nw_v1
      2 CTO/Apigee-Hybrid/engineering/Build Custom Apigee Hybrid Proxy/ignite-custom-hybrid-mas_eligibility_and_demographics_v10
      2 CTO/Apigee-Hybrid/engineering/Build Custom Apigee Hybrid Proxy/ignite-custom-hybrid-kpx_access_akamai_rc_v1rch
      2 CTO/Apigee-Hybrid/engineering/Build Custom Apigee Hybrid Proxy/ignite-custom-hybrid-hp_ca_member_eligibility_v3
      2 CTO/Apigee-Hybrid/engineering/Build Custom Apigee Hybrid Proxy/ignite-custom-hybrid-fs_member_termination_v10
      2 CTO/Apigee-Hybrid/engineering/Build Custom Apigee Hybrid Proxy/ignite-custom-hybrid-dpt_notification_platform_event_v12
      2 CTO/Apigee-Hybrid/engineering/Build Custom Apigee Hybrid Proxy/ignite-custom-hybrid-dpt_medication_order_v403c
      2 CTO/Apigee-Hybrid/engineering/Build Custom Apigee Hybrid Proxy/ignite-custom-hybrid-dnp_notification_v2ch
      2 CTO/Apigee-Hybrid/engineering/Build Custom Apigee Hybrid Proxy/ignite-custom-hybrid-complianceconnect_elr_servicenow_v1rh
      2 CTO/Apigee-Hybrid/engineering/Build Custom Apigee Hybrid Proxy/ignite-custom-hybrid-cm_member_change_publish_v1
      2 CTO/Apigee-Hybrid/engineering/Build Custom Apigee Hybrid Proxy/ignite-custom-hybrid-cars_non_member_getdoc_v1rh
      1 CTO/Apigee-Hybrid/engineering/Build Custom Apigee Hybrid Proxy|Build Custom Apigee Hybrid Proxy|class jenkins.branch.OrganizationFolder/
      1 CTO/Apigee-Hybrid/engineering/Build Custom Apigee Hybrid Proxy/ignite-custom-hybrid-zoom-app-bff-v1r|ignite-custom-hybrid-zoom-app-bff-v1r|class org.jenkinsci.plugins.workflow.multibranch.WorkflowMultiBranchProject
      1 CTO/Apigee-Hybrid/engineering/Build Custom Apigee Hybrid Proxy/ignite-custom-hybrid-workforce_central_v1r|ignite-custom-hybrid-workforce_central_v1r|class org.jenkinsci.plugins.workflow.multibranch.WorkflowMultiBranchProject
      1 CTO/Apigee-Hybrid/engineering/Build Custom Apigee Hybrid Proxy/ignite-custom-hybrid-vvewebhookservice_1.0.0v1|ignite-custom-hybrid-vvewebhookservice_1.0.0v1|class org.jenkinsci.plugins.workflow.multibranch.WorkflowMultiBranchProject
      1 CTO/Apigee-Hybrid/engineering/Build Custom Apigee Hybrid Proxy/ignite-custom-hybrid-vveconsentservice_1.0.0v1|ignite-custom-hybrid-vveconsentservice_1.0.0v1|class org.jenkinsci.plugins.workflow.multibranch.WorkflowMultiBranchProject
      1 CTO/Apigee-Hybrid/engineering/Build Custom Apigee Hybrid Proxy/ignite-custom-hybrid-vveconferenceservice_1.0.0v1|ignite-custom-hybrid-vveconferenceservice_1.0.0v1|class org.jenkinsci.plugins.workflow.multibranch.WorkflowMultiBranchProject
      1 CTO/Apigee-Hybrid/engineering/Build Custom Apigee Hybrid Proxy/ignite-custom-hybrid-vve_zoom_app_cliniciandir_bff_v1r|ignite-custom-hybrid-vve_zoom_app_cliniciandir_bff_v1r|class org.jenkinsci.plugins.workflow.multibranch.WorkflowMultiBranchProject
      1 CTO/Apigee-Hybrid/engineering/Build Custom Apigee Hybrid Proxy/ignite-custom-hybrid-vve_zoom_app_bff_akamai_r_v1rh|ignite-custom-hybrid-vve_zoom_app_bff_akamai_r_v1rh|class org.jenkinsci.plugins.workflow.multibranch.WorkflowMultiBranchProject
      1 CTO/Apigee-Hybrid/engineering/Build Custom Apigee Hybrid Proxy/ignite-custom-hybrid-vve_zoom_app_bff_akamai_r_v1rh
      1 CTO/Apigee-Hybrid/engineering/Build Custom Apigee Hybrid Proxy/ignite-custom-hybrid-vve_zoom_app_attendeerpt_bff_v1r|ignite-custom-hybrid-vve_zoom_app_attendeerpt_bff_v1r|class org.jenkinsci.plugins.workflow.multibranch.WorkflowMultiBranchProject
      1 CTO/Apigee-Hybrid/engineering/Build Custom Apigee Hybrid Proxy/ignite-custom-hybrid-video_visits_api_v3|ignite-custom-hybrid-video_visits_api_v3|class org.jenkinsci.plugins.workflow.multibranch.WorkflowMultiBranchProject
      1 CTO/Apigee-Hybrid/engineering/Build Custom Apigee Hybrid Proxy/ignite-custom-hybrid-video_visits_api_v2r|ignite-custom-hybrid-video_visits_api_v2r|class org.jenkinsci.plugins.workflow.multibranch.WorkflowMultiBranchProject
      1 CTO/Apigee-Hybrid/engineering/Build Custom Apigee Hybrid Proxy/ignite-custom-hybrid-vic_application_v1r|ignite-custom-hybrid-vic_application_v1r|class org.jenkinsci.plugins.workflow.multibranch.WorkflowMultiBranchProject
      1 CTO/Apigee-Hybrid/engineering/Build Custom Apigee Hybrid Proxy/ignite-custom-hybrid-vic_application_v1r
      1 CTO/Apigee-Hybrid/engineering/Build Custom Apigee Hybrid Proxy/ignite-custom-hybrid-vers_retail_v20|ignite-custom-hybrid-vers_retail_v20|class org.jenkinsci.plugins.workflow.multibranch.WorkflowMultiBranchProject
      1 CTO/Apigee-Hybrid/engineering/Build Custom Apigee Hybrid Proxy/ignite-custom-hybrid-vers_retail_v10|ignite-custom-hybrid-vers_retail_v10|class org.jenkinsci.plugins.workflow.multibranch.WorkflowMultiBranchProject
      1 CTO/Apigee-Hybrid/engineering/Build Custom Apigee Hybrid Proxy/ignite-custom-hybrid-vers_patient_v20|ignite-custom-hybrid-vers_patient_v20|class org.jenkinsci.plugins.workflow.multibranch.WorkflowMultiBranchProject
      1 CTO/Apigee-Hybrid/engineering/Build Custom Apigee Hybrid Proxy/ignite-custom-hybrid-vers_patient_v10|ignite-custom-hybrid-vers_patient_v10|class org.jenkinsci.plugins.workflow.multibranch.WorkflowMultiBranchProject
      1 CTO/Apigee-Hybrid/engineering/Build Custom Apigee Hybrid Proxy/ignite-custom-hybrid-vers_ows_v20|ignite-custom-hybrid-vers_ows_v20|class org.jenkinsci.plugins.workflow.multibranch.WorkflowMultiBranchProject
      1 CTO/Apigee-Hybrid/engineering/Build Custom Apigee Hybrid Proxy/ignite-custom-hybrid-vers_ows_v10|ignite-custom-hybrid-vers_ows_v10|class org.jenkinsci.plugins.workflow.multibranch.WorkflowMultiBranchProject
      1 CTO/Apigee-Hybrid/engineering/Build Custom Apigee Hybrid Proxy/ignite-custom-hybrid-vers_login_v20|ignite-custom-hybrid-vers_login_v20|class org.jenkinsci.plugins.workflow.multibranch.WorkflowMultiBranchProject
      1 CTO/Apigee-Hybrid/engineering/Build Custom Apigee Hybrid Proxy/ignite-custom-hybrid-vers_login_v10|ignite-custom-hybrid-vers_login_v10|class org.jenkinsci.plugins.workflow.multibranch.WorkflowMultiBranchProject
      1 CTO/Apigee-Hybrid/engineering/Build Custom Apigee Hybrid Proxy/ignite-custom-hybrid-vers_health_insurance_v20|ignite-custom-hybrid-vers_health_insurance_v20|class org.jenkinsci.plugins.workflow.multibranch.WorkflowMultiBranchProject
      1 CTO/Apigee-Hybrid/engineering/Build Custom Apigee Hybrid Proxy/ignite-custom-hybrid-vers_health_insurance_v10|ignite-custom-hybrid-vers_health_insurance_v10|class org.jenkinsci.plugins.workflow.multibranch.WorkflowMultiBranchProject
      1 CTO/Apigee-Hybrid/engineering/Build Custom Apigee Hybrid Proxy/ignite-custom-hybrid-vers_booking_v20|ignite-custom-hybrid-vers_booking_v20|class org.jenkinsci.plugins.workflow.multibranch.WorkflowMultiBranchProject
      1 CTO/Apigee-Hybrid/engineering/Build Custom Apigee Hybrid Proxy/ignite-custom-hybrid-veridxv27s_kba_identity_verification_service|ignite-custom-hybrid-veridxv27s_kba_identity_verification_service|class org.jenkinsci.plugins.workflow.multibranch.WorkflowMultiBranchProject
      1 CTO/Apigee-Hybrid/engineering/Build Custom Apigee Hybrid Proxy/ignite-custom-hybrid-verids_kba_identity_verification_v1rh|ignite-custom-hybrid-verids_kba_identity_verification_v1rh|class org.jenkinsci.plugins.workflow.multibranch.WorkflowMultiBranchProject
      1 CTO/Apigee-Hybrid/engineering/Build Custom Apigee Hybrid Proxy/ignite-custom-hybrid-verids_kba_identity_verification_v1rh
      1 CTO/Apigee-Hybrid/engineering/Build Custom Apigee Hybrid Proxy/ignite-custom-hybrid-user_identifier_external_v1r|ignite-custom-hybrid-user_identifier_external_v1r|class org.jenkinsci.plugins.workflow.multibranch.WorkflowMultiBranchProject
      1 CTO/Apigee-Hybrid/engineering/Build Custom Apigee Hybrid Proxy/ignite-custom-hybrid-user_data_v214|ignite-custom-hybrid-user_data_v214|class org.jenkinsci.plugins.workflow.multibranch.WorkflowMultiBranchProject
      1 CTO/Apigee-Hybrid/engineering/Build Custom Apigee Hybrid Proxy/ignite-custom-hybrid-update_nonpatient_demographics_api_v1sh|ignite-custom-hybrid-update_nonpatient_demographics_api_v1sh|class org.jenkinsci.plugins.workflow.multibranch.WorkflowMultiBranchProject
      1 CTO/Apigee-Hybrid/engineering/Build Custom Apigee Hybrid Proxy/ignite-custom-hybrid-unit4_services_v1|ignite-custom-hybrid-unit4_services_v1|class org.jenkinsci.plugins.workflow.multibranch.WorkflowMultiBranchProject
      1 CTO/Apigee-Hybrid/engineering/Build Custom Apigee Hybrid Proxy/ignite-custom-hybrid-triduum_mental_health_and_wellness_controller_v1r|ignite-custom-hybrid-triduum_mental_health_and_wellness_controller_v1r|class org.jenkinsci.plugins.workflow.multibranch.WorkflowMultiBranchProject
      1 CTO/Apigee-Hybrid/engineering/Build Custom Apigee Hybrid Proxy/ignite-custom-hybrid-tpamemberlookup_v10|ignite-custom-hybrid-tpamemberlookup_v10|class org.jenkinsci.plugins.workflow.multibranch.WorkflowMultiBranchProject
      1 CTO/Apigee-Hybrid/engineering/Build Custom Apigee Hybrid Proxy/ignite-custom-hybrid-tms_memberbenefitsinquiry_v10|ignite-custom-hybrid-tms_memberbenefitsinquiry_v10|class org.jenkinsci.plugins.workflow.multibranch.WorkflowMultiBranchProject
      1 CTO/Apigee-Hybrid/engineering/Build Custom Apigee Hybrid Proxy/ignite-custom-hybrid-tms_member_history_v1|ignite-custom-hybrid-tms_member_history_v1|class org.jenkinsci.plugins.workflow.multibranch.WorkflowMultiBranchProject
      1 CTO/Apigee-Hybrid/engineering/Build Custom Apigee Hybrid Proxy/ignite-custom-hybrid-tms_grouplookup_v10|ignite-custom-hybrid-tms_grouplookup_v10|class org.jenkinsci.plugins.workflow.multibranch.WorkflowMultiBranchProject
      1 CTO/Apigee-Hybrid/engineering/Build Custom Apigee Hybrid Proxy/ignite-custom-hybrid-tms_grouplookup_v10
      1 CTO/Apigee-Hybrid/engineering/Build Custom Apigee Hybrid Proxy/ignite-custom-hybrid-tms_groupinquiry_v10|ignite-custom-hybrid-tms_groupinquiry_v10|class org.jenkinsci.plugins.workflow.multibranch.WorkflowMultiBranchProject
      1 CTO/Apigee-Hybrid/engineering/Build Custom Apigee Hybrid Proxy/ignite-custom-hybrid-tms_groupinquiry_v10
      1 CTO/Apigee-Hybrid/engineering/Build Custom Apigee Hybrid Proxy/ignite-custom-hybrid-tms_dpaaccountmanagement_v10|ignite-custom-hybrid-tms_dpaaccountmanagement_v10|class org.jenkinsci.plugins.workflow.multibranch.WorkflowMultiBranchProject
      1 CTO/Apigee-Hybrid/engineering/Build Custom Apigee Hybrid Proxy/ignite-custom-hybrid-tempus_epic_ppsapi_v1|ignite-custom-hybrid-tempus_epic_ppsapi_v1|class org.jenkinsci.plugins.workflow.multibranch.WorkflowMultiBranchProject
      1 CTO/Apigee-Hybrid/engineering/Build Custom Apigee Hybrid Proxy/ignite-custom-hybrid-system_availability_v10|ignite-custom-hybrid-system_availability_v10|class org.jenkinsci.plugins.workflow.multibranch.WorkflowMultiBranchProject
      1 CTO/Apigee-Hybrid/engineering/Build Custom Apigee Hybrid Proxy/ignite-custom-hybrid-surveyconnectsurveydatareceiver_v1r|ignite-custom-hybrid-surveyconnectsurveydatareceiver_v1r|class org.jenkinsci.plugins.workflow.multibranch.WorkflowMultiBranchProject
      1 CTO/Apigee-Hybrid/engineering/Build Custom Apigee Hybrid Proxy/ignite-custom-hybrid-surveyconnectfileexporter_v1r|ignite-custom-hybrid-surveyconnectfileexporter_v1r|class org.jenkinsci.plugins.workflow.multibranch.WorkflowMultiBranchProject
      1 CTO/Apigee-Hybrid/engineering/Build Custom Apigee Hybrid Proxy/ignite-custom-hybrid-surescripts_payer_messaging_v10r|ignite-custom-hybrid-surescripts_payer_messaging_v10r|class org.jenkinsci.plugins.workflow.multibranch.WorkflowMultiBranchProject
      1 CTO/Apigee-Hybrid/engineering/Build Custom Apigee Hybrid Proxy/ignite-custom-hybrid-surescripts_eligibility_messaging_v10r|ignite-custom-hybrid-surescripts_eligibility_messaging_v10r|class org.jenkinsci.plugins.workflow.multibranch.WorkflowMultiBranchProject
      1 CTO/Apigee-Hybrid/engineering/Build Custom Apigee Hybrid Proxy/ignite-custom-hybrid-storeinformation_v40|ignite-custom-hybrid-storeinformation_v40|class org.jenkinsci.plugins.workflow.multibranch.WorkflowMultiBranchProject
      1 CTO/Apigee-Hybrid/engineering/Build Custom Apigee Hybrid Proxy/ignite-custom-hybrid-ssglobalheader_bff_v1r|ignite-custom-hybrid-ssglobalheader_bff_v1r|class org.jenkinsci.plugins.workflow.multibranch.WorkflowMultiBranchProject
      1 CTO/Apigee-Hybrid/engineering/Build Custom Apigee Hybrid Proxy/ignite-custom-hybrid-snap_gabrkr_package_v10|ignite-custom-hybrid-snap_gabrkr_package_v10|class org.jenkinsci.plugins.workflow.multibranch.WorkflowMultiBranchProject
      1 CTO/Apigee-Hybrid/engineering/Build Custom Apigee Hybrid Proxy/ignite-custom-hybrid-servicenow_obtain_oauth2_token_v1r|ignite-custom-hybrid-servicenow_obtain_oauth2_token_v1r|class org.jenkinsci.plugins.workflow.multibranch.WorkflowMultiBranchProject
      1 CTO/Apigee-Hybrid/engineering/Build Custom Apigee Hybrid Proxy/ignite-custom-hybrid-servicenow_incident_verizon_ebonding_v1r|ignite-custom-hybrid-servicenow_incident_verizon_ebonding_v1r|class org.jenkinsci.plugins.workflow.multibranch.WorkflowMultiBranchProject
      1 CTO/Apigee-Hybrid/engineering/Build Custom Apigee Hybrid Proxy/ignite-custom-hybrid-servicenow_incident_convergeone_ebonding_v1r|ignite-custom-hybrid-servicenow_incident_convergeone_ebonding_v1r|class org.jenkinsci.plugins.workflow.multibranch.WorkflowMultiBranchProject
      1 CTO/Apigee-Hybrid/engineering/Build Custom Apigee Hybrid Proxy/ignite-custom-hybrid-servicenow_catalog_task_verizon_ebonding_v1r|ignite-custom-hybrid-servicenow_catalog_task_verizon_ebonding_v1r|class org.jenkinsci.plugins.workflow.multibranch.WorkflowMultiBranchProject
      1 CTO/Apigee-Hybrid/engineering/Build Custom Apigee Hybrid Proxy/ignite-custom-hybrid-see_quote_v1r|ignite-custom-hybrid-see_quote_v1r|class org.jenkinsci.plugins.workflow.multibranch.WorkflowMultiBranchProject
      1 CTO/Apigee-Hybrid/engineering/Build Custom Apigee Hybrid Proxy/ignite-custom-hybrid-see_kpif_plans_v1r|ignite-custom-hybrid-see_kpif_plans_v1r|class org.jenkinsci.plugins.workflow.multibranch.WorkflowMultiBranchProject
      1 CTO/Apigee-Hybrid/engineering/Build Custom Apigee Hybrid Proxy/ignite-custom-hybrid-scal_eligibility_and_demographics_v50|ignite-custom-hybrid-scal_eligibility_and_demographics_v50|class org.jenkinsci.plugins.workflow.multibranch.WorkflowMultiBranchProject
      1 CTO/Apigee-Hybrid/engineering/Build Custom Apigee Hybrid Proxy/ignite-custom-hybrid-scal_eligibility_and_demographics_v30|ignite-custom-hybrid-scal_eligibility_and_demographics_v30|class org.jenkinsci.plugins.workflow.multibranch.WorkflowMultiBranchProject
      1 CTO/Apigee-Hybrid/engineering/Build Custom Apigee Hybrid Proxy/ignite-custom-hybrid-sbmo_epims_v4|ignite-custom-hybrid-sbmo_epims_v4|class org.jenkinsci.plugins.workflow.multibranch.WorkflowMultiBranchProject
      1 CTO/Apigee-Hybrid/engineering/Build Custom Apigee Hybrid Proxy/ignite-custom-hybrid-sam_document_library_v1r|ignite-custom-hybrid-sam_document_library_v1r|class org.jenkinsci.plugins.workflow.multibranch.WorkflowMultiBranchProject
      1 CTO/Apigee-Hybrid/engineering/Build Custom Apigee Hybrid Proxy/ignite-custom-hybrid-salesconnect_spas_pa_v10|ignite-custom-hybrid-salesconnect_spas_pa_v10|class org.jenkinsci.plugins.workflow.multibranch.WorkflowMultiBranchProject
      1 CTO/Apigee-Hybrid/engineering/Build Custom Apigee Hybrid Proxy/ignite-custom-hybrid-salesconnect_spas_contract_v10|ignite-custom-hybrid-salesconnect_spas_contract_v10|class org.jenkinsci.plugins.workflow.multibranch.WorkflowMultiBranchProject
      1 CTO/Apigee-Hybrid/engineering/Build Custom Apigee Hybrid Proxy/ignite-custom-hybrid-salesconnect_partner_v1|ignite-custom-hybrid-salesconnect_partner_v1|class org.jenkinsci.plugins.workflow.multibranch.WorkflowMultiBranchProject
      1 CTO/Apigee-Hybrid/engineering/Build Custom Apigee Hybrid Proxy/ignite-custom-hybrid-sales_eligibility_engine_service_area_v1r|ignite-custom-hybrid-sales_eligibility_engine_service_area_v1r|class org.jenkinsci.plugins.workflow.multibranch.WorkflowMultiBranchProject
      1 CTO/Apigee-Hybrid/engineering/Build Custom Apigee Hybrid Proxy/ignite-custom-hybrid-roc_cm_eligibility_and_demographics_v30|ignite-custom-hybrid-roc_cm_eligibility_and_demographics_v30|class org.jenkinsci.plugins.workflow.multibranch.WorkflowMultiBranchProject
      1 CTO/Apigee-Hybrid/engineering/Build Custom Apigee Hybrid Proxy/ignite-custom-hybrid-roc_cm_eligibility_and_demographics_v30
      1 CTO/Apigee-Hybrid/engineering/Build Custom Apigee Hybrid Proxy/ignite-custom-hybrid-risant_vbp_adapter_external_v1rh|ignite-custom-hybrid-risant_vbp_adapter_external_v1rh|class org.jenkinsci.plugins.workflow.multibranch.WorkflowMultiBranchProject
      1 CTO/Apigee-Hybrid/engineering/Build Custom Apigee Hybrid Proxy/ignite-custom-hybrid-rate_quote_request_details_v10|ignite-custom-hybrid-rate_quote_request_details_v10|class org.jenkinsci.plugins.workflow.multibranch.WorkflowMultiBranchProject
      1 CTO/Apigee-Hybrid/engineering/Build Custom Apigee Hybrid Proxy/ignite-custom-hybrid-qualifieddigital_v1r|ignite-custom-hybrid-qualifieddigital_v1r|class org.jenkinsci.plugins.workflow.multibranch.WorkflowMultiBranchProject
      1 CTO/Apigee-Hybrid/engineering/Build Custom Apigee Hybrid Proxy/ignite-custom-hybrid-qmsi_po_and_iut_receipt_v10|ignite-custom-hybrid-qmsi_po_and_iut_receipt_v10|class org.jenkinsci.plugins.workflow.multibranch.WorkflowMultiBranchProject
      1 CTO/Apigee-Hybrid/engineering/Build Custom Apigee Hybrid Proxy/ignite-custom-hybrid-proxy_management_v1_0_8c|ignite-custom-hybrid-proxy_management_v1_0_8c|class org.jenkinsci.plugins.workflow.multibranch.WorkflowMultiBranchProject
      1 CTO/Apigee-Hybrid/engineering/Build Custom Apigee Hybrid Proxy/ignite-custom-hybrid-provider_directory_attestation_v1r|ignite-custom-hybrid-provider_directory_attestation_v1r|class org.jenkinsci.plugins.workflow.multibranch.WorkflowMultiBranchProject
      1 CTO/Apigee-Hybrid/engineering/Build Custom Apigee Hybrid Proxy/ignite-custom-hybrid-premiuminquiry_v10|ignite-custom-hybrid-premiuminquiry_v10|class org.jenkinsci.plugins.workflow.multibranch.WorkflowMultiBranchProject
      1 CTO/Apigee-Hybrid/engineering/Build Custom Apigee Hybrid Proxy/ignite-custom-hybrid-premiuminquiry_v10
      1 CTO/Apigee-Hybrid/engineering/Build Custom Apigee Hybrid Proxy/ignite-custom-hybrid-pmtssbff-apiv1|ignite-custom-hybrid-pmtssbff-apiv1|class org.jenkinsci.plugins.workflow.multibranch.WorkflowMultiBranchProject
      1 CTO/Apigee-Hybrid/engineering/Build Custom Apigee Hybrid Proxy/ignite-custom-hybrid-pharmacy_mobile_checkin_v1rc|ignite-custom-hybrid-pharmacy_mobile_checkin_v1rc|class org.jenkinsci.plugins.workflow.multibranch.WorkflowMultiBranchProject
      1 CTO/Apigee-Hybrid/engineering/Build Custom Apigee Hybrid Proxy/ignite-custom-hybrid-payment_posting_integration_v1rc|ignite-custom-hybrid-payment_posting_integration_v1rc|class org.jenkinsci.plugins.workflow.multibranch.WorkflowMultiBranchProject
      1 CTO/Apigee-Hybrid/engineering/Build Custom Apigee Hybrid Proxy/ignite-custom-hybrid-oregon_alert_iis_vaccination_v2011|ignite-custom-hybrid-oregon_alert_iis_vaccination_v2011|class org.jenkinsci.plugins.workflow.multibranch.WorkflowMultiBranchProject
      1 CTO/Apigee-Hybrid/engineering/Build Custom Apigee Hybrid Proxy/ignite-custom-hybrid-oracle_hcm_saas_v1rh|ignite-custom-hybrid-oracle_hcm_saas_v1rh|class org.jenkinsci.plugins.workflow.multibranch.WorkflowMultiBranchProject
      1 CTO/Apigee-Hybrid/engineering/Build Custom Apigee Hybrid Proxy/ignite-custom-hybrid-oracle_hcm_saas_v1rh
      1 CTO/Apigee-Hybrid/engineering/Build Custom Apigee Hybrid Proxy/ignite-custom-hybrid-oracle_hcm_saas_r_v10|ignite-custom-hybrid-oracle_hcm_saas_r_v10|class org.jenkinsci.plugins.workflow.multibranch.WorkflowMultiBranchProject
      1 CTO/Apigee-Hybrid/engineering/Build Custom Apigee Hybrid Proxy/ignite-custom-hybrid-onelink_valid_gl_string_fda_approver_inbound_v1r|ignite-custom-hybrid-onelink_valid_gl_string_fda_approver_inbound_v1r|class org.jenkinsci.plugins.workflow.multibranch.WorkflowMultiBranchProject
      1 CTO/Apigee-Hybrid/engineering/Build Custom Apigee Hybrid Proxy/ignite-custom-hybrid-onelink_rfxcel_pharmacy_receipts_inbound_v1r|ignite-custom-hybrid-onelink_rfxcel_pharmacy_receipts_inbound_v1r|class org.jenkinsci.plugins.workflow.multibranch.WorkflowMultiBranchProject
      1 CTO/Apigee-Hybrid/engineering/Build Custom Apigee Hybrid Proxy/ignite-custom-hybrid-onelink_invoice_micro_inbound_v1r|ignite-custom-hybrid-onelink_invoice_micro_inbound_v1r|class org.jenkinsci.plugins.workflow.multibranch.WorkflowMultiBranchProject
      1 CTO/Apigee-Hybrid/engineering/Build Custom Apigee Hybrid Proxy/ignite-custom-hybrid-onelink_financial_delegation_inbound_v1r|ignite-custom-hybrid-onelink_financial_delegation_inbound_v1r|class org.jenkinsci.plugins.workflow.multibranch.WorkflowMultiBranchProject
      1 CTO/Apigee-Hybrid/engineering/Build Custom Apigee Hybrid Proxy/ignite-custom-hybrid-onelink_drofus_order_validation_inbound_v1r|ignite-custom-hybrid-onelink_drofus_order_validation_inbound_v1r|class org.jenkinsci.plugins.workflow.multibranch.WorkflowMultiBranchProject
      1 CTO/Apigee-Hybrid/engineering/Build Custom Apigee Hybrid Proxy/ignite-custom-hybrid-onelink_drofus_order_submission_inbound_v1r|ignite-custom-hybrid-onelink_drofus_order_submission_inbound_v1r|class org.jenkinsci.plugins.workflow.multibranch.WorkflowMultiBranchProject
      1 CTO/Apigee-Hybrid/engineering/Build Custom Apigee Hybrid Proxy/ignite-custom-hybrid-onelink_apex_vendor_data_inbound_v1r|ignite-custom-hybrid-onelink_apex_vendor_data_inbound_v1r|class org.jenkinsci.plugins.workflow.multibranch.WorkflowMultiBranchProject
      1 CTO/Apigee-Hybrid/engineering/Build Custom Apigee Hybrid Proxy/ignite-custom-hybrid-onelink_3pl_inbound_v1r|ignite-custom-hybrid-onelink_3pl_inbound_v1r|class org.jenkinsci.plugins.workflow.multibranch.WorkflowMultiBranchProject
      1 CTO/Apigee-Hybrid/engineering/Build Custom Apigee Hybrid Proxy/ignite-custom-hybrid-one_link_requisition_inquiry_service|ignite-custom-hybrid-one_link_requisition_inquiry_service|class org.jenkinsci.plugins.workflow.multibranch.WorkflowMultiBranchProject
      1 CTO/Apigee-Hybrid/engineering/Build Custom Apigee Hybrid Proxy/ignite-custom-hybrid-one_link_project_creation_v1r|ignite-custom-hybrid-one_link_project_creation_v1r|class org.jenkinsci.plugins.workflow.multibranch.WorkflowMultiBranchProject
      1 CTO/Apigee-Hybrid/engineering/Build Custom Apigee Hybrid Proxy/ignite-custom-hybrid-one_link_multi_operation_api_v10|ignite-custom-hybrid-one_link_multi_operation_api_v10|class org.jenkinsci.plugins.workflow.multibranch.WorkflowMultiBranchProject
      1 CTO/Apigee-Hybrid/engineering/Build Custom Apigee Hybrid Proxy/ignite-custom-hybrid-one_link_macro_helix_inbound_v10|ignite-custom-hybrid-one_link_macro_helix_inbound_v10|class org.jenkinsci.plugins.workflow.multibranch.WorkflowMultiBranchProject
      1 CTO/Apigee-Hybrid/engineering/Build Custom Apigee Hybrid Proxy/ignite-custom-hybrid-one_link_http_connector_r_v10|ignite-custom-hybrid-one_link_http_connector_r_v10|class org.jenkinsci.plugins.workflow.multibranch.WorkflowMultiBranchProject
      1 CTO/Apigee-Hybrid/engineering/Build Custom Apigee Hybrid Proxy/ignite-custom-hybrid-one_link_gl_combo_validation_v1r|ignite-custom-hybrid-one_link_gl_combo_validation_v1r|class org.jenkinsci.plugins.workflow.multibranch.WorkflowMultiBranchProject
      1 CTO/Apigee-Hybrid/engineering/Build Custom Apigee Hybrid Proxy/ignite-custom-hybrid-one_link_attachment_service|ignite-custom-hybrid-one_link_attachment_service|class org.jenkinsci.plugins.workflow.multibranch.WorkflowMultiBranchProject
      1 CTO/Apigee-Hybrid/engineering/Build Custom Apigee Hybrid Proxy/ignite-custom-hybrid-oak_view_app_diagram_r_v10|ignite-custom-hybrid-oak_view_app_diagram_r_v10|class org.jenkinsci.plugins.workflow.multibranch.WorkflowMultiBranchProject
      1 CTO/Apigee-Hybrid/engineering/Build Custom Apigee Hybrid Proxy/ignite-custom-hybrid-nuvolo_paragon_v1r|ignite-custom-hybrid-nuvolo_paragon_v1r|class org.jenkinsci.plugins.workflow.multibranch.WorkflowMultiBranchProject
      1 CTO/Apigee-Hybrid/engineering/Build Custom Apigee Hybrid Proxy/ignite-custom-hybrid-nps_rqr_management_v1r|ignite-custom-hybrid-nps_rqr_management_v1r|class org.jenkinsci.plugins.workflow.multibranch.WorkflowMultiBranchProject
      1 CTO/Apigee-Hybrid/engineering/Build Custom Apigee Hybrid Proxy/ignite-custom-hybrid-nps_one_time_token_v1rh|ignite-custom-hybrid-nps_one_time_token_v1rh|class org.jenkinsci.plugins.workflow.multibranch.WorkflowMultiBranchProject
      1 CTO/Apigee-Hybrid/engineering/Build Custom Apigee Hybrid Proxy/ignite-custom-hybrid-nps_one_time_token_v1rh
      1 CTO/Apigee-Hybrid/engineering/Build Custom Apigee Hybrid Proxy/ignite-custom-hybrid-nps_interfaces_gateway_v10r|ignite-custom-hybrid-nps_interfaces_gateway_v10r|class org.jenkinsci.plugins.workflow.multibranch.WorkflowMultiBranchProject
      1 CTO/Apigee-Hybrid/engineering/Build Custom Apigee Hybrid Proxy/ignite-custom-hybrid-nps_hbaf_report_v1r|ignite-custom-hybrid-nps_hbaf_report_v1r|class org.jenkinsci.plugins.workflow.multibranch.WorkflowMultiBranchProject
      1 CTO/Apigee-Hybrid/engineering/Build Custom Apigee Hybrid Proxy/ignite-custom-hybrid-nps_alternate_management_v1r|ignite-custom-hybrid-nps_alternate_management_v1r|class org.jenkinsci.plugins.workflow.multibranch.WorkflowMultiBranchProject
      1 CTO/Apigee-Hybrid/engineering/Build Custom Apigee Hybrid Proxy/ignite-custom-hybrid-notification_platform_event_v1_2mch|ignite-custom-hybrid-notification_platform_event_v1_2mch|class org.jenkinsci.plugins.workflow.multibranch.WorkflowMultiBranchProject
      1 CTO/Apigee-Hybrid/engineering/Build Custom Apigee Hybrid Proxy/ignite-custom-hybrid-non_member_carsws_v20|ignite-custom-hybrid-non_member_carsws_v20|class org.jenkinsci.plugins.workflow.multibranch.WorkflowMultiBranchProject
      1 CTO/Apigee-Hybrid/engineering/Build Custom Apigee Hybrid Proxy/ignite-custom-hybrid-nce_member_profile_eligibility_v10_c|ignite-custom-hybrid-nce_member_profile_eligibility_v10_c|class org.jenkinsci.plugins.workflow.multibranch.WorkflowMultiBranchProject
      1 CTO/Apigee-Hybrid/engineering/Build Custom Apigee Hybrid Proxy/ignite-custom-hybrid-ncal_member_eligibility_and_demographics_v50|ignite-custom-hybrid-ncal_member_eligibility_and_demographics_v50|class org.jenkinsci.plugins.workflow.multibranch.WorkflowMultiBranchProject
      1 CTO/Apigee-Hybrid/engineering/Build Custom Apigee Hybrid Proxy/ignite-custom-hybrid-ncal_member_eligibility_and_demographics_v50
      1 CTO/Apigee-Hybrid/engineering/Build Custom Apigee Hybrid Proxy/ignite-custom-hybrid-ncal_eligibility_and_demographics_v30|ignite-custom-hybrid-ncal_eligibility_and_demographics_v30|class org.jenkinsci.plugins.workflow.multibranch.WorkflowMultiBranchProject
      1 CTO/Apigee-Hybrid/engineering/Build Custom Apigee Hybrid Proxy/ignite-custom-hybrid-national_member_s_v20|ignite-custom-hybrid-national_member_s_v20|class org.jenkinsci.plugins.workflow.multibranch.WorkflowMultiBranchProject
      1 CTO/Apigee-Hybrid/engineering/Build Custom Apigee Hybrid Proxy/ignite-custom-hybrid-mykp_yammer_v10h|ignite-custom-hybrid-mykp_yammer_v10h|class org.jenkinsci.plugins.workflow.multibranch.WorkflowMultiBranchProject
      1 CTO/Apigee-Hybrid/engineering/Build Custom Apigee Hybrid Proxy/ignite-custom-hybrid-mykp_workforce_notifications_v10h|ignite-custom-hybrid-mykp_workforce_notifications_v10h|class org.jenkinsci.plugins.workflow.multibranch.WorkflowMultiBranchProject
      1 CTO/Apigee-Hybrid/engineering/Build Custom Apigee Hybrid Proxy/ignite-custom-hybrid-mykp_workforce_notifications_v10h
      1 CTO/Apigee-Hybrid/engineering/Build Custom Apigee Hybrid Proxy/ignite-custom-hybrid-mykp_profile_read_only_v1h|ignite-custom-hybrid-mykp_profile_read_only_v1h|class org.jenkinsci.plugins.workflow.multibranch.WorkflowMultiBranchProject
      1 CTO/Apigee-Hybrid/engineering/Build Custom Apigee Hybrid Proxy/ignite-custom-hybrid-mykp_profile_read_only_v1h
      1 CTO/Apigee-Hybrid/engineering/Build Custom Apigee Hybrid Proxy/ignite-custom-hybrid-myhr_oracle_hcm_ucm_generic_v1sh|ignite-custom-hybrid-myhr_oracle_hcm_ucm_generic_v1sh|class org.jenkinsci.plugins.workflow.multibranch.WorkflowMultiBranchProject
      1 CTO/Apigee-Hybrid/engineering/Build Custom Apigee Hybrid Proxy/ignite-custom-hybrid-myhr_oracle_hcm_ucm_generic_soap_v10|ignite-custom-hybrid-myhr_oracle_hcm_ucm_generic_soap_v10|class org.jenkinsci.plugins.workflow.multibranch.WorkflowMultiBranchProject
      1 CTO/Apigee-Hybrid/engineering/Build Custom Apigee Hybrid Proxy/ignite-custom-hybrid-myhr_oracle_hcm_schedule_report_v1|ignite-custom-hybrid-myhr_oracle_hcm_schedule_report_v1|class org.jenkinsci.plugins.workflow.multibranch.WorkflowMultiBranchProject
      1 CTO/Apigee-Hybrid/engineering/Build Custom Apigee Hybrid Proxy/ignite-custom-hybrid-myhr_oracle_hcm_extract_web_v10|ignite-custom-hybrid-myhr_oracle_hcm_extract_web_v10|class org.jenkinsci.plugins.workflow.multibranch.WorkflowMultiBranchProject
      1 CTO/Apigee-Hybrid/engineering/Build Custom Apigee Hybrid Proxy/ignite-custom-hybrid-myhr_oracle_hcm_erp_integration_v1sh|ignite-custom-hybrid-myhr_oracle_hcm_erp_integration_v1sh|class org.jenkinsci.plugins.workflow.multibranch.WorkflowMultiBranchProject
      1 CTO/Apigee-Hybrid/engineering/Build Custom Apigee Hybrid Proxy/ignite-custom-hybrid-myhr_oracle_hcm_erp_integration_v10|ignite-custom-hybrid-myhr_oracle_hcm_erp_integration_v10|class org.jenkinsci.plugins.workflow.multibranch.WorkflowMultiBranchProject
      1 CTO/Apigee-Hybrid/engineering/Build Custom Apigee Hybrid Proxy/ignite-custom-hybrid-my_kp_secured_search_api_v10h|ignite-custom-hybrid-my_kp_secured_search_api_v10h|class org.jenkinsci.plugins.workflow.multibranch.WorkflowMultiBranchProject
      1 CTO/Apigee-Hybrid/engineering/Build Custom Apigee Hybrid Proxy/ignite-custom-hybrid-my_kp_secured_search_api_v10h
      1 CTO/Apigee-Hybrid/engineering/Build Custom Apigee Hybrid Proxy/ignite-custom-hybrid-my_kp_public_search_api_v10h|ignite-custom-hybrid-my_kp_public_search_api_v10h|class org.jenkinsci.plugins.workflow.multibranch.WorkflowMultiBranchProject
      1 CTO/Apigee-Hybrid/engineering/Build Custom Apigee Hybrid Proxy/ignite-custom-hybrid-my_kp_public_search_api_v10h
      1 CTO/Apigee-Hybrid/engineering/Build Custom Apigee Hybrid Proxy/ignite-custom-hybrid-my_kp_application_v1h|ignite-custom-hybrid-my_kp_application_v1h|class org.jenkinsci.plugins.workflow.multibranch.WorkflowMultiBranchProject
      1 CTO/Apigee-Hybrid/engineering/Build Custom Apigee Hybrid Proxy/ignite-custom-hybrid-my_hr_people_fluent_r_api|ignite-custom-hybrid-my_hr_people_fluent_r_api|class org.jenkinsci.plugins.workflow.multibranch.WorkflowMultiBranchProject
      1 CTO/Apigee-Hybrid/engineering/Build Custom Apigee Hybrid Proxy/ignite-custom-hybrid-my_hr_pay_web_s|ignite-custom-hybrid-my_hr_pay_web_s|class org.jenkinsci.plugins.workflow.multibranch.WorkflowMultiBranchProject
      1 CTO/Apigee-Hybrid/engineering/Build Custom Apigee Hybrid Proxy/ignite-custom-hybrid-mps_pie_scheduled_payments_v1|ignite-custom-hybrid-mps_pie_scheduled_payments_v1|class org.jenkinsci.plugins.workflow.multibranch.WorkflowMultiBranchProject
      1 CTO/Apigee-Hybrid/engineering/Build Custom Apigee Hybrid Proxy/ignite-custom-hybrid-mps_pie_payment_initiation_v1|ignite-custom-hybrid-mps_pie_payment_initiation_v1|class org.jenkinsci.plugins.workflow.multibranch.WorkflowMultiBranchProject
      1 CTO/Apigee-Hybrid/engineering/Build Custom Apigee Hybrid Proxy/ignite-custom-hybrid-mps_pie_common_services_api|ignite-custom-hybrid-mps_pie_common_services_api|class org.jenkinsci.plugins.workflow.multibranch.WorkflowMultiBranchProject
      1 CTO/Apigee-Hybrid/engineering/Build Custom Apigee Hybrid Proxy/ignite-custom-hybrid-mps_pie_account_balance_v1|ignite-custom-hybrid-mps_pie_account_balance_v1|class org.jenkinsci.plugins.workflow.multibranch.WorkflowMultiBranchProject
      1 CTO/Apigee-Hybrid/engineering/Build Custom Apigee Hybrid Proxy/ignite-custom-hybrid-mpeople_to_salesforce_v1r|ignite-custom-hybrid-mpeople_to_salesforce_v1r|class org.jenkinsci.plugins.workflow.multibranch.WorkflowMultiBranchProject
      1 CTO/Apigee-Hybrid/engineering/Build Custom Apigee Hybrid Proxy/ignite-custom-hybrid-metlife_soh_v1|ignite-custom-hybrid-metlife_soh_v1|class org.jenkinsci.plugins.workflow.multibranch.WorkflowMultiBranchProject
      1 CTO/Apigee-Hybrid/engineering/Build Custom Apigee Hybrid Proxy/ignite-custom-hybrid-message_center_attachment_v1rch|ignite-custom-hybrid-message_center_attachment_v1rch|class org.jenkinsci.plugins.workflow.multibranch.WorkflowMultiBranchProject
      1 CTO/Apigee-Hybrid/engineering/Build Custom Apigee Hybrid Proxy/ignite-custom-hybrid-message_center_attachment_v1rch
      1 CTO/Apigee-Hybrid/engineering/Build Custom Apigee Hybrid Proxy/ignite-custom-hybrid-membership_selfservice_member_roster_v1r|ignite-custom-hybrid-membership_selfservice_member_roster_v1r|class org.jenkinsci.plugins.workflow.multibranch.WorkflowMultiBranchProject
      1 CTO/Apigee-Hybrid/engineering/Build Custom Apigee Hybrid Proxy/ignite-custom-hybrid-membership_selfservice_member_maintain_v1r|ignite-custom-hybrid-membership_selfservice_member_maintain_v1r|class org.jenkinsci.plugins.workflow.multibranch.WorkflowMultiBranchProject
      1 CTO/Apigee-Hybrid/engineering/Build Custom Apigee Hybrid Proxy/ignite-custom-hybrid-membership_selfservice_member_inquiry_v1r|ignite-custom-hybrid-membership_selfservice_member_inquiry_v1r|class org.jenkinsci.plugins.workflow.multibranch.WorkflowMultiBranchProject
      1 CTO/Apigee-Hybrid/engineering/Build Custom Apigee Hybrid Proxy/ignite-custom-hybrid-membership_selfservice_member_enrollment_v1r|ignite-custom-hybrid-membership_selfservice_member_enrollment_v1r|class org.jenkinsci.plugins.workflow.multibranch.WorkflowMultiBranchProject
      1 CTO/Apigee-Hybrid/engineering/Build Custom Apigee Hybrid Proxy/ignite-custom-hybrid-membership_bff_ss_member_roster_v1r|ignite-custom-hybrid-membership_bff_ss_member_roster_v1r|class org.jenkinsci.plugins.workflow.multibranch.WorkflowMultiBranchProject
      1 CTO/Apigee-Hybrid/engineering/Build Custom Apigee Hybrid Proxy/ignite-custom-hybrid-memberlookup_v20|ignite-custom-hybrid-memberlookup_v20|class org.jenkinsci.plugins.workflow.multibranch.WorkflowMultiBranchProject
      1 CTO/Apigee-Hybrid/engineering/Build Custom Apigee Hybrid Proxy/ignite-custom-hybrid-memberbenefitsinquiry_v21|ignite-custom-hybrid-memberbenefitsinquiry_v21|class org.jenkinsci.plugins.workflow.multibranch.WorkflowMultiBranchProject
      1 CTO/Apigee-Hybrid/engineering/Build Custom Apigee Hybrid Proxy/ignite-custom-hybrid-member_update_v1|ignite-custom-hybrid-member_update_v1|class org.jenkinsci.plugins.workflow.multibranch.WorkflowMultiBranchProject
      1 CTO/Apigee-Hybrid/engineering/Build Custom Apigee Hybrid Proxy/ignite-custom-hybrid-member_update_v1
      1 CTO/Apigee-Hybrid/engineering/Build Custom Apigee Hybrid Proxy/ignite-custom-hybrid-member_termination_v1|ignite-custom-hybrid-member_termination_v1|class org.jenkinsci.plugins.workflow.multibranch.WorkflowMultiBranchProject
      1 CTO/Apigee-Hybrid/engineering/Build Custom Apigee Hybrid Proxy/ignite-custom-hybrid-member_termination_v1
      1 CTO/Apigee-Hybrid/engineering/Build Custom Apigee Hybrid Proxy/ignite-custom-hybrid-member_subgroup_transfer_v10|ignite-custom-hybrid-member_subgroup_transfer_v10|class org.jenkinsci.plugins.workflow.multibranch.WorkflowMultiBranchProject
      1 CTO/Apigee-Hybrid/engineering/Build Custom Apigee Hybrid Proxy/ignite-custom-hybrid-member_management_v40|ignite-custom-hybrid-member_management_v40|class org.jenkinsci.plugins.workflow.multibranch.WorkflowMultiBranchProject
      1 CTO/Apigee-Hybrid/engineering/Build Custom Apigee Hybrid Proxy/ignite-custom-hybrid-member_management_v40
      1 CTO/Apigee-Hybrid/engineering/Build Custom Apigee Hybrid Proxy/ignite-custom-hybrid-member_management_v3|ignite-custom-hybrid-member_management_v3|class org.jenkinsci.plugins.workflow.multibranch.WorkflowMultiBranchProject
      1 CTO/Apigee-Hybrid/engineering/Build Custom Apigee Hybrid Proxy/ignite-custom-hybrid-member_management_v3
      1 CTO/Apigee-Hybrid/engineering/Build Custom Apigee Hybrid Proxy/ignite-custom-hybrid-member_management_v2|ignite-custom-hybrid-member_management_v2|class org.jenkinsci.plugins.workflow.multibranch.WorkflowMultiBranchProject
      1 CTO/Apigee-Hybrid/engineering/Build Custom Apigee Hybrid Proxy/ignite-custom-hybrid-member_management_v2
      1 CTO/Apigee-Hybrid/engineering/Build Custom Apigee Hybrid Proxy/ignite-custom-hybrid-member_lookup_v21|ignite-custom-hybrid-member_lookup_v21|class org.jenkinsci.plugins.workflow.multibranch.WorkflowMultiBranchProject
      1 CTO/Apigee-Hybrid/engineering/Build Custom Apigee Hybrid Proxy/ignite-custom-hybrid-member_inquiry_v21|ignite-custom-hybrid-member_inquiry_v21|class org.jenkinsci.plugins.workflow.multibranch.WorkflowMultiBranchProject
      1 CTO/Apigee-Hybrid/engineering/Build Custom Apigee Hybrid Proxy/ignite-custom-hybrid-member_inquiry_v20|ignite-custom-hybrid-member_inquiry_v20|class org.jenkinsci.plugins.workflow.multibranch.WorkflowMultiBranchProject
      1 CTO/Apigee-Hybrid/engineering/Build Custom Apigee Hybrid Proxy/ignite-custom-hybrid-member_information_v1r|ignite-custom-hybrid-member_information_v1r|class org.jenkinsci.plugins.workflow.multibranch.WorkflowMultiBranchProject
      1 CTO/Apigee-Hybrid/engineering/Build Custom Apigee Hybrid Proxy/ignite-custom-hybrid-member_history_inquiry_v10|ignite-custom-hybrid-member_history_inquiry_v10|class org.jenkinsci.plugins.workflow.multibranch.WorkflowMultiBranchProject
      1 CTO/Apigee-Hybrid/engineering/Build Custom Apigee Hybrid Proxy/ignite-custom-hybrid-member_history_inquiry_v10
      1 CTO/Apigee-Hybrid/engineering/Build Custom Apigee Hybrid Proxy/ignite-custom-hybrid-member_enrollment_v1|ignite-custom-hybrid-member_enrollment_v1|class org.jenkinsci.plugins.workflow.multibranch.WorkflowMultiBranchProject
      1 CTO/Apigee-Hybrid/engineering/Build Custom Apigee Hybrid Proxy/ignite-custom-hybrid-member_enrollment_nw_v1|ignite-custom-hybrid-member_enrollment_nw_v1|class org.jenkinsci.plugins.workflow.multibranch.WorkflowMultiBranchProject
      1 CTO/Apigee-Hybrid/engineering/Build Custom Apigee Hybrid Proxy/ignite-custom-hybrid-member_eligibility_and_demographics_v4_v5|ignite-custom-hybrid-member_eligibility_and_demographics_v4_v5|class org.jenkinsci.plugins.workflow.multibranch.WorkflowMultiBranchProject
      1 CTO/Apigee-Hybrid/engineering/Build Custom Apigee Hybrid Proxy/ignite-custom-hybrid-member_eligibility_and_demographics_v4_v5
      1 CTO/Apigee-Hybrid/engineering/Build Custom Apigee Hybrid Proxy/ignite-custom-hybrid-member_benefits_inquiry_v20|ignite-custom-hybrid-member_benefits_inquiry_v20|class org.jenkinsci.plugins.workflow.multibranch.WorkflowMultiBranchProject
      1 CTO/Apigee-Hybrid/engineering/Build Custom Apigee Hybrid Proxy/ignite-custom-hybrid-mbrshp_member_self_service_bff_v1r|ignite-custom-hybrid-mbrshp_member_self_service_bff_v1r|class org.jenkinsci.plugins.workflow.multibranch.WorkflowMultiBranchProject
      1 CTO/Apigee-Hybrid/engineering/Build Custom Apigee Hybrid Proxy/ignite-custom-hybrid-mbrshp_bff_ssgroupservice_v1r|ignite-custom-hybrid-mbrshp_bff_ssgroupservice_v1r|class org.jenkinsci.plugins.workflow.multibranch.WorkflowMultiBranchProject
      1 CTO/Apigee-Hybrid/engineering/Build Custom Apigee Hybrid Proxy/ignite-custom-hybrid-mbrshp_bff_ss_member_maintain_v1r|ignite-custom-hybrid-mbrshp_bff_ss_member_maintain_v1r|class org.jenkinsci.plugins.workflow.multibranch.WorkflowMultiBranchProject
      1 CTO/Apigee-Hybrid/engineering/Build Custom Apigee Hybrid Proxy/ignite-custom-hybrid-mbrshp_bff_ss_member_inquiry_v1r|ignite-custom-hybrid-mbrshp_bff_ss_member_inquiry_v1r|class org.jenkinsci.plugins.workflow.multibranch.WorkflowMultiBranchProject
      1 CTO/Apigee-Hybrid/engineering/Build Custom Apigee Hybrid Proxy/ignite-custom-hybrid-mbrshp_bff_ss_member_enrollment_v1r|ignite-custom-hybrid-mbrshp_bff_ss_member_enrollment_v1r|class org.jenkinsci.plugins.workflow.multibranch.WorkflowMultiBranchProject
      1 CTO/Apigee-Hybrid/engineering/Build Custom Apigee Hybrid Proxy/ignite-custom-hybrid-mas_eligibility_and_demographics_v10|ignite-custom-hybrid-mas_eligibility_and_demographics_v10|class org.jenkinsci.plugins.workflow.multibranch.WorkflowMultiBranchProject
      1 CTO/Apigee-Hybrid/engineering/Build Custom Apigee Hybrid Proxy/ignite-custom-hybrid-kpx_access_akamai_rc_v1rch|ignite-custom-hybrid-kpx_access_akamai_rc_v1rch|class org.jenkinsci.plugins.workflow.multibranch.WorkflowMultiBranchProject
      1 CTO/Apigee-Hybrid/engineering/Build Custom Apigee Hybrid Proxy/ignite-custom-hybrid-kpx-access-apiv1|ignite-custom-hybrid-kpx-access-apiv1|class org.jenkinsci.plugins.workflow.multibranch.WorkflowMultiBranchProject
      1 CTO/Apigee-Hybrid/engineering/Build Custom Apigee Hybrid Proxy/ignite-custom-hybrid-kptwsservice_v1r|ignite-custom-hybrid-kptwsservice_v1r|class org.jenkinsci.plugins.workflow.multibranch.WorkflowMultiBranchProject
      1 CTO/Apigee-Hybrid/engineering/Build Custom Apigee Hybrid Proxy/ignite-custom-hybrid-kpmc_transactiontracking_bff|ignite-custom-hybrid-kpmc_transactiontracking_bff|class org.jenkinsci.plugins.workflow.multibranch.WorkflowMultiBranchProject
      1 CTO/Apigee-Hybrid/engineering/Build Custom Apigee Hybrid Proxy/ignite-custom-hybrid-kpmc_ssindvbinderpayment_bff_v1_1r|ignite-custom-hybrid-kpmc_ssindvbinderpayment_bff_v1_1r|class org.jenkinsci.plugins.workflow.multibranch.WorkflowMultiBranchProject
      1 CTO/Apigee-Hybrid/engineering/Build Custom Apigee Hybrid Proxy/ignite-custom-hybrid-kpmc_restproxy_v1r|ignite-custom-hybrid-kpmc_restproxy_v1r|class org.jenkinsci.plugins.workflow.multibranch.WorkflowMultiBranchProject
      1 CTO/Apigee-Hybrid/engineering/Build Custom Apigee Hybrid Proxy/ignite-custom-hybrid-kpmc_member_termination_v1|ignite-custom-hybrid-kpmc_member_termination_v1|class org.jenkinsci.plugins.workflow.multibranch.WorkflowMultiBranchProject
      1 CTO/Apigee-Hybrid/engineering/Build Custom Apigee Hybrid Proxy/ignite-custom-hybrid-kpmc_documents_internal_bff_v1|ignite-custom-hybrid-kpmc_documents_internal_bff_v1|class org.jenkinsci.plugins.workflow.multibranch.WorkflowMultiBranchProject
      1 CTO/Apigee-Hybrid/engineering/Build Custom Apigee Hybrid Proxy/ignite-custom-hybrid-kpmc_cam_group_sor_v1r|ignite-custom-hybrid-kpmc_cam_group_sor_v1r|class org.jenkinsci.plugins.workflow.multibranch.WorkflowMultiBranchProject
      1 CTO/Apigee-Hybrid/engineering/Build Custom Apigee Hybrid Proxy/ignite-custom-hybrid-kpmc_bill_and_pay_bff_v1_1r|ignite-custom-hybrid-kpmc_bill_and_pay_bff_v1_1r|class org.jenkinsci.plugins.workflow.multibranch.WorkflowMultiBranchProject
      1 CTO/Apigee-Hybrid/engineering/Build Custom Apigee Hybrid Proxy/ignite-custom-hybrid-kphp_fhir_resources_r4|ignite-custom-hybrid-kphp_fhir_resources_r4|class org.jenkinsci.plugins.workflow.multibranch.WorkflowMultiBranchProject
      1 CTO/Apigee-Hybrid/engineering/Build Custom Apigee Hybrid Proxy/ignite-custom-hybrid-kphc_text_message_option_v1|ignite-custom-hybrid-kphc_text_message_option_v1|class org.jenkinsci.plugins.workflow.multibranch.WorkflowMultiBranchProject
      1 CTO/Apigee-Hybrid/engineering/Build Custom Apigee Hybrid Proxy/ignite-custom-hybrid-kphc_store_document_v3m|ignite-custom-hybrid-kphc_store_document_v3m|class org.jenkinsci.plugins.workflow.multibranch.WorkflowMultiBranchProject
      1 CTO/Apigee-Hybrid/engineering/Build Custom Apigee Hybrid Proxy/ignite-custom-hybrid-kphc_store_document_v2|ignite-custom-hybrid-kphc_store_document_v2|class org.jenkinsci.plugins.workflow.multibranch.WorkflowMultiBranchProject
      1 CTO/Apigee-Hybrid/engineering/Build Custom Apigee Hybrid Proxy/ignite-custom-hybrid-kphc_store_document_legacy_v3|ignite-custom-hybrid-kphc_store_document_legacy_v3|class org.jenkinsci.plugins.workflow.multibranch.WorkflowMultiBranchProject
      1 CTO/Apigee-Hybrid/engineering/Build Custom Apigee Hybrid Proxy/ignite-custom-hybrid-kphc_store_document_legacy_v2|ignite-custom-hybrid-kphc_store_document_legacy_v2|class org.jenkinsci.plugins.workflow.multibranch.WorkflowMultiBranchProject
      1 CTO/Apigee-Hybrid/engineering/Build Custom Apigee Hybrid Proxy/ignite-custom-hybrid-kphc_send_inbasket_message_v1|ignite-custom-hybrid-kphc_send_inbasket_message_v1|class org.jenkinsci.plugins.workflow.multibranch.WorkflowMultiBranchProject
      1 CTO/Apigee-Hybrid/engineering/Build Custom Apigee Hybrid Proxy/ignite-custom-hybrid-kphc_radiology_orders_v5|ignite-custom-hybrid-kphc_radiology_orders_v5|class org.jenkinsci.plugins.workflow.multibranch.WorkflowMultiBranchProject
      1 CTO/Apigee-Hybrid/engineering/Build Custom Apigee Hybrid Proxy/ignite-custom-hybrid-kphc_put_questionnaire_v1|ignite-custom-hybrid-kphc_put_questionnaire_v1|class org.jenkinsci.plugins.workflow.multibranch.WorkflowMultiBranchProject
      1 CTO/Apigee-Hybrid/engineering/Build Custom Apigee Hybrid Proxy/ignite-custom-hybrid-kphc_put_questionnaire_fam_v2s|ignite-custom-hybrid-kphc_put_questionnaire_fam_v2s|class org.jenkinsci.plugins.workflow.multibranch.WorkflowMultiBranchProject
      1 CTO/Apigee-Hybrid/engineering/Build Custom Apigee Hybrid Proxy/ignite-custom-hybrid-kphc_pointclickcare_webhook_listener_v1r|ignite-custom-hybrid-kphc_pointclickcare_webhook_listener_v1r|class org.jenkinsci.plugins.workflow.multibranch.WorkflowMultiBranchProject
      1 CTO/Apigee-Hybrid/engineering/Build Custom Apigee Hybrid Proxy/ignite-custom-hybrid-kphc_patient_care_team_v4|ignite-custom-hybrid-kphc_patient_care_team_v4|class org.jenkinsci.plugins.workflow.multibranch.WorkflowMultiBranchProject
      1 CTO/Apigee-Hybrid/engineering/Build Custom Apigee Hybrid Proxy/ignite-custom-hybrid-kphc_orders_v2|ignite-custom-hybrid-kphc_orders_v2|class org.jenkinsci.plugins.workflow.multibranch.WorkflowMultiBranchProject
      1 CTO/Apigee-Hybrid/engineering/Build Custom Apigee Hybrid Proxy/ignite-custom-hybrid-kphc_orca_legacy_v1|ignite-custom-hybrid-kphc_orca_legacy_v1|class org.jenkinsci.plugins.workflow.multibranch.WorkflowMultiBranchProject
      1 CTO/Apigee-Hybrid/engineering/Build Custom Apigee Hybrid Proxy/ignite-custom-hybrid-kphc_medications_v5|ignite-custom-hybrid-kphc_medications_v5|class org.jenkinsci.plugins.workflow.multibranch.WorkflowMultiBranchProject
      1 CTO/Apigee-Hybrid/engineering/Build Custom Apigee Hybrid Proxy/ignite-custom-hybrid-kphc_lsp_application_v10r_c|ignite-custom-hybrid-kphc_lsp_application_v10r_c|class org.jenkinsci.plugins.workflow.multibranch.WorkflowMultiBranchProject
      1 CTO/Apigee-Hybrid/engineering/Build Custom Apigee Hybrid Proxy/ignite-custom-hybrid-kphc_lab_orders_v5|ignite-custom-hybrid-kphc_lab_orders_v5|class org.jenkinsci.plugins.workflow.multibranch.WorkflowMultiBranchProject
      1 CTO/Apigee-Hybrid/engineering/Build Custom Apigee Hybrid Proxy/ignite-custom-hybrid-kphc_lab_orders_v3|ignite-custom-hybrid-kphc_lab_orders_v3|class org.jenkinsci.plugins.workflow.multibranch.WorkflowMultiBranchProject
      1 CTO/Apigee-Hybrid/engineering/Build Custom Apigee Hybrid Proxy/ignite-custom-hybrid-kphc_haikucanto_v20r|ignite-custom-hybrid-kphc_haikucanto_v20r|class org.jenkinsci.plugins.workflow.multibranch.WorkflowMultiBranchProject
      1 CTO/Apigee-Hybrid/engineering/Build Custom Apigee Hybrid Proxy/ignite-custom-hybrid-kphc_get_user_base_deployment_v1|ignite-custom-hybrid-kphc_get_user_base_deployment_v1|class org.jenkinsci.plugins.workflow.multibranch.WorkflowMultiBranchProject
      1 CTO/Apigee-Hybrid/engineering/Build Custom Apigee Hybrid Proxy/ignite-custom-hybrid-kphc_get_registry_v1r|ignite-custom-hybrid-kphc_get_registry_v1r|class org.jenkinsci.plugins.workflow.multibranch.WorkflowMultiBranchProject
      1 CTO/Apigee-Hybrid/engineering/Build Custom Apigee Hybrid Proxy/ignite-custom-hybrid-kphc_get_referrals_v4|ignite-custom-hybrid-kphc_get_referrals_v4|class org.jenkinsci.plugins.workflow.multibranch.WorkflowMultiBranchProject
      1 CTO/Apigee-Hybrid/engineering/Build Custom Apigee Hybrid Proxy/ignite-custom-hybrid-kphc_get_referral_claims_v3|ignite-custom-hybrid-kphc_get_referral_claims_v3|class org.jenkinsci.plugins.workflow.multibranch.WorkflowMultiBranchProject
      1 CTO/Apigee-Hybrid/engineering/Build Custom Apigee Hybrid Proxy/ignite-custom-hybrid-kphc_get_referral_claims_legacy_v3s|ignite-custom-hybrid-kphc_get_referral_claims_legacy_v3s|class org.jenkinsci.plugins.workflow.multibranch.WorkflowMultiBranchProject
      1 CTO/Apigee-Hybrid/engineering/Build Custom Apigee Hybrid Proxy/ignite-custom-hybrid-kphc_get_prof_billing_details_legacy_v1|ignite-custom-hybrid-kphc_get_prof_billing_details_legacy_v1|class org.jenkinsci.plugins.workflow.multibranch.WorkflowMultiBranchProject
      1 CTO/Apigee-Hybrid/engineering/Build Custom Apigee Hybrid Proxy/ignite-custom-hybrid-kphc_get_prof_billing_details_legacy_s_v1s|ignite-custom-hybrid-kphc_get_prof_billing_details_legacy_s_v1s|class org.jenkinsci.plugins.workflow.multibranch.WorkflowMultiBranchProject
      1 CTO/Apigee-Hybrid/engineering/Build Custom Apigee Hybrid Proxy/ignite-custom-hybrid-kphc_get_prof_billing_details_legacy_s_v1s
      1 CTO/Apigee-Hybrid/engineering/Build Custom Apigee Hybrid Proxy/ignite-custom-hybrid-kphc_get_problem_list_v1|ignite-custom-hybrid-kphc_get_problem_list_v1|class org.jenkinsci.plugins.workflow.multibranch.WorkflowMultiBranchProject
      1 CTO/Apigee-Hybrid/engineering/Build Custom Apigee Hybrid Proxy/ignite-custom-hybrid-kphc_get_patient_care_team_v1|ignite-custom-hybrid-kphc_get_patient_care_team_v1|class org.jenkinsci.plugins.workflow.multibranch.WorkflowMultiBranchProject
      1 CTO/Apigee-Hybrid/engineering/Build Custom Apigee Hybrid Proxy/ignite-custom-hybrid-kphc_get_hosp_billing_account_legacy_v1|ignite-custom-hybrid-kphc_get_hosp_billing_account_legacy_v1|class org.jenkinsci.plugins.workflow.multibranch.WorkflowMultiBranchProject
      1 CTO/Apigee-Hybrid/engineering/Build Custom Apigee Hybrid Proxy/ignite-custom-hybrid-kphc_get_guarantor_patient_list_legacy_v2r|ignite-custom-hybrid-kphc_get_guarantor_patient_list_legacy_v2r|class org.jenkinsci.plugins.workflow.multibranch.WorkflowMultiBranchProject
      1 CTO/Apigee-Hybrid/engineering/Build Custom Apigee Hybrid Proxy/ignite-custom-hybrid-kphc_get_guarantor_account_legacy_v1|ignite-custom-hybrid-kphc_get_guarantor_account_legacy_v1|class org.jenkinsci.plugins.workflow.multibranch.WorkflowMultiBranchProject
      1 CTO/Apigee-Hybrid/engineering/Build Custom Apigee Hybrid Proxy/ignite-custom-hybrid-kphc_get_encounters_v3|ignite-custom-hybrid-kphc_get_encounters_v3|class org.jenkinsci.plugins.workflow.multibranch.WorkflowMultiBranchProject
      1 CTO/Apigee-Hybrid/engineering/Build Custom Apigee Hybrid Proxy/ignite-custom-hybrid-kphc_get_encounters_v2|ignite-custom-hybrid-kphc_get_encounters_v2|class org.jenkinsci.plugins.workflow.multibranch.WorkflowMultiBranchProject
      1 CTO/Apigee-Hybrid/engineering/Build Custom Apigee Hybrid Proxy/ignite-custom-hybrid-kphc_get_demographics_v3|ignite-custom-hybrid-kphc_get_demographics_v3|class org.jenkinsci.plugins.workflow.multibranch.WorkflowMultiBranchProject
      1 CTO/Apigee-Hybrid/engineering/Build Custom Apigee Hybrid Proxy/ignite-custom-hybrid-kphc_get_demographics_v1|ignite-custom-hybrid-kphc_get_demographics_v1|class org.jenkinsci.plugins.workflow.multibranch.WorkflowMultiBranchProject
      1 CTO/Apigee-Hybrid/engineering/Build Custom Apigee Hybrid Proxy/ignite-custom-hybrid-kphc_get_demographics_legacy_v2s|ignite-custom-hybrid-kphc_get_demographics_legacy_v2s|class org.jenkinsci.plugins.workflow.multibranch.WorkflowMultiBranchProject
      1 CTO/Apigee-Hybrid/engineering/Build Custom Apigee Hybrid Proxy/ignite-custom-hybrid-kphc_get_demographics_fam_v3s|ignite-custom-hybrid-kphc_get_demographics_fam_v3s|class org.jenkinsci.plugins.workflow.multibranch.WorkflowMultiBranchProject
      1 CTO/Apigee-Hybrid/engineering/Build Custom Apigee Hybrid Proxy/ignite-custom-hybrid-kphc_get_blank_questionnaire_fam_v1|ignite-custom-hybrid-kphc_get_blank_questionnaire_fam_v1|class org.jenkinsci.plugins.workflow.multibranch.WorkflowMultiBranchProject
      1 CTO/Apigee-Hybrid/engineering/Build Custom Apigee Hybrid Proxy/ignite-custom-hybrid-kphc_get_appt_home_v1|ignite-custom-hybrid-kphc_get_appt_home_v1|class org.jenkinsci.plugins.workflow.multibranch.WorkflowMultiBranchProject
      1 CTO/Apigee-Hybrid/engineering/Build Custom Apigee Hybrid Proxy/ignite-custom-hybrid-kphc_get_appt_home_dmzh_s_v1sh|ignite-custom-hybrid-kphc_get_appt_home_dmzh_s_v1sh|class org.jenkinsci.plugins.workflow.multibranch.WorkflowMultiBranchProject
      1 CTO/Apigee-Hybrid/engineering/Build Custom Apigee Hybrid Proxy/ignite-custom-hybrid-kphc_get_appt_home_dmzh_s_v1sh
      1 CTO/Apigee-Hybrid/engineering/Build Custom Apigee Hybrid Proxy/ignite-custom-hybrid-kphc_get_appt_details_v4|ignite-custom-hybrid-kphc_get_appt_details_v4|class org.jenkinsci.plugins.workflow.multibranch.WorkflowMultiBranchProject
      1 CTO/Apigee-Hybrid/engineering/Build Custom Apigee Hybrid Proxy/ignite-custom-hybrid-kphc_comm_prefs_fam_v1|ignite-custom-hybrid-kphc_comm_prefs_fam_v1|class org.jenkinsci.plugins.workflow.multibranch.WorkflowMultiBranchProject
      1 CTO/Apigee-Hybrid/engineering/Build Custom Apigee Hybrid Proxy/ignite-custom-hybrid-kpd_risant_app_v1rh|ignite-custom-hybrid-kpd_risant_app_v1rh|class org.jenkinsci.plugins.workflow.multibranch.WorkflowMultiBranchProject
      1 CTO/Apigee-Hybrid/engineering/Build Custom Apigee Hybrid Proxy/ignite-custom-hybrid-kpcc_kphc_get_coverages_v4|ignite-custom-hybrid-kpcc_kphc_get_coverages_v4|class org.jenkinsci.plugins.workflow.multibranch.WorkflowMultiBranchProject
      1 CTO/Apigee-Hybrid/engineering/Build Custom Apigee Hybrid Proxy/ignite-custom-hybrid-kp_polaris_stu3|ignite-custom-hybrid-kp_polaris_stu3|class org.jenkinsci.plugins.workflow.multibranch.WorkflowMultiBranchProject
      1 CTO/Apigee-Hybrid/engineering/Build Custom Apigee Hybrid Proxy/ignite-custom-hybrid-kp_polaris_router_v1|ignite-custom-hybrid-kp_polaris_router_v1|class org.jenkinsci.plugins.workflow.multibranch.WorkflowMultiBranchProject
      1 CTO/Apigee-Hybrid/engineering/Build Custom Apigee Hybrid Proxy/ignite-custom-hybrid-kp_polaris_router_v1
      1 CTO/Apigee-Hybrid/engineering/Build Custom Apigee Hybrid Proxy/ignite-custom-hybrid-kp_polaris_r4|ignite-custom-hybrid-kp_polaris_r4|class org.jenkinsci.plugins.workflow.multibranch.WorkflowMultiBranchProject
      1 CTO/Apigee-Hybrid/engineering/Build Custom Apigee Hybrid Proxy/ignite-custom-hybrid-kp_polaris_openpk|ignite-custom-hybrid-kp_polaris_openpk|class org.jenkinsci.plugins.workflow.multibranch.WorkflowMultiBranchProject
      1 CTO/Apigee-Hybrid/engineering/Build Custom Apigee Hybrid Proxy/ignite-custom-hybrid-kp_polaris_oauth2|ignite-custom-hybrid-kp_polaris_oauth2|class org.jenkinsci.plugins.workflow.multibranch.WorkflowMultiBranchProject
      1 CTO/Apigee-Hybrid/engineering/Build Custom Apigee Hybrid Proxy/ignite-custom-hybrid-kp_polaris_legacy_r4|ignite-custom-hybrid-kp_polaris_legacy_r4|class org.jenkinsci.plugins.workflow.multibranch.WorkflowMultiBranchProject
      1 CTO/Apigee-Hybrid/engineering/Build Custom Apigee Hybrid Proxy/ignite-custom-hybrid-kp_polaris_legacy_oauth2|ignite-custom-hybrid-kp_polaris_legacy_oauth2|class org.jenkinsci.plugins.workflow.multibranch.WorkflowMultiBranchProject
      1 CTO/Apigee-Hybrid/engineering/Build Custom Apigee Hybrid Proxy/ignite-custom-hybrid-kp_polaris_epictelehealthexternal_v2020|ignite-custom-hybrid-kp_polaris_epictelehealthexternal_v2020|class org.jenkinsci.plugins.workflow.multibranch.WorkflowMultiBranchProject
      1 CTO/Apigee-Hybrid/engineering/Build Custom Apigee Hybrid Proxy/ignite-custom-hybrid-kp_polaris_epictelehealthcontextlinking_v2018|ignite-custom-hybrid-kp_polaris_epictelehealthcontextlinking_v2018|class org.jenkinsci.plugins.workflow.multibranch.WorkflowMultiBranchProject
      1 CTO/Apigee-Hybrid/engineering/Build Custom Apigee Hybrid Proxy/ignite-custom-hybrid-kp_polaris_epicsecuritypersonnelmanagement_v2014|ignite-custom-hybrid-kp_polaris_epicsecuritypersonnelmanagement_v2014|class org.jenkinsci.plugins.workflow.multibranch.WorkflowMultiBranchProject
      1 CTO/Apigee-Hybrid/engineering/Build Custom Apigee Hybrid Proxy/ignite-custom-hybrid-kp_polaris_epicschedulingprovider_v2013|ignite-custom-hybrid-kp_polaris_epicschedulingprovider_v2013|class org.jenkinsci.plugins.workflow.multibranch.WorkflowMultiBranchProject
      1 CTO/Apigee-Hybrid/engineering/Build Custom Apigee Hybrid Proxy/ignite-custom-hybrid-kp_polaris_epicedixmlreceiver_v2022|ignite-custom-hybrid-kp_polaris_epicedixmlreceiver_v2022|class org.jenkinsci.plugins.workflow.multibranch.WorkflowMultiBranchProject
      1 CTO/Apigee-Hybrid/engineering/Build Custom Apigee Hybrid Proxy/ignite-custom-hybrid-kp_polaris_epicedisoapreceiver_v2009|ignite-custom-hybrid-kp_polaris_epicedisoapreceiver_v2009|class org.jenkinsci.plugins.workflow.multibranch.WorkflowMultiBranchProject
      1 CTO/Apigee-Hybrid/engineering/Build Custom Apigee Hybrid Proxy/ignite-custom-hybrid-kp_polaris_epicedihl7v2receiver_v2015|ignite-custom-hybrid-kp_polaris_epicedihl7v2receiver_v2015|class org.jenkinsci.plugins.workflow.multibranch.WorkflowMultiBranchProject
      1 CTO/Apigee-Hybrid/engineering/Build Custom Apigee Hybrid Proxy/ignite-custom-hybrid-kp_polaris_epiccreditcard_v2016|ignite-custom-hybrid-kp_polaris_epiccreditcard_v2016|class org.jenkinsci.plugins.workflow.multibranch.WorkflowMultiBranchProject
      1 CTO/Apigee-Hybrid/engineering/Build Custom Apigee Hybrid Proxy/ignite-custom-hybrid-kp_polaris_epicclinicalvoiceassistant_v2021|ignite-custom-hybrid-kp_polaris_epicclinicalvoiceassistant_v2021|class org.jenkinsci.plugins.workflow.multibranch.WorkflowMultiBranchProject
      1 CTO/Apigee-Hybrid/engineering/Build Custom Apigee Hybrid Proxy/ignite-custom-hybrid-kp_polaris_epicclinicalutility_v2013|ignite-custom-hybrid-kp_polaris_epicclinicalutility_v2013|class org.jenkinsci.plugins.workflow.multibranch.WorkflowMultiBranchProject
      1 CTO/Apigee-Hybrid/engineering/Build Custom Apigee Hybrid Proxy/ignite-custom-hybrid-kp_polaris_epic_clinical_utility_v2013rh|ignite-custom-hybrid-kp_polaris_epic_clinical_utility_v2013rh|class org.jenkinsci.plugins.workflow.multibranch.WorkflowMultiBranchProject
      1 CTO/Apigee-Hybrid/engineering/Build Custom Apigee Hybrid Proxy/ignite-custom-hybrid-kp_polaris_epic_clinical_utility_v2013rh
      1 CTO/Apigee-Hybrid/engineering/Build Custom Apigee Hybrid Proxy/ignite-custom-hybrid-kp_polaris_dstu2|ignite-custom-hybrid-kp_polaris_dstu2|class org.jenkinsci.plugins.workflow.multibranch.WorkflowMultiBranchProject
      1 CTO/Apigee-Hybrid/engineering/Build Custom Apigee Hybrid Proxy/ignite-custom-hybrid-kp_mps_ewallet_cpx_ewallet_v1r|ignite-custom-hybrid-kp_mps_ewallet_cpx_ewallet_v1r|class org.jenkinsci.plugins.workflow.multibranch.WorkflowMultiBranchProject
      1 CTO/Apigee-Hybrid/engineering/Build Custom Apigee Hybrid Proxy/ignite-custom-hybrid-kp_mps_ewallet_cpx_ewallet_v1r
      1 CTO/Apigee-Hybrid/engineering/Build Custom Apigee Hybrid Proxy/ignite-custom-hybrid-kp_hrconnect_va_employee_details_v1r|ignite-custom-hybrid-kp_hrconnect_va_employee_details_v1r|class org.jenkinsci.plugins.workflow.multibranch.WorkflowMultiBranchProject
      1 CTO/Apigee-Hybrid/engineering/Build Custom Apigee Hybrid Proxy/ignite-custom-hybrid-kp_controller_v1r|ignite-custom-hybrid-kp_controller_v1r|class org.jenkinsci.plugins.workflow.multibranch.WorkflowMultiBranchProject
      1 CTO/Apigee-Hybrid/engineering/Build Custom Apigee Hybrid Proxy/ignite-custom-hybrid-kp_cframe_salesforce_r_v10|ignite-custom-hybrid-kp_cframe_salesforce_r_v10|class org.jenkinsci.plugins.workflow.multibranch.WorkflowMultiBranchProject
      1 CTO/Apigee-Hybrid/engineering/Build Custom Apigee Hybrid Proxy/ignite-custom-hybrid-kp2020_ocuco_a2r|ignite-custom-hybrid-kp2020_ocuco_a2r|class org.jenkinsci.plugins.workflow.multibranch.WorkflowMultiBranchProject
      1 CTO/Apigee-Hybrid/engineering/Build Custom Apigee Hybrid Proxy/ignite-custom-hybrid-itops_ips_foglifter_v1r|ignite-custom-hybrid-itops_ips_foglifter_v1r|class org.jenkinsci.plugins.workflow.multibranch.WorkflowMultiBranchProject
      1 CTO/Apigee-Hybrid/engineering/Build Custom Apigee Hybrid Proxy/ignite-custom-hybrid-ipm_aci_payment_notification_v10|ignite-custom-hybrid-ipm_aci_payment_notification_v10|class org.jenkinsci.plugins.workflow.multibranch.WorkflowMultiBranchProject
      1 CTO/Apigee-Hybrid/engineering/Build Custom Apigee Hybrid Proxy/ignite-custom-hybrid-interactive_voice_response_v120|ignite-custom-hybrid-interactive_voice_response_v120|class org.jenkinsci.plugins.workflow.multibranch.WorkflowMultiBranchProject
      1 CTO/Apigee-Hybrid/engineering/Build Custom Apigee Hybrid Proxy/ignite-custom-hybrid-infosource_solr_v9r|ignite-custom-hybrid-infosource_solr_v9r|class org.jenkinsci.plugins.workflow.multibranch.WorkflowMultiBranchProject
      1 CTO/Apigee-Hybrid/engineering/Build Custom Apigee Hybrid Proxy/ignite-custom-hybrid-infosource_search_v1rh|ignite-custom-hybrid-infosource_search_v1rh|class org.jenkinsci.plugins.workflow.multibranch.WorkflowMultiBranchProject
      1 CTO/Apigee-Hybrid/engineering/Build Custom Apigee Hybrid Proxy/ignite-custom-hybrid-identity_hub_v20|ignite-custom-hybrid-identity_hub_v20|class org.jenkinsci.plugins.workflow.multibranch.WorkflowMultiBranchProject
      1 CTO/Apigee-Hybrid/engineering/Build Custom Apigee Hybrid Proxy/ignite-custom-hybrid-iam_user_management_v1|ignite-custom-hybrid-iam_user_management_v1|class org.jenkinsci.plugins.workflow.multibranch.WorkflowMultiBranchProject
      1 CTO/Apigee-Hybrid/engineering/Build Custom Apigee Hybrid Proxy/ignite-custom-hybrid-hrn_v1|ignite-custom-hybrid-hrn_v1|class org.jenkinsci.plugins.workflow.multibranch.WorkflowMultiBranchProject
      1 CTO/Apigee-Hybrid/engineering/Build Custom Apigee Hybrid Proxy/ignite-custom-hybrid-hrn_v1
      1 CTO/Apigee-Hybrid/engineering/Build Custom Apigee Hybrid Proxy/ignite-custom-hybrid-hrconnect_hcm_oauth_v1rh|ignite-custom-hybrid-hrconnect_hcm_oauth_v1rh|class org.jenkinsci.plugins.workflow.multibranch.WorkflowMultiBranchProject
      1 CTO/Apigee-Hybrid/engineering/Build Custom Apigee Hybrid Proxy/ignite-custom-hybrid-hrconnect_hcm_oauth_v1rh
      1 CTO/Apigee-Hybrid/engineering/Build Custom Apigee Hybrid Proxy/ignite-custom-hybrid-hpchats_kana_create_response|ignite-custom-hybrid-hpchats_kana_create_response|class org.jenkinsci.plugins.workflow.multibranch.WorkflowMultiBranchProject
      1 CTO/Apigee-Hybrid/engineering/Build Custom Apigee Hybrid Proxy/ignite-custom-hybrid-hpchats_kana_create_response
      1 CTO/Apigee-Hybrid/engineering/Build Custom Apigee Hybrid Proxy/ignite-custom-hybrid-hp_dpa_payment_web_v10|ignite-custom-hybrid-hp_dpa_payment_web_v10|class org.jenkinsci.plugins.workflow.multibranch.WorkflowMultiBranchProject
      1 CTO/Apigee-Hybrid/engineering/Build Custom Apigee Hybrid Proxy/ignite-custom-hybrid-hp_dpa_payment_web_v10
      1 CTO/Apigee-Hybrid/engineering/Build Custom Apigee Hybrid Proxy/ignite-custom-hybrid-hp_chats_webchat_v1|ignite-custom-hybrid-hp_chats_webchat_v1|class org.jenkinsci.plugins.workflow.multibranch.WorkflowMultiBranchProject
      1 CTO/Apigee-Hybrid/engineering/Build Custom Apigee Hybrid Proxy/ignite-custom-hybrid-hp_ca_purchaser_management_v3|ignite-custom-hybrid-hp_ca_purchaser_management_v3|class org.jenkinsci.plugins.workflow.multibranch.WorkflowMultiBranchProject
      1 CTO/Apigee-Hybrid/engineering/Build Custom Apigee Hybrid Proxy/ignite-custom-hybrid-hp_ca_purchaser_management_v3
      1 CTO/Apigee-Hybrid/engineering/Build Custom Apigee Hybrid Proxy/ignite-custom-hybrid-hp_ca_purchaser_management_v2|ignite-custom-hybrid-hp_ca_purchaser_management_v2|class org.jenkinsci.plugins.workflow.multibranch.WorkflowMultiBranchProject
      1 CTO/Apigee-Hybrid/engineering/Build Custom Apigee Hybrid Proxy/ignite-custom-hybrid-hp_ca_purchaser_management_v2
      1 CTO/Apigee-Hybrid/engineering/Build Custom Apigee Hybrid Proxy/ignite-custom-hybrid-hp_ca_member_eligibility_v3|ignite-custom-hybrid-hp_ca_member_eligibility_v3|class org.jenkinsci.plugins.workflow.multibranch.WorkflowMultiBranchProject
      1 CTO/Apigee-Hybrid/engineering/Build Custom Apigee Hybrid Proxy/ignite-custom-hybrid-hp_ca_medicare_management|ignite-custom-hybrid-hp_ca_medicare_management|class org.jenkinsci.plugins.workflow.multibranch.WorkflowMultiBranchProject
      1 CTO/Apigee-Hybrid/engineering/Build Custom Apigee Hybrid Proxy/ignite-custom-hybrid-hp_ca_medicare_management
      1 CTO/Apigee-Hybrid/engineering/Build Custom Apigee Hybrid Proxy/ignite-custom-hybrid-health_plan_provider_v1r_c|ignite-custom-hybrid-health_plan_provider_v1r_c|class org.jenkinsci.plugins.workflow.multibranch.WorkflowMultiBranchProject
      1 CTO/Apigee-Hybrid/engineering/Build Custom Apigee Hybrid Proxy/ignite-custom-hybrid-health_plan_medication_knowledge_v1rc|ignite-custom-hybrid-health_plan_medication_knowledge_v1rc|class org.jenkinsci.plugins.workflow.multibranch.WorkflowMultiBranchProject
      1 CTO/Apigee-Hybrid/engineering/Build Custom Apigee Hybrid Proxy/ignite-custom-hybrid-health_plan_kpx_v1rc|ignite-custom-hybrid-health_plan_kpx_v1rc|class org.jenkinsci.plugins.workflow.multibranch.WorkflowMultiBranchProject
      1 CTO/Apigee-Hybrid/engineering/Build Custom Apigee Hybrid Proxy/ignite-custom-hybrid-health_plan_kpx_v1r_c|ignite-custom-hybrid-health_plan_kpx_v1r_c|class org.jenkinsci.plugins.workflow.multibranch.WorkflowMultiBranchProject
      1 CTO/Apigee-Hybrid/engineering/Build Custom Apigee Hybrid Proxy/ignite-custom-hybrid-health_plan_kpx_v1r_c
      1 CTO/Apigee-Hybrid/engineering/Build Custom Apigee Hybrid Proxy/ignite-custom-hybrid-health_plan_explanation_of_benefit_capability_v1r|ignite-custom-hybrid-health_plan_explanation_of_benefit_capability_v1r|class org.jenkinsci.plugins.workflow.multibranch.WorkflowMultiBranchProject
      1 CTO/Apigee-Hybrid/engineering/Build Custom Apigee Hybrid Proxy/ignite-custom-hybrid-hcm_rss_case_status_updater_v10|ignite-custom-hybrid-hcm_rss_case_status_updater_v10|class org.jenkinsci.plugins.workflow.multibranch.WorkflowMultiBranchProject
      1 CTO/Apigee-Hybrid/engineering/Build Custom Apigee Hybrid Proxy/ignite-custom-hybrid-hcm_kp_cframe_seniority_date_r_v10|ignite-custom-hybrid-hcm_kp_cframe_seniority_date_r_v10|class org.jenkinsci.plugins.workflow.multibranch.WorkflowMultiBranchProject
      1 CTO/Apigee-Hybrid/engineering/Build Custom Apigee Hybrid Proxy/ignite-custom-hybrid-hcm_ee_inquiryr_v10|ignite-custom-hybrid-hcm_ee_inquiryr_v10|class org.jenkinsci.plugins.workflow.multibranch.WorkflowMultiBranchProject
      1 CTO/Apigee-Hybrid/engineering/Build Custom Apigee Hybrid Proxy/ignite-custom-hybrid-gsl_rx_api_v10|ignite-custom-hybrid-gsl_rx_api_v10|class org.jenkinsci.plugins.workflow.multibranch.WorkflowMultiBranchProject
      1 CTO/Apigee-Hybrid/engineering/Build Custom Apigee Hybrid Proxy/ignite-custom-hybrid-groupsetup|ignite-custom-hybrid-groupsetup|class org.jenkinsci.plugins.workflow.multibranch.WorkflowMultiBranchProject
      1 CTO/Apigee-Hybrid/engineering/Build Custom Apigee Hybrid Proxy/ignite-custom-hybrid-groupmanagement_v70|ignite-custom-hybrid-groupmanagement_v70|class org.jenkinsci.plugins.workflow.multibranch.WorkflowMultiBranchProject
      1 CTO/Apigee-Hybrid/engineering/Build Custom Apigee Hybrid Proxy/ignite-custom-hybrid-group_membership_list_v20|ignite-custom-hybrid-group_membership_list_v20|class org.jenkinsci.plugins.workflow.multibranch.WorkflowMultiBranchProject
      1 CTO/Apigee-Hybrid/engineering/Build Custom Apigee Hybrid Proxy/ignite-custom-hybrid-group_inquiry_v10|ignite-custom-hybrid-group_inquiry_v10|class org.jenkinsci.plugins.workflow.multibranch.WorkflowMultiBranchProject
      1 CTO/Apigee-Hybrid/engineering/Build Custom Apigee Hybrid Proxy/ignite-custom-hybrid-group_inquiry_v10
      1 CTO/Apigee-Hybrid/engineering/Build Custom Apigee Hybrid Proxy/ignite-custom-hybrid-github_ec_poc_v1r|ignite-custom-hybrid-github_ec_poc_v1r|class org.jenkinsci.plugins.workflow.multibranch.WorkflowMultiBranchProject
      1 CTO/Apigee-Hybrid/engineering/Build Custom Apigee Hybrid Proxy/ignite-custom-hybrid-github_ec_poc_v1r
      1 CTO/Apigee-Hybrid/engineering/Build Custom Apigee Hybrid Proxy/ignite-custom-hybrid-genesys_chat_v2r|ignite-custom-hybrid-genesys_chat_v2r|class org.jenkinsci.plugins.workflow.multibranch.WorkflowMultiBranchProject
      1 CTO/Apigee-Hybrid/engineering/Build Custom Apigee Hybrid Proxy/ignite-custom-hybrid-genesys_chat_v2rh|ignite-custom-hybrid-genesys_chat_v2rh|class org.jenkinsci.plugins.workflow.multibranch.WorkflowMultiBranchProject
      1 CTO/Apigee-Hybrid/engineering/Build Custom Apigee Hybrid Proxy/ignite-custom-hybrid-genesys_chat_v2rh
      1 CTO/Apigee-Hybrid/engineering/Build Custom Apigee Hybrid Proxy/ignite-custom-hybrid-genesys_chat_v1|ignite-custom-hybrid-genesys_chat_v1|class org.jenkinsci.plugins.workflow.multibranch.WorkflowMultiBranchProject
      1 CTO/Apigee-Hybrid/engineering/Build Custom Apigee Hybrid Proxy/ignite-custom-hybrid-genesys_chat_v1
      1 CTO/Apigee-Hybrid/engineering/Build Custom Apigee Hybrid Proxy/ignite-custom-hybrid-gen5_private_cloud_management_platform_websocket_v1rh|ignite-custom-hybrid-gen5_private_cloud_management_platform_websocket_v1rh|class org.jenkinsci.plugins.workflow.multibranch.WorkflowMultiBranchProject
      1 CTO/Apigee-Hybrid/engineering/Build Custom Apigee Hybrid Proxy/ignite-custom-hybrid-gen5_aiops_websocket_v1rh|ignite-custom-hybrid-gen5_aiops_websocket_v1rh|class org.jenkinsci.plugins.workflow.multibranch.WorkflowMultiBranchProject
      1 CTO/Apigee-Hybrid/engineering/Build Custom Apigee Hybrid Proxy/ignite-custom-hybrid-fs_tpa_cross_reference_v10|ignite-custom-hybrid-fs_tpa_cross_reference_v10|class org.jenkinsci.plugins.workflow.multibranch.WorkflowMultiBranchProject
      1 CTO/Apigee-Hybrid/engineering/Build Custom Apigee Hybrid Proxy/ignite-custom-hybrid-fs_tpa_cross_reference_v10
      1 CTO/Apigee-Hybrid/engineering/Build Custom Apigee Hybrid Proxy/ignite-custom-hybrid-fs_memberchangepublish_v10|ignite-custom-hybrid-fs_memberchangepublish_v10|class org.jenkinsci.plugins.workflow.multibranch.WorkflowMultiBranchProject
      1 CTO/Apigee-Hybrid/engineering/Build Custom Apigee Hybrid Proxy/ignite-custom-hybrid-fs_member_transfer_v10|ignite-custom-hybrid-fs_member_transfer_v10|class org.jenkinsci.plugins.workflow.multibranch.WorkflowMultiBranchProject
      1 CTO/Apigee-Hybrid/engineering/Build Custom Apigee Hybrid Proxy/ignite-custom-hybrid-fs_member_transfer_v10
      1 CTO/Apigee-Hybrid/engineering/Build Custom Apigee Hybrid Proxy/ignite-custom-hybrid-fs_member_termination_v10|ignite-custom-hybrid-fs_member_termination_v10|class org.jenkinsci.plugins.workflow.multibranch.WorkflowMultiBranchProject
      1 CTO/Apigee-Hybrid/engineering/Build Custom Apigee Hybrid Proxy/ignite-custom-hybrid-fs_member_summary_v10|ignite-custom-hybrid-fs_member_summary_v10|class org.jenkinsci.plugins.workflow.multibranch.WorkflowMultiBranchProject
      1 CTO/Apigee-Hybrid/engineering/Build Custom Apigee Hybrid Proxy/ignite-custom-hybrid-fs_member_reinstatement_v10|ignite-custom-hybrid-fs_member_reinstatement_v10|class org.jenkinsci.plugins.workflow.multibranch.WorkflowMultiBranchProject
      1 CTO/Apigee-Hybrid/engineering/Build Custom Apigee Hybrid Proxy/ignite-custom-hybrid-fs_member_enrollment_v10|ignite-custom-hybrid-fs_member_enrollment_v10|class org.jenkinsci.plugins.workflow.multibranch.WorkflowMultiBranchProject
      1 CTO/Apigee-Hybrid/engineering/Build Custom Apigee Hybrid Proxy/ignite-custom-hybrid-fs_member_demographics_v10|ignite-custom-hybrid-fs_member_demographics_v10|class org.jenkinsci.plugins.workflow.multibranch.WorkflowMultiBranchProject
      1 CTO/Apigee-Hybrid/engineering/Build Custom Apigee Hybrid Proxy/ignite-custom-hybrid-fs_groupchangepublish_v10|ignite-custom-hybrid-fs_groupchangepublish_v10|class org.jenkinsci.plugins.workflow.multibranch.WorkflowMultiBranchProject
      1 CTO/Apigee-Hybrid/engineering/Build Custom Apigee Hybrid Proxy/ignite-custom-hybrid-fs_groupchangepublish_v10
      1 CTO/Apigee-Hybrid/engineering/Build Custom Apigee Hybrid Proxy/ignite-custom-hybrid-fs_family_account_role_v1sh|ignite-custom-hybrid-fs_family_account_role_v1sh|class org.jenkinsci.plugins.workflow.multibranch.WorkflowMultiBranchProject
      1 CTO/Apigee-Hybrid/engineering/Build Custom Apigee Hybrid Proxy/ignite-custom-hybrid-fs_family_account_role_v1sh
      1 CTO/Apigee-Hybrid/engineering/Build Custom Apigee Hybrid Proxy/ignite-custom-hybrid-fs_family_account_role_v10|ignite-custom-hybrid-fs_family_account_role_v10|class org.jenkinsci.plugins.workflow.multibranch.WorkflowMultiBranchProject
      1 CTO/Apigee-Hybrid/engineering/Build Custom Apigee Hybrid Proxy/ignite-custom-hybrid-fs_consumer_manifest_v1r|ignite-custom-hybrid-fs_consumer_manifest_v1r|class org.jenkinsci.plugins.workflow.multibranch.WorkflowMultiBranchProject
      1 CTO/Apigee-Hybrid/engineering/Build Custom Apigee Hybrid Proxy/ignite-custom-hybrid-foundation_system_member_search_web|ignite-custom-hybrid-foundation_system_member_search_web|class org.jenkinsci.plugins.workflow.multibranch.WorkflowMultiBranchProject
      1 CTO/Apigee-Hybrid/engineering/Build Custom Apigee Hybrid Proxy/ignite-custom-hybrid-foundation_system_member_search_web
      1 CTO/Apigee-Hybrid/engineering/Build Custom Apigee Hybrid Proxy/ignite-custom-hybrid-foundation_system_member_list_web_v10|ignite-custom-hybrid-foundation_system_member_list_web_v10|class org.jenkinsci.plugins.workflow.multibranch.WorkflowMultiBranchProject
      1 CTO/Apigee-Hybrid/engineering/Build Custom Apigee Hybrid Proxy/ignite-custom-hybrid-foundation_system_member_list_web_v10
      1 CTO/Apigee-Hybrid/engineering/Build Custom Apigee Hybrid Proxy/ignite-custom-hybrid-family_inquiry_v10|ignite-custom-hybrid-family_inquiry_v10|class org.jenkinsci.plugins.workflow.multibranch.WorkflowMultiBranchProject
      1 CTO/Apigee-Hybrid/engineering/Build Custom Apigee Hybrid Proxy/ignite-custom-hybrid-evolution1_auto_pay_balance_inquiry_api_v10|ignite-custom-hybrid-evolution1_auto_pay_balance_inquiry_api_v10|class org.jenkinsci.plugins.workflow.multibranch.WorkflowMultiBranchProject
      1 CTO/Apigee-Hybrid/engineering/Build Custom Apigee Hybrid Proxy/ignite-custom-hybrid-evolution1_auto_pay_balance_inquiry_api_v10
      1 CTO/Apigee-Hybrid/engineering/Build Custom Apigee Hybrid Proxy/ignite-custom-hybrid-etl_odw_bigpanda_v1r|ignite-custom-hybrid-etl_odw_bigpanda_v1r|class org.jenkinsci.plugins.workflow.multibranch.WorkflowMultiBranchProject
      1 CTO/Apigee-Hybrid/engineering/Build Custom Apigee Hybrid Proxy/ignite-custom-hybrid-epims_rms_inventory_v10|ignite-custom-hybrid-epims_rms_inventory_v10|class org.jenkinsci.plugins.workflow.multibranch.WorkflowMultiBranchProject
      1 CTO/Apigee-Hybrid/engineering/Build Custom Apigee Hybrid Proxy/ignite-custom-hybrid-epims_pos_gsl_rx_api_v10r|ignite-custom-hybrid-epims_pos_gsl_rx_api_v10r|class org.jenkinsci.plugins.workflow.multibranch.WorkflowMultiBranchProject
      1 CTO/Apigee-Hybrid/engineering/Build Custom Apigee Hybrid Proxy/ignite-custom-hybrid-epims_nonkphc_in_bound_v1r|ignite-custom-hybrid-epims_nonkphc_in_bound_v1r|class org.jenkinsci.plugins.workflow.multibranch.WorkflowMultiBranchProject
      1 CTO/Apigee-Hybrid/engineering/Build Custom Apigee Hybrid Proxy/ignite-custom-hybrid-epims_kphc_inbound_v1r|ignite-custom-hybrid-epims_kphc_inbound_v1r|class org.jenkinsci.plugins.workflow.multibranch.WorkflowMultiBranchProject
      1 CTO/Apigee-Hybrid/engineering/Build Custom Apigee Hybrid Proxy/ignite-custom-hybrid-epims_kp_rx_v1r|ignite-custom-hybrid-epims_kp_rx_v1r|class org.jenkinsci.plugins.workflow.multibranch.WorkflowMultiBranchProject
      1 CTO/Apigee-Hybrid/engineering/Build Custom Apigee Hybrid Proxy/ignite-custom-hybrid-epims_eps_rx_v10r|ignite-custom-hybrid-epims_eps_rx_v10r|class org.jenkinsci.plugins.workflow.multibranch.WorkflowMultiBranchProject
      1 CTO/Apigee-Hybrid/engineering/Build Custom Apigee Hybrid Proxy/ignite-custom-hybrid-epims_eps_outbound_patient_message_v40|ignite-custom-hybrid-epims_eps_outbound_patient_message_v40|class org.jenkinsci.plugins.workflow.multibranch.WorkflowMultiBranchProject
      1 CTO/Apigee-Hybrid/engineering/Build Custom Apigee Hybrid Proxy/ignite-custom-hybrid-epims_eps_inventory_v60|ignite-custom-hybrid-epims_eps_inventory_v60|class org.jenkinsci.plugins.workflow.multibranch.WorkflowMultiBranchProject
      1 CTO/Apigee-Hybrid/engineering/Build Custom Apigee Hybrid Proxy/ignite-custom-hybrid-epims_epr_ecompatient_v7|ignite-custom-hybrid-epims_epr_ecompatient_v7|class org.jenkinsci.plugins.workflow.multibranch.WorkflowMultiBranchProject
      1 CTO/Apigee-Hybrid/engineering/Build Custom Apigee Hybrid Proxy/ignite-custom-hybrid-epims_epharmacy_ivr_v4c|ignite-custom-hybrid-epims_epharmacy_ivr_v4c|class org.jenkinsci.plugins.workflow.multibranch.WorkflowMultiBranchProject
      1 CTO/Apigee-Hybrid/engineering/Build Custom Apigee Hybrid Proxy/ignite-custom-hybrid-epims_dispenser_v40|ignite-custom-hybrid-epims_dispenser_v40|class org.jenkinsci.plugins.workflow.multibranch.WorkflowMultiBranchProject
      1 CTO/Apigee-Hybrid/engineering/Build Custom Apigee Hybrid Proxy/ignite-custom-hybrid-epims_central_prescriber_mgmt_v50|ignite-custom-hybrid-epims_central_prescriber_mgmt_v50|class org.jenkinsci.plugins.workflow.multibranch.WorkflowMultiBranchProject
      1 CTO/Apigee-Hybrid/engineering/Build Custom Apigee Hybrid Proxy/ignite-custom-hybrid-epic_web_blob_v2017r|ignite-custom-hybrid-epic_web_blob_v2017r|class org.jenkinsci.plugins.workflow.multibranch.WorkflowMultiBranchProject
      1 CTO/Apigee-Hybrid/engineering/Build Custom Apigee Hybrid Proxy/ignite-custom-hybrid-epic_telehealth_gs_external_eoauth_v2020r|ignite-custom-hybrid-epic_telehealth_gs_external_eoauth_v2020r|class org.jenkinsci.plugins.workflow.multibranch.WorkflowMultiBranchProject
      1 CTO/Apigee-Hybrid/engineering/Build Custom Apigee Hybrid Proxy/ignite-custom-hybrid-epic_telehealth_gs_contextlinking_eoauth_v2018r|ignite-custom-hybrid-epic_telehealth_gs_contextlinking_eoauth_v2018r|class org.jenkinsci.plugins.workflow.multibranch.WorkflowMultiBranchProject
      1 CTO/Apigee-Hybrid/engineering/Build Custom Apigee Hybrid Proxy/ignite-custom-hybrid-epic_tapestry_apclaims_v2022s|ignite-custom-hybrid-epic_tapestry_apclaims_v2022s|class org.jenkinsci.plugins.workflow.multibranch.WorkflowMultiBranchProject
      1 CTO/Apigee-Hybrid/engineering/Build Custom Apigee Hybrid Proxy/ignite-custom-hybrid-epic_tapestry_apclaims_v2017_kphckpcc_outbound|ignite-custom-hybrid-epic_tapestry_apclaims_v2017_kphckpcc_outbound|class org.jenkinsci.plugins.workflow.multibranch.WorkflowMultiBranchProject
      1 CTO/Apigee-Hybrid/engineering/Build Custom Apigee Hybrid Proxy/ignite-custom-hybrid-epic_security_gs_personnel_management_accessnow_v2016|ignite-custom-hybrid-epic_security_gs_personnel_management_accessnow_v2016|class org.jenkinsci.plugins.workflow.multibranch.WorkflowMultiBranchProject
      1 CTO/Apigee-Hybrid/engineering/Build Custom Apigee Hybrid Proxy/ignite-custom-hybrid-epic_security_gs_personnel_management_accessnow_v2014|ignite-custom-hybrid-epic_security_gs_personnel_management_accessnow_v2014|class org.jenkinsci.plugins.workflow.multibranch.WorkflowMultiBranchProject
      1 CTO/Apigee-Hybrid/engineering/Build Custom Apigee Hybrid Proxy/ignite-custom-hybrid-epic_security_gs_personnel_management_accessnow_v2012|ignite-custom-hybrid-epic_security_gs_personnel_management_accessnow_v2012|class org.jenkinsci.plugins.workflow.multibranch.WorkflowMultiBranchProject
      1 CTO/Apigee-Hybrid/engineering/Build Custom Apigee Hybrid Proxy/ignite-custom-hybrid-epic_scheduling_gs_provider_v2012r|ignite-custom-hybrid-epic_scheduling_gs_provider_v2012r|class org.jenkinsci.plugins.workflow.multibranch.WorkflowMultiBranchProject
      1 CTO/Apigee-Hybrid/engineering/Build Custom Apigee Hybrid Proxy/ignite-custom-hybrid-epic_scheduling_gs_provider_v2012r
      1 CTO/Apigee-Hybrid/engineering/Build Custom Apigee Hybrid Proxy/ignite-custom-hybrid-epic_scheduling_gs_provider_dexcare_v2012r|ignite-custom-hybrid-epic_scheduling_gs_provider_dexcare_v2012r|class org.jenkinsci.plugins.workflow.multibranch.WorkflowMultiBranchProject
      1 CTO/Apigee-Hybrid/engineering/Build Custom Apigee Hybrid Proxy/ignite-custom-hybrid-epic_scheduling_gs_patient_services_v2011|ignite-custom-hybrid-epic_scheduling_gs_patient_services_v2011|class org.jenkinsci.plugins.workflow.multibranch.WorkflowMultiBranchProject
      1 CTO/Apigee-Hybrid/engineering/Build Custom Apigee Hybrid Proxy/ignite-custom-hybrid-epic_revenue_managedcare_v2019r|ignite-custom-hybrid-epic_revenue_managedcare_v2019r|class org.jenkinsci.plugins.workflow.multibranch.WorkflowMultiBranchProject
      1 CTO/Apigee-Hybrid/engineering/Build Custom Apigee Hybrid Proxy/ignite-custom-hybrid-epic_reporting_predictive_v2018r|ignite-custom-hybrid-epic_reporting_predictive_v2018r|class org.jenkinsci.plugins.workflow.multibranch.WorkflowMultiBranchProject
      1 CTO/Apigee-Hybrid/engineering/Build Custom Apigee Hybrid Proxy/ignite-custom-hybrid-epic_reporting_predictive_services_v2017r|ignite-custom-hybrid-epic_reporting_predictive_services_v2017r|class org.jenkinsci.plugins.workflow.multibranch.WorkflowMultiBranchProject
      1 CTO/Apigee-Hybrid/engineering/Build Custom Apigee Hybrid Proxy/ignite-custom-hybrid-epic_printing_gs_eps_local_v2017r|ignite-custom-hybrid-epic_printing_gs_eps_local_v2017r|class org.jenkinsci.plugins.workflow.multibranch.WorkflowMultiBranchProject
      1 CTO/Apigee-Hybrid/engineering/Build Custom Apigee Hybrid Proxy/ignite-custom-hybrid-epic_patientaccess_gs_patient_legacy_v2012s|ignite-custom-hybrid-epic_patientaccess_gs_patient_legacy_v2012s|class org.jenkinsci.plugins.workflow.multibranch.WorkflowMultiBranchProject
      1 CTO/Apigee-Hybrid/engineering/Build Custom Apigee Hybrid Proxy/ignite-custom-hybrid-epic_patientaccess_gs_external_services_v2018Br|ignite-custom-hybrid-epic_patientaccess_gs_external_services_v2018Br|class org.jenkinsci.plugins.workflow.multibranch.WorkflowMultiBranchProject
      1 CTO/Apigee-Hybrid/engineering/Build Custom Apigee Hybrid Proxy/ignite-custom-hybrid-epic_patientaccess_gs_external_dexcare_v2014r|ignite-custom-hybrid-epic_patientaccess_gs_external_dexcare_v2014r|class org.jenkinsci.plugins.workflow.multibranch.WorkflowMultiBranchProject
      1 CTO/Apigee-Hybrid/engineering/Build Custom Apigee Hybrid Proxy/ignite-custom-hybrid-epic_patientaccess_gs_external_dexcare_v2012r|ignite-custom-hybrid-epic_patientaccess_gs_external_dexcare_v2012r|class org.jenkinsci.plugins.workflow.multibranch.WorkflowMultiBranchProject
      1 CTO/Apigee-Hybrid/engineering/Build Custom Apigee Hybrid Proxy/ignite-custom-hybrid-epic_patientaccess_gs_account_legacy_v2020r|ignite-custom-hybrid-epic_patientaccess_gs_account_legacy_v2020r|class org.jenkinsci.plugins.workflow.multibranch.WorkflowMultiBranchProject
      1 CTO/Apigee-Hybrid/engineering/Build Custom Apigee Hybrid Proxy/ignite-custom-hybrid-epic_patientaccess_gs_account_legacy_v2018r|ignite-custom-hybrid-epic_patientaccess_gs_account_legacy_v2018r|class org.jenkinsci.plugins.workflow.multibranch.WorkflowMultiBranchProject
      1 CTO/Apigee-Hybrid/engineering/Build Custom Apigee Hybrid Proxy/ignite-custom-hybrid-epic_patient_access_ws_v51|ignite-custom-hybrid-epic_patient_access_ws_v51|class org.jenkinsci.plugins.workflow.multibranch.WorkflowMultiBranchProject
      1 CTO/Apigee-Hybrid/engineering/Build Custom Apigee Hybrid Proxy/ignite-custom-hybrid-epic_patient_access_mychart_bedside_services_v2012r|ignite-custom-hybrid-epic_patient_access_mychart_bedside_services_v2012r|class org.jenkinsci.plugins.workflow.multibranch.WorkflowMultiBranchProject
      1 CTO/Apigee-Hybrid/engineering/Build Custom Apigee Hybrid Proxy/ignite-custom-hybrid-epic_patient_access_mobile_services_v2020|ignite-custom-hybrid-epic_patient_access_mobile_services_v2020|class org.jenkinsci.plugins.workflow.multibranch.WorkflowMultiBranchProject
      1 CTO/Apigee-Hybrid/engineering/Build Custom Apigee Hybrid Proxy/ignite-custom-hybrid-epic_patient_access_mobile_services_v2013m|ignite-custom-hybrid-epic_patient_access_mobile_services_v2013m|class org.jenkinsci.plugins.workflow.multibranch.WorkflowMultiBranchProject
      1 CTO/Apigee-Hybrid/engineering/Build Custom Apigee Hybrid Proxy/ignite-custom-hybrid-epic_oauth2introspect_v2023r|ignite-custom-hybrid-epic_oauth2introspect_v2023r|class org.jenkinsci.plugins.workflow.multibranch.WorkflowMultiBranchProject
      1 CTO/Apigee-Hybrid/engineering/Build Custom Apigee Hybrid Proxy/ignite-custom-hybrid-epic_nebula_cognitive_computing_v1r|ignite-custom-hybrid-epic_nebula_cognitive_computing_v1r|class org.jenkinsci.plugins.workflow.multibranch.WorkflowMultiBranchProject
      1 CTO/Apigee-Hybrid/engineering/Build Custom Apigee Hybrid Proxy/ignite-custom-hybrid-epic_mychart_mobile_v2020r|ignite-custom-hybrid-epic_mychart_mobile_v2020r|class org.jenkinsci.plugins.workflow.multibranch.WorkflowMultiBranchProject
      1 CTO/Apigee-Hybrid/engineering/Build Custom Apigee Hybrid Proxy/ignite-custom-hybrid-epic_mychart_mobile_services_v2020r|ignite-custom-hybrid-epic_mychart_mobile_services_v2020r|class org.jenkinsci.plugins.workflow.multibranch.WorkflowMultiBranchProject
      1 CTO/Apigee-Hybrid/engineering/Build Custom Apigee Hybrid Proxy/ignite-custom-hybrid-epic_mychart_mobile_care_services_v2020r|ignite-custom-hybrid-epic_mychart_mobile_care_services_v2020r|class org.jenkinsci.plugins.workflow.multibranch.WorkflowMultiBranchProject
      1 CTO/Apigee-Hybrid/engineering/Build Custom Apigee Hybrid Proxy/ignite-custom-hybrid-epic_managed_care_account_services_v2010|ignite-custom-hybrid-epic_managed_care_account_services_v2010|class org.jenkinsci.plugins.workflow.multibranch.WorkflowMultiBranchProject
      1 CTO/Apigee-Hybrid/engineering/Build Custom Apigee Hybrid Proxy/ignite-custom-hybrid-epic_haiku_canto_rover_signalr_r_v3rh|ignite-custom-hybrid-epic_haiku_canto_rover_signalr_r_v3rh|class org.jenkinsci.plugins.workflow.multibranch.WorkflowMultiBranchProject
      1 CTO/Apigee-Hybrid/engineering/Build Custom Apigee Hybrid Proxy/ignite-custom-hybrid-epic_haiku_canto_rover_prelogin_r_v3rh|ignite-custom-hybrid-epic_haiku_canto_rover_prelogin_r_v3rh|class org.jenkinsci.plugins.workflow.multibranch.WorkflowMultiBranchProject
      1 CTO/Apigee-Hybrid/engineering/Build Custom Apigee Hybrid Proxy/ignite-custom-hybrid-epic_haiku_canto_rover_oauth2_apig_v3rh|ignite-custom-hybrid-epic_haiku_canto_rover_oauth2_apig_v3rh|class org.jenkinsci.plugins.workflow.multibranch.WorkflowMultiBranchProject
      1 CTO/Apigee-Hybrid/engineering/Build Custom Apigee Hybrid Proxy/ignite-custom-hybrid-epic_haiku_canto_rover_mobile_apig_r_v3rh|ignite-custom-hybrid-epic_haiku_canto_rover_mobile_apig_r_v3rh|class org.jenkinsci.plugins.workflow.multibranch.WorkflowMultiBranchProject
      1 CTO/Apigee-Hybrid/engineering/Build Custom Apigee Hybrid Proxy/ignite-custom-hybrid-epic_haiku_canto_rover_listener_apig_s_v3sh|ignite-custom-hybrid-epic_haiku_canto_rover_listener_apig_s_v3sh|class org.jenkinsci.plugins.workflow.multibranch.WorkflowMultiBranchProject
      1 CTO/Apigee-Hybrid/engineering/Build Custom Apigee Hybrid Proxy/ignite-custom-hybrid-epic_haiku_canto_apig_v2rh|ignite-custom-hybrid-epic_haiku_canto_apig_v2rh|class org.jenkinsci.plugins.workflow.multibranch.WorkflowMultiBranchProject
      1 CTO/Apigee-Hybrid/engineering/Build Custom Apigee Hybrid Proxy/ignite-custom-hybrid-epic_fhir_task_r4_mux|ignite-custom-hybrid-epic_fhir_task_r4_mux|class org.jenkinsci.plugins.workflow.multibranch.WorkflowMultiBranchProject
      1 CTO/Apigee-Hybrid/engineering/Build Custom Apigee Hybrid Proxy/ignite-custom-hybrid-epic_fhir_servicerequest_r4_mux|ignite-custom-hybrid-epic_fhir_servicerequest_r4_mux|class org.jenkinsci.plugins.workflow.multibranch.WorkflowMultiBranchProject
      1 CTO/Apigee-Hybrid/engineering/Build Custom Apigee Hybrid Proxy/ignite-custom-hybrid-epic_fhir_security_router_v1|ignite-custom-hybrid-epic_fhir_security_router_v1|class org.jenkinsci.plugins.workflow.multibranch.WorkflowMultiBranchProject
      1 CTO/Apigee-Hybrid/engineering/Build Custom Apigee Hybrid Proxy/ignite-custom-hybrid-epic_fhir_security_router_v1
      1 CTO/Apigee-Hybrid/engineering/Build Custom Apigee Hybrid Proxy/ignite-custom-hybrid-epic_fhir_practitioner_r4_mux|ignite-custom-hybrid-epic_fhir_practitioner_r4_mux|class org.jenkinsci.plugins.workflow.multibranch.WorkflowMultiBranchProject
      1 CTO/Apigee-Hybrid/engineering/Build Custom Apigee Hybrid Proxy/ignite-custom-hybrid-epic_fhir_patient_r4_mux|ignite-custom-hybrid-epic_fhir_patient_r4_mux|class org.jenkinsci.plugins.workflow.multibranch.WorkflowMultiBranchProject
      1 CTO/Apigee-Hybrid/engineering/Build Custom Apigee Hybrid Proxy/ignite-custom-hybrid-epic_fhir_patient_empi_r4_mux|ignite-custom-hybrid-epic_fhir_patient_empi_r4_mux|class org.jenkinsci.plugins.workflow.multibranch.WorkflowMultiBranchProject
      1 CTO/Apigee-Hybrid/engineering/Build Custom Apigee Hybrid Proxy/ignite-custom-hybrid-epic_fhir_observation_r4_mux|ignite-custom-hybrid-epic_fhir_observation_r4_mux|class org.jenkinsci.plugins.workflow.multibranch.WorkflowMultiBranchProject
      1 CTO/Apigee-Hybrid/engineering/Build Custom Apigee Hybrid Proxy/ignite-custom-hybrid-epic_fhir_muxoauth2_v2021|ignite-custom-hybrid-epic_fhir_muxoauth2_v2021|class org.jenkinsci.plugins.workflow.multibranch.WorkflowMultiBranchProject
      1 CTO/Apigee-Hybrid/engineering/Build Custom Apigee Hybrid Proxy/ignite-custom-hybrid-epic_fhir_documentreference_r4_mux|ignite-custom-hybrid-epic_fhir_documentreference_r4_mux|class org.jenkinsci.plugins.workflow.multibranch.WorkflowMultiBranchProject
      1 CTO/Apigee-Hybrid/engineering/Build Custom Apigee Hybrid Proxy/ignite-custom-hybrid-epic_fhir_consent_r4_mux|ignite-custom-hybrid-epic_fhir_consent_r4_mux|class org.jenkinsci.plugins.workflow.multibranch.WorkflowMultiBranchProject
      1 CTO/Apigee-Hybrid/engineering/Build Custom Apigee Hybrid Proxy/ignite-custom-hybrid-epic_fhir_communication_r4_mux|ignite-custom-hybrid-epic_fhir_communication_r4_mux|class org.jenkinsci.plugins.workflow.multibranch.WorkflowMultiBranchProject
      1 CTO/Apigee-Hybrid/engineering/Build Custom Apigee Hybrid Proxy/ignite-custom-hybrid-epic_fhir_binary_r4_mux|ignite-custom-hybrid-epic_fhir_binary_r4_mux|class org.jenkinsci.plugins.workflow.multibranch.WorkflowMultiBranchProject
      1 CTO/Apigee-Hybrid/engineering/Build Custom Apigee Hybrid Proxy/ignite-custom-hybrid-epic_fhir_Metadata_r4_mux|ignite-custom-hybrid-epic_fhir_Metadata_r4_mux|class org.jenkinsci.plugins.workflow.multibranch.WorkflowMultiBranchProject
      1 CTO/Apigee-Hybrid/engineering/Build Custom Apigee Hybrid Proxy/ignite-custom-hybrid-epic_empi_gs_patient_services_v2012a|ignite-custom-hybrid-epic_empi_gs_patient_services_v2012a|class org.jenkinsci.plugins.workflow.multibranch.WorkflowMultiBranchProject
      1 CTO/Apigee-Hybrid/engineering/Build Custom Apigee Hybrid Proxy/ignite-custom-hybrid-epic_edi_xml_sure_scripts_receiver_services_v2015r|ignite-custom-hybrid-epic_edi_xml_sure_scripts_receiver_services_v2015r|class org.jenkinsci.plugins.workflow.multibranch.WorkflowMultiBranchProject
      1 CTO/Apigee-Hybrid/engineering/Build Custom Apigee Hybrid Proxy/ignite-custom-hybrid-epic_edi_xml_ncpdp_receiver_services_v2017r|ignite-custom-hybrid-epic_edi_xml_ncpdp_receiver_services_v2017r|class org.jenkinsci.plugins.workflow.multibranch.WorkflowMultiBranchProject
      1 CTO/Apigee-Hybrid/engineering/Build Custom Apigee Hybrid Proxy/ignite-custom-hybrid-epic_edi_xml_ncpdp_receiver_services_v2015r|ignite-custom-hybrid-epic_edi_xml_ncpdp_receiver_services_v2015r|class org.jenkinsci.plugins.workflow.multibranch.WorkflowMultiBranchProject
      1 CTO/Apigee-Hybrid/engineering/Build Custom Apigee Hybrid Proxy/ignite-custom-hybrid-epic_edi_fhir_services_r4|ignite-custom-hybrid-epic_edi_fhir_services_r4|class org.jenkinsci.plugins.workflow.multibranch.WorkflowMultiBranchProject
      1 CTO/Apigee-Hybrid/engineering/Build Custom Apigee Hybrid Proxy/ignite-custom-hybrid-epic_edi_fhir_services_api_v2014r|ignite-custom-hybrid-epic_edi_fhir_services_api_v2014r|class org.jenkinsci.plugins.workflow.multibranch.WorkflowMultiBranchProject
      1 CTO/Apigee-Hybrid/engineering/Build Custom Apigee Hybrid Proxy/ignite-custom-hybrid-epic_edi_fhir_routing_services_api_v1|ignite-custom-hybrid-epic_edi_fhir_routing_services_api_v1|class org.jenkinsci.plugins.workflow.multibranch.WorkflowMultiBranchProject
      1 CTO/Apigee-Hybrid/engineering/Build Custom Apigee Hybrid Proxy/ignite-custom-hybrid-epic_edi_fhir_oauth2_services_api_v2014r|ignite-custom-hybrid-epic_edi_fhir_oauth2_services_api_v2014r|class org.jenkinsci.plugins.workflow.multibranch.WorkflowMultiBranchProject
      1 CTO/Apigee-Hybrid/engineering/Build Custom Apigee Hybrid Proxy/ignite-custom-hybrid-epic_edi_fhir_metadata_dstu2_mux|ignite-custom-hybrid-epic_edi_fhir_metadata_dstu2_mux|class org.jenkinsci.plugins.workflow.multibranch.WorkflowMultiBranchProject
      1 CTO/Apigee-Hybrid/engineering/Build Custom Apigee Hybrid Proxy/ignite-custom-hybrid-epic_crm_gs_utility_legacy_v2014b|ignite-custom-hybrid-epic_crm_gs_utility_legacy_v2014b|class org.jenkinsci.plugins.workflow.multibranch.WorkflowMultiBranchProject
      1 CTO/Apigee-Hybrid/engineering/Build Custom Apigee Hybrid Proxy/ignite-custom-hybrid-epic_creditcard_gs_api_legacy_v2020|ignite-custom-hybrid-epic_creditcard_gs_api_legacy_v2020|class org.jenkinsci.plugins.workflow.multibranch.WorkflowMultiBranchProject
      1 CTO/Apigee-Hybrid/engineering/Build Custom Apigee Hybrid Proxy/ignite-custom-hybrid-epic_core_services_accessnow_v200804|ignite-custom-hybrid-epic_core_services_accessnow_v200804|class org.jenkinsci.plugins.workflow.multibranch.WorkflowMultiBranchProject
      1 CTO/Apigee-Hybrid/engineering/Build Custom Apigee Hybrid Proxy/ignite-custom-hybrid-epic_common_web_services_v2016m|ignite-custom-hybrid-epic_common_web_services_v2016m|class org.jenkinsci.plugins.workflow.multibranch.WorkflowMultiBranchProject
      1 CTO/Apigee-Hybrid/engineering/Build Custom Apigee Hybrid Proxy/ignite-custom-hybrid-epic_common_gs_user_accessnow_v2011|ignite-custom-hybrid-epic_common_gs_user_accessnow_v2011|class org.jenkinsci.plugins.workflow.multibranch.WorkflowMultiBranchProject
      1 CTO/Apigee-Hybrid/engineering/Build Custom Apigee Hybrid Proxy/ignite-custom-hybrid-epic_common_gs_patient_services_v2015r|ignite-custom-hybrid-epic_common_gs_patient_services_v2015r|class org.jenkinsci.plugins.workflow.multibranch.WorkflowMultiBranchProject
      1 CTO/Apigee-Hybrid/engineering/Build Custom Apigee Hybrid Proxy/ignite-custom-hybrid-epic_common_gs_patient_services_v2010|ignite-custom-hybrid-epic_common_gs_patient_services_v2010|class org.jenkinsci.plugins.workflow.multibranch.WorkflowMultiBranchProject
      1 CTO/Apigee-Hybrid/engineering/Build Custom Apigee Hybrid Proxy/ignite-custom-hybrid-epic_common_gs_patient_dexcare_v2015r|ignite-custom-hybrid-epic_common_gs_patient_dexcare_v2015r|class org.jenkinsci.plugins.workflow.multibranch.WorkflowMultiBranchProject
      1 CTO/Apigee-Hybrid/engineering/Build Custom Apigee Hybrid Proxy/ignite-custom-hybrid-epic_clinical_pharmacy_v2018s|ignite-custom-hybrid-epic_clinical_pharmacy_v2018s|class org.jenkinsci.plugins.workflow.multibranch.WorkflowMultiBranchProject
      1 CTO/Apigee-Hybrid/engineering/Build Custom Apigee Hybrid Proxy/ignite-custom-hybrid-epic_clinical_notes_services_v2017r|ignite-custom-hybrid-epic_clinical_notes_services_v2017r|class org.jenkinsci.plugins.workflow.multibranch.WorkflowMultiBranchProject
      1 CTO/Apigee-Hybrid/engineering/Build Custom Apigee Hybrid Proxy/ignite-custom-hybrid-epic_clinical_gs_patient_v2011|ignite-custom-hybrid-epic_clinical_gs_patient_v2011|class org.jenkinsci.plugins.workflow.multibranch.WorkflowMultiBranchProject
      1 CTO/Apigee-Hybrid/engineering/Build Custom Apigee Hybrid Proxy/ignite-custom-hybrid-epic_clinical_gs_notes_fam_v2018r|ignite-custom-hybrid-epic_clinical_gs_notes_fam_v2018r|class org.jenkinsci.plugins.workflow.multibranch.WorkflowMultiBranchProject
      1 CTO/Apigee-Hybrid/engineering/Build Custom Apigee Hybrid Proxy/ignite-custom-hybrid-epic_billing_gs_external_legacy_v2019r|ignite-custom-hybrid-epic_billing_gs_external_legacy_v2019r|class org.jenkinsci.plugins.workflow.multibranch.WorkflowMultiBranchProject
      1 CTO/Apigee-Hybrid/engineering/Build Custom Apigee Hybrid Proxy/ignite-custom-hybrid-epic_billing_gs_account_legacy_v2012|ignite-custom-hybrid-epic_billing_gs_account_legacy_v2012|class org.jenkinsci.plugins.workflow.multibranch.WorkflowMultiBranchProject
      1 CTO/Apigee-Hybrid/engineering/Build Custom Apigee Hybrid Proxy/ignite-custom-hybrid-epic_billing_gs_account_legacy_v2012r|ignite-custom-hybrid-epic_billing_gs_account_legacy_v2012r|class org.jenkinsci.plugins.workflow.multibranch.WorkflowMultiBranchProject
      1 CTO/Apigee-Hybrid/engineering/Build Custom Apigee Hybrid Proxy/ignite-custom-hybrid-epic_billing_external_v2017r|ignite-custom-hybrid-epic_billing_external_v2017r|class org.jenkinsci.plugins.workflow.multibranch.WorkflowMultiBranchProject
      1 CTO/Apigee-Hybrid/engineering/Build Custom Apigee Hybrid Proxy/ignite-custom-hybrid-epic_access_gs_referral_services_v2012|ignite-custom-hybrid-epic_access_gs_referral_services_v2012|class org.jenkinsci.plugins.workflow.multibranch.WorkflowMultiBranchProject
      1 CTO/Apigee-Hybrid/engineering/Build Custom Apigee Hybrid Proxy/ignite-custom-hybrid-enterprise_profile_and_preferences_v30|ignite-custom-hybrid-enterprise_profile_and_preferences_v30|class org.jenkinsci.plugins.workflow.multibranch.WorkflowMultiBranchProject
      1 CTO/Apigee-Hybrid/engineering/Build Custom Apigee Hybrid Proxy/ignite-custom-hybrid-employer_broker_selfservice_internal_bff_v1r|ignite-custom-hybrid-employer_broker_selfservice_internal_bff_v1r|class org.jenkinsci.plugins.workflow.multibranch.WorkflowMultiBranchProject
      1 CTO/Apigee-Hybrid/engineering/Build Custom Apigee Hybrid Proxy/ignite-custom-hybrid-empi_service_api|ignite-custom-hybrid-empi_service_api|class org.jenkinsci.plugins.workflow.multibranch.WorkflowMultiBranchProject
      1 CTO/Apigee-Hybrid/engineering/Build Custom Apigee Hybrid Proxy/ignite-custom-hybrid-emc_cache_lookup|ignite-custom-hybrid-emc_cache_lookup|class org.jenkinsci.plugins.workflow.multibranch.WorkflowMultiBranchProject
      1 CTO/Apigee-Hybrid/engineering/Build Custom Apigee Hybrid Proxy/ignite-custom-hybrid-dxp_api_event_v1rh|ignite-custom-hybrid-dxp_api_event_v1rh|class org.jenkinsci.plugins.workflow.multibranch.WorkflowMultiBranchProject
      1 CTO/Apigee-Hybrid/engineering/Build Custom Apigee Hybrid Proxy/ignite-custom-hybrid-dxp_api_event_v1rh
      1 CTO/Apigee-Hybrid/engineering/Build Custom Apigee Hybrid Proxy/ignite-custom-hybrid-dss_wex_search_r_v10|ignite-custom-hybrid-dss_wex_search_r_v10|class org.jenkinsci.plugins.workflow.multibranch.WorkflowMultiBranchProject
      1 CTO/Apigee-Hybrid/engineering/Build Custom Apigee Hybrid Proxy/ignite-custom-hybrid-dss_wex_autocomplete_r_v10|ignite-custom-hybrid-dss_wex_autocomplete_r_v10|class org.jenkinsci.plugins.workflow.multibranch.WorkflowMultiBranchProject
      1 CTO/Apigee-Hybrid/engineering/Build Custom Apigee Hybrid Proxy/ignite-custom-hybrid-drm_unity_v1r|ignite-custom-hybrid-drm_unity_v1r|class org.jenkinsci.plugins.workflow.multibranch.WorkflowMultiBranchProject
      1 CTO/Apigee-Hybrid/engineering/Build Custom Apigee Hybrid Proxy/ignite-custom-hybrid-dpt_notification_platform_event_v1_2sh|ignite-custom-hybrid-dpt_notification_platform_event_v1_2sh|class org.jenkinsci.plugins.workflow.multibranch.WorkflowMultiBranchProject
      1 CTO/Apigee-Hybrid/engineering/Build Custom Apigee Hybrid Proxy/ignite-custom-hybrid-dpt_notification_platform_event_v1_2sh
      1 CTO/Apigee-Hybrid/engineering/Build Custom Apigee Hybrid Proxy/ignite-custom-hybrid-dpt_notification_platform_event_v12|ignite-custom-hybrid-dpt_notification_platform_event_v12|class org.jenkinsci.plugins.workflow.multibranch.WorkflowMultiBranchProject
      1 CTO/Apigee-Hybrid/engineering/Build Custom Apigee Hybrid Proxy/ignite-custom-hybrid-dpt_messaging_v2c|ignite-custom-hybrid-dpt_messaging_v2c|class org.jenkinsci.plugins.workflow.multibranch.WorkflowMultiBranchProject
      1 CTO/Apigee-Hybrid/engineering/Build Custom Apigee Hybrid Proxy/ignite-custom-hybrid-dpt_medication_order_v403c|ignite-custom-hybrid-dpt_medication_order_v403c|class org.jenkinsci.plugins.workflow.multibranch.WorkflowMultiBranchProject
      1 CTO/Apigee-Hybrid/engineering/Build Custom Apigee Hybrid Proxy/ignite-custom-hybrid-dnp_notification_v2ch|ignite-custom-hybrid-dnp_notification_v2ch|class org.jenkinsci.plugins.workflow.multibranch.WorkflowMultiBranchProject
      1 CTO/Apigee-Hybrid/engineering/Build Custom Apigee Hybrid Proxy/ignite-custom-hybrid-dnp_callback_v2rch|ignite-custom-hybrid-dnp_callback_v2rch|class org.jenkinsci.plugins.workflow.multibranch.WorkflowMultiBranchProject
      1 CTO/Apigee-Hybrid/engineering/Build Custom Apigee Hybrid Proxy/ignite-custom-hybrid-dms_doc_gen_v10|ignite-custom-hybrid-dms_doc_gen_v10|class org.jenkinsci.plugins.workflow.multibranch.WorkflowMultiBranchProject
      1 CTO/Apigee-Hybrid/engineering/Build Custom Apigee Hybrid Proxy/ignite-custom-hybrid-dast_amp_custom_validation_v1rh|ignite-custom-hybrid-dast_amp_custom_validation_v1rh|class org.jenkinsci.plugins.workflow.multibranch.WorkflowMultiBranchProject
      1 CTO/Apigee-Hybrid/engineering/Build Custom Apigee Hybrid Proxy/ignite-custom-hybrid-dal_event_external_v1rh|ignite-custom-hybrid-dal_event_external_v1rh|class org.jenkinsci.plugins.workflow.multibranch.WorkflowMultiBranchProject
      1 CTO/Apigee-Hybrid/engineering/Build Custom Apigee Hybrid Proxy/ignite-custom-hybrid-cpx_gateway_inbound_tempus_v1r|ignite-custom-hybrid-cpx_gateway_inbound_tempus_v1r|class org.jenkinsci.plugins.workflow.multibranch.WorkflowMultiBranchProject
      1 CTO/Apigee-Hybrid/engineering/Build Custom Apigee Hybrid Proxy/ignite-custom-hybrid-covid_claim_submission_v1r|ignite-custom-hybrid-covid_claim_submission_v1r|class org.jenkinsci.plugins.workflow.multibranch.WorkflowMultiBranchProject
      1 CTO/Apigee-Hybrid/engineering/Build Custom Apigee Hybrid Proxy/ignite-custom-hybrid-covid_accumulation_v1rc|ignite-custom-hybrid-covid_accumulation_v1rc|class org.jenkinsci.plugins.workflow.multibranch.WorkflowMultiBranchProject
      1 CTO/Apigee-Hybrid/engineering/Build Custom Apigee Hybrid Proxy/ignite-custom-hybrid-cost_model_web_v10|ignite-custom-hybrid-cost_model_web_v10|class org.jenkinsci.plugins.workflow.multibranch.WorkflowMultiBranchProject
      1 CTO/Apigee-Hybrid/engineering/Build Custom Apigee Hybrid Proxy/ignite-custom-hybrid-contract_production_decision_v1r|ignite-custom-hybrid-contract_production_decision_v1r|class org.jenkinsci.plugins.workflow.multibranch.WorkflowMultiBranchProject
      1 CTO/Apigee-Hybrid/engineering/Build Custom Apigee Hybrid Proxy/ignite-custom-hybrid-contract_production_composition_v1r|ignite-custom-hybrid-contract_production_composition_v1r|class org.jenkinsci.plugins.workflow.multibranch.WorkflowMultiBranchProject
      1 CTO/Apigee-Hybrid/engineering/Build Custom Apigee Hybrid Proxy/ignite-custom-hybrid-complianceconnect_elr_servicenow_v1rh|ignite-custom-hybrid-complianceconnect_elr_servicenow_v1rh|class org.jenkinsci.plugins.workflow.multibranch.WorkflowMultiBranchProject
      1 CTO/Apigee-Hybrid/engineering/Build Custom Apigee Hybrid Proxy/ignite-custom-hybrid-complianceconnect_elr_salesforce_v1rh|ignite-custom-hybrid-complianceconnect_elr_salesforce_v1rh|class org.jenkinsci.plugins.workflow.multibranch.WorkflowMultiBranchProject
      1 CTO/Apigee-Hybrid/engineering/Build Custom Apigee Hybrid Proxy/ignite-custom-hybrid-compliance_connect_membership_lookup_v1r|ignite-custom-hybrid-compliance_connect_membership_lookup_v1r|class org.jenkinsci.plugins.workflow.multibranch.WorkflowMultiBranchProject
      1 CTO/Apigee-Hybrid/engineering/Build Custom Apigee Hybrid Proxy/ignite-custom-hybrid-cms_beneficiary_eligibility_query_v1r|ignite-custom-hybrid-cms_beneficiary_eligibility_query_v1r|class org.jenkinsci.plugins.workflow.multibranch.WorkflowMultiBranchProject
      1 CTO/Apigee-Hybrid/engineering/Build Custom Apigee Hybrid Proxy/ignite-custom-hybrid-cm_memberinquiry_v10|ignite-custom-hybrid-cm_memberinquiry_v10|class org.jenkinsci.plugins.workflow.multibranch.WorkflowMultiBranchProject
      1 CTO/Apigee-Hybrid/engineering/Build Custom Apigee Hybrid Proxy/ignite-custom-hybrid-cm_member_change_publish_v1|ignite-custom-hybrid-cm_member_change_publish_v1|class org.jenkinsci.plugins.workflow.multibranch.WorkflowMultiBranchProject
      1 CTO/Apigee-Hybrid/engineering/Build Custom Apigee Hybrid Proxy/ignite-custom-hybrid-cm_group_inquiry_v1|ignite-custom-hybrid-cm_group_inquiry_v1|class org.jenkinsci.plugins.workflow.multibranch.WorkflowMultiBranchProject
      1 CTO/Apigee-Hybrid/engineering/Build Custom Apigee Hybrid Proxy/ignite-custom-hybrid-cm_group_inquiry_v1
      1 CTO/Apigee-Hybrid/engineering/Build Custom Apigee Hybrid Proxy/ignite-custom-hybrid-cm_group_change_publish_v1|ignite-custom-hybrid-cm_group_change_publish_v1|class org.jenkinsci.plugins.workflow.multibranch.WorkflowMultiBranchProject
      1 CTO/Apigee-Hybrid/engineering/Build Custom Apigee Hybrid Proxy/ignite-custom-hybrid-cm_group_change_publish_v1
      1 CTO/Apigee-Hybrid/engineering/Build Custom Apigee Hybrid Proxy/ignite-custom-hybrid-clinicianconnect_api_v3|ignite-custom-hybrid-clinicianconnect_api_v3|class org.jenkinsci.plugins.workflow.multibranch.WorkflowMultiBranchProject
      1 CTO/Apigee-Hybrid/engineering/Build Custom Apigee Hybrid Proxy/ignite-custom-hybrid-clinician_connect_api_v2r|ignite-custom-hybrid-clinician_connect_api_v2r|class org.jenkinsci.plugins.workflow.multibranch.WorkflowMultiBranchProject
      1 CTO/Apigee-Hybrid/engineering/Build Custom Apigee Hybrid Proxy/ignite-custom-hybrid-choose_your_doctor_v1|ignite-custom-hybrid-choose_your_doctor_v1|class org.jenkinsci.plugins.workflow.multibranch.WorkflowMultiBranchProject
      1 CTO/Apigee-Hybrid/engineering/Build Custom Apigee Hybrid Proxy/ignite-custom-hybrid-chart_of_accounts_microservice_v1r|ignite-custom-hybrid-chart_of_accounts_microservice_v1r|class org.jenkinsci.plugins.workflow.multibranch.WorkflowMultiBranchProject
      1 CTO/Apigee-Hybrid/engineering/Build Custom Apigee Hybrid Proxy/ignite-custom-hybrid-cerebro_noname_v1r|ignite-custom-hybrid-cerebro_noname_v1r|class org.jenkinsci.plugins.workflow.multibranch.WorkflowMultiBranchProject
      1 CTO/Apigee-Hybrid/engineering/Build Custom Apigee Hybrid Proxy/ignite-custom-hybrid-cdtssp_kp_ambassador_v1r|ignite-custom-hybrid-cdtssp_kp_ambassador_v1r|class org.jenkinsci.plugins.workflow.multibranch.WorkflowMultiBranchProject
      1 CTO/Apigee-Hybrid/engineering/Build Custom Apigee Hybrid Proxy/ignite-custom-hybrid-cdads_psb_event_trigger_notification_v1r|ignite-custom-hybrid-cdads_psb_event_trigger_notification_v1r|class org.jenkinsci.plugins.workflow.multibranch.WorkflowMultiBranchProject
      1 CTO/Apigee-Hybrid/engineering/Build Custom Apigee Hybrid Proxy/ignite-custom-hybrid-cdads_owl_bff_api_v10r|ignite-custom-hybrid-cdads_owl_bff_api_v10r|class org.jenkinsci.plugins.workflow.multibranch.WorkflowMultiBranchProject
      1 CTO/Apigee-Hybrid/engineering/Build Custom Apigee Hybrid Proxy/ignite-custom-hybrid-cdads_member_preference_notification_v10r|ignite-custom-hybrid-cdads_member_preference_notification_v10r|class org.jenkinsci.plugins.workflow.multibranch.WorkflowMultiBranchProject
      1 CTO/Apigee-Hybrid/engineering/Build Custom Apigee Hybrid Proxy/ignite-custom-hybrid-cdads_cyclecount_v20r|ignite-custom-hybrid-cdads_cyclecount_v20r|class org.jenkinsci.plugins.workflow.multibranch.WorkflowMultiBranchProject
      1 CTO/Apigee-Hybrid/engineering/Build Custom Apigee Hybrid Proxy/ignite-custom-hybrid-cdads_clinical_library_federated_search_v10r|ignite-custom-hybrid-cdads_clinical_library_federated_search_v10r|class org.jenkinsci.plugins.workflow.multibranch.WorkflowMultiBranchProject
      1 CTO/Apigee-Hybrid/engineering/Build Custom Apigee Hybrid Proxy/ignite-custom-hybrid-cc_sandbox_v1r|ignite-custom-hybrid-cc_sandbox_v1r|class org.jenkinsci.plugins.workflow.multibranch.WorkflowMultiBranchProject
      1 CTO/Apigee-Hybrid/engineering/Build Custom Apigee Hybrid Proxy/ignite-custom-hybrid-cas_amp_validation_custom_v1sh|ignite-custom-hybrid-cas_amp_validation_custom_v1sh|class org.jenkinsci.plugins.workflow.multibranch.WorkflowMultiBranchProject
      1 CTO/Apigee-Hybrid/engineering/Build Custom Apigee Hybrid Proxy/ignite-custom-hybrid-cas_amp_validation_custom_v1rh|ignite-custom-hybrid-cas_amp_validation_custom_v1rh|class org.jenkinsci.plugins.workflow.multibranch.WorkflowMultiBranchProject
      1 CTO/Apigee-Hybrid/engineering/Build Custom Apigee Hybrid Proxy/ignite-custom-hybrid-cas_amp_unified_only_v1r|ignite-custom-hybrid-cas_amp_unified_only_v1r|class org.jenkinsci.plugins.workflow.multibranch.WorkflowMultiBranchProject
      1 CTO/Apigee-Hybrid/engineering/Build Custom Apigee Hybrid Proxy/ignite-custom-hybrid-cas_amp_test_clone_v1s|ignite-custom-hybrid-cas_amp_test_clone_v1s|class org.jenkinsci.plugins.workflow.multibranch.WorkflowMultiBranchProject
      1 CTO/Apigee-Hybrid/engineering/Build Custom Apigee Hybrid Proxy/ignite-custom-hybrid-cas_amp_test_clone_v1s
      1 CTO/Apigee-Hybrid/engineering/Build Custom Apigee Hybrid Proxy/ignite-custom-hybrid-cas_amp_def_and_unified_v1r|ignite-custom-hybrid-cas_amp_def_and_unified_v1r|class org.jenkinsci.plugins.workflow.multibranch.WorkflowMultiBranchProject
      1 CTO/Apigee-Hybrid/engineering/Build Custom Apigee Hybrid Proxy/ignite-custom-hybrid-cas_amp_custom_validation_v2sh|ignite-custom-hybrid-cas_amp_custom_validation_v2sh|class org.jenkinsci.plugins.workflow.multibranch.WorkflowMultiBranchProject
      1 CTO/Apigee-Hybrid/engineering/Build Custom Apigee Hybrid Proxy/ignite-custom-hybrid-cas_amp_custom_hybrid_v3|ignite-custom-hybrid-cas_amp_custom_hybrid_v3|class org.jenkinsci.plugins.workflow.multibranch.WorkflowMultiBranchProject
      1 CTO/Apigee-Hybrid/engineering/Build Custom Apigee Hybrid Proxy/ignite-custom-hybrid-cas_amp_custom_hybrid_v2|ignite-custom-hybrid-cas_amp_custom_hybrid_v2|class org.jenkinsci.plugins.workflow.multibranch.WorkflowMultiBranchProject
      1 CTO/Apigee-Hybrid/engineering/Build Custom Apigee Hybrid Proxy/ignite-custom-hybrid-cas_amp_custom_hybrid_v2rh|ignite-custom-hybrid-cas_amp_custom_hybrid_v2rh|class org.jenkinsci.plugins.workflow.multibranch.WorkflowMultiBranchProject
      1 CTO/Apigee-Hybrid/engineering/Build Custom Apigee Hybrid Proxy/ignite-custom-hybrid-cas_amp_custom_hybrid_soap_v2|ignite-custom-hybrid-cas_amp_custom_hybrid_soap_v2|class org.jenkinsci.plugins.workflow.multibranch.WorkflowMultiBranchProject
      1 CTO/Apigee-Hybrid/engineering/Build Custom Apigee Hybrid Proxy/ignite-custom-hybrid-carsws_docs|ignite-custom-hybrid-carsws_docs|class org.jenkinsci.plugins.workflow.multibranch.WorkflowMultiBranchProject
      1 CTO/Apigee-Hybrid/engineering/Build Custom Apigee Hybrid Proxy/ignite-custom-hybrid-carsws_docs
      1 CTO/Apigee-Hybrid/engineering/Build Custom Apigee Hybrid Proxy/ignite-custom-hybrid-cars_non_member_getdoc_v1rh|ignite-custom-hybrid-cars_non_member_getdoc_v1rh|class org.jenkinsci.plugins.workflow.multibranch.WorkflowMultiBranchProject
      1 CTO/Apigee-Hybrid/engineering/Build Custom Apigee Hybrid Proxy/ignite-custom-hybrid-cafm_building_information_v10|ignite-custom-hybrid-cafm_building_information_v10|class org.jenkinsci.plugins.workflow.multibranch.WorkflowMultiBranchProject
      1 CTO/Apigee-Hybrid/engineering/Build Custom Apigee Hybrid Proxy/ignite-custom-hybrid-c2c_hours_of_operation_v1r|ignite-custom-hybrid-c2c_hours_of_operation_v1r|class org.jenkinsci.plugins.workflow.multibranch.WorkflowMultiBranchProject
      1 CTO/Apigee-Hybrid/engineering/Build Custom Apigee Hybrid Proxy/ignite-custom-hybrid-bsor_broker_net_v30|ignite-custom-hybrid-bsor_broker_net_v30|class org.jenkinsci.plugins.workflow.multibranch.WorkflowMultiBranchProject
      1 CTO/Apigee-Hybrid/engineering/Build Custom Apigee Hybrid Proxy/ignite-custom-hybrid-bsor_broker_net_v30
      1 CTO/Apigee-Hybrid/engineering/Build Custom Apigee Hybrid Proxy/ignite-custom-hybrid-bpm_task_apir_v10|ignite-custom-hybrid-bpm_task_apir_v10|class org.jenkinsci.plugins.workflow.multibranch.WorkflowMultiBranchProject
      1 CTO/Apigee-Hybrid/engineering/Build Custom Apigee Hybrid Proxy/ignite-custom-hybrid-bpm_start_process_r_v10|ignite-custom-hybrid-bpm_start_process_r_v10|class org.jenkinsci.plugins.workflow.multibranch.WorkflowMultiBranchProject
      1 CTO/Apigee-Hybrid/engineering/Build Custom Apigee Hybrid Proxy/ignite-custom-hybrid-bpm_get_list_of_tasks_r_v10|ignite-custom-hybrid-bpm_get_list_of_tasks_r_v10|class org.jenkinsci.plugins.workflow.multibranch.WorkflowMultiBranchProject
      1 CTO/Apigee-Hybrid/engineering/Build Custom Apigee Hybrid Proxy/ignite-custom-hybrid-bpa_api_v10r|ignite-custom-hybrid-bpa_api_v10r|class org.jenkinsci.plugins.workflow.multibranch.WorkflowMultiBranchProject
      1 CTO/Apigee-Hybrid/engineering/Build Custom Apigee Hybrid Proxy/ignite-custom-hybrid-benefits_validation_v11|ignite-custom-hybrid-benefits_validation_v11|class org.jenkinsci.plugins.workflow.multibranch.WorkflowMultiBranchProject
      1 CTO/Apigee-Hybrid/engineering/Build Custom Apigee Hybrid Proxy/ignite-custom-hybrid-bcssp_usermanagement_bff_v1r|ignite-custom-hybrid-bcssp_usermanagement_bff_v1r|class org.jenkinsci.plugins.workflow.multibranch.WorkflowMultiBranchProject
      1 CTO/Apigee-Hybrid/engineering/Build Custom Apigee Hybrid Proxy/ignite-custom-hybrid-bcssp_usermanagement_bff_v1r
      1 CTO/Apigee-Hybrid/engineering/Build Custom Apigee Hybrid Proxy/ignite-custom-hybrid-bcssp_employer_bff_v1r|ignite-custom-hybrid-bcssp_employer_bff_v1r|class org.jenkinsci.plugins.workflow.multibranch.WorkflowMultiBranchProject
      1 CTO/Apigee-Hybrid/engineering/Build Custom Apigee Hybrid Proxy/ignite-custom-hybrid-bcssp_employer_bff_v1r
      1 CTO/Apigee-Hybrid/engineering/Build Custom Apigee Hybrid Proxy/ignite-custom-hybrid-bcssp_edi_bff_v1r|ignite-custom-hybrid-bcssp_edi_bff_v1r|class org.jenkinsci.plugins.workflow.multibranch.WorkflowMultiBranchProject
      1 CTO/Apigee-Hybrid/engineering/Build Custom Apigee Hybrid Proxy/ignite-custom-hybrid-bcssp_edi_bff_v1r
      1 CTO/Apigee-Hybrid/engineering/Build Custom Apigee Hybrid Proxy/ignite-custom-hybrid-bcssp_docserver_bff_v1r|ignite-custom-hybrid-bcssp_docserver_bff_v1r|class org.jenkinsci.plugins.workflow.multibranch.WorkflowMultiBranchProject
      1 CTO/Apigee-Hybrid/engineering/Build Custom Apigee Hybrid Proxy/ignite-custom-hybrid-bcssp_docserver_bff_v1r
      1 CTO/Apigee-Hybrid/engineering/Build Custom Apigee Hybrid Proxy/ignite-custom-hybrid-bcssp_customer_bff_v1r|ignite-custom-hybrid-bcssp_customer_bff_v1r|class org.jenkinsci.plugins.workflow.multibranch.WorkflowMultiBranchProject
      1 CTO/Apigee-Hybrid/engineering/Build Custom Apigee Hybrid Proxy/ignite-custom-hybrid-bcssp_customer_bff_v1r
      1 CTO/Apigee-Hybrid/engineering/Build Custom Apigee Hybrid Proxy/ignite-custom-hybrid-bcssp_broker_bff_v1r|ignite-custom-hybrid-bcssp_broker_bff_v1r|class org.jenkinsci.plugins.workflow.multibranch.WorkflowMultiBranchProject
      1 CTO/Apigee-Hybrid/engineering/Build Custom Apigee Hybrid Proxy/ignite-custom-hybrid-bcssp_broker_bff_v1r
      1 CTO/Apigee-Hybrid/engineering/Build Custom Apigee Hybrid Proxy/ignite-custom-hybrid-bcssp_admin_bff_v1r|ignite-custom-hybrid-bcssp_admin_bff_v1r|class org.jenkinsci.plugins.workflow.multibranch.WorkflowMultiBranchProject
      1 CTO/Apigee-Hybrid/engineering/Build Custom Apigee Hybrid Proxy/ignite-custom-hybrid-bcssp_admin_bff_v1r
      1 CTO/Apigee-Hybrid/engineering/Build Custom Apigee Hybrid Proxy/ignite-custom-hybrid-atlas_update_v20r|ignite-custom-hybrid-atlas_update_v20r|class org.jenkinsci.plugins.workflow.multibranch.WorkflowMultiBranchProject
      1 CTO/Apigee-Hybrid/engineering/Build Custom Apigee Hybrid Proxy/ignite-custom-hybrid-atlas_get_token_v20r|ignite-custom-hybrid-atlas_get_token_v20r|class org.jenkinsci.plugins.workflow.multibranch.WorkflowMultiBranchProject
      1 CTO/Apigee-Hybrid/engineering/Build Custom Apigee Hybrid Proxy/ignite-custom-hybrid-atlas_application_full_report_v2r|ignite-custom-hybrid-atlas_application_full_report_v2r|class org.jenkinsci.plugins.workflow.multibranch.WorkflowMultiBranchProject
      1 CTO/Apigee-Hybrid/engineering/Build Custom Apigee Hybrid Proxy/ignite-custom-hybrid-api_ecosystem_external_bff_v1|ignite-custom-hybrid-api_ecosystem_external_bff_v1|class org.jenkinsci.plugins.workflow.multibranch.WorkflowMultiBranchProject
      1 CTO/Apigee-Hybrid/engineering/Build Custom Apigee Hybrid Proxy/ignite-custom-hybrid-ansible_automation_controller_v4r|ignite-custom-hybrid-ansible_automation_controller_v4r|class org.jenkinsci.plugins.workflow.multibranch.WorkflowMultiBranchProject
      1 CTO/Apigee-Hybrid/engineering/Build Custom Apigee Hybrid Proxy/ignite-custom-hybrid-amp_test_onelink_multioperation_v2|ignite-custom-hybrid-amp_test_onelink_multioperation_v2|class org.jenkinsci.plugins.workflow.multibranch.WorkflowMultiBranchProject
      1 CTO/Apigee-Hybrid/engineering/Build Custom Apigee Hybrid Proxy/ignite-custom-hybrid-amp_test_onelink_multioperation_v2
      1 CTO/Apigee-Hybrid/engineering/Build Custom Apigee Hybrid Proxy/ignite-custom-hybrid-amp_dev_team_test_v3rh|ignite-custom-hybrid-amp_dev_team_test_v3rh|class org.jenkinsci.plugins.workflow.multibranch.WorkflowMultiBranchProject
      1 CTO/Apigee-Hybrid/engineering/Build Custom Apigee Hybrid Proxy/ignite-custom-hybrid-address_validation_v20|ignite-custom-hybrid-address_validation_v20|class org.jenkinsci.plugins.workflow.multibranch.WorkflowMultiBranchProject
      1 CTO/Apigee-Hybrid/engineering/Build Custom Apigee Hybrid Proxy/ignite-custom-hybrid-address_validation_v10|ignite-custom-hybrid-address_validation_v10|class org.jenkinsci.plugins.workflow.multibranch.WorkflowMultiBranchProject
      1 CTO/Apigee-Hybrid/engineering/Build Custom Apigee Hybrid Proxy/ignite-custom-hybrid-address_validation_v10
      1 CTO/Apigee-Hybrid/engineering/Build Custom Apigee Hybrid Proxy/ignite-custom-hybrid-account_financial_inquiry_v10|ignite-custom-hybrid-account_financial_inquiry_v10|class org.jenkinsci.plugins.workflow.multibranch.WorkflowMultiBranchProject
      1 CTO/Apigee-Hybrid/engineering/Build Custom Apigee Hybrid Proxy/ignite-custom-hybrid-aca_access_enforcement_v1r|ignite-custom-hybrid-aca_access_enforcement_v1r|class org.jenkinsci.plugins.workflow.multibranch.WorkflowMultiBranchProject
      1 CTO/Apigee-Hybrid/engineering/Build Custom Apigee Hybrid Proxy/ignite-custom-hybrid-Clinicallibraryfavoriteapi_1.0.0v1|ignite-custom-hybrid-Clinicallibraryfavoriteapi_1.0.0v1|class org.jenkinsci.plugins.workflow.multibranch.WorkflowMultiBranchProject
