   9715 CTO/Apigee-Hybrid/engineering/Ignite Apigee Hybrid Proxy Deploy
   4233 CTO/Apigee-Hybrid/engineering/Deploy Apigee Hybrid Custom Proxy
   3801 CTO/Apigee-Hybrid/engineering/Build Custom Apigee Hybrid Proxy
   1098 CTO/Apigee-Hybrid/engineering/Apigee Hybrid DMZ Proxy Deploy
    450 CTO/Apigee-Hybrid/engineering/Hybrid test
    198 CTO/Apigee-Hybrid/engineering/Apigee Hybrid Proxy Deploy
    192 CTO/Apigee-Hybrid/engineering/Training - Build Only Job For Custom Apigee Hybrid Proxy
     83 CTO/Apigee-Hybrid/engineering/Training Standard Apigee Hybrid Proxy Build And Deploy
     32 CTO/Apigee-Hybrid/engineering/Training - Deploy Custom Apigee Hybrid Proxy
     31 CTO/Apigee-Hybrid/engineering/Apigee-Hybrid-Proxy-Deploy
     29 CTO/Apigee-Hybrid/engineering/Apigee Hybrid Admin Util
     28 CTO/Apigee-Hybrid/engineering/AMP-Config
     25 CTO/Apigee-Hybrid/engineering/Copy - Ignite Apigee Hybrid Proxy Deploy
     22 CTO/Apigee-Hybrid/engineering/Apigee Hybrid New Environment Bootstrap
     21 CTO/Apigee-Hybrid/engineering/hybrid-dmz-openapi2apigee-generator
     13 CTO/Apigee-Hybrid/engineering/Trigger Auto Deploys From Ignite
     12 CTO/Apigee-Hybrid/engineering/Test Webhook - 2 - Org folder
     11 CTO/Apigee-Hybrid/engineering/apigee-hybrid-automation-testsuite
     11 CTO/Apigee-Hybrid/engineering/Test Copy - Ignite Apigee Hybrid Proxy Deploy
      8 CTO/Apigee-Hybrid/engineering/KP-Custom-OpenAPI-Hybrid
      7 CTO/Apigee-Hybrid/engineering/test-apigee-hybrid-deployment
      7 CTO/Apigee-Hybrid/engineering/apigee-hybrid-dev-utils
      7 CTO/Apigee-Hybrid/engineering/KP-Custom-OpenAPI-Hybrid-V2
      5 CTO/Apigee-Hybrid/engineering/hybrid-nonKPD-openapi2apigee-generator-v2
      5 CTO/Apigee-Hybrid/engineering/Test Webhook - Org folder
      5 CTO/Apigee-Hybrid/engineering/Create External Proxy
      5 CTO/Apigee-Hybrid/engineering/AMP-AZ-DMZ-TEST-SF-Proxy
      4 CTO/Apigee-Hybrid/engineering/Training-apigee-hybrid-dev-utils
      4 CTO/Apigee-Hybrid/engineering/Test Ignite Hybrid Proxy Deployment -  KP-AMP-TRNG
      4 CTO/Apigee-Hybrid/engineering/Senthil
      2 CTO/Apigee-Hybrid/engineering/Training - External Proxies
      2 CTO/Apigee-Hybrid/engineering/Test Webhook  - SF Test Proxy Deploy Copy
      1 CTO/Apigee-Hybrid/engineering/test-apigee-hybrid-deployment|test-apigee-hybrid-deployment|class org.jenkinsci.plugins.workflow.multibranch.WorkflowMultiBranchProject
      1 CTO/Apigee-Hybrid/engineering/hybrid-openapi2apigee-generator|hybrid-openapi2apigee-generator|class org.jenkinsci.plugins.workflow.multibranch.WorkflowMultiBranchProject
      1 CTO/Apigee-Hybrid/engineering/hybrid-openapi2apigee-generator-v2|hybrid-openapi2apigee-generator-v2|class org.jenkinsci.plugins.workflow.multibranch.WorkflowMultiBranchProject
      1 CTO/Apigee-Hybrid/engineering/hybrid-openapi2apigee-generator-v2
      1 CTO/Apigee-Hybrid/engineering/hybrid-openapi2apigee-generator-lite|hybrid-openapi2apigee-generator-lite|class org.jenkinsci.plugins.workflow.multibranch.WorkflowMultiBranchProject
      1 CTO/Apigee-Hybrid/engineering/hybrid-openapi2apigee-generator-lite
      1 CTO/Apigee-Hybrid/engineering/hybrid-openapi2apigee-generator
      1 CTO/Apigee-Hybrid/engineering/hybrid-nonKPD-openapi2apigee-generator|hybrid-nonKPD-openapi2apigee-generator|class org.jenkinsci.plugins.workflow.multibranch.WorkflowMultiBranchProject
      1 CTO/Apigee-Hybrid/engineering/hybrid-nonKPD-openapi2apigee-generator-v2|hybrid-nonKPD-openapi2apigee-generator-v2|class org.jenkinsci.plugins.workflow.multibranch.WorkflowMultiBranchProject
      1 CTO/Apigee-Hybrid/engineering/hybrid-nonKPD-openapi2apigee-generator
      1 CTO/Apigee-Hybrid/engineering/hybrid-dmz-openapi2apigee-generator|hybrid-dmz-openapi2apigee-generator|class org.jenkinsci.plugins.workflow.multibranch.WorkflowMultiBranchProject
      1 CTO/Apigee-Hybrid/engineering/apigeehybrid-proxydeployment-util|apigeehybrid-proxydeployment-util|class org.jenkinsci.plugins.workflow.multibranch.WorkflowMultiBranchProject
      1 CTO/Apigee-Hybrid/engineering/apigeehybrid-proxydeployment-util
      1 CTO/Apigee-Hybrid/engineering/apigee-hybrid-dev-utils|apigee-hybrid-dev-utils|class org.jenkinsci.plugins.workflow.multibranch.WorkflowMultiBranchProject
      1 CTO/Apigee-Hybrid/engineering/apigee-hybrid-automation-testsuite|apigee-hybrid-automation-testsuite|class org.jenkinsci.plugins.workflow.multibranch.WorkflowMultiBranchProject
      1 CTO/Apigee-Hybrid/engineering/Training-apigee-hybrid-dev-utils|Training-apigee-hybrid-dev-utils|class org.jenkinsci.plugins.workflow.multibranch.WorkflowMultiBranchProject
      1 CTO/Apigee-Hybrid/engineering/Training Standard Apigee Hybrid Proxy Build And Deploy|Training Standard Apigee Hybrid Proxy Build And Deploy|class jenkins.branch.OrganizationFolder
      1 CTO/Apigee-Hybrid/engineering/Training - Deploy Custom Apigee Hybrid Proxy|Training - Deploy Custom Apigee Hybrid Proxy|class jenkins.branch.OrganizationFolder
      1 CTO/Apigee-Hybrid/engineering/Training - Build Only Job For Custom Apigee Hybrid Proxy|Training - Build Job For Custom Apigee Hybrid Proxy|class jenkins.branch.OrganizationFolder
      1 CTO/Apigee-Hybrid/engineering/Test Webhook - Org folder|Test Webhook - Org folder|class jenkins.branch.OrganizationFolder
      1 CTO/Apigee-Hybrid/engineering/Test Webhook - 2 - Org folder|Test Webhook - 2 - Org folder|class jenkins.branch.OrganizationFolder
      1 CTO/Apigee-Hybrid/engineering/Test Webhook  - SF Test Proxy Deploy Copy|Test Webhook - SF Test Proxy Deploy Copy|class org.jenkinsci.plugins.workflow.multibranch.WorkflowMultiBranchProject
      1 CTO/Apigee-Hybrid/engineering/Test Ignite Hybrid Proxy Deployment -  KP-AMP-TRNG|Test Ignite Hybrid Proxy Deployment -  KP-AMP-TRNG|class jenkins.branch.OrganizationFolder
      1 CTO/Apigee-Hybrid/engineering/Test Copy - Ignite Apigee Hybrid Proxy Deploy|Test Copy - Ignite Apigee Hybrid Proxy Deploy|class jenkins.branch.OrganizationFolder
      1 CTO/Apigee-Hybrid/engineering/KP-Custom-OpenAPI-Hybrid|KP-Custom-OpenAPI-Hybrid|class org.jenkinsci.plugins.workflow.multibranch.WorkflowMultiBranchProject
      1 CTO/Apigee-Hybrid/engineering/KP-Custom-OpenAPI-Hybrid-V2|KP-Custom-OpenAPI-Hybrid-V2|class org.jenkinsci.plugins.workflow.multibranch.WorkflowMultiBranchProject
      1 CTO/Apigee-Hybrid/engineering/Ignite Apigee Hybrid Proxy Deploy|Ignite Apigee Hybrid Proxy Deploy|class jenkins.branch.OrganizationFolder
      1 CTO/Apigee-Hybrid/engineering/Hybrid test|Apigee Hybrid Deploy - SF|class jenkins.branch.OrganizationFolder
      1 CTO/Apigee-Hybrid/engineering/Deploy Apigee Hybrid Custom Proxy|Deploy Apigee Hybrid Custom Proxy|class jenkins.branch.OrganizationFolder
      1 CTO/Apigee-Hybrid/engineering/Copy - Ignite Apigee Hybrid Proxy Deploy|Copy - Ignite Apigee Hybrid Proxy Deploy|class jenkins.branch.OrganizationFolder
      1 CTO/Apigee-Hybrid/engineering/Build Custom Apigee Hybrid Proxy|Build Custom Apigee Hybrid Proxy|class jenkins.branch.OrganizationFolder
      1 CTO/Apigee-Hybrid/engineering/Apigee-Hybrid-Proxy-Deploy|Apigee Hybrid SF Test Proxy Deploy|class jenkins.branch.OrganizationFolder
      1 CTO/Apigee-Hybrid/engineering/Apigee Hybrid Proxy Deploy|Apigee Hybrid Proxy Deploy|class jenkins.branch.OrganizationFolder
      1 CTO/Apigee-Hybrid/engineering/Apigee Hybrid DMZ Proxy Deploy|Apigee Hybrid DMZ Proxy Deploy|class jenkins.branch.OrganizationFolder
      1 CTO/Apigee-Hybrid/engineering/AMP-AZ-DMZ-TEST-SF-Proxy|AMP-AZ-DMZ-TEST-SF-Proxy|class jenkins.branch.OrganizationFolder
    180 CTO/CTO-IA/Apigee-Proxy-Automated-New/apigee-kpmc_member_inquiry_v2_2
     40 CTO/CTO-IA/Apigee-Proxy-Automated-New/apigee-kpmc_member_enroll_v1
     40 CTO/CTO-IA/Apigee-Proxy-Automated-New/apigee-kphc_notes_comments_api_v20
     38 CTO/CTO-IA/Apigee-Proxy-Automated-New/apigee-cas_amp_npt_v2r
     33 CTO/CTO-IA/Apigee-Proxy-Automated-New/apigee-AMP-Splunk-Proxy
     32 CTO/CTO-IA/Apigee-Proxy-Automated-New/apigee-cas_soap_test_v1
     30 CTO/CTO-IA/Apigee-Proxy-Automated-New/apigee-kphc_adt_events_api_v20
     29 CTO/CTO-IA/Apigee-Proxy-Automated-New/apigee-cas_amp_pt_v2r
     29 CTO/CTO-IA/Apigee-Proxy-Automated-New/apigee-ars_idw_integration
     27 CTO/CTO-IA/Apigee-Proxy-Automated-New/apigee-epims_epr_ecompatient_s_v10s
     26 CTO/CTO-IA/Apigee-Proxy-Automated-New/apigee-epic_patient_access_mobile_services_v2013m
     26 CTO/CTO-IA/Apigee-Proxy-Automated-New/apigee-empi_service_api
     25 CTO/CTO-IA/Apigee-Proxy-Automated-New/apigee-shp_data_acceptor_v1
     24 CTO/CTO-IA/Apigee-Proxy-Automated-New/apigee-kphc_get_problem_list_v1
     24 CTO/CTO-IA/Apigee-Proxy-Automated-New/apigee-epharmacy_placer_order_v1c
     23 CTO/CTO-IA/Apigee-Proxy-Automated-New/apigee-kphc_get_demographics_v3
     23 CTO/CTO-IA/Apigee-Proxy-Automated-New/apigee-kphc_get_appt_home_v1
     22 CTO/CTO-IA/Apigee-Proxy-Automated-New/apigee-epic_patient_access_mobile_services_v2016m
     22 CTO/CTO-IA/Apigee-Proxy-Automated-New/apigee-epic_edi_fhir_allergy_intolerance_vdstu2r
     21 CTO/CTO-IA/Apigee-Proxy-Automated-New/apigee-kphc_patient_vital_signs_api_v30
     21 CTO/CTO-IA/Apigee-Proxy-Automated-New/apigee-kphc_patient_care_team_v1
     21 CTO/CTO-IA/Apigee-Proxy-Automated-New/apigee-kphc_adt_orders_api_v30
     21 CTO/CTO-IA/Apigee-Proxy-Automated-New/apigee-epic_edi_fhir_oauth2_services_api_v2014r
     21 CTO/CTO-IA/Apigee-Proxy-Automated-New/apigee-dpt_user_registration_v101
     21 CTO/CTO-IA/Apigee-Proxy-Automated-New/apigee-dnp_notification_v2c
     21 CTO/CTO-IA/Apigee-Proxy-Automated-New/apigee-atlas_get_token_v20r
     20 CTO/CTO-IA/Apigee-Proxy-Automated-New/apigee-qmsidispensernw_v10
     20 CTO/CTO-IA/Apigee-Proxy-Automated-New/apigee-my_kp_application_v1r
     20 CTO/CTO-IA/Apigee-Proxy-Automated-New/apigee-kpmc_member_request_v1
     20 CTO/CTO-IA/Apigee-Proxy-Automated-New/apigee-epic_patient_access_ws_v51
     20 CTO/CTO-IA/Apigee-Proxy-Automated-New/apigee-epic_patient_access_mobile_services_v2013
     20 CTO/CTO-IA/Apigee-Proxy-Automated-New/apigee-epic_common_gs_user_accessnow_v2011
     20 CTO/CTO-IA/Apigee-Proxy-Automated-New/apigee-epic_clinical_gs_voiceassistant_services_v2019r
     19 CTO/CTO-IA/Apigee-Proxy-Automated-New/apigee-prometheus_query_r_v1
     19 CTO/CTO-IA/Apigee-Proxy-Automated-New/apigee-payment_posting_integration_v1rc
     19 CTO/CTO-IA/Apigee-Proxy-Automated-New/apigee-kphc_store_document_v2
     19 CTO/CTO-IA/Apigee-Proxy-Automated-New/apigee-kphc_patient_care_team_v4
     19 CTO/CTO-IA/Apigee-Proxy-Automated-New/apigee-kphc_get_referral_claims_v3
     19 CTO/CTO-IA/Apigee-Proxy-Automated-New/apigee-kphc_get_encounters_v2
     19 CTO/CTO-IA/Apigee-Proxy-Automated-New/apigee-kphc_get_documents_v3m
     19 CTO/CTO-IA/Apigee-Proxy-Automated-New/apigee-kphc_core_patient_objects_aacc
     19 CTO/CTO-IA/Apigee-Proxy-Automated-New/apigee-epic_patientaccess_gs_external_dexcare_v2014r
     19 CTO/CTO-IA/Apigee-Proxy-Automated-New/apigee-epic_clinical_gs_utility_services_v2013a
     19 CTO/CTO-IA/Apigee-Proxy-Automated-New/apigee-epic_billing_gs_account_services_v2012
     18 CTO/CTO-IA/Apigee-Proxy-Automated-New/apigee-oregon_alert_iis_vaccination_v2011
     18 CTO/CTO-IA/Apigee-Proxy-Automated-New/apigee-kphc_get_appt_details_v4
     18 CTO/CTO-IA/Apigee-Proxy-Automated-New/apigee-identity_hub_v20
     18 CTO/CTO-IA/Apigee-Proxy-Automated-New/apigee-epic_managed_care_account_services_v2010
     18 CTO/CTO-IA/Apigee-Proxy-Automated-New/apigee-epic_edi_fhir_services_api_v2014r
     18 CTO/CTO-IA/Apigee-Proxy-Automated-New/apigee-epic_edi_fhir_observation_vdstu2r
     18 CTO/CTO-IA/Apigee-Proxy-Automated-New/apigee-epic_edi_fhir_medication_vdstu2r
     18 CTO/CTO-IA/Apigee-Proxy-Automated-New/apigee-epic_edi_fhir_medication_order_vdstu2r
     18 CTO/CTO-IA/Apigee-Proxy-Automated-New/apigee-epic_edi_fhir_diagnostic_report_vdstu2r
     18 CTO/CTO-IA/Apigee-Proxy-Automated-New/apigee-epic_common_web_services_v2016m
     17 CTO/CTO-IA/Apigee-Proxy-Automated-New/apigee-vers_login_v10
     17 CTO/CTO-IA/Apigee-Proxy-Automated-New/apigee-proxy_management_v1
     17 CTO/CTO-IA/Apigee-Proxy-Automated-New/apigee-kpmc_member_lookup_v2
     17 CTO/CTO-IA/Apigee-Proxy-Automated-New/apigee-kphc_orders_v2
     17 CTO/CTO-IA/Apigee-Proxy-Automated-New/apigee-kphc_medications_v5
     17 CTO/CTO-IA/Apigee-Proxy-Automated-New/apigee-kphc_get_encounters_v1
     17 CTO/CTO-IA/Apigee-Proxy-Automated-New/apigee-epims_eps_outbound_patient_message_v40
     17 CTO/CTO-IA/Apigee-Proxy-Automated-New/apigee-epims_epr_ecompatient_s_v9s
     17 CTO/CTO-IA/Apigee-Proxy-Automated-New/apigee-epic_patient_access_mobile_services_v2016
     17 CTO/CTO-IA/Apigee-Proxy-Automated-New/apigee-epic_edi_fhir_procedure_vdstu2r
     17 CTO/CTO-IA/Apigee-Proxy-Automated-New/apigee-epic_edi_fhir_patient_vdstu2r
     17 CTO/CTO-IA/Apigee-Proxy-Automated-New/apigee-dms_doc_gen_v10
     17 CTO/CTO-IA/Apigee-Proxy-Automated-New/apigee-contract_production_decision_v1r
     17 CTO/CTO-IA/Apigee-Proxy-Automated-New/apigee-colorado_iis_v2011
     17 CTO/CTO-IA/Apigee-Proxy-Automated-New/apigee-cdads_owl_bff_api_v10r
     16 CTO/CTO-IA/Apigee-Proxy-Automated-New/apigee-vers_ows_v10
     16 CTO/CTO-IA/Apigee-Proxy-Automated-New/apigee-member_web_v44
     16 CTO/CTO-IA/Apigee-Proxy-Automated-New/apigee-kpmc_cam_group_sor_v1r
     16 CTO/CTO-IA/Apigee-Proxy-Automated-New/apigee-kphc_secure_message_v1
     16 CTO/CTO-IA/Apigee-Proxy-Automated-New/apigee-kphc_get_patient_care_team_v1
     16 CTO/CTO-IA/Apigee-Proxy-Automated-New/apigee-facility_census_service_api
     16 CTO/CTO-IA/Apigee-Proxy-Automated-New/apigee-epic_security_gs_personnel_management_accessnow_v2014soap12
     16 CTO/CTO-IA/Apigee-Proxy-Automated-New/apigee-epic_patient_access_v51
     16 CTO/CTO-IA/Apigee-Proxy-Automated-New/apigee-epic_patient_access_services_v2009
     16 CTO/CTO-IA/Apigee-Proxy-Automated-New/apigee-epic_informatics_gs_order_services_v2014
     16 CTO/CTO-IA/Apigee-Proxy-Automated-New/apigee-epic_haiku_canto_mobile_v30r
     16 CTO/CTO-IA/Apigee-Proxy-Automated-New/apigee-epic_haiku_canto_listener_v30
     16 CTO/CTO-IA/Apigee-Proxy-Automated-New/apigee-epic_empi_gs_patient_services_v2012
     16 CTO/CTO-IA/Apigee-Proxy-Automated-New/apigee-epic_edi_fhir_medication_statement_vdstu2r
     16 CTO/CTO-IA/Apigee-Proxy-Automated-New/apigee-epic_core_services_accessnow_v200804
     16 CTO/CTO-IA/Apigee-Proxy-Automated-New/apigee-epic_billing_gs_patient_v2011
     16 CTO/CTO-IA/Apigee-Proxy-Automated-New/apigee-cdtssp_kp_ambassador_v1r
     15 CTO/CTO-IA/Apigee-Proxy-Automated-New/apigee-storeinformation_v40
     15 CTO/CTO-IA/Apigee-Proxy-Automated-New/apigee-myhr_oracle_hcm_bip_external_report_v10
     15 CTO/CTO-IA/Apigee-Proxy-Automated-New/apigee-member_termination_v1
     15 CTO/CTO-IA/Apigee-Proxy-Automated-New/apigee-mbrshp_bff_ssgroupservice_v1r
     15 CTO/CTO-IA/Apigee-Proxy-Automated-New/apigee-kpmc_reftypesbff_ba_service
     15 CTO/CTO-IA/Apigee-Proxy-Automated-New/apigee-kphc_store_document_v3m
     15 CTO/CTO-IA/Apigee-Proxy-Automated-New/apigee-kphc_send_inbasket_message_v1
     15 CTO/CTO-IA/Apigee-Proxy-Automated-New/apigee-kphc_patient_care_team_v4r
     15 CTO/CTO-IA/Apigee-Proxy-Automated-New/apigee-kphc_medications_v3
     15 CTO/CTO-IA/Apigee-Proxy-Automated-New/apigee-kphc_lsp_application_v10r_c
     15 CTO/CTO-IA/Apigee-Proxy-Automated-New/apigee-kphc_get_hosp_billing_account_v1
     15 CTO/CTO-IA/Apigee-Proxy-Automated-New/apigee-kphc_get_encounters_v3
     15 CTO/CTO-IA/Apigee-Proxy-Automated-New/apigee-kphc_get_demographics_v1
     15 CTO/CTO-IA/Apigee-Proxy-Automated-New/apigee-kphc_get_blank_questionnaire_v1
     15 CTO/CTO-IA/Apigee-Proxy-Automated-New/apigee-kphc_encounters_v4
     15 CTO/CTO-IA/Apigee-Proxy-Automated-New/apigee-kp_splunk_r_api_v10
     15 CTO/CTO-IA/Apigee-Proxy-Automated-New/apigee-epims_rms_inventory_custom_s_v2s
     15 CTO/CTO-IA/Apigee-Proxy-Automated-New/apigee-epic_security_gs_personnel_management_accessnow_v2014
     15 CTO/CTO-IA/Apigee-Proxy-Automated-New/apigee-epic_revenue_gs_member_services_v2019r
     15 CTO/CTO-IA/Apigee-Proxy-Automated-New/apigee-epic_patient_access_gs_patient_v2018
     15 CTO/CTO-IA/Apigee-Proxy-Automated-New/apigee-epic_haiku_canto_o_auth2v30r
     15 CTO/CTO-IA/Apigee-Proxy-Automated-New/apigee-epic_edi_fhir_immunization_vdstu2r
     15 CTO/CTO-IA/Apigee-Proxy-Automated-New/apigee-epic_edi_fhir_condition_vdstu2r
     15 CTO/CTO-IA/Apigee-Proxy-Automated-New/apigee-epic_community_empi_services_v200405
     15 CTO/CTO-IA/Apigee-Proxy-Automated-New/apigee-epic_common_gs_patient_services_v2010
     15 CTO/CTO-IA/Apigee-Proxy-Automated-New/apigee-epic_clinical_gs_patient_v2011
     15 CTO/CTO-IA/Apigee-Proxy-Automated-New/apigee-epic_access_gs_patient_services_v2014a
     15 CTO/CTO-IA/Apigee-Proxy-Automated-New/apigee-epic_access_gs_patient_service_v2014
     15 CTO/CTO-IA/Apigee-Proxy-Automated-New/apigee-emws_inbound_v1
     15 CTO/CTO-IA/Apigee-Proxy-Automated-New/apigee-empi_xpath_test_v1s
     15 CTO/CTO-IA/Apigee-Proxy-Automated-New/apigee-elentra_services_v1
     15 CTO/CTO-IA/Apigee-Proxy-Automated-New/apigee-dpt_notification_platform_event_v1
     15 CTO/CTO-IA/Apigee-Proxy-Automated-New/apigee-cost_model_web_v10
     15 CTO/CTO-IA/Apigee-Proxy-Automated-New/apigee-cms_pecos_v1r
     15 CTO/CTO-IA/Apigee-Proxy-Automated-New/apigee-cdads_clinical_library_federated_search_v10r
     14 CTO/CTO-IA/Apigee-Proxy-Automated-New/apigee-vers_health_insurance_v10
     14 CTO/CTO-IA/Apigee-Proxy-Automated-New/apigee-unit4_services_v1
     14 CTO/CTO-IA/Apigee-Proxy-Automated-New/apigee-phosphorus_v1r
     14 CTO/CTO-IA/Apigee-Proxy-Automated-New/apigee-nw_esb_kphc_document_delivery_api_v10r
     14 CTO/CTO-IA/Apigee-Proxy-Automated-New/apigee-myhr_oracle_hcm_catalog_web_v10
     14 CTO/CTO-IA/Apigee-Proxy-Automated-New/apigee-member_update_v1
     14 CTO/CTO-IA/Apigee-Proxy-Automated-New/apigee-member_demographics_update_v1
     14 CTO/CTO-IA/Apigee-Proxy-Automated-New/apigee-md_guidelines_v2r
     14 CTO/CTO-IA/Apigee-Proxy-Automated-New/apigee-kpmc_evidence_of_coverage_bff_v1r
     14 CTO/CTO-IA/Apigee-Proxy-Automated-New/apigee-kpmc_documents_internal_bff_v1
     14 CTO/CTO-IA/Apigee-Proxy-Automated-New/apigee-kpmc_dafe_acknowledgement_message_v10r
     14 CTO/CTO-IA/Apigee-Proxy-Automated-New/apigee-kphc_scaffold_v1
     14 CTO/CTO-IA/Apigee-Proxy-Automated-New/apigee-kphc_provisioning_tools_accessnow_v1
     14 CTO/CTO-IA/Apigee-Proxy-Automated-New/apigee-kphc_lab_orders_v5
     14 CTO/CTO-IA/Apigee-Proxy-Automated-New/apigee-kphc_encounters_v2
     14 CTO/CTO-IA/Apigee-Proxy-Automated-New/apigee-kp_splunk_server_info_r_v10
     14 CTO/CTO-IA/Apigee-Proxy-Automated-New/apigee-epims_epr_ecompatient_v7
     14 CTO/CTO-IA/Apigee-Proxy-Automated-New/apigee-epims_dispenser_v40
     14 CTO/CTO-IA/Apigee-Proxy-Automated-New/apigee-epic_security_gs_personnel_management_accessnow_v2016
     14 CTO/CTO-IA/Apigee-Proxy-Automated-New/apigee-epic_scheduling_gs_provider_services_v2012
     14 CTO/CTO-IA/Apigee-Proxy-Automated-New/apigee-epic_scheduling_gs_patient_services_v2017
     14 CTO/CTO-IA/Apigee-Proxy-Automated-New/apigee-epic_scheduling_gs_patient_services_v2012
     14 CTO/CTO-IA/Apigee-Proxy-Automated-New/apigee-epic_patientaccess_gs_external_dexcare_v2012r
     14 CTO/CTO-IA/Apigee-Proxy-Automated-New/apigee-epic_empi_gs_patient_services_v2012a
     14 CTO/CTO-IA/Apigee-Proxy-Automated-New/apigee-epic_common_web_services_v2014
     14 CTO/CTO-IA/Apigee-Proxy-Automated-New/apigee-epic_clinical_gs_patient_services_v2012
     14 CTO/CTO-IA/Apigee-Proxy-Automated-New/apigee-epic_billing_external_v2017r
     14 CTO/CTO-IA/Apigee-Proxy-Automated-New/apigee-common_provider_master_data_v10r
     14 CTO/CTO-IA/Apigee-Proxy-Automated-New/apigee-cas_amp_validation_v1s
     14 CTO/CTO-IA/Apigee-Proxy-Automated-New/apigee-atlas_application_full_report_v2r
     13 CTO/CTO-IA/Apigee-Proxy-Automated-New/apigee-my_checkup_v10rc
     13 CTO/CTO-IA/Apigee-Proxy-Automated-New/apigee-member_lookup_v21
     13 CTO/CTO-IA/Apigee-Proxy-Automated-New/apigee-kpmc_member_update_v2_services
     13 CTO/CTO-IA/Apigee-Proxy-Automated-New/apigee-kphc_text_message_option_v1
     13 CTO/CTO-IA/Apigee-Proxy-Automated-New/apigee-kphc_put_questionnaire_v1
     13 CTO/CTO-IA/Apigee-Proxy-Automated-New/apigee-kphc_medical_conditions_v4
     13 CTO/CTO-IA/Apigee-Proxy-Automated-New/apigee-kphc_get_user_base_deployment_v1
     13 CTO/CTO-IA/Apigee-Proxy-Automated-New/apigee-kphc_get_guarantor_patient_list_v2
     13 CTO/CTO-IA/Apigee-Proxy-Automated-New/apigee-kphc_get_appt_details_v1
     13 CTO/CTO-IA/Apigee-Proxy-Automated-New/apigee-kphc_facility_census_api_v20
     13 CTO/CTO-IA/Apigee-Proxy-Automated-New/apigee-kphc_encounters_v1
     13 CTO/CTO-IA/Apigee-Proxy-Automated-New/apigee-kphc_demographics_edip_v10
     13 CTO/CTO-IA/Apigee-Proxy-Automated-New/apigee-family_inquiry_v10
     13 CTO/CTO-IA/Apigee-Proxy-Automated-New/apigee-epic_security_gs_personnel_management_accessnow_v2015
     13 CTO/CTO-IA/Apigee-Proxy-Automated-New/apigee-epic_security_gs_personnel_management_accessnow_v2012
     13 CTO/CTO-IA/Apigee-Proxy-Automated-New/apigee-epic_scheduling_gs_patient_services_v2014
     13 CTO/CTO-IA/Apigee-Proxy-Automated-New/apigee-epic_patient_access_gs_external_services_v2014
     13 CTO/CTO-IA/Apigee-Proxy-Automated-New/apigee-epic_notification_broker_v2017r
     13 CTO/CTO-IA/Apigee-Proxy-Automated-New/apigee-epic_edi_xml_sure_scripts_receiver_services_v2015r
     13 CTO/CTO-IA/Apigee-Proxy-Automated-New/apigee-epic_edi_fhir_metadata_vdstu2r
     13 CTO/CTO-IA/Apigee-Proxy-Automated-New/apigee-epic_clinical_services_v2009
     13 CTO/CTO-IA/Apigee-Proxy-Automated-New/apigee-epic_billing_gs_account_services_v2012r
     13 CTO/CTO-IA/Apigee-Proxy-Automated-New/apigee-epic_access_gs_referral_services_v2012
     13 CTO/CTO-IA/Apigee-Proxy-Automated-New/apigee-choose_your_doctor_v1
     13 CTO/CTO-IA/Apigee-Proxy-Automated-New/apigee-cdads_cyclecount_v10r
     13 CTO/CTO-IA/Apigee-Proxy-Automated-New/apigee-cair_iz_portal_v10
     13 CTO/CTO-IA/Apigee-Proxy-Automated-New/apigee-cafm_building_information_v10
     12 CTO/CTO-IA/Apigee-Proxy-Automated-New/apigee-vers_retail_v10
     12 CTO/CTO-IA/Apigee-Proxy-Automated-New/apigee-vers_patient_v10
     12 CTO/CTO-IA/Apigee-Proxy-Automated-New/apigee-one_health_port_api_v1r
     12 CTO/CTO-IA/Apigee-Proxy-Automated-New/apigee-nquiry_request_v1
     12 CTO/CTO-IA/Apigee-Proxy-Automated-New/apigee-myhr_oracle_hcm_data_loader_v10
     12 CTO/CTO-IA/Apigee-Proxy-Automated-New/apigee-myhr_nw_attendance_listener_v10
     12 CTO/CTO-IA/Apigee-Proxy-Automated-New/apigee-my_kp_public_search_api_v10r
     12 CTO/CTO-IA/Apigee-Proxy-Automated-New/apigee-kpmc_member_lookup_v2_1
     12 CTO/CTO-IA/Apigee-Proxy-Automated-New/apigee-kpmc_cam_member_sor_v10r
     12 CTO/CTO-IA/Apigee-Proxy-Automated-New/apigee-kphc_surgery_v1
     12 CTO/CTO-IA/Apigee-Proxy-Automated-New/apigee-kphc_set_visit_contact_info_v1
     12 CTO/CTO-IA/Apigee-Proxy-Automated-New/apigee-kphc_patient_verification_v1
     12 CTO/CTO-IA/Apigee-Proxy-Automated-New/apigee-kphc_get_provider_info_v3
     12 CTO/CTO-IA/Apigee-Proxy-Automated-New/apigee-kphc_get_guarantor_account_v1
     12 CTO/CTO-IA/Apigee-Proxy-Automated-New/apigee-kphc_get_appt_details_v3
     12 CTO/CTO-IA/Apigee-Proxy-Automated-New/apigee-kphc_get_appointments_v1
     12 CTO/CTO-IA/Apigee-Proxy-Automated-New/apigee-kpcc_kphc_get_coverages_v10
     12 CTO/CTO-IA/Apigee-Proxy-Automated-New/apigee-kpcc_kphc_get_coverages_api_v20
     12 CTO/CTO-IA/Apigee-Proxy-Automated-New/apigee-kpcc_get_claim_detail_v4
     12 CTO/CTO-IA/Apigee-Proxy-Automated-New/apigee-kpaths_provider_v14rc
     12 CTO/CTO-IA/Apigee-Proxy-Automated-New/apigee-kpaths_booking_v22rc
     12 CTO/CTO-IA/Apigee-Proxy-Automated-New/apigee-kp_cframe_api_v10
     12 CTO/CTO-IA/Apigee-Proxy-Automated-New/apigee-knapp_dispenser_sca_v1
     12 CTO/CTO-IA/Apigee-Proxy-Automated-New/apigee-hawaii_iis_v2011
     12 CTO/CTO-IA/Apigee-Proxy-Automated-New/apigee-epic_security_gs_personnel_management_v2017
     12 CTO/CTO-IA/Apigee-Proxy-Automated-New/apigee-epic_scheduling_gs_patient_services_v2011
     12 CTO/CTO-IA/Apigee-Proxy-Automated-New/apigee-epic_proxy_activation_v1
     12 CTO/CTO-IA/Apigee-Proxy-Automated-New/apigee-epic_patient_access_mobile_services_v2018r
     12 CTO/CTO-IA/Apigee-Proxy-Automated-New/apigee-epic_edi_xml_ncpdp_receiver_services_v2017r
     12 CTO/CTO-IA/Apigee-Proxy-Automated-New/apigee-epic_edi_xml_ncpdp_receiver_services_v2015r
     12 CTO/CTO-IA/Apigee-Proxy-Automated-New/apigee-epic_common_services_v200804
     12 CTO/CTO-IA/Apigee-Proxy-Automated-New/apigee-epic_common_gs_utility_services_v2017
     12 CTO/CTO-IA/Apigee-Proxy-Automated-New/apigee-epic_clinical_notes_services_v2017r
     12 CTO/CTO-IA/Apigee-Proxy-Automated-New/apigee-epic_clinical_gs_patient_services_v2013
     12 CTO/CTO-IA/Apigee-Proxy-Automated-New/apigee-epic_billing_gs_account_services_v2012a
     12 CTO/CTO-IA/Apigee-Proxy-Automated-New/apigee-epic_access_gs_patient_services_v2012
     12 CTO/CTO-IA/Apigee-Proxy-Automated-New/apigee-bpa_api_v10r
     12 CTO/CTO-IA/Apigee-Proxy-Automated-New/apigee-autocal_insulin_infusion_calculator_v20
     12 CTO/CTO-IA/Apigee-Proxy-Automated-New/apigee-appointment_scheduling_service_v6
     12 CTO/CTO-IA/Apigee-Proxy-Automated-New/apigee-account_financial_inquiry_v10
     11 CTO/CTO-IA/Apigee-Proxy-Automated-New/apigee-vers_booking_v10
     11 CTO/CTO-IA/Apigee-Proxy-Automated-New/apigee-survey_connect_patient_encounter_v1r
     11 CTO/CTO-IA/Apigee-Proxy-Automated-New/apigee-ride_iz_portal_v1
     11 CTO/CTO-IA/Apigee-Proxy-Automated-New/apigee-pharmacy_mobile_checkin_v1rc
     11 CTO/CTO-IA/Apigee-Proxy-Automated-New/apigee-nps_hbaf_report_v1r
     11 CTO/CTO-IA/Apigee-Proxy-Automated-New/apigee-member_request_v1
     11 CTO/CTO-IA/Apigee-Proxy-Automated-New/apigee-mbe_medicare_enrollment_request_v1
     11 CTO/CTO-IA/Apigee-Proxy-Automated-New/apigee-kpmc_tap_mem_kafka_rest_proxy_v1r
     11 CTO/CTO-IA/Apigee-Proxy-Automated-New/apigee-kpmc_quick_viewbff
     11 CTO/CTO-IA/Apigee-Proxy-Automated-New/apigee-kpmc_ormb_membership_v1
     11 CTO/CTO-IA/Apigee-Proxy-Automated-New/apigee-kphc_store_document_legacy_v3
     11 CTO/CTO-IA/Apigee-Proxy-Automated-New/apigee-kphc_store_document_legacy_v2
     11 CTO/CTO-IA/Apigee-Proxy-Automated-New/apigee-kphc_radiology_orders_v5
     11 CTO/CTO-IA/Apigee-Proxy-Automated-New/apigee-kphc_radiology_orders_v1
     11 CTO/CTO-IA/Apigee-Proxy-Automated-New/apigee-kphc_radiology_exam_list_v1
     11 CTO/CTO-IA/Apigee-Proxy-Automated-New/apigee-kphc_procedure_orders_v1
     11 CTO/CTO-IA/Apigee-Proxy-Automated-New/apigee-kphc_patient_care_team_v3
     11 CTO/CTO-IA/Apigee-Proxy-Automated-New/apigee-kphc_medical_conditions_v4r
     11 CTO/CTO-IA/Apigee-Proxy-Automated-New/apigee-kphc_lab_orders_v3
     11 CTO/CTO-IA/Apigee-Proxy-Automated-New/apigee-kphc_get_registry_v1r
     11 CTO/CTO-IA/Apigee-Proxy-Automated-New/apigee-kphc_get_referrals_clinical_v1
     11 CTO/CTO-IA/Apigee-Proxy-Automated-New/apigee-kphc_get_referral_claims_v30
     11 CTO/CTO-IA/Apigee-Proxy-Automated-New/apigee-kphc_get_prescription_v2
     11 CTO/CTO-IA/Apigee-Proxy-Automated-New/apigee-kphc_get_guarantor_patient_list_v1
     11 CTO/CTO-IA/Apigee-Proxy-Automated-New/apigee-kphc_get_demographics_v2
     11 CTO/CTO-IA/Apigee-Proxy-Automated-New/apigee-kphc_get_appt_details_v25
     11 CTO/CTO-IA/Apigee-Proxy-Automated-New/apigee-kphc_demographics_v1
     11 CTO/CTO-IA/Apigee-Proxy-Automated-New/apigee-kpcc_get_claim_summary_v3
     11 CTO/CTO-IA/Apigee-Proxy-Automated-New/apigee-kpcc_get_claim_detail_v3
     11 CTO/CTO-IA/Apigee-Proxy-Automated-New/apigee-kpcc_accum_detail_v1
     11 CTO/CTO-IA/Apigee-Proxy-Automated-New/apigee-kpaths_scripts_v15r
     11 CTO/CTO-IA/Apigee-Proxy-Automated-New/apigee-kp_messaging_workflow_v1
     11 CTO/CTO-IA/Apigee-Proxy-Automated-New/apigee-hcm_kp_cframe_seniority_date_r_v10
     11 CTO/CTO-IA/Apigee-Proxy-Automated-New/apigee-epims_get_well_v1r
     11 CTO/CTO-IA/Apigee-Proxy-Automated-New/apigee-epims_cm_benefits_v5
     11 CTO/CTO-IA/Apigee-Proxy-Automated-New/apigee-epic_scheduling_gs_provider_services_v2017
     11 CTO/CTO-IA/Apigee-Proxy-Automated-New/apigee-epic_revenue_utility_services_v2020r
     11 CTO/CTO-IA/Apigee-Proxy-Automated-New/apigee-epic_proxy_activation_ws_v1
     11 CTO/CTO-IA/Apigee-Proxy-Automated-New/apigee-epic_patient_access_mobile_services_v2020
     11 CTO/CTO-IA/Apigee-Proxy-Automated-New/apigee-epic_patient_access_gs_utility_services_v2012
     11 CTO/CTO-IA/Apigee-Proxy-Automated-New/apigee-epic_patient_access_gs_account_v2018r
     11 CTO/CTO-IA/Apigee-Proxy-Automated-New/apigee-epic_patient_access_gs_account_v2018
     11 CTO/CTO-IA/Apigee-Proxy-Automated-New/apigee-epic_mychart_mobile_services_v2020r
     11 CTO/CTO-IA/Apigee-Proxy-Automated-New/apigee-epic_interconnect_diagnostics_services_v200908
     11 CTO/CTO-IA/Apigee-Proxy-Automated-New/apigee-epic_empi_nooam_v5
     11 CTO/CTO-IA/Apigee-Proxy-Automated-New/apigee-epic_common_gs_user_services_v2011
     11 CTO/CTO-IA/Apigee-Proxy-Automated-New/apigee-epic_clinical_notes_external_v2017r
     11 CTO/CTO-IA/Apigee-Proxy-Automated-New/apigee-epic_clinical_gs_patient_external_v2011
     11 CTO/CTO-IA/Apigee-Proxy-Automated-New/apigee-epic_clinical_gs_order_services_v2011
     11 CTO/CTO-IA/Apigee-Proxy-Automated-New/apigee-epic_access_gs_patient_services_v2014b
     11 CTO/CTO-IA/Apigee-Proxy-Automated-New/apigee-atlas_update_v20r
     11 CTO/CTO-IA/Apigee-Proxy-Automated-New/apigee-address_validation_v20
     11 CTO/CTO-IA/Apigee-Proxy-Automated-New/apigee-ada_health_session_id_v1r
     10 CTO/CTO-IA/Apigee-Proxy-Automated-New/apigee-washington_child_profile_v1r
     10 CTO/CTO-IA/Apigee-Proxy-Automated-New/apigee-tms_familyinquiry_v10
     10 CTO/CTO-IA/Apigee-Proxy-Automated-New/apigee-qmsidispenser_ma_v10
     10 CTO/CTO-IA/Apigee-Proxy-Automated-New/apigee-qmsi_dispenser_nca_v1
     10 CTO/CTO-IA/Apigee-Proxy-Automated-New/apigee-outpatient_dashboard_r_v10
     10 CTO/CTO-IA/Apigee-Proxy-Automated-New/apigee-oregon_alert_iis_v2011
     10 CTO/CTO-IA/Apigee-Proxy-Automated-New/apigee-member_inquiry_v2
     10 CTO/CTO-IA/Apigee-Proxy-Automated-New/apigee-member_enrollment_v1
     10 CTO/CTO-IA/Apigee-Proxy-Automated-New/apigee-member_enrollment_ncal_v1
     10 CTO/CTO-IA/Apigee-Proxy-Automated-New/apigee-kpmc_ormb_customer_v1
     10 CTO/CTO-IA/Apigee-Proxy-Automated-New/apigee-kpmc_cam_router_bff_v10r
     10 CTO/CTO-IA/Apigee-Proxy-Automated-New/apigee-kphc_set_patient_score_v1
     10 CTO/CTO-IA/Apigee-Proxy-Automated-New/apigee-kphc_set_nquiry_status_v1
     10 CTO/CTO-IA/Apigee-Proxy-Automated-New/apigee-kphc_set_conference_status_v1
     10 CTO/CTO-IA/Apigee-Proxy-Automated-New/apigee-kphc_patient_vital_signs_v4
     10 CTO/CTO-IA/Apigee-Proxy-Automated-New/apigee-kphc_patient_notes_v2
     10 CTO/CTO-IA/Apigee-Proxy-Automated-New/apigee-kphc_patient_care_team_oppr_v1
     10 CTO/CTO-IA/Apigee-Proxy-Automated-New/apigee-kphc_operating_room_checklist_application_v1
     10 CTO/CTO-IA/Apigee-Proxy-Automated-New/apigee-kphc_medical_conditions_v3
     10 CTO/CTO-IA/Apigee-Proxy-Automated-New/apigee-kphc_letters_v4
     10 CTO/CTO-IA/Apigee-Proxy-Automated-New/apigee-kphc_get_sched_depts_v3
     10 CTO/CTO-IA/Apigee-Proxy-Automated-New/apigee-kphc_get_patient_notes_v2
     10 CTO/CTO-IA/Apigee-Proxy-Automated-New/apigee-kphc_get_mar_with_routing_v1
     10 CTO/CTO-IA/Apigee-Proxy-Automated-New/apigee-kphc_get_ear_home_emm_v1
     10 CTO/CTO-IA/Apigee-Proxy-Automated-New/apigee-kphc_get_e_visit_questionnaire_list_v1
     10 CTO/CTO-IA/Apigee-Proxy-Automated-New/apigee-kphc_get_appt_home_external_v1
     10 CTO/CTO-IA/Apigee-Proxy-Automated-New/apigee-kphc_get_appt_details_v40r
     10 CTO/CTO-IA/Apigee-Proxy-Automated-New/apigee-kphc_encounters_v50
     10 CTO/CTO-IA/Apigee-Proxy-Automated-New/apigee-kphc_encounter_v3
     10 CTO/CTO-IA/Apigee-Proxy-Automated-New/apigee-kphc_create_evisit_encounter_v1
     10 CTO/CTO-IA/Apigee-Proxy-Automated-New/apigee-kphc_cardiology_orders_v1
     10 CTO/CTO-IA/Apigee-Proxy-Automated-New/apigee-kpcc_kphc_get_coverages_v4
     10 CTO/CTO-IA/Apigee-Proxy-Automated-New/apigee-kpcc_get_claim_summary_v3r
     10 CTO/CTO-IA/Apigee-Proxy-Automated-New/apigee-kp_splunk_authentication_r_v10
     10 CTO/CTO-IA/Apigee-Proxy-Automated-New/apigee-ivv_to_go_v31r
     10 CTO/CTO-IA/Apigee-Proxy-Automated-New/apigee-hp_ca_member_eligibility_v3
     10 CTO/CTO-IA/Apigee-Proxy-Automated-New/apigee-hp_ca_dpa_management_v2
     10 CTO/CTO-IA/Apigee-Proxy-Automated-New/apigee-group_inquiry_v10
     10 CTO/CTO-IA/Apigee-Proxy-Automated-New/apigee-epims_rxexpirationrules_r_v1r
     10 CTO/CTO-IA/Apigee-Proxy-Automated-New/apigee-epims_eps_inventory_v60
     10 CTO/CTO-IA/Apigee-Proxy-Automated-New/apigee-epims_e_pharmacy_ivr_v41
     10 CTO/CTO-IA/Apigee-Proxy-Automated-New/apigee-epims_central_prescriber_mgmt_v50
     10 CTO/CTO-IA/Apigee-Proxy-Automated-New/apigee-epic_web_blob_v2017r
     10 CTO/CTO-IA/Apigee-Proxy-Automated-New/apigee-epic_security_gs_personnel_management_v2016
     10 CTO/CTO-IA/Apigee-Proxy-Automated-New/apigee-epic_security_gs_personnel_management_v2015
     10 CTO/CTO-IA/Apigee-Proxy-Automated-New/apigee-epic_patient_access_gs_patient_services_v2016r
     10 CTO/CTO-IA/Apigee-Proxy-Automated-New/apigee-epic_patient_access_gs_patient_services_v2016
     10 CTO/CTO-IA/Apigee-Proxy-Automated-New/apigee-epic_patient_access_gs_patient_services_v2012
     10 CTO/CTO-IA/Apigee-Proxy-Automated-New/apigee-epic_empi_scal_v5
     10 CTO/CTO-IA/Apigee-Proxy-Automated-New/apigee-epic_empi_gs_external_services_v2013
     10 CTO/CTO-IA/Apigee-Proxy-Automated-New/apigee-epic_empi_gs_external_services_v2012
     10 CTO/CTO-IA/Apigee-Proxy-Automated-New/apigee-epic_edi_fhir_services_r4
     10 CTO/CTO-IA/Apigee-Proxy-Automated-New/apigee-epic_crm_gs_utility_services_v2014b
     10 CTO/CTO-IA/Apigee-Proxy-Automated-New/apigee-epic_core_reporting_sql_services_v2009
     10 CTO/CTO-IA/Apigee-Proxy-Automated-New/apigee-epic_community_empi_services_v200803
     10 CTO/CTO-IA/Apigee-Proxy-Automated-New/apigee-dss_wex_autocomplete_r_v10
     10 CTO/CTO-IA/Apigee-Proxy-Automated-New/apigee-dnp_workforce_notifications_v10r
     10 CTO/CTO-IA/Apigee-Proxy-Automated-New/apigee-complaint_inquiry_v2
     10 CTO/CTO-IA/Apigee-Proxy-Automated-New/apigee-c2c_hours_of_operation_v1r
     10 CTO/CTO-IA/Apigee-Proxy-Automated-New/apigee-autocal_insulin_infusion_calculator_v3
      9 CTO/CTO-IA/Apigee-Proxy-Automated-New/apigee-vic_application_v1r
      9 CTO/CTO-IA/Apigee-Proxy-Automated-New/apigee-vers_retail_v20
      9 CTO/CTO-IA/Apigee-Proxy-Automated-New/apigee-pexip_infinity_management_node_v1r
      9 CTO/CTO-IA/Apigee-Proxy-Automated-New/apigee-payment_solutions_pharmacy_qr_code_v1r
      9 CTO/CTO-IA/Apigee-Proxy-Automated-New/apigee-myhr_oracle_hcm_ucm_generic_soap_v10
      9 CTO/CTO-IA/Apigee-Proxy-Automated-New/apigee-myhr_oracle_hcm_extract_web_v10
      9 CTO/CTO-IA/Apigee-Proxy-Automated-New/apigee-member_update_v2
      9 CTO/CTO-IA/Apigee-Proxy-Automated-New/apigee-member_rx_order_status_v1r
      9 CTO/CTO-IA/Apigee-Proxy-Automated-New/apigee-member_inquiry_v20
      9 CTO/CTO-IA/Apigee-Proxy-Automated-New/apigee-member_information_v1r
      9 CTO/CTO-IA/Apigee-Proxy-Automated-New/apigee-member_enrollment_nw_v1
      9 CTO/CTO-IA/Apigee-Proxy-Automated-New/apigee-member_enrollment_ga_v1
      9 CTO/CTO-IA/Apigee-Proxy-Automated-New/apigee-member_enrollment_co_v1
      9 CTO/CTO-IA/Apigee-Proxy-Automated-New/apigee-mapquest_mychart_geo_data_v1r
      9 CTO/CTO-IA/Apigee-Proxy-Automated-New/apigee-kpmc_system_consolebff_service
      9 CTO/CTO-IA/Apigee-Proxy-Automated-New/apigee-kpmc_ma_correspondence_bff_v10r
      9 CTO/CTO-IA/Apigee-Proxy-Automated-New/apigee-kphc_trigger_update_v1
      9 CTO/CTO-IA/Apigee-Proxy-Automated-New/apigee-kphc_surgery_v5
      9 CTO/CTO-IA/Apigee-Proxy-Automated-New/apigee-kphc_set_appt_target_date_v1
      9 CTO/CTO-IA/Apigee-Proxy-Automated-New/apigee-kphc_set_appt_notifications_v1
      9 CTO/CTO-IA/Apigee-Proxy-Automated-New/apigee-kphc_scheduling_reports_v1
      9 CTO/CTO-IA/Apigee-Proxy-Automated-New/apigee-kphc_radiology_orders_external_v5
      9 CTO/CTO-IA/Apigee-Proxy-Automated-New/apigee-kphc_provisioning_tools_v1
      9 CTO/CTO-IA/Apigee-Proxy-Automated-New/apigee-kphc_patient_notes_medici_v1
      9 CTO/CTO-IA/Apigee-Proxy-Automated-New/apigee-kphc_notes_comments_v1
      9 CTO/CTO-IA/Apigee-Proxy-Automated-New/apigee-kphc_notes_comments_cochats_v2
      9 CTO/CTO-IA/Apigee-Proxy-Automated-New/apigee-kphc_lab_orders_medici_v2
      9 CTO/CTO-IA/Apigee-Proxy-Automated-New/apigee-kphc_get_wdf_config_v1r
      9 CTO/CTO-IA/Apigee-Proxy-Automated-New/apigee-kphc_get_sched_depts_v2
      9 CTO/CTO-IA/Apigee-Proxy-Automated-New/apigee-kphc_get_referrals_v4
      9 CTO/CTO-IA/Apigee-Proxy-Automated-New/apigee-kphc_get_provider_schedule_v3r
      9 CTO/CTO-IA/Apigee-Proxy-Automated-New/apigee-kphc_get_provider_info_v20
      9 CTO/CTO-IA/Apigee-Proxy-Automated-New/apigee-kphc_get_appointments_ma_v1
      9 CTO/CTO-IA/Apigee-Proxy-Automated-New/apigee-kphc_event_listener_api_v10r
      9 CTO/CTO-IA/Apigee-Proxy-Automated-New/apigee-kphc_ekg_orders_v1
      9 CTO/CTO-IA/Apigee-Proxy-Automated-New/apigee-kphc_cost_estimate_v1
      9 CTO/CTO-IA/Apigee-Proxy-Automated-New/apigee-kphc_clinical_call_center_v2
      9 CTO/CTO-IA/Apigee-Proxy-Automated-New/apigee-kpd_fitbit_v1r
      9 CTO/CTO-IA/Apigee-Proxy-Automated-New/apigee-kpcc_claim_summary_v1
      9 CTO/CTO-IA/Apigee-Proxy-Automated-New/apigee-kpcc_caqh_era_eft_enrollment_v10
      9 CTO/CTO-IA/Apigee-Proxy-Automated-New/apigee-foundation_system_member_list_web_v10
      9 CTO/CTO-IA/Apigee-Proxy-Automated-New/apigee-epic_telehealth_gs_context_linking_services_v2018r
      9 CTO/CTO-IA/Apigee-Proxy-Automated-New/apigee-epic_security_gs_personnel_management_v2014
      9 CTO/CTO-IA/Apigee-Proxy-Automated-New/apigee-epic_security_gs_personnel_management_v2012
      9 CTO/CTO-IA/Apigee-Proxy-Automated-New/apigee-epic_scheduling_gs_patient_services_v2018r
      9 CTO/CTO-IA/Apigee-Proxy-Automated-New/apigee-epic_scheduling_gs_patient_services_v2010
      9 CTO/CTO-IA/Apigee-Proxy-Automated-New/apigee-epic_patientaccess_gs_external_services_v2019r
      9 CTO/CTO-IA/Apigee-Proxy-Automated-New/apigee-epic_patientaccess_gs_external_services_v2018
      9 CTO/CTO-IA/Apigee-Proxy-Automated-New/apigee-epic_patient_access_sp07
      9 CTO/CTO-IA/Apigee-Proxy-Automated-New/apigee-epic_patient_access_gs_patient_services_v2016br
      9 CTO/CTO-IA/Apigee-Proxy-Automated-New/apigee-epic_core_services_v200804
      9 CTO/CTO-IA/Apigee-Proxy-Automated-New/apigee-epic_common_gs_patient_services_v2015
      9 CTO/CTO-IA/Apigee-Proxy-Automated-New/apigee-epic_clinical_pharmacy_services_v2015
      9 CTO/CTO-IA/Apigee-Proxy-Automated-New/apigee-epic_clinical_notes_v2018
      9 CTO/CTO-IA/Apigee-Proxy-Automated-New/apigee-epic_clinical_gs_utility_services_v2014
      9 CTO/CTO-IA/Apigee-Proxy-Automated-New/apigee-epic_clinical_gs_provider_services_v2013
      9 CTO/CTO-IA/Apigee-Proxy-Automated-New/apigee-epic_clinical_gs_patient_services_v2015
      9 CTO/CTO-IA/Apigee-Proxy-Automated-New/apigee-epic_clinical_clinical_services_v2009
      9 CTO/CTO-IA/Apigee-Proxy-Automated-New/apigee-econsult_ssb_v1r
      9 CTO/CTO-IA/Apigee-Proxy-Automated-New/apigee-contract_production_composition_v1r
      9 CTO/CTO-IA/Apigee-Proxy-Automated-New/apigee-cdtssp_video_management_rest_v10_c
      9 CTO/CTO-IA/Apigee-Proxy-Automated-New/apigee-cdads_member_preference_notification_v10r
      9 CTO/CTO-IA/Apigee-Proxy-Automated-New/apigee-address_validation_v3
      9 CTO/CTO-IA/Apigee-Proxy-Automated-New/apigee-address_validation_v10
      9 CTO/CTO-IA/Apigee-Proxy-Automated-New/apigee-acr_grid_transactions_v1r
      9 CTO/CTO-IA/Apigee-Proxy-Automated-New/apigee-AMP_KPMigration_Router_v1
      8 CTO/CTO-IA/Apigee-Proxy-Automated-New/apigee-salesconnect_partner_v1
      8 CTO/CTO-IA/Apigee-Proxy-Automated-New/apigee-qmsi_po_and_iut_receipt_v10
      8 CTO/CTO-IA/Apigee-Proxy-Automated-New/apigee-oracle_hcm_saas_r_v10
      8 CTO/CTO-IA/Apigee-Proxy-Automated-New/apigee-onelink_financial_delegation_inbound_v1r
      8 CTO/CTO-IA/Apigee-Proxy-Automated-New/apigee-onelink_cardinal_oauth_token_v1r
      8 CTO/CTO-IA/Apigee-Proxy-Automated-New/apigee-one_link_multi_operation_api_v10
      8 CTO/CTO-IA/Apigee-Proxy-Automated-New/apigee-one_link_min_max_messages_v10
      8 CTO/CTO-IA/Apigee-Proxy-Automated-New/apigee-one_link_macro_helix_inbound_v10
      8 CTO/CTO-IA/Apigee-Proxy-Automated-New/apigee-ncal_member_eligibility_and_demographics_v50
      8 CTO/CTO-IA/Apigee-Proxy-Automated-New/apigee-metrs_case_document_update_v10extra
      8 CTO/CTO-IA/Apigee-Proxy-Automated-New/apigee-member_enrollment_scal_v1
      8 CTO/CTO-IA/Apigee-Proxy-Automated-New/apigee-media_bin_assets_download_v10r
      8 CTO/CTO-IA/Apigee-Proxy-Automated-New/apigee-mdpeople_accme_v1r
      8 CTO/CTO-IA/Apigee-Proxy-Automated-New/apigee-mbe_member_medicare_update_v1
      8 CTO/CTO-IA/Apigee-Proxy-Automated-New/apigee-kpwa_family_inquiry_v1
      8 CTO/CTO-IA/Apigee-Proxy-Automated-New/apigee-kpmc_user_authbff_service
      8 CTO/CTO-IA/Apigee-Proxy-Automated-New/apigee-kpmc_mastercode_v1r
      8 CTO/CTO-IA/Apigee-Proxy-Automated-New/apigee-kphc_update_patient_demographics_v1
      8 CTO/CTO-IA/Apigee-Proxy-Automated-New/apigee-kphc_store_document_v10
      8 CTO/CTO-IA/Apigee-Proxy-Automated-New/apigee-kphc_radiology_exam_details_v1
      8 CTO/CTO-IA/Apigee-Proxy-Automated-New/apigee-kphc_put_questionnaire_co_v1
      8 CTO/CTO-IA/Apigee-Proxy-Automated-New/apigee-kphc_patient_lookup_v10
      8 CTO/CTO-IA/Apigee-Proxy-Automated-New/apigee-kphc_patient_care_team_v2
      8 CTO/CTO-IA/Apigee-Proxy-Automated-New/apigee-kphc_orders_v3s
      8 CTO/CTO-IA/Apigee-Proxy-Automated-New/apigee-kphc_medications_medici_v2
      8 CTO/CTO-IA/Apigee-Proxy-Automated-New/apigee-kphc_lab_orders_v4
      8 CTO/CTO-IA/Apigee-Proxy-Automated-New/apigee-kphc_get_wdf_config_v1
      8 CTO/CTO-IA/Apigee-Proxy-Automated-New/apigee-kphc_get_prof_billing_details_v1
      8 CTO/CTO-IA/Apigee-Proxy-Automated-New/apigee-kphc_get_echeckin_warnings_v1
      8 CTO/CTO-IA/Apigee-Proxy-Automated-New/apigee-kphc_ekg_orders_v50
      8 CTO/CTO-IA/Apigee-Proxy-Automated-New/apigee-kphc_demographics_edip_v1
      8 CTO/CTO-IA/Apigee-Proxy-Automated-New/apigee-kphc_auto_transmit_order_v10
      8 CTO/CTO-IA/Apigee-Proxy-Automated-New/apigee-kphc_adt_events_v10
      8 CTO/CTO-IA/Apigee-Proxy-Automated-New/apigee-kp_cframe_salesforce_r_v10
      8 CTO/CTO-IA/Apigee-Proxy-Automated-New/apigee-jfrog_artifactory_v1r
      8 CTO/CTO-IA/Apigee-Proxy-Automated-New/apigee-hcm_uam_fieldglass_web_v1
      8 CTO/CTO-IA/Apigee-Proxy-Automated-New/apigee-gsl_rx_api_v10
      8 CTO/CTO-IA/Apigee-Proxy-Automated-New/apigee-geisinger_patient_360_v1r
      8 CTO/CTO-IA/Apigee-Proxy-Automated-New/apigee-epic_specialty_gs_surgery_services_v2015r
      8 CTO/CTO-IA/Apigee-Proxy-Automated-New/apigee-epic_security_gs_personnel_management_accessnow_v2017
      8 CTO/CTO-IA/Apigee-Proxy-Automated-New/apigee-epic_scheduling_patient_for_econsult_ma_v1
      8 CTO/CTO-IA/Apigee-Proxy-Automated-New/apigee-epic_scheduling_gs_utility_services_v2014
      8 CTO/CTO-IA/Apigee-Proxy-Automated-New/apigee-epic_scheduling_gs_patient_external_v2011
      8 CTO/CTO-IA/Apigee-Proxy-Automated-New/apigee-epic_revenue_gs_apclaims_services_v2021r
      8 CTO/CTO-IA/Apigee-Proxy-Automated-New/apigee-epic_patient_access_mychart_bedside_services_v2012r
      8 CTO/CTO-IA/Apigee-Proxy-Automated-New/apigee-epic_patient_access_mobile_services_v2010
      8 CTO/CTO-IA/Apigee-Proxy-Automated-New/apigee-epic_patient_access_gs_patient_services_v2016b
      8 CTO/CTO-IA/Apigee-Proxy-Automated-New/apigee-epic_patient_access_gs_patient_services_v2015a
      8 CTO/CTO-IA/Apigee-Proxy-Automated-New/apigee-epic_patient_access_gs_patient_services_v2014a
      8 CTO/CTO-IA/Apigee-Proxy-Automated-New/apigee-epic_patient_access_gs_patient_services_v2014
      8 CTO/CTO-IA/Apigee-Proxy-Automated-New/apigee-epic_patient_access_gs_patient_services_v2013
      8 CTO/CTO-IA/Apigee-Proxy-Automated-New/apigee-epic_patient_access_gs_external_services_v2015
      8 CTO/CTO-IA/Apigee-Proxy-Automated-New/apigee-epic_patient_access_gs_external_services_v2012
      8 CTO/CTO-IA/Apigee-Proxy-Automated-New/apigee-epic_orders_v1
      8 CTO/CTO-IA/Apigee-Proxy-Automated-New/apigee-epic_mychart_mobile_v2020r
      8 CTO/CTO-IA/Apigee-Proxy-Automated-New/apigee-epic_interconnect_core_services_v200405
      8 CTO/CTO-IA/Apigee-Proxy-Automated-New/apigee-epic_fhir_diagnosticreport_stu3
      8 CTO/CTO-IA/Apigee-Proxy-Automated-New/apigee-epic_fhir_chartgateway_stu3
      8 CTO/CTO-IA/Apigee-Proxy-Automated-New/apigee-epic_edi_xml_sure_scripts_receiver_services_v2015br
      8 CTO/CTO-IA/Apigee-Proxy-Automated-New/apigee-epic_edi_fhir_routing_services_api_v1
      8 CTO/CTO-IA/Apigee-Proxy-Automated-New/apigee-epic_community_empi_services_v200507
      8 CTO/CTO-IA/Apigee-Proxy-Automated-New/apigee-epic_community_empi_services_v200501
      8 CTO/CTO-IA/Apigee-Proxy-Automated-New/apigee-epic_common_services_v2009
      8 CTO/CTO-IA/Apigee-Proxy-Automated-New/apigee-epic_common_gs_utility_services_v2012
      8 CTO/CTO-IA/Apigee-Proxy-Automated-New/apigee-epic_common_gs_patient_services_v2015r
      8 CTO/CTO-IA/Apigee-Proxy-Automated-New/apigee-epic_common_gs_patient_external_v2010
      8 CTO/CTO-IA/Apigee-Proxy-Automated-New/apigee-epic_clinical_gs_utility_services_v2015
      8 CTO/CTO-IA/Apigee-Proxy-Automated-New/apigee-epic_clinical_gs_patient_services_v2010
      8 CTO/CTO-IA/Apigee-Proxy-Automated-New/apigee-epic_billing_gs_patient_services_v2015a
      8 CTO/CTO-IA/Apigee-Proxy-Automated-New/apigee-epic_access_gs_referral_services_api_v2014
      8 CTO/CTO-IA/Apigee-Proxy-Automated-New/apigee-epic_access_gs_patient_services_v2017
      8 CTO/CTO-IA/Apigee-Proxy-Automated-New/apigee-clinician_connect_api_v1r
      8 CTO/CTO-IA/Apigee-Proxy-Automated-New/apigee-bpm_start_process_r_v10
      8 CTO/CTO-IA/Apigee-Proxy-Automated-New/apigee-acr_connect_v1r
      8 CTO/CTO-IA/Apigee-Proxy-Automated-New/apigee-AMP-KP-LDAP-Service-v1
      8 CTO/CTO-IA/Apigee-Proxy-Automated-New/apigee-AMP-KP-EndpointKVM-CacheClear-Service-v1
      7 CTO/CTO-IA/Apigee-Proxy-Automated-New/apigee-validic_dhp_v1r
      7 CTO/CTO-IA/Apigee-Proxy-Automated-New/apigee-user_group_detail_v10r
      7 CTO/CTO-IA/Apigee-Proxy-Automated-New/apigee-tufin_securechange_v1_0r
      7 CTO/CTO-IA/Apigee-Proxy-Automated-New/apigee-trda_data_etl_v52s
      7 CTO/CTO-IA/Apigee-Proxy-Automated-New/apigee-tms_grouplookup_v10
      7 CTO/CTO-IA/Apigee-Proxy-Automated-New/apigee-tempus_epic_ppsapi_v1
      7 CTO/CTO-IA/Apigee-Proxy-Automated-New/apigee-system_availability_v10
      7 CTO/CTO-IA/Apigee-Proxy-Automated-New/apigee-surescripts_rtpb_messaging_v1r
      7 CTO/CTO-IA/Apigee-Proxy-Automated-New/apigee-surescripts_payer_messaging_v10r
      7 CTO/CTO-IA/Apigee-Proxy-Automated-New/apigee-subscriberaccount_v1r
      7 CTO/CTO-IA/Apigee-Proxy-Automated-New/apigee-script_drop_v1r
      7 CTO/CTO-IA/Apigee-Proxy-Automated-New/apigee-roc_cm_eligibility_and_demographics_v30
      7 CTO/CTO-IA/Apigee-Proxy-Automated-New/apigee-ratev10_api
      7 CTO/CTO-IA/Apigee-Proxy-Automated-New/apigee-myhr_kpdw_bah_daily_hdl_generator_v10
      7 CTO/CTO-IA/Apigee-Proxy-Automated-New/apigee-my_hr_people_fluent_r_api
      7 CTO/CTO-IA/Apigee-Proxy-Automated-New/apigee-mps_pie_common_services_api
      7 CTO/CTO-IA/Apigee-Proxy-Automated-New/apigee-metrs_rules_v1r
      7 CTO/CTO-IA/Apigee-Proxy-Automated-New/apigee-meth_check_service
      7 CTO/CTO-IA/Apigee-Proxy-Automated-New/apigee-memberbenefitsinquiry_v21
      7 CTO/CTO-IA/Apigee-Proxy-Automated-New/apigee-member_management_v2
      7 CTO/CTO-IA/Apigee-Proxy-Automated-New/apigee-media_bin_v80
      7 CTO/CTO-IA/Apigee-Proxy-Automated-New/apigee-kpmc_notification_message_v10r
      7 CTO/CTO-IA/Apigee-Proxy-Automated-New/apigee-kpmc_id_card_bff_v10r
      7 CTO/CTO-IA/Apigee-Proxy-Automated-New/apigee-kphc_radiology_exam_details_v2
      7 CTO/CTO-IA/Apigee-Proxy-Automated-New/apigee-kphc_put_questionnaire_chr_v1
      7 CTO/CTO-IA/Apigee-Proxy-Automated-New/apigee-kphc_patient_vital_signs_v2
      7 CTO/CTO-IA/Apigee-Proxy-Automated-New/apigee-kphc_mychart_messaging_wrapper_v1
      7 CTO/CTO-IA/Apigee-Proxy-Automated-New/apigee-kphc_messaging_v10
      7 CTO/CTO-IA/Apigee-Proxy-Automated-New/apigee-kphc_lsp_configuration_v1
      7 CTO/CTO-IA/Apigee-Proxy-Automated-New/apigee-kphc_lsp_application_v1
      7 CTO/CTO-IA/Apigee-Proxy-Automated-New/apigee-kphc_haikucanto_v20r
      7 CTO/CTO-IA/Apigee-Proxy-Automated-New/apigee-kphc_haiku_canto_v2r
      7 CTO/CTO-IA/Apigee-Proxy-Automated-New/apigee-kphc_get_registry_v1
      7 CTO/CTO-IA/Apigee-Proxy-Automated-New/apigee-kphc_get_encounters_v4s
      7 CTO/CTO-IA/Apigee-Proxy-Automated-New/apigee-kphc_get_encounter_summary_v20
      7 CTO/CTO-IA/Apigee-Proxy-Automated-New/apigee-kphc_get_diagnosis_v1
      7 CTO/CTO-IA/Apigee-Proxy-Automated-New/apigee-kphc_get_appt_details_v20
      7 CTO/CTO-IA/Apigee-Proxy-Automated-New/apigee-kphc_facility_departments_v30
      7 CTO/CTO-IA/Apigee-Proxy-Automated-New/apigee-kphc_diagnosis_query_v10
      7 CTO/CTO-IA/Apigee-Proxy-Automated-New/apigee-kphc_consult_orders_v30
      7 CTO/CTO-IA/Apigee-Proxy-Automated-New/apigee-kphc_cardiology_orders_v50
      7 CTO/CTO-IA/Apigee-Proxy-Automated-New/apigee-kphc_ambulatory_vitals_v10
      7 CTO/CTO-IA/Apigee-Proxy-Automated-New/apigee-kpcc_get_claim_detail_v3r
      7 CTO/CTO-IA/Apigee-Proxy-Automated-New/apigee-kpcc_claim_detail_v1
      7 CTO/CTO-IA/Apigee-Proxy-Automated-New/apigee-kp_polaris_legacy_oauth2
      7 CTO/CTO-IA/Apigee-Proxy-Automated-New/apigee-iam_user_management_v1
      7 CTO/CTO-IA/Apigee-Proxy-Automated-New/apigee-hpchats_kana_create_response
      7 CTO/CTO-IA/Apigee-Proxy-Automated-New/apigee-hms_rx_verify_v10r
      7 CTO/CTO-IA/Apigee-Proxy-Automated-New/apigee-health_record_summary_service
      7 CTO/CTO-IA/Apigee-Proxy-Automated-New/apigee-groupmanagement_v60
      7 CTO/CTO-IA/Apigee-Proxy-Automated-New/apigee-foundation_system_member_search_web_service
      7 CTO/CTO-IA/Apigee-Proxy-Automated-New/apigee-epims_prescription_roc_v1r
      7 CTO/CTO-IA/Apigee-Proxy-Automated-New/apigee-epims_pos_mps_tempus_v1r
      7 CTO/CTO-IA/Apigee-Proxy-Automated-New/apigee-epims_pos_gsl_rx_api_v10r
      7 CTO/CTO-IA/Apigee-Proxy-Automated-New/apigee-epims_business_rules_r_v1r
      7 CTO/CTO-IA/Apigee-Proxy-Automated-New/apigee-epic_telehealth_gs_context_linking_services_v2018
      7 CTO/CTO-IA/Apigee-Proxy-Automated-New/apigee-epic_scheduling_gs_patient_services_v2011r
      7 CTO/CTO-IA/Apigee-Proxy-Automated-New/apigee-epic_revenue_gs_member_services_v2020r
      7 CTO/CTO-IA/Apigee-Proxy-Automated-New/apigee-epic_reporting_predictive_services_v2017r
      7 CTO/CTO-IA/Apigee-Proxy-Automated-New/apigee-epic_patientaccess_gs_patient_v2015r
      7 CTO/CTO-IA/Apigee-Proxy-Automated-New/apigee-epic_patientaccess_gs_external_services_v2017r
      7 CTO/CTO-IA/Apigee-Proxy-Automated-New/apigee-epic_patient_access_services_v2011
      7 CTO/CTO-IA/Apigee-Proxy-Automated-New/apigee-epic_patient_access_mobile_services_v2015
      7 CTO/CTO-IA/Apigee-Proxy-Automated-New/apigee-epic_patient_access_mobile_services_v2013a
      7 CTO/CTO-IA/Apigee-Proxy-Automated-New/apigee-epic_patient_access_gs_patient_v2018r
      7 CTO/CTO-IA/Apigee-Proxy-Automated-New/apigee-epic_patient_access_gs_account_services_v2012
      7 CTO/CTO-IA/Apigee-Proxy-Automated-New/apigee-epic_informatics_gs_order_external_v2014
      7 CTO/CTO-IA/Apigee-Proxy-Automated-New/apigee-epic_fhir_procedure_stu3
      7 CTO/CTO-IA/Apigee-Proxy-Automated-New/apigee-epic_fhir_patient_r4_mux
      7 CTO/CTO-IA/Apigee-Proxy-Automated-New/apigee-epic_fhir_encounter_stu3
      7 CTO/CTO-IA/Apigee-Proxy-Automated-New/apigee-epic_fhir_careteam_r4
      7 CTO/CTO-IA/Apigee-Proxy-Automated-New/apigee-epic_fhir_binary_r4_mux
      7 CTO/CTO-IA/Apigee-Proxy-Automated-New/apigee-epic_fhir_allergyintolerance_r4
      7 CTO/CTO-IA/Apigee-Proxy-Automated-New/apigee-epic_empi_nooam_v50
      7 CTO/CTO-IA/Apigee-Proxy-Automated-New/apigee-epic_edi_fhir_practitioner_vdstu2r
      7 CTO/CTO-IA/Apigee-Proxy-Automated-New/apigee-epic_edi_fhir_careplan_vdstu2r
      7 CTO/CTO-IA/Apigee-Proxy-Automated-New/apigee-epic_edi_fhir_binary_vdstu2r
      7 CTO/CTO-IA/Apigee-Proxy-Automated-New/apigee-epic_core_bca_v2015
      7 CTO/CTO-IA/Apigee-Proxy-Automated-New/apigee-epic_community_empi_services_v2009
      7 CTO/CTO-IA/Apigee-Proxy-Automated-New/apigee-epic_common_gs_patient_services_v2012
      7 CTO/CTO-IA/Apigee-Proxy-Automated-New/apigee-epic_common_gs_patient_dexcare_v2015r
      7 CTO/CTO-IA/Apigee-Proxy-Automated-New/apigee-epic_clinical_gs_utility_services_v2017
      7 CTO/CTO-IA/Apigee-Proxy-Automated-New/apigee-epic_clinical_gs_patient_services_v2018
      7 CTO/CTO-IA/Apigee-Proxy-Automated-New/apigee-epic_clinical_gs_patient_services_v2017
      7 CTO/CTO-IA/Apigee-Proxy-Automated-New/apigee-epic_clinical_gs_patient_services_v2014
      7 CTO/CTO-IA/Apigee-Proxy-Automated-New/apigee-epic_billing_gs_router_services_v2011
      7 CTO/CTO-IA/Apigee-Proxy-Automated-New/apigee-emws_inbound_web_service
      7 CTO/CTO-IA/Apigee-Proxy-Automated-New/apigee-dpt_mnp_callback_v10
      7 CTO/CTO-IA/Apigee-Proxy-Automated-New/apigee-contract_production_data_mapping_v1r
      7 CTO/CTO-IA/Apigee-Proxy-Automated-New/apigee-cm_group_change_publish_v1
      7 CTO/CTO-IA/Apigee-Proxy-Automated-New/apigee-cas_amp_validation_v1r
      7 CTO/CTO-IA/Apigee-Proxy-Automated-New/apigee-application_mediator_r_v1r
      7 CTO/CTO-IA/Apigee-Proxy-Automated-New/apigee-adobe_sign_api_v6r
      7 CTO/CTO-IA/Apigee-Proxy-Automated-New/apigee-KP_empi_service_api_v10
      7 CTO/CTO-IA/Apigee-Proxy-Automated-New/apigee-KP_RoutingService_v1
      7 CTO/CTO-IA/Apigee-Proxy-Automated-New/apigee-AMP_KP_TRO_FAM_Oauth_v1
      7 CTO/CTO-IA/Apigee-Proxy-Automated-New/apigee-AMP_KP_Consumer_FAM_Service_v1
      6 CTO/CTO-IA/Apigee-Proxy-Automated-New/apigee-vivisimo_v10
      6 CTO/CTO-IA/Apigee-Proxy-Automated-New/apigee-surescripts_retail_messaging_v10r
      6 CTO/CTO-IA/Apigee-Proxy-Automated-New/apigee-surescripts_eligibility_messaging_v10r
      6 CTO/CTO-IA/Apigee-Proxy-Automated-New/apigee-sales_connect_nsg_r_v10
      6 CTO/CTO-IA/Apigee-Proxy-Automated-New/apigee-oauth_automation_via_accessnow_v1r
      6 CTO/CTO-IA/Apigee-Proxy-Automated-New/apigee-nipr_npn_lookup_v10
      6 CTO/CTO-IA/Apigee-Proxy-Automated-New/apigee-mykp_yammer_v10r
      6 CTO/CTO-IA/Apigee-Proxy-Automated-New/apigee-my_kp_get_profile_v10r
      6 CTO/CTO-IA/Apigee-Proxy-Automated-New/apigee-my_kp_get_preferences_v10r
      6 CTO/CTO-IA/Apigee-Proxy-Automated-New/apigee-memberlookup_v20
      6 CTO/CTO-IA/Apigee-Proxy-Automated-New/apigee-member_management_v3
      6 CTO/CTO-IA/Apigee-Proxy-Automated-New/apigee-kpmc_restproxy_v1r
      6 CTO/CTO-IA/Apigee-Proxy-Automated-New/apigee-kpmc_ormb_membership_v11
      6 CTO/CTO-IA/Apigee-Proxy-Automated-New/apigee-kpmc_ormb_authentication_v1
      6 CTO/CTO-IA/Apigee-Proxy-Automated-New/apigee-kpmc_error_audit_v10r
      6 CTO/CTO-IA/Apigee-Proxy-Automated-New/apigee-kpmc_ensembled_r
      6 CTO/CTO-IA/Apigee-Proxy-Automated-New/apigee-kphc_set_video_visit_flag_v1
      6 CTO/CTO-IA/Apigee-Proxy-Automated-New/apigee-kphc_put_questionnaire_scal_v1
      6 CTO/CTO-IA/Apigee-Proxy-Automated-New/apigee-kphc_my_health_record_v1
      6 CTO/CTO-IA/Apigee-Proxy-Automated-New/apigee-kphc_lab_orders_v2
      6 CTO/CTO-IA/Apigee-Proxy-Automated-New/apigee-kphc_get_sched_depts_v4
      6 CTO/CTO-IA/Apigee-Proxy-Automated-New/apigee-kphc_get_referrals_v5
      6 CTO/CTO-IA/Apigee-Proxy-Automated-New/apigee-kphc_get_provider_info_v3r
      6 CTO/CTO-IA/Apigee-Proxy-Automated-New/apigee-kphc_get_guarantor_patient_list_v20r
      6 CTO/CTO-IA/Apigee-Proxy-Automated-New/apigee-kphc_get_ear_home_v1
      6 CTO/CTO-IA/Apigee-Proxy-Automated-New/apigee-kphc_get_appt_details_v5r
      6 CTO/CTO-IA/Apigee-Proxy-Automated-New/apigee-kphc_get_appt_details_v51
      6 CTO/CTO-IA/Apigee-Proxy-Automated-New/apigee-kphc_get_appt_details_v5
      6 CTO/CTO-IA/Apigee-Proxy-Automated-New/apigee-kphc_encounters_occ_v2
      6 CTO/CTO-IA/Apigee-Proxy-Automated-New/apigee-kpcc_kphc_get_coverages_v3
      6 CTO/CTO-IA/Apigee-Proxy-Automated-New/apigee-kpcc_get_claim_detail_v5r
      6 CTO/CTO-IA/Apigee-Proxy-Automated-New/apigee-kpcc_get_claim_detail_v5
      6 CTO/CTO-IA/Apigee-Proxy-Automated-New/apigee-kpanpapmnextgen_v1r
      6 CTO/CTO-IA/Apigee-Proxy-Automated-New/apigee-kp_polaris_r4
      6 CTO/CTO-IA/Apigee-Proxy-Automated-New/apigee-kp_polaris_oauth2
      6 CTO/CTO-IA/Apigee-Proxy-Automated-New/apigee-kp_polaris_legacy_r4
      6 CTO/CTO-IA/Apigee-Proxy-Automated-New/apigee-kp_polaris_epicedixmlreceiver_v2022
      6 CTO/CTO-IA/Apigee-Proxy-Automated-New/apigee-kp_polaris_epicedihl7v2receiver_v2015
      6 CTO/CTO-IA/Apigee-Proxy-Automated-New/apigee-hpub_cps_delegate
      6 CTO/CTO-IA/Apigee-Proxy-Automated-New/apigee-hpchatscreatecase_v1r
      6 CTO/CTO-IA/Apigee-Proxy-Automated-New/apigee-hp_group_setup_v30
      6 CTO/CTO-IA/Apigee-Proxy-Automated-New/apigee-hp_ca_purchaser_management_v2
      6 CTO/CTO-IA/Apigee-Proxy-Automated-New/apigee-fs_member_enrollment_v10
      6 CTO/CTO-IA/Apigee-Proxy-Automated-New/apigee-fs_member_demographics_v10
      6 CTO/CTO-IA/Apigee-Proxy-Automated-New/apigee-fs_family_account_role_v10
      6 CTO/CTO-IA/Apigee-Proxy-Automated-New/apigee-epims_surescripts_v10r
      6 CTO/CTO-IA/Apigee-Proxy-Automated-New/apigee-epims_rx_intervention_v40
      6 CTO/CTO-IA/Apigee-Proxy-Automated-New/apigee-epims_kphc_rx_v60
      6 CTO/CTO-IA/Apigee-Proxy-Automated-New/apigee-epims_evow_v6
      6 CTO/CTO-IA/Apigee-Proxy-Automated-New/apigee-epims_eps_inventory_api_v60
      6 CTO/CTO-IA/Apigee-Proxy-Automated-New/apigee-epims_epr_ecompatient_v8
      6 CTO/CTO-IA/Apigee-Proxy-Automated-New/apigee-epims_epharmacy_online_v6
      6 CTO/CTO-IA/Apigee-Proxy-Automated-New/apigee-epims_epharmacy_online_v50
      6 CTO/CTO-IA/Apigee-Proxy-Automated-New/apigee-epims_central_prescriber_mgmt_v40
      6 CTO/CTO-IA/Apigee-Proxy-Automated-New/apigee-epic_tapestry_ap_claims_v2017
      6 CTO/CTO-IA/Apigee-Proxy-Automated-New/apigee-epic_scheduling_gs_provider_v2018
      6 CTO/CTO-IA/Apigee-Proxy-Automated-New/apigee-epic_scheduling_gs_provider_dexcare_v2012r
      6 CTO/CTO-IA/Apigee-Proxy-Automated-New/apigee-epic_scheduling_gs_patient_v2019r
      6 CTO/CTO-IA/Apigee-Proxy-Automated-New/apigee-epic_scheduling_gs_patient_v2019
      6 CTO/CTO-IA/Apigee-Proxy-Automated-New/apigee-epic_scheduling_gs_patient_services_v2018
      6 CTO/CTO-IA/Apigee-Proxy-Automated-New/apigee-epic_scheduling_gs_patient_services_v2016
      6 CTO/CTO-IA/Apigee-Proxy-Automated-New/apigee-epic_results_gs_utility_services_v2014
      6 CTO/CTO-IA/Apigee-Proxy-Automated-New/apigee-epic_patientaccess_update_services_v2005-07
      6 CTO/CTO-IA/Apigee-Proxy-Automated-New/apigee-epic_patientaccess_gs_external_services_v2018Br
      6 CTO/CTO-IA/Apigee-Proxy-Automated-New/apigee-epic_patient_access_mobile_services_v2011a
      6 CTO/CTO-IA/Apigee-Proxy-Automated-New/apigee-epic_patient_access_mobile_services_v2011
      6 CTO/CTO-IA/Apigee-Proxy-Automated-New/apigee-epic_patient_access_gs_patient_services_v2013r
      6 CTO/CTO-IA/Apigee-Proxy-Automated-New/apigee-epic_patient_access_gs_external_services_v2014r
      6 CTO/CTO-IA/Apigee-Proxy-Automated-New/apigee-epic_patient_access_gs_external_services_v2012r
      6 CTO/CTO-IA/Apigee-Proxy-Automated-New/apigee-epic_oauth2_services_v2014r
      6 CTO/CTO-IA/Apigee-Proxy-Automated-New/apigee-epic_nebula_cognitive_computing_v1r
      6 CTO/CTO-IA/Apigee-Proxy-Automated-New/apigee-epic_my_chart_gs_patient_services_v2010
      6 CTO/CTO-IA/Apigee-Proxy-Automated-New/apigee-epic_imaging_services_v2008
      6 CTO/CTO-IA/Apigee-Proxy-Automated-New/apigee-epic_haiku_canto_routing_proxy_v3r
      6 CTO/CTO-IA/Apigee-Proxy-Automated-New/apigee-epic_fhir_slot_stu3
      6 CTO/CTO-IA/Apigee-Proxy-Automated-New/apigee-epic_fhir_practitionerrole_stu3
      6 CTO/CTO-IA/Apigee-Proxy-Automated-New/apigee-epic_fhir_medicationstatement_stu3
      6 CTO/CTO-IA/Apigee-Proxy-Automated-New/apigee-epic_fhir_medicationrequest_stu3
      6 CTO/CTO-IA/Apigee-Proxy-Automated-New/apigee-epic_fhir_group_r4
      6 CTO/CTO-IA/Apigee-Proxy-Automated-New/apigee-epic_fhir_encounter_r4
      6 CTO/CTO-IA/Apigee-Proxy-Automated-New/apigee-epic_fhir_documentreference_stu3
      6 CTO/CTO-IA/Apigee-Proxy-Automated-New/apigee-epic_fhir_documentreference_r4
      6 CTO/CTO-IA/Apigee-Proxy-Automated-New/apigee-epic_fhir_consent_r4_mux
      6 CTO/CTO-IA/Apigee-Proxy-Automated-New/apigee-epic_fhir_communication_r4_mux
      6 CTO/CTO-IA/Apigee-Proxy-Automated-New/apigee-epic_fhir_bulkrequest_v2018
      6 CTO/CTO-IA/Apigee-Proxy-Automated-New/apigee-epic_fhir_binary_r4
      6 CTO/CTO-IA/Apigee-Proxy-Automated-New/apigee-epic_edi_fhir_documentreference_vdstu2r
      6 CTO/CTO-IA/Apigee-Proxy-Automated-New/apigee-epic_edi_fhir_device_vdstu2r
      6 CTO/CTO-IA/Apigee-Proxy-Automated-New/apigee-epic_core_gs_securedutility_services_v2012
      6 CTO/CTO-IA/Apigee-Proxy-Automated-New/apigee-epic_common_web_services_v2010
      6 CTO/CTO-IA/Apigee-Proxy-Automated-New/apigee-epic_common_gs_utility_services_v2013
      6 CTO/CTO-IA/Apigee-Proxy-Automated-New/apigee-epic_common_gs_utility_services_v2011
      6 CTO/CTO-IA/Apigee-Proxy-Automated-New/apigee-epic_common_gs_patient_services_v2017
      6 CTO/CTO-IA/Apigee-Proxy-Automated-New/apigee-epic_common_gs_inbasket_services_v2019
      6 CTO/CTO-IA/Apigee-Proxy-Automated-New/apigee-epic_clinical_gs_utility_services_v2016
      6 CTO/CTO-IA/Apigee-Proxy-Automated-New/apigee-epic_clinical_gs_utility_services_v2013r
      6 CTO/CTO-IA/Apigee-Proxy-Automated-New/apigee-epic_clinical_gs_utility_services_v2013
      6 CTO/CTO-IA/Apigee-Proxy-Automated-New/apigee-epic_clinical_gs_provider_services_v2013r
      6 CTO/CTO-IA/Apigee-Proxy-Automated-New/apigee-epic_clinical_gs_patient_services_v2011r
      6 CTO/CTO-IA/Apigee-Proxy-Automated-New/apigee-epic_clinical_gs_order_services_v2019
      6 CTO/CTO-IA/Apigee-Proxy-Automated-New/apigee-epic_clinical_gs_oncology_services_v2018
      6 CTO/CTO-IA/Apigee-Proxy-Automated-New/apigee-epic_billing_gs_external_v2019r
      6 CTO/CTO-IA/Apigee-Proxy-Automated-New/apigee-epic_access_gs_patient_services_v2014r
      6 CTO/CTO-IA/Apigee-Proxy-Automated-New/apigee-ecc_store_information_api_v40
      6 CTO/CTO-IA/Apigee-Proxy-Automated-New/apigee-datahub_microservices_bff_v10r
      6 CTO/CTO-IA/Apigee-Proxy-Automated-New/apigee-contract_production_distribution_v1r
      6 CTO/CTO-IA/Apigee-Proxy-Automated-New/apigee-contract_production_decision_odmoc_v1r
      6 CTO/CTO-IA/Apigee-Proxy-Automated-New/apigee-clinician_connect_api_v2r
      6 CTO/CTO-IA/Apigee-Proxy-Automated-New/apigee-check_prescription_v1r
      6 CTO/CTO-IA/Apigee-Proxy-Automated-New/apigee-chart_of_accounts_microservice_v1r
      6 CTO/CTO-IA/Apigee-Proxy-Automated-New/apigee-cc_accumulation_summary_v20
      6 CTO/CTO-IA/Apigee-Proxy-Automated-New/apigee-cars_get_doc_rl_service
      6 CTO/CTO-IA/Apigee-Proxy-Automated-New/apigee-bpa_service_v1r
      6 CTO/CTO-IA/Apigee-Proxy-Automated-New/apigee-accessnow_generic_v1r
      6 CTO/CTO-IA/Apigee-Proxy-Automated-New/apigee-KP_KPHC_RoutingService_v1
      5 CTO/CTO-IA/Apigee-Proxy-Automated-New/apigee-vve_zoom_app_attendeerpt_bff_v1r
      5 CTO/CTO-IA/Apigee-Proxy-Automated-New/apigee-vericred_membership_transaction_status
      5 CTO/CTO-IA/Apigee-Proxy-Automated-New/apigee-user_data_v213
      5 CTO/CTO-IA/Apigee-Proxy-Automated-New/apigee-tms_member_history_v1
      5 CTO/CTO-IA/Apigee-Proxy-Automated-New/apigee-sq_cs_rate_v10r
      5 CTO/CTO-IA/Apigee-Proxy-Automated-New/apigee-searchmykp_v1r
      5 CTO/CTO-IA/Apigee-Proxy-Automated-New/apigee-sbcet_v1r
      5 CTO/CTO-IA/Apigee-Proxy-Automated-New/apigee-rate_quote_request_details_v10
      5 CTO/CTO-IA/Apigee-Proxy-Automated-New/apigee-provider_demographics_get_case_v1r
      5 CTO/CTO-IA/Apigee-Proxy-Automated-New/apigee-provider_demographics_attestation_workflow_v1r
      5 CTO/CTO-IA/Apigee-Proxy-Automated-New/apigee-phis_get_available_pcp_providers_v10r
      5 CTO/CTO-IA/Apigee-Proxy-Automated-New/apigee-onelink_kpim_v10
      5 CTO/CTO-IA/Apigee-Proxy-Automated-New/apigee-mykp_bff_search_basic_auth_v1r
      5 CTO/CTO-IA/Apigee-Proxy-Automated-New/apigee-myhr_oracle_hcm_erp_integration_v10
      5 CTO/CTO-IA/Apigee-Proxy-Automated-New/apigee-mpeople_to_salesforce_v1r
      5 CTO/CTO-IA/Apigee-Proxy-Automated-New/apigee-message_center_attachment_v1rc
      5 CTO/CTO-IA/Apigee-Proxy-Automated-New/apigee-member_benefit_inquiry_r_v1
      5 CTO/CTO-IA/Apigee-Proxy-Automated-New/apigee-lexisnexisrisk_rest_api_v10
      5 CTO/CTO-IA/Apigee-Proxy-Automated-New/apigee-kpvv_biz_registration_v10
      5 CTO/CTO-IA/Apigee-Proxy-Automated-New/apigee-kporgfusion_v1r
      5 CTO/CTO-IA/Apigee-Proxy-Automated-New/apigee-kpmc_user_authbff_ba_v10s
      5 CTO/CTO-IA/Apigee-Proxy-Automated-New/apigee-kpmc_user_authbff_ba_service
      5 CTO/CTO-IA/Apigee-Proxy-Automated-New/apigee-kpmc_individual_data_v1r
      5 CTO/CTO-IA/Apigee-Proxy-Automated-New/apigee-kpmc_bill_and_pay_bff_v1r
      5 CTO/CTO-IA/Apigee-Proxy-Automated-New/apigee-kphc_update_patient_demographics_v1r
      5 CTO/CTO-IA/Apigee-Proxy-Automated-New/apigee-kphc_set_visit_contact_info_v1r
      5 CTO/CTO-IA/Apigee-Proxy-Automated-New/apigee-kphc_set_primary_location_v1r
      5 CTO/CTO-IA/Apigee-Proxy-Automated-New/apigee-kphc_set_primary_location_v1
      5 CTO/CTO-IA/Apigee-Proxy-Automated-New/apigee-kphc_pointclickcare_webhook_listener_v1r
      5 CTO/CTO-IA/Apigee-Proxy-Automated-New/apigee-kphc_notes_comments_machats_v2
      5 CTO/CTO-IA/Apigee-Proxy-Automated-New/apigee-kphc_medications_v2
      5 CTO/CTO-IA/Apigee-Proxy-Automated-New/apigee-kphc_letters_v3
      5 CTO/CTO-IA/Apigee-Proxy-Automated-New/apigee-kphc_get_user_base_deployment_v10r
      5 CTO/CTO-IA/Apigee-Proxy-Automated-New/apigee-kphc_get_sched_depts_v4r
      5 CTO/CTO-IA/Apigee-Proxy-Automated-New/apigee-kphc_get_provider_schedule_v3
      5 CTO/CTO-IA/Apigee-Proxy-Automated-New/apigee-kphc_get_provider_schedule_v20
      5 CTO/CTO-IA/Apigee-Proxy-Automated-New/apigee-kphc_get_ldaw_v1
      5 CTO/CTO-IA/Apigee-Proxy-Automated-New/apigee-kphc_get_future_appointments_v1r
      5 CTO/CTO-IA/Apigee-Proxy-Automated-New/apigee-kphc_get_allergies_v10
      5 CTO/CTO-IA/Apigee-Proxy-Automated-New/apigee-kphc_comm_prefs_v1
      5 CTO/CTO-IA/Apigee-Proxy-Automated-New/apigee-kpcc_get_claim_summary_v5
      5 CTO/CTO-IA/Apigee-Proxy-Automated-New/apigee-kpcc_get_claim_summary_v4
      5 CTO/CTO-IA/Apigee-Proxy-Automated-New/apigee-kpcc_accum_summary_v1
      5 CTO/CTO-IA/Apigee-Proxy-Automated-New/apigee-kp_polaris_stu3
      5 CTO/CTO-IA/Apigee-Proxy-Automated-New/apigee-kp_polaris_openpk
      5 CTO/CTO-IA/Apigee-Proxy-Automated-New/apigee-kp_polaris_epictelehealthexternal_v2020
      5 CTO/CTO-IA/Apigee-Proxy-Automated-New/apigee-kp_polaris_epicsecuritypersonnelmanagement_v2014
      5 CTO/CTO-IA/Apigee-Proxy-Automated-New/apigee-kp_polaris_epicschedulingprovider_v2013
      5 CTO/CTO-IA/Apigee-Proxy-Automated-New/apigee-kp_polaris_epicedisoapreceiver_v2009
      5 CTO/CTO-IA/Apigee-Proxy-Automated-New/apigee-kp_polaris_epicclinicalvoiceassistant_v2021
      5 CTO/CTO-IA/Apigee-Proxy-Automated-New/apigee-kp_polaris_epicclinicalutility_v2013
      5 CTO/CTO-IA/Apigee-Proxy-Automated-New/apigee-kp_polaris_dstu2
      5 CTO/CTO-IA/Apigee-Proxy-Automated-New/apigee-incident_report_v2
      5 CTO/CTO-IA/Apigee-Proxy-Automated-New/apigee-hpub_cps_delegate_v1
      5 CTO/CTO-IA/Apigee-Proxy-Automated-New/apigee-hcm_salesforce_case_managementr_v10
      5 CTO/CTO-IA/Apigee-Proxy-Automated-New/apigee-gusto_membership_transaction_status
      5 CTO/CTO-IA/Apigee-Proxy-Automated-New/apigee-group_membership_list_v20
      5 CTO/CTO-IA/Apigee-Proxy-Automated-New/apigee-gen5_private_cloud_management_platform_status_v1r
      5 CTO/CTO-IA/Apigee-Proxy-Automated-New/apigee-fs_tpa_cross_reference_v10
      5 CTO/CTO-IA/Apigee-Proxy-Automated-New/apigee-fs_member_reinstatement_v10
      5 CTO/CTO-IA/Apigee-Proxy-Automated-New/apigee-epims_sure_scripts_api_v10r
      5 CTO/CTO-IA/Apigee-Proxy-Automated-New/apigee-epims_pdx_rx_v60
      5 CTO/CTO-IA/Apigee-Proxy-Automated-New/apigee-epims_nonkphc_outbound_v1r
      5 CTO/CTO-IA/Apigee-Proxy-Automated-New/apigee-epims_epatient_prescription_setdocument_v1r
      5 CTO/CTO-IA/Apigee-Proxy-Automated-New/apigee-epic_tapestry_apclaims_v2022s
      5 CTO/CTO-IA/Apigee-Proxy-Automated-New/apigee-epic_specialty_gs_surgery_services_v2015
      5 CTO/CTO-IA/Apigee-Proxy-Automated-New/apigee-epic_specialty_gs_emergency_department_services_v2010
      5 CTO/CTO-IA/Apigee-Proxy-Automated-New/apigee-epic_security_gs_break_the_glass_services_v2013
      5 CTO/CTO-IA/Apigee-Proxy-Automated-New/apigee-epic_scheduling_gs_provider_v2018r
      5 CTO/CTO-IA/Apigee-Proxy-Automated-New/apigee-epic_scheduling_gs_patient_services_v2017r
      5 CTO/CTO-IA/Apigee-Proxy-Automated-New/apigee-epic_scheduling_gs_patient_services_v2013a
      5 CTO/CTO-IA/Apigee-Proxy-Automated-New/apigee-epic_patient_access_scalmlm_v51
      5 CTO/CTO-IA/Apigee-Proxy-Automated-New/apigee-epic_patient_access_mobile_services_v2018
      5 CTO/CTO-IA/Apigee-Proxy-Automated-New/apigee-epic_patient_access_mobile_services_v2014
      5 CTO/CTO-IA/Apigee-Proxy-Automated-New/apigee-epic_patient_access_gs_patient_v2019r
      5 CTO/CTO-IA/Apigee-Proxy-Automated-New/apigee-epic_fhir_task_r4_mux
      5 CTO/CTO-IA/Apigee-Proxy-Automated-New/apigee-epic_fhir_servicerequest_r4_mux
      5 CTO/CTO-IA/Apigee-Proxy-Automated-New/apigee-epic_fhir_schedule_stu3
      5 CTO/CTO-IA/Apigee-Proxy-Automated-New/apigee-epic_fhir_procedurerequest_stu3
      5 CTO/CTO-IA/Apigee-Proxy-Automated-New/apigee-epic_fhir_practitioner_stu3
      5 CTO/CTO-IA/Apigee-Proxy-Automated-New/apigee-epic_fhir_patient_stu3
      5 CTO/CTO-IA/Apigee-Proxy-Automated-New/apigee-epic_fhir_organization_stu3
      5 CTO/CTO-IA/Apigee-Proxy-Automated-New/apigee-epic_fhir_observation_stu3
      5 CTO/CTO-IA/Apigee-Proxy-Automated-New/apigee-epic_fhir_metadata_stu3
      5 CTO/CTO-IA/Apigee-Proxy-Automated-New/apigee-epic_fhir_metadata_r4
      5 CTO/CTO-IA/Apigee-Proxy-Automated-New/apigee-epic_fhir_medication_stu3
      5 CTO/CTO-IA/Apigee-Proxy-Automated-New/apigee-epic_fhir_location_stu3
      5 CTO/CTO-IA/Apigee-Proxy-Automated-New/apigee-epic_fhir_list_stu3
      5 CTO/CTO-IA/Apigee-Proxy-Automated-New/apigee-epic_fhir_immunization_stu3
      5 CTO/CTO-IA/Apigee-Proxy-Automated-New/apigee-epic_fhir_group_stu3
      5 CTO/CTO-IA/Apigee-Proxy-Automated-New/apigee-epic_fhir_goal_stu3
      5 CTO/CTO-IA/Apigee-Proxy-Automated-New/apigee-epic_fhir_goal_r4
      5 CTO/CTO-IA/Apigee-Proxy-Automated-New/apigee-epic_fhir_explanationofbenefit_stu3
      5 CTO/CTO-IA/Apigee-Proxy-Automated-New/apigee-epic_fhir_explanationofbenefit_r4
      5 CTO/CTO-IA/Apigee-Proxy-Automated-New/apigee-epic_fhir_endpoint_stu3
      5 CTO/CTO-IA/Apigee-Proxy-Automated-New/apigee-epic_fhir_endpoint_r4
      5 CTO/CTO-IA/Apigee-Proxy-Automated-New/apigee-epic_fhir_documentreference_r4_mux
      5 CTO/CTO-IA/Apigee-Proxy-Automated-New/apigee-epic_fhir_diagnosticreport_r4
      5 CTO/CTO-IA/Apigee-Proxy-Automated-New/apigee-epic_fhir_device_stu3
      5 CTO/CTO-IA/Apigee-Proxy-Automated-New/apigee-epic_fhir_device_r4
      5 CTO/CTO-IA/Apigee-Proxy-Automated-New/apigee-epic_fhir_criteriareview_r4
      5 CTO/CTO-IA/Apigee-Proxy-Automated-New/apigee-epic_fhir_coverage_stu3
      5 CTO/CTO-IA/Apigee-Proxy-Automated-New/apigee-epic_fhir_coverage_r4
      5 CTO/CTO-IA/Apigee-Proxy-Automated-New/apigee-epic_fhir_consent_r4
      5 CTO/CTO-IA/Apigee-Proxy-Automated-New/apigee-epic_fhir_condition_stu3
      5 CTO/CTO-IA/Apigee-Proxy-Automated-New/apigee-epic_fhir_condition_r4
      5 CTO/CTO-IA/Apigee-Proxy-Automated-New/apigee-epic_fhir_careplan_r4
      5 CTO/CTO-IA/Apigee-Proxy-Automated-New/apigee-epic_fhir_binary_stu3
      5 CTO/CTO-IA/Apigee-Proxy-Automated-New/apigee-epic_fhir_appointment_stu3
      5 CTO/CTO-IA/Apigee-Proxy-Automated-New/apigee-epic_fhir_allergyintolerance_stu3
      5 CTO/CTO-IA/Apigee-Proxy-Automated-New/apigee-epic_fhir_adverseevent_r4
      5 CTO/CTO-IA/Apigee-Proxy-Automated-New/apigee-epic_empi_gs_patient_services_v2012r
      5 CTO/CTO-IA/Apigee-Proxy-Automated-New/apigee-epic_edi_fhir_goal_vdstu2r
      5 CTO/CTO-IA/Apigee-Proxy-Automated-New/apigee-epic_edi_fhir_familymemberhistory_vdstu2r
      5 CTO/CTO-IA/Apigee-Proxy-Automated-New/apigee-epic_crm_gs_utility_services_2014br
      5 CTO/CTO-IA/Apigee-Proxy-Automated-New/apigee-epic_common_gs_utility_services_v2010
      5 CTO/CTO-IA/Apigee-Proxy-Automated-New/apigee-epic_common_gs_inbasket_services_v2019r
      5 CTO/CTO-IA/Apigee-Proxy-Automated-New/apigee-epic_clinical_gs_utility_services_v2019r
      5 CTO/CTO-IA/Apigee-Proxy-Automated-New/apigee-epic_clinical_gs_utility_services_v2019
      5 CTO/CTO-IA/Apigee-Proxy-Automated-New/apigee-epic_clinical_gs_utility_services_v2017r
      5 CTO/CTO-IA/Apigee-Proxy-Automated-New/apigee-epic_clinical_gs_utility_services_v2016r
      5 CTO/CTO-IA/Apigee-Proxy-Automated-New/apigee-epic_clinical_gs_utility_services_v2015r
      5 CTO/CTO-IA/Apigee-Proxy-Automated-New/apigee-epic_clinical_gs_utility_services_v2014r
      5 CTO/CTO-IA/Apigee-Proxy-Automated-New/apigee-epic_clinical_gs_provider_services_v2019r
      5 CTO/CTO-IA/Apigee-Proxy-Automated-New/apigee-epic_clinical_gs_patient_services_v2019r
      5 CTO/CTO-IA/Apigee-Proxy-Automated-New/apigee-epic_clinical_gs_patient_services_v2019
      5 CTO/CTO-IA/Apigee-Proxy-Automated-New/apigee-epic_clinical_gs_patient_services_v2018r
      5 CTO/CTO-IA/Apigee-Proxy-Automated-New/apigee-epic_clinical_gs_patient_services_v2017r
      5 CTO/CTO-IA/Apigee-Proxy-Automated-New/apigee-epic_clinical_gs_patient_services_v2015r
      5 CTO/CTO-IA/Apigee-Proxy-Automated-New/apigee-epic_clinical_gs_patient_services_v2014r
      5 CTO/CTO-IA/Apigee-Proxy-Automated-New/apigee-epic_clinical_gs_patient_services_v2013r
      5 CTO/CTO-IA/Apigee-Proxy-Automated-New/apigee-epic_clinical_gs_patient_services_v2012r
      5 CTO/CTO-IA/Apigee-Proxy-Automated-New/apigee-epic_clinical_gs_patient_services_v2010r
      5 CTO/CTO-IA/Apigee-Proxy-Automated-New/apigee-epic_clinical_gs_order_services_v2019r
      5 CTO/CTO-IA/Apigee-Proxy-Automated-New/apigee-epic_clinical_gs_oncology_services_v2018r
      5 CTO/CTO-IA/Apigee-Proxy-Automated-New/apigee-epic_billing_gs_router_services_v2011r
      5 CTO/CTO-IA/Apigee-Proxy-Automated-New/apigee-epic_billing_gs_patient_services_v2015r
      5 CTO/CTO-IA/Apigee-Proxy-Automated-New/apigee-epic_billing_gs_patient_services_v2015
      5 CTO/CTO-IA/Apigee-Proxy-Automated-New/apigee-epic_billing_gs_patient_services_v2011r
      5 CTO/CTO-IA/Apigee-Proxy-Automated-New/apigee-epic_billing_gs_account_services_v2020r
      5 CTO/CTO-IA/Apigee-Proxy-Automated-New/apigee-epic_billing_gs_account_services_v2020
      5 CTO/CTO-IA/Apigee-Proxy-Automated-New/apigee-epic_billing_gs_account_services_v2019r
      5 CTO/CTO-IA/Apigee-Proxy-Automated-New/apigee-epic_billing_gs_account_services_v2019
      5 CTO/CTO-IA/Apigee-Proxy-Automated-New/apigee-epic_access_gs_referral_services_v2014r
      5 CTO/CTO-IA/Apigee-Proxy-Automated-New/apigee-epic_access_gs_referral_services_v2012r
      5 CTO/CTO-IA/Apigee-Proxy-Automated-New/apigee-epic_access_gs_patient_services_v2020r
      5 CTO/CTO-IA/Apigee-Proxy-Automated-New/apigee-epic_access_gs_patient_services_v2017r
      5 CTO/CTO-IA/Apigee-Proxy-Automated-New/apigee-epic_access_gs_patient_services_v2016r
      5 CTO/CTO-IA/Apigee-Proxy-Automated-New/apigee-epic_access_gs_patient_services_v2016
      5 CTO/CTO-IA/Apigee-Proxy-Automated-New/apigee-epic_access_gs_patient_services_v2012r
      5 CTO/CTO-IA/Apigee-Proxy-Automated-New/apigee-dss_fdb_monographs_xmlr_v10
      5 CTO/CTO-IA/Apigee-Proxy-Automated-New/apigee-contract_production_data_extraction_v1r
      5 CTO/CTO-IA/Apigee-Proxy-Automated-New/apigee-contract_production_bundle_validation_v1r
      5 CTO/CTO-IA/Apigee-Proxy-Automated-New/apigee-cm_member_change_publish_v1
      5 CTO/CTO-IA/Apigee-Proxy-Automated-New/apigee-clinician_connect_realm_v1r
      5 CTO/CTO-IA/Apigee-Proxy-Automated-New/apigee-cas_test_v1
      5 CTO/CTO-IA/Apigee-Proxy-Automated-New/apigee-cas_test_new_test_v1_0_7r
      5 CTO/CTO-IA/Apigee-Proxy-Automated-New/apigee-cas_amp_validation_v2r
      5 CTO/CTO-IA/Apigee-Proxy-Automated-New/apigee-benefits_validation_v11
      5 CTO/CTO-IA/Apigee-Proxy-Automated-New/apigee-bcssp_usermanagement_bff_v1r
      5 CTO/CTO-IA/Apigee-Proxy-Automated-New/apigee-amcas_data_exchange_v2
      5 CTO/CTO-IA/Apigee-Proxy-Automated-New/apigee-KP_LdapService_v1
      4 CTO/CTO-IA/Apigee-Proxy-Automated-New/apigee-video_visits_api_v2r
      4 CTO/CTO-IA/Apigee-Proxy-Automated-New/apigee-verizon_universal_identity_api_v50r
      4 CTO/CTO-IA/Apigee-Proxy-Automated-New/apigee-tms_memberbenefitsinquiry_v10
      4 CTO/CTO-IA/Apigee-Proxy-Automated-New/apigee-tms_groupinquiry_v10
      4 CTO/CTO-IA/Apigee-Proxy-Automated-New/apigee-tms_dpaaccountmanagement_v10
      4 CTO/CTO-IA/Apigee-Proxy-Automated-New/apigee-ssn_solicitation_rest_v1
      4 CTO/CTO-IA/Apigee-Proxy-Automated-New/apigee-scal_eligibility_and_demographics_v50
      4 CTO/CTO-IA/Apigee-Proxy-Automated-New/apigee-scal_eligibility_and_demographics_v30
      4 CTO/CTO-IA/Apigee-Proxy-Automated-New/apigee-risant_vbp_adapter_external_v1r
      4 CTO/CTO-IA/Apigee-Proxy-Automated-New/apigee-proship_pierbridge_interface_v1r
      4 CTO/CTO-IA/Apigee-Proxy-Automated-New/apigee-premiuminquiry_v10
      4 CTO/CTO-IA/Apigee-Proxy-Automated-New/apigee-pmtssbff-apiv1
      4 CTO/CTO-IA/Apigee-Proxy-Automated-New/apigee-opap_smt_maintenance_status_v1
      4 CTO/CTO-IA/Apigee-Proxy-Automated-New/apigee-onelink_3pl_outbound_v1r
      4 CTO/CTO-IA/Apigee-Proxy-Automated-New/apigee-onelink_3pl_inbound_v1r
      4 CTO/CTO-IA/Apigee-Proxy-Automated-New/apigee-one_link_receipt_confirmation_v10
      4 CTO/CTO-IA/Apigee-Proxy-Automated-New/apigee-one_link_inventory_balance_v10
      4 CTO/CTO-IA/Apigee-Proxy-Automated-New/apigee-onboardingwizard_v1r
      4 CTO/CTO-IA/Apigee-Proxy-Automated-New/apigee-oms_cms_asc_v1r
      4 CTO/CTO-IA/Apigee-Proxy-Automated-New/apigee-nps_application_callback_services_v10r
      4 CTO/CTO-IA/Apigee-Proxy-Automated-New/apigee-ncal_eligibility_and_demographics_v30
      4 CTO/CTO-IA/Apigee-Proxy-Automated-New/apigee-mykp_workforce_notifications_basic_auth_v1r
      4 CTO/CTO-IA/Apigee-Proxy-Automated-New/apigee-my_kp_bff_web_basic_auth_v10r
      4 CTO/CTO-IA/Apigee-Proxy-Automated-New/apigee-metrs_rules_odmoc_v1r
      4 CTO/CTO-IA/Apigee-Proxy-Automated-New/apigee-member_management_v40
      4 CTO/CTO-IA/Apigee-Proxy-Automated-New/apigee-member_history_inquiry_v10
      4 CTO/CTO-IA/Apigee-Proxy-Automated-New/apigee-member_eligibility_and_demographics_v4_v5
      4 CTO/CTO-IA/Apigee-Proxy-Automated-New/apigee-meaningful_use_e_prescribing_v10r
      4 CTO/CTO-IA/Apigee-Proxy-Automated-New/apigee-mbe_medicare_enrollment_request_api_v1
      4 CTO/CTO-IA/Apigee-Proxy-Automated-New/apigee-mas_eligibility_and_demographics_v10
      4 CTO/CTO-IA/Apigee-Proxy-Automated-New/apigee-kpmc_transactiontracking_bff
      4 CTO/CTO-IA/Apigee-Proxy-Automated-New/apigee-kpmc_ssindv_bff_v10r
      4 CTO/CTO-IA/Apigee-Proxy-Automated-New/apigee-kpmc_documents_external_bff_v1
      4 CTO/CTO-IA/Apigee-Proxy-Automated-New/apigee-kpmc_customer_and_contract_bff_ba
      4 CTO/CTO-IA/Apigee-Proxy-Automated-New/apigee-kphc_surgery_v3
      4 CTO/CTO-IA/Apigee-Proxy-Automated-New/apigee-kphc_secure_message_v20
      4 CTO/CTO-IA/Apigee-Proxy-Automated-New/apigee-kphc_patient_notes_v1
      4 CTO/CTO-IA/Apigee-Proxy-Automated-New/apigee-kphc_order_summary_v30
      4 CTO/CTO-IA/Apigee-Proxy-Automated-New/apigee-kphc_order_summary_v3
      4 CTO/CTO-IA/Apigee-Proxy-Automated-New/apigee-kphc_haiku_canto_v1
      4 CTO/CTO-IA/Apigee-Proxy-Automated-New/apigee-kphc_get_encounters_api_v20
      4 CTO/CTO-IA/Apigee-Proxy-Automated-New/apigee-kphc_get_demographics_v3r
      4 CTO/CTO-IA/Apigee-Proxy-Automated-New/apigee-kphc_confirm_appointment_v1
      4 CTO/CTO-IA/Apigee-Proxy-Automated-New/apigee-kphc_aeg_integration_v1r
      4 CTO/CTO-IA/Apigee-Proxy-Automated-New/apigee-kphc_adt_pending_events_v2
      4 CTO/CTO-IA/Apigee-Proxy-Automated-New/apigee-kpcc_get_claim_summary_v5r
      4 CTO/CTO-IA/Apigee-Proxy-Automated-New/apigee-kp_polaris_epictelehealthcontextlinking_v2018wcf
      4 CTO/CTO-IA/Apigee-Proxy-Automated-New/apigee-kp_polaris_epictelehealthcontextlinking_v2018
      4 CTO/CTO-IA/Apigee-Proxy-Automated-New/apigee-kp_hrconnect_im_oic_sec_v1r
      4 CTO/CTO-IA/Apigee-Proxy-Automated-New/apigee-kp_edi_gateway_external_eligibility_inquiry_service
      4 CTO/CTO-IA/Apigee-Proxy-Automated-New/apigee-insynctive_membership_transaction_status_v1r
      4 CTO/CTO-IA/Apigee-Proxy-Automated-New/apigee-hp_purchaser_management_v50
      4 CTO/CTO-IA/Apigee-Proxy-Automated-New/apigee-hp_dpa_payment_web_v10
      4 CTO/CTO-IA/Apigee-Proxy-Automated-New/apigee-hp_ca_purchaser_management_v3
      4 CTO/CTO-IA/Apigee-Proxy-Automated-New/apigee-hp_ca_medicare_management
      4 CTO/CTO-IA/Apigee-Proxy-Automated-New/apigee-hcm_security_uam_kpim_r_v10
      4 CTO/CTO-IA/Apigee-Proxy-Automated-New/apigee-hawaii_statement_finder_v10
      4 CTO/CTO-IA/Apigee-Proxy-Automated-New/apigee-groupmanagement_v70
      4 CTO/CTO-IA/Apigee-Proxy-Automated-New/apigee-gen5_private_cloud_management_platform_workspace_update_v1r
      4 CTO/CTO-IA/Apigee-Proxy-Automated-New/apigee-gen5_private_cloud_management_platform_oauth_v1r
      4 CTO/CTO-IA/Apigee-Proxy-Automated-New/apigee-fs_purchaser_v10
      4 CTO/CTO-IA/Apigee-Proxy-Automated-New/apigee-fs_member_transfer_v10
      4 CTO/CTO-IA/Apigee-Proxy-Automated-New/apigee-fs_member_termination_v10
      4 CTO/CTO-IA/Apigee-Proxy-Automated-New/apigee-fs_member_summary_v10
      4 CTO/CTO-IA/Apigee-Proxy-Automated-New/apigee-foundation_system_member_search_web
      4 CTO/CTO-IA/Apigee-Proxy-Automated-New/apigee-evolution1_auto_pay_balance_inquiry_api_v10
      4 CTO/CTO-IA/Apigee-Proxy-Automated-New/apigee-epims_psb_shipping_status_v1r
      4 CTO/CTO-IA/Apigee-Proxy-Automated-New/apigee-epims_pdx_rx_v50
      4 CTO/CTO-IA/Apigee-Proxy-Automated-New/apigee-epims_dayssupply_rules_v1r
      4 CTO/CTO-IA/Apigee-Proxy-Automated-New/apigee-epic_tapestry_link_gs_search_services_v2019
      4 CTO/CTO-IA/Apigee-Proxy-Automated-New/apigee-epic_specialty_gs_surgery_services_v2014
      4 CTO/CTO-IA/Apigee-Proxy-Automated-New/apigee-epic_specialty_gs_surgery_services_v2011
      4 CTO/CTO-IA/Apigee-Proxy-Automated-New/apigee-epic_scheduling_gs_provider_v2012r
      4 CTO/CTO-IA/Apigee-Proxy-Automated-New/apigee-epic_scheduling_gs_provider_services_v2013
      4 CTO/CTO-IA/Apigee-Proxy-Automated-New/apigee-epic_scheduling_gs_provider_services_v2012a
      4 CTO/CTO-IA/Apigee-Proxy-Automated-New/apigee-epic_scheduling_gs_patient_services_v2013
      4 CTO/CTO-IA/Apigee-Proxy-Automated-New/apigee-epic_scheduling_gs_patient_dexcare_v2011r
      4 CTO/CTO-IA/Apigee-Proxy-Automated-New/apigee-epic_patientaccess_update_services_v2006-12
      4 CTO/CTO-IA/Apigee-Proxy-Automated-New/apigee-epic_patientaccess_mobile_services_v2017r
      4 CTO/CTO-IA/Apigee-Proxy-Automated-New/apigee-epic_patientaccess_legacy_v51
      4 CTO/CTO-IA/Apigee-Proxy-Automated-New/apigee-epic_patientaccess_gs_patient_services_v2017r
      4 CTO/CTO-IA/Apigee-Proxy-Automated-New/apigee-epic_patientaccess_gs_patient_services_v2017cr
      4 CTO/CTO-IA/Apigee-Proxy-Automated-New/apigee-epic_patientaccess_gs_patient_services_v2017b
      4 CTO/CTO-IA/Apigee-Proxy-Automated-New/apigee-epic_patientaccess_gs_patient_s_v2015
      4 CTO/CTO-IA/Apigee-Proxy-Automated-New/apigee-epic_patientaccess_gs_external_services_v2019
      4 CTO/CTO-IA/Apigee-Proxy-Automated-New/apigee-epic_patientaccess_gs_external_services_v2018r
      4 CTO/CTO-IA/Apigee-Proxy-Automated-New/apigee-epic_patientaccess_gs_external_services_v2018B
      4 CTO/CTO-IA/Apigee-Proxy-Automated-New/apigee-epic_patientaccess_gs_external_services_v2017
      4 CTO/CTO-IA/Apigee-Proxy-Automated-New/apigee-epic_patientaccess_gs_external_services_v2016r
      4 CTO/CTO-IA/Apigee-Proxy-Automated-New/apigee-epic_patientaccess_gs_external_services_v2016
      4 CTO/CTO-IA/Apigee-Proxy-Automated-New/apigee-epic_patientaccess_gs_account_v2020r
      4 CTO/CTO-IA/Apigee-Proxy-Automated-New/apigee-epic_patient_access_services_v2017
      4 CTO/CTO-IA/Apigee-Proxy-Automated-New/apigee-epic_patient_access_services_v2010
      4 CTO/CTO-IA/Apigee-Proxy-Automated-New/apigee-epic_patient_access_scaltcm_v51
      4 CTO/CTO-IA/Apigee-Proxy-Automated-New/apigee-epic_patient_access_my_chart_bedside_services_v2012
      4 CTO/CTO-IA/Apigee-Proxy-Automated-New/apigee-epic_patient_access_gs_patient_services_v2015
      4 CTO/CTO-IA/Apigee-Proxy-Automated-New/apigee-epic_oauth2introspect_v2023r
      4 CTO/CTO-IA/Apigee-Proxy-Automated-New/apigee-epic_fhir_observation_stu3_mux
      4 CTO/CTO-IA/Apigee-Proxy-Automated-New/apigee-epic_empi_gs_patient_kpmc_v2012r
      4 CTO/CTO-IA/Apigee-Proxy-Automated-New/apigee-epic_empi_gs_external_services_v2012r
      4 CTO/CTO-IA/Apigee-Proxy-Automated-New/apigee-epic_creditcard_gs_api_v2020
      4 CTO/CTO-IA/Apigee-Proxy-Automated-New/apigee-epic_creditcard_gs_api_legacy_v2020
      4 CTO/CTO-IA/Apigee-Proxy-Automated-New/apigee-epic_common_gs_utility_services_v2010r
      4 CTO/CTO-IA/Apigee-Proxy-Automated-New/apigee-epic_common_gs_patient_services_v2012r
      4 CTO/CTO-IA/Apigee-Proxy-Automated-New/apigee-epic_clinical_gs_patient_onprem_v2011
      4 CTO/CTO-IA/Apigee-Proxy-Automated-New/apigee-epic_clinical_gs_notes_services_v2018
      4 CTO/CTO-IA/Apigee-Proxy-Automated-New/apigee-epic_billing_external_v2017
      4 CTO/CTO-IA/Apigee-Proxy-Automated-New/apigee-digital-notification-api-internal_1.2.0v1
      4 CTO/CTO-IA/Apigee-Proxy-Automated-New/apigee-content_api_v1
      4 CTO/CTO-IA/Apigee-Proxy-Automated-New/apigee-compliance_connect_membership_lookup_v1r
      4 CTO/CTO-IA/Apigee-Proxy-Automated-New/apigee-cm_group_inquiry_v1
      4 CTO/CTO-IA/Apigee-Proxy-Automated-New/apigee-cdtssp_video_management_v1
      4 CTO/CTO-IA/Apigee-Proxy-Automated-New/apigee-cd_wsdl_checker1
      4 CTO/CTO-IA/Apigee-Proxy-Automated-New/apigee-cc_benefit_v2rc
      4 CTO/CTO-IA/Apigee-Proxy-Automated-New/apigee-carsws_docs
      4 CTO/CTO-IA/Apigee-Proxy-Automated-New/apigee-cars_docv10
      4 CTO/CTO-IA/Apigee-Proxy-Automated-New/apigee-bsor_broker_net_v30
      4 CTO/CTO-IA/Apigee-Proxy-Automated-New/apigee-automation-testsuite-nonprod
      4 CTO/CTO-IA/Apigee-Proxy-Automated-New/apigee-autocal_insulin_infusion_calculator_v2
      4 CTO/CTO-IA/Apigee-Proxy-Automated-New/apigee-amp_test_wsdl_v1s
      4 CTO/CTO-IA/Apigee-Proxy-Automated-New/apigee-KP_LoggingService_v1
      4 CTO/CTO-IA/Apigee-Proxy-Automated-New/apigee-KP_CoatsService_v1
      4 CTO/CTO-IA/Apigee-Proxy-Automated-New/apigee-AMP_KP_PINGAccess_Service_v1
      4 CTO/CTO-IA/Apigee-Proxy-Automated-New/apigee-AMP-KP-TEST-CorrelationId-v1
      3 CTO/CTO-IA/Apigee-Proxy-Automated-New/apigee-validic_oauth_v1r
      3 CTO/CTO-IA/Apigee-Proxy-Automated-New/apigee-user_data_vv214
      3 CTO/CTO-IA/Apigee-Proxy-Automated-New/apigee-trdl_nist_cvss_v2rh
      3 CTO/CTO-IA/Apigee-Proxy-Automated-New/apigee-snap_gabrkr_package_v10
      3 CTO/CTO-IA/Apigee-Proxy-Automated-New/apigee-sam_document_library_v1r
      3 CTO/CTO-IA/Apigee-Proxy-Automated-New/apigee-qualifieddigitalnew_v1r
      3 CTO/CTO-IA/Apigee-Proxy-Automated-New/apigee-poe_care_gaps_v1r
      3 CTO/CTO-IA/Apigee-Proxy-Automated-New/apigee-pie_payment_tempus_outbound_v1r
      3 CTO/CTO-IA/Apigee-Proxy-Automated-New/apigee-pie_kphc_refund_payment_tempus_outbound_v1r
      3 CTO/CTO-IA/Apigee-Proxy-Automated-New/apigee-one_link_inventory_transaction_v10
      3 CTO/CTO-IA/Apigee-Proxy-Automated-New/apigee-nfs_locations_v1
      3 CTO/CTO-IA/Apigee-Proxy-Automated-New/apigee-n_quiry_request_v10
      3 CTO/CTO-IA/Apigee-Proxy-Automated-New/apigee-mykp_rules_personalization_odmoc_v1r
      3 CTO/CTO-IA/Apigee-Proxy-Automated-New/apigee-myhr_oracle_hcm_report_web_v10
      3 CTO/CTO-IA/Apigee-Proxy-Automated-New/apigee-my_kp_checklist_api_v10r
      3 CTO/CTO-IA/Apigee-Proxy-Automated-New/apigee-mqr_management_v10r
      3 CTO/CTO-IA/Apigee-Proxy-Automated-New/apigee-met_life_soh_1_api
      3 CTO/CTO-IA/Apigee-Proxy-Automated-New/apigee-memberinquiry_v3_1
      3 CTO/CTO-IA/Apigee-Proxy-Automated-New/apigee-member_level_rating_tool_for_small_group_api_v1
      3 CTO/CTO-IA/Apigee-Proxy-Automated-New/apigee-member_inquiry_v21
      3 CTO/CTO-IA/Apigee-Proxy-Automated-New/apigee-member_benefits_inquiry_v20
      3 CTO/CTO-IA/Apigee-Proxy-Automated-New/apigee-mbe_member_medicare_inquiry_v1
      3 CTO/CTO-IA/Apigee-Proxy-Automated-New/apigee-mbe_mbi_hicn_inquiry_v1
      3 CTO/CTO-IA/Apigee-Proxy-Automated-New/apigee-lab_wait_time_calc_decision_v10
      3 CTO/CTO-IA/Apigee-Proxy-Automated-New/apigee-kpmc_search_crosswalk_bff_ba_v10
      3 CTO/CTO-IA/Apigee-Proxy-Automated-New/apigee-kpmc_phiaccessbaservice_v1r
      3 CTO/CTO-IA/Apigee-Proxy-Automated-New/apigee-kpmc_ormb_authentication_v1r
      3 CTO/CTO-IA/Apigee-Proxy-Automated-New/apigee-kpmc_mrn_search_v1r
      3 CTO/CTO-IA/Apigee-Proxy-Automated-New/apigee-kpmc_mrn_assignmentand_notification_service
      3 CTO/CTO-IA/Apigee-Proxy-Automated-New/apigee-kpmc_maspmos_groupchangepublish_v1r
      3 CTO/CTO-IA/Apigee-Proxy-Automated-New/apigee-kpmc_landingpage_bff_v10
      3 CTO/CTO-IA/Apigee-Proxy-Automated-New/apigee-kphp_smilecdr_fhir_r4
      3 CTO/CTO-IA/Apigee-Proxy-Automated-New/apigee-kphc_trigger_update_v1r
      3 CTO/CTO-IA/Apigee-Proxy-Automated-New/apigee-kphc_set_paperless_billing_v1s
      3 CTO/CTO-IA/Apigee-Proxy-Automated-New/apigee-kphc_set_conference_status_v1r
      3 CTO/CTO-IA/Apigee-Proxy-Automated-New/apigee-kphc_radiology_orders_api_v50
      3 CTO/CTO-IA/Apigee-Proxy-Automated-New/apigee-kphc_notes_comments_v2
      3 CTO/CTO-IA/Apigee-Proxy-Automated-New/apigee-kphc_kiosk_tempus
      3 CTO/CTO-IA/Apigee-Proxy-Automated-New/apigee-kphc_get_timeline_v10
      3 CTO/CTO-IA/Apigee-Proxy-Automated-New/apigee-kphc_get_prescriptions_v3r
      3 CTO/CTO-IA/Apigee-Proxy-Automated-New/apigee-kphc_get_prescription_v3
      3 CTO/CTO-IA/Apigee-Proxy-Automated-New/apigee-kphc_get_guarantor_patient_list_v10r
      3 CTO/CTO-IA/Apigee-Proxy-Automated-New/apigee-kphc_get_future_appointments_v1
      3 CTO/CTO-IA/Apigee-Proxy-Automated-New/apigee-kphc_get_echeckin_warnings_v1r
      3 CTO/CTO-IA/Apigee-Proxy-Automated-New/apigee-kphc_get_account_status_v1
      3 CTO/CTO-IA/Apigee-Proxy-Automated-New/apigee-kphc_facility_census_v1
      3 CTO/CTO-IA/Apigee-Proxy-Automated-New/apigee-kphc_external_visit_identifier_v1r
      3 CTO/CTO-IA/Apigee-Proxy-Automated-New/apigee-kphc_external_visit_identifier_v1
      3 CTO/CTO-IA/Apigee-Proxy-Automated-New/apigee-kphc_encounters_occ_v20
      3 CTO/CTO-IA/Apigee-Proxy-Automated-New/apigee-kphc_create_event_v1r
      3 CTO/CTO-IA/Apigee-Proxy-Automated-New/apigee-kphc_create_event_v1
      3 CTO/CTO-IA/Apigee-Proxy-Automated-New/apigee-kphc_adt_pending_events_v20
      3 CTO/CTO-IA/Apigee-Proxy-Automated-New/apigee-kpcc_sensitive_code_v1r
      3 CTO/CTO-IA/Apigee-Proxy-Automated-New/apigee-kpcc_kphc_get_coverages_v1
      3 CTO/CTO-IA/Apigee-Proxy-Automated-New/apigee-kpcc_get_claim_summary_v6rc
      3 CTO/CTO-IA/Apigee-Proxy-Automated-New/apigee-kpcc_get_claim_summary_v6c
      3 CTO/CTO-IA/Apigee-Proxy-Automated-New/apigee-kp_polaris_epiccreditcard_v2016
      3 CTO/CTO-IA/Apigee-Proxy-Automated-New/apigee-kp_digital_incubation_cardiac_rehabapi_ba_v1r
      3 CTO/CTO-IA/Apigee-Proxy-Automated-New/apigee-kat_user_profile_v10
      3 CTO/CTO-IA/Apigee-Proxy-Automated-New/apigee-innovation_dispenser__co_v10
      3 CTO/CTO-IA/Apigee-Proxy-Automated-New/apigee-identity_hub_v2
      3 CTO/CTO-IA/Apigee-Proxy-Automated-New/apigee-hhub_content_stack_v1r
      3 CTO/CTO-IA/Apigee-Proxy-Automated-New/apigee-hhub_commerce_tools_v1r
      3 CTO/CTO-IA/Apigee-Proxy-Automated-New/apigee-groupmanagement_v62
      3 CTO/CTO-IA/Apigee-Proxy-Automated-New/apigee-github_ec_poc_v1r
      3 CTO/CTO-IA/Apigee-Proxy-Automated-New/apigee-gen5_private_cloud_management_platform_order_info_v1r
      3 CTO/CTO-IA/Apigee-Proxy-Automated-New/apigee-gen5_private_cloud_management_platform_drift_detection_v1r
      3 CTO/CTO-IA/Apigee-Proxy-Automated-New/apigee-gen5_private_cloud_management_platform_delete_v1r
      3 CTO/CTO-IA/Apigee-Proxy-Automated-New/apigee-gen5_private_cloud_management_platform_actions_v1r
      3 CTO/CTO-IA/Apigee-Proxy-Automated-New/apigee-fs_memberchangepublish_v10
      3 CTO/CTO-IA/Apigee-Proxy-Automated-New/apigee-fs_member_enrollment_v1
      3 CTO/CTO-IA/Apigee-Proxy-Automated-New/apigee-fs_family_account_role_v1
      3 CTO/CTO-IA/Apigee-Proxy-Automated-New/apigee-epims_rx_intervention_v4
      3 CTO/CTO-IA/Apigee-Proxy-Automated-New/apigee-epims_rx_eligibility_v1r
      3 CTO/CTO-IA/Apigee-Proxy-Automated-New/apigee-epims_prescription_ncal_v1r
      3 CTO/CTO-IA/Apigee-Proxy-Automated-New/apigee-epims_kphc_rx_v10r
      3 CTO/CTO-IA/Apigee-Proxy-Automated-New/apigee-epims_epatient_prescription_getdocumentmetadata_v10r
      3 CTO/CTO-IA/Apigee-Proxy-Automated-New/apigee-epic_scheduling_gs_provider_services_v2013r
      3 CTO/CTO-IA/Apigee-Proxy-Automated-New/apigee-epic_patientaccess_update_services_v2009
      3 CTO/CTO-IA/Apigee-Proxy-Automated-New/apigee-epic_patientaccess_update_services_v2008-03
      3 CTO/CTO-IA/Apigee-Proxy-Automated-New/apigee-epic_patientaccess_update_services_v2005-01
      3 CTO/CTO-IA/Apigee-Proxy-Automated-New/apigee-epic_patientaccess_update_services_v2004-05
      3 CTO/CTO-IA/Apigee-Proxy-Automated-New/apigee-epic_patientaccess_mobile_services_v2017
      3 CTO/CTO-IA/Apigee-Proxy-Automated-New/apigee-epic_patientaccess_gs_patient_services_v2017c
      3 CTO/CTO-IA/Apigee-Proxy-Automated-New/apigee-epic_patientaccess_gs_patient_services_v2017br
      3 CTO/CTO-IA/Apigee-Proxy-Automated-New/apigee-epic_patientaccess_gs_patient_services_v2017
      3 CTO/CTO-IA/Apigee-Proxy-Automated-New/apigee-epic_patientaccess_gs_patient_legacy_v2012s
      3 CTO/CTO-IA/Apigee-Proxy-Automated-New/apigee-epic_patientaccess_gs_external_services_v2015r
      3 CTO/CTO-IA/Apigee-Proxy-Automated-New/apigee-epic_patient_access_scalvam_v51
      3 CTO/CTO-IA/Apigee-Proxy-Automated-New/apigee-epic_patient_access_scalsdm_v51
      3 CTO/CTO-IA/Apigee-Proxy-Automated-New/apigee-epic_patient_access_scalocm_v51
      3 CTO/CTO-IA/Apigee-Proxy-Automated-New/apigee-epic_patient_access_scaliem_v51
      3 CTO/CTO-IA/Apigee-Proxy-Automated-New/apigee-epic_patient_access_nw_v51
      3 CTO/CTO-IA/Apigee-Proxy-Automated-New/apigee-epic_patient_access_ma_v51
      3 CTO/CTO-IA/Apigee-Proxy-Automated-New/apigee-epic_patient_access_gs_patient_v2019
      3 CTO/CTO-IA/Apigee-Proxy-Automated-New/apigee-epic_patient_access_ga_v51
      3 CTO/CTO-IA/Apigee-Proxy-Automated-New/apigee-epic_patient_access_co_v51
      3 CTO/CTO-IA/Apigee-Proxy-Automated-New/apigee-epic_fhir_practitionerrole_stu3_mux
      3 CTO/CTO-IA/Apigee-Proxy-Automated-New/apigee-epic_fhir_practitioner_stu3_mux
      3 CTO/CTO-IA/Apigee-Proxy-Automated-New/apigee-epic_fhir_patient_stu3_mux
      3 CTO/CTO-IA/Apigee-Proxy-Automated-New/apigee-epic_fhir_patient_empi_r4_mux
      3 CTO/CTO-IA/Apigee-Proxy-Automated-New/apigee-epic_fhir_encounter_stu3_mux
      3 CTO/CTO-IA/Apigee-Proxy-Automated-New/apigee-epic_empi_gs_patient_kpmc_v2012s
      3 CTO/CTO-IA/Apigee-Proxy-Automated-New/apigee-epic_empi_gs_external_services_v2017
      3 CTO/CTO-IA/Apigee-Proxy-Automated-New/apigee-epic_edi_xml_ncpdp_receiver_services_v2015b_r
      3 CTO/CTO-IA/Apigee-Proxy-Automated-New/apigee-epic_edi_xml_ncpdp_receiver_services_v2015
      3 CTO/CTO-IA/Apigee-Proxy-Automated-New/apigee-epic_edi_http_callcenter_HL7v2
      3 CTO/CTO-IA/Apigee-Proxy-Automated-New/apigee-epic_edi_http_aipname_HL7v2r
      3 CTO/CTO-IA/Apigee-Proxy-Automated-New/apigee-epic_core_gs_securedutility_services_v2012r
      3 CTO/CTO-IA/Apigee-Proxy-Automated-New/apigee-epic_common_gs_utility_services_v2018r
      3 CTO/CTO-IA/Apigee-Proxy-Automated-New/apigee-epic_common_gs_utility_services_v2018
      3 CTO/CTO-IA/Apigee-Proxy-Automated-New/apigee-epic_common_gs_utility_services_v2017r
      3 CTO/CTO-IA/Apigee-Proxy-Automated-New/apigee-epic_common_gs_utility_services_v2015r
      3 CTO/CTO-IA/Apigee-Proxy-Automated-New/apigee-epic_common_gs_utility_services_v2015
      3 CTO/CTO-IA/Apigee-Proxy-Automated-New/apigee-epic_common_gs_utility_services_v2014r
      3 CTO/CTO-IA/Apigee-Proxy-Automated-New/apigee-epic_common_gs_utility_services_v2014
      3 CTO/CTO-IA/Apigee-Proxy-Automated-New/apigee-epic_common_gs_utility_services_v2012r
      3 CTO/CTO-IA/Apigee-Proxy-Automated-New/apigee-epic_common_gs_user_services_v2011r
      3 CTO/CTO-IA/Apigee-Proxy-Automated-New/apigee-epic_common_gs_patient_services_v2018r
      3 CTO/CTO-IA/Apigee-Proxy-Automated-New/apigee-epic_common_gs_patient_services_v2018
      3 CTO/CTO-IA/Apigee-Proxy-Automated-New/apigee-epic_common_gs_patient_services_v2017r
      3 CTO/CTO-IA/Apigee-Proxy-Automated-New/apigee-epic_common_gs_patient_services_v2010r
      3 CTO/CTO-IA/Apigee-Proxy-Automated-New/apigee-epic_clinical_gs_utility_v2013r
      3 CTO/CTO-IA/Apigee-Proxy-Automated-New/apigee-epic_clinical_gs_patient_v2024
      3 CTO/CTO-IA/Apigee-Proxy-Automated-New/apigee-epic_billing_gs_patient_services_v2015ar
      3 CTO/CTO-IA/Apigee-Proxy-Automated-New/apigee-epic_access_gs_referral_external_v2012
      3 CTO/CTO-IA/Apigee-Proxy-Automated-New/apigee-emws_inbound_v10
      3 CTO/CTO-IA/Apigee-Proxy-Automated-New/apigee-eci_case_track_audits_list_v1r
      3 CTO/CTO-IA/Apigee-Proxy-Automated-New/apigee-dss_kaiser_permanente_messaging_workflow_soap
      3 CTO/CTO-IA/Apigee-Proxy-Automated-New/apigee-docusign_esignature_v2.1r
      3 CTO/CTO-IA/Apigee-Proxy-Automated-New/apigee-consumer_profile_and_preferences_search_api_v10
      3 CTO/CTO-IA/Apigee-Proxy-Automated-New/apigee-common_provider_master_data_v2r
      3 CTO/CTO-IA/Apigee-Proxy-Automated-New/apigee-cdtssp_video_management_v10_c
      3 CTO/CTO-IA/Apigee-Proxy-Automated-New/apigee-cas_testing_apic_apigee_api_v1_5_1
      3 CTO/CTO-IA/Apigee-Proxy-Automated-New/apigee-cas_test_new_test_v1
      3 CTO/CTO-IA/Apigee-Proxy-Automated-New/apigee-cas_amp_validation_deployment_v1r
      3 CTO/CTO-IA/Apigee-Proxy-Automated-New/apigee-carsws_docs_service
      3 CTO/CTO-IA/Apigee-Proxy-Automated-New/apigee-cars_repository_v30
      3 CTO/CTO-IA/Apigee-Proxy-Automated-New/apigee-broker_membership_selfservice_v1r
      3 CTO/CTO-IA/Apigee-Proxy-Automated-New/apigee-bpm_get_list_of_tasks_r_v10
      3 CTO/CTO-IA/Apigee-Proxy-Automated-New/apigee-bets_benefit_v50
      3 CTO/CTO-IA/Apigee-Proxy-Automated-New/apigee-batch_member_mrn_search_v2v10r
      3 CTO/CTO-IA/Apigee-Proxy-Automated-New/apigee-MPG_EPIC_Haiku-Canto_OAuth2_v3
      3 CTO/CTO-IA/Apigee-Proxy-Automated-New/apigee-MPG_EPIC_Haiku-Canto_Mobile_v3
      3 CTO/CTO-IA/Apigee-Proxy-Automated-New/apigee-MPG_EPIC_Haiku-Canto_Listener_v3
      3 CTO/CTO-IA/Apigee-Proxy-Automated-New/apigee-KP_sharedflows_api_v1
      3 CTO/CTO-IA/Apigee-Proxy-Automated-New/apigee-KP_KVM_UpdateService_v1
      3 CTO/CTO-IA/Apigee-Proxy-Automated-New/apigee-KP_EMPI_RoutingService_v1
      3 CTO/CTO-IA/Apigee-Proxy-Automated-New/apigee-AMP-KP-TEST-SetReq-X-CorrelationId-v1
      3 CTO/CTO-IA/Apigee-Proxy-Automated-New/apigee-AMP-KP-TEST-LDAP-Authentication-v1
      3 CTO/CTO-IA/Apigee-Proxy-Automated-New/apigee-AMP-KP-TEST-KPHC-XPath-Lookup-v1
      3 CTO/CTO-IA/Apigee-Proxy-Automated-New/apigee-AMP-KP-TEST-KPHC-Endpoint-Lookup-v1
      3 CTO/CTO-IA/Apigee-Proxy-Automated-New/apigee-AMP-KP-TEST-Base64Decode-FHIRId-v1
      3 CTO/CTO-IA/Apigee-Proxy-Automated-New/apigee-AMP-Encrypted-KVM-Lookup-V1
      2 CTO/CTO-IA/Apigee-Proxy-Automated-New/apigee-veteran_confirmation_v1r
      2 CTO/CTO-IA/Apigee-Proxy-Automated-New/apigee-validic_order_v1r
      2 CTO/CTO-IA/Apigee-Proxy-Automated-New/apigee-validic_impact_v1r
      2 CTO/CTO-IA/Apigee-Proxy-Automated-New/apigee-sure_scripts_prescription_v1r
      2 CTO/CTO-IA/Apigee-Proxy-Automated-New/apigee-store_informationv40_api
      2 CTO/CTO-IA/Apigee-Proxy-Automated-New/apigee-snap_ssp_package_restful_v10
      2 CTO/CTO-IA/Apigee-Proxy-Automated-New/apigee-snap_nsgcp_package_v1r
      2 CTO/CTO-IA/Apigee-Proxy-Automated-New/apigee-servicenow_u_sn_asset_manager_table_v1r
      2 CTO/CTO-IA/Apigee-Proxy-Automated-New/apigee-sequoia_membership_transaction_status_v1rh
      2 CTO/CTO-IA/Apigee-Proxy-Automated-New/apigee-rx_notifier_v1
      2 CTO/CTO-IA/Apigee-Proxy-Automated-New/apigee-rqr_data_setup_r_v10
      2 CTO/CTO-IA/Apigee-Proxy-Automated-New/apigee-qualifieddigital_v1r
      2 CTO/CTO-IA/Apigee-Proxy-Automated-New/apigee-proxy_activation_ws_service
      2 CTO/CTO-IA/Apigee-Proxy-Automated-New/apigee-provider_aggregate_v212
      2 CTO/CTO-IA/Apigee-Proxy-Automated-New/apigee-prometheus_query_v1r
      2 CTO/CTO-IA/Apigee-Proxy-Automated-New/apigee-ping_federate_v1r
      2 CTO/CTO-IA/Apigee-Proxy-Automated-New/apigee-opap_v1r
      2 CTO/CTO-IA/Apigee-Proxy-Automated-New/apigee-opap_smt_notification_v1
      2 CTO/CTO-IA/Apigee-Proxy-Automated-New/apigee-onelink_work_order_validation_v1r
      2 CTO/CTO-IA/Apigee-Proxy-Automated-New/apigee-one_link_kpim_v10
      2 CTO/CTO-IA/Apigee-Proxy-Automated-New/apigee-oms_cms_v1
      2 CTO/CTO-IA/Apigee-Proxy-Automated-New/apigee-nuvolo_clockworks_v1r
      2 CTO/CTO-IA/Apigee-Proxy-Automated-New/apigee-n_quiry_request_v1
      2 CTO/CTO-IA/Apigee-Proxy-Automated-New/apigee-microsoft_oauth_token_request_v1r
      2 CTO/CTO-IA/Apigee-Proxy-Automated-New/apigee-metrs_case_document_update_v10
      2 CTO/CTO-IA/Apigee-Proxy-Automated-New/apigee-member_prescription_eligibility_v1r
      2 CTO/CTO-IA/Apigee-Proxy-Automated-New/apigee-member_level_rating_tool_for_kpif_api_v1
      2 CTO/CTO-IA/Apigee-Proxy-Automated-New/apigee-mds_request_v1r
      2 CTO/CTO-IA/Apigee-Proxy-Automated-New/apigee-mbrshp_member_self_service_bff_v1r
      2 CTO/CTO-IA/Apigee-Proxy-Automated-New/apigee-kpvv_biz_registration_v1r
      2 CTO/CTO-IA/Apigee-Proxy-Automated-New/apigee-kpoj_enterprise_rest_token_v10
      2 CTO/CTO-IA/Apigee-Proxy-Automated-New/apigee-kpmc_ssindvbinderpayment_bff_v1r
      2 CTO/CTO-IA/Apigee-Proxy-Automated-New/apigee-kpmc_customer_and_contract_bff
      2 CTO/CTO-IA/Apigee-Proxy-Automated-New/apigee-kpmc_cm_member_inquiry_v1
      2 CTO/CTO-IA/Apigee-Proxy-Automated-New/apigee-kphc_haiku_canto_api_v20r
      2 CTO/CTO-IA/Apigee-Proxy-Automated-New/apigee-kphc_get_provider_info_v2
      2 CTO/CTO-IA/Apigee-Proxy-Automated-New/apigee-kphc_get_provider_info_v1
      2 CTO/CTO-IA/Apigee-Proxy-Automated-New/apigee-kphc_get_prof_billing_details_v10
      2 CTO/CTO-IA/Apigee-Proxy-Automated-New/apigee-kphc_get_problem_list_api_v10
      2 CTO/CTO-IA/Apigee-Proxy-Automated-New/apigee-kphc_get_mychartfdilink_v1r
      2 CTO/CTO-IA/Apigee-Proxy-Automated-New/apigee-kphc_get_demographics_v4r
      2 CTO/CTO-IA/Apigee-Proxy-Automated-New/apigee-kphc_get_demographics_v4
      2 CTO/CTO-IA/Apigee-Proxy-Automated-New/apigee-kphc_comm_prefs_v1r
      2 CTO/CTO-IA/Apigee-Proxy-Automated-New/apigee-kphc_adt_orders_api_v20
      2 CTO/CTO-IA/Apigee-Proxy-Automated-New/apigee-kphc_access_services_api
      2 CTO/CTO-IA/Apigee-Proxy-Automated-New/apigee-kpd_fdl2epic_api_v1r
      2 CTO/CTO-IA/Apigee-Proxy-Automated-New/apigee-kpd_consumer_profile_api_clone_v1
      2 CTO/CTO-IA/Apigee-Proxy-Automated-New/apigee-kp_splunk_hec_api_v1r
      2 CTO/CTO-IA/Apigee-Proxy-Automated-New/apigee-kp_splunk_cloud_server_info_v1r
      2 CTO/CTO-IA/Apigee-Proxy-Automated-New/apigee-kp_splunk_cloud_authentication_v1r
      2 CTO/CTO-IA/Apigee-Proxy-Automated-New/apigee-kp_s2p_ukg_v1r
      2 CTO/CTO-IA/Apigee-Proxy-Automated-New/apigee-kp_adobe_sign_oauth_v6r
      2 CTO/CTO-IA/Apigee-Proxy-Automated-New/apigee-kp_adobe_sign_api_v6r
      2 CTO/CTO-IA/Apigee-Proxy-Automated-New/apigee-kp_S2Pukg_v2r
      2 CTO/CTO-IA/Apigee-Proxy-Automated-New/apigee-hrn_v1
      2 CTO/CTO-IA/Apigee-Proxy-Automated-New/apigee-hp_purchaser_management_v5
      2 CTO/CTO-IA/Apigee-Proxy-Automated-New/apigee-hhub_ocuco_v1r
      2 CTO/CTO-IA/Apigee-Proxy-Automated-New/apigee-hhub_jobsonfd_v1r
      2 CTO/CTO-IA/Apigee-Proxy-Automated-New/apigee-hhub_ip_info_v1r
      2 CTO/CTO-IA/Apigee-Proxy-Automated-New/apigee-hhub_google_maps_v1r
      2 CTO/CTO-IA/Apigee-Proxy-Automated-New/apigee-hhub_google_address_v1r
      2 CTO/CTO-IA/Apigee-Proxy-Automated-New/apigee-hhub_fittingbox_v1r
      2 CTO/CTO-IA/Apigee-Proxy-Automated-New/apigee-hhub_commerce_tools_auth_v1r
      2 CTO/CTO-IA/Apigee-Proxy-Automated-New/apigee-google_cloud_storage_json_v1r
      2 CTO/CTO-IA/Apigee-Proxy-Automated-New/apigee-google_cloud_oauth2
      2 CTO/CTO-IA/Apigee-Proxy-Automated-New/apigee-google_cloud_logging_v2r
      2 CTO/CTO-IA/Apigee-Proxy-Automated-New/apigee-google_cloud_iam_v1r
      2 CTO/CTO-IA/Apigee-Proxy-Automated-New/apigee-gen5_kyndryl_private_cloud_management_v1r
      2 CTO/CTO-IA/Apigee-Proxy-Automated-New/apigee-gen5_aiops_websocket_v1r
      2 CTO/CTO-IA/Apigee-Proxy-Automated-New/apigee-fs_tpa_cross_reference_v1
      2 CTO/CTO-IA/Apigee-Proxy-Automated-New/apigee-fs_member_termination_v1
      2 CTO/CTO-IA/Apigee-Proxy-Automated-New/apigee-fs_member_reinstatement_v1
      2 CTO/CTO-IA/Apigee-Proxy-Automated-New/apigee-fs_member_demographics_v1
      2 CTO/CTO-IA/Apigee-Proxy-Automated-New/apigee-fs_groupchangepublish_v10
      2 CTO/CTO-IA/Apigee-Proxy-Automated-New/apigee-facility_directory_data_v1r
      2 CTO/CTO-IA/Apigee-Proxy-Automated-New/apigee-evisits_medicationslist_v10r
      2 CTO/CTO-IA/Apigee-Proxy-Automated-New/apigee-evisits_getallergenlist_v10r
      2 CTO/CTO-IA/Apigee-Proxy-Automated-New/apigee-epims_rms_inventory_v1
      2 CTO/CTO-IA/Apigee-Proxy-Automated-New/apigee-epims_psb_member_identification_v1r
      2 CTO/CTO-IA/Apigee-Proxy-Automated-New/apigee-epims_kphc_rx_api_v10r
      2 CTO/CTO-IA/Apigee-Proxy-Automated-New/apigee-epic_tapestrylink_gs_search_v2023
      2 CTO/CTO-IA/Apigee-Proxy-Automated-New/apigee-epic_security_gs_open_v2019r
      2 CTO/CTO-IA/Apigee-Proxy-Automated-New/apigee-epic_scheduling_gs_patient_v2020r
      2 CTO/CTO-IA/Apigee-Proxy-Automated-New/apigee-epic_reporting_predictive_v2018r
      2 CTO/CTO-IA/Apigee-Proxy-Automated-New/apigee-epic_printing_gs_eps_local_v2017r
      2 CTO/CTO-IA/Apigee-Proxy-Automated-New/apigee-epic_patientaccess_gs_patient_v2020r
      2 CTO/CTO-IA/Apigee-Proxy-Automated-New/apigee-epic_fhir_security_router_v1
      2 CTO/CTO-IA/Apigee-Proxy-Automated-New/apigee-epic_fhir_muxoauth2router_v2021
      2 CTO/CTO-IA/Apigee-Proxy-Automated-New/apigee-epic_edi_xml_ncpdp_receiver_v2015br
      2 CTO/CTO-IA/Apigee-Proxy-Automated-New/apigee-epic_edi_xml_ncpdp_receiver_services_v2017
      2 CTO/CTO-IA/Apigee-Proxy-Automated-New/apigee-epic_edi_xml_ncpdp_receiver_services_api_v2015r
      2 CTO/CTO-IA/Apigee-Proxy-Automated-New/apigee-epic_edi_soapreceiver_v2009s
      2 CTO/CTO-IA/Apigee-Proxy-Automated-New/apigee-epic_edi_http_transcription_HL7v2
      2 CTO/CTO-IA/Apigee-Proxy-Automated-New/apigee-epic_edi_fhir_metadata_dstu2_mux
      2 CTO/CTO-IA/Apigee-Proxy-Automated-New/apigee-epic_crm_gs_utility_v2018r
      2 CTO/CTO-IA/Apigee-Proxy-Automated-New/apigee-epic_clinical_pharmacy_v2018s
      2 CTO/CTO-IA/Apigee-Proxy-Automated-New/apigee-epic_clinical_gs_patient_external2v2011
      2 CTO/CTO-IA/Apigee-Proxy-Automated-New/apigee-epic_billing_gs_encoder_v2016r
      2 CTO/CTO-IA/Apigee-Proxy-Automated-New/apigee-ensodata_v1r
      2 CTO/CTO-IA/Apigee-Proxy-Automated-New/apigee-emws_inbound_v1.1
      2 CTO/CTO-IA/Apigee-Proxy-Automated-New/apigee-ebss_plancoverage_bff_v1r
      2 CTO/CTO-IA/Apigee-Proxy-Automated-New/apigee-drm_unity_v1r
      2 CTO/CTO-IA/Apigee-Proxy-Automated-New/apigee-dpt_medication_order_v402
      2 CTO/CTO-IA/Apigee-Proxy-Automated-New/apigee-docusign_oauth_v2r
      2 CTO/CTO-IA/Apigee-Proxy-Automated-New/apigee-dme_integration_tier_v1rc
      2 CTO/CTO-IA/Apigee-Proxy-Automated-New/apigee-databricks_model_serving_poc_v1r
      2 CTO/CTO-IA/Apigee-Proxy-Automated-New/apigee-cost_model_v1
      2 CTO/CTO-IA/Apigee-Proxy-Automated-New/apigee-complianceconnect_navex_allegation_v1r
      2 CTO/CTO-IA/Apigee-Proxy-Automated-New/apigee-colonoscopy_pathology_integration_v1rc
      2 CTO/CTO-IA/Apigee-Proxy-Automated-New/apigee-cms_pecos_v2r
      2 CTO/CTO-IA/Apigee-Proxy-Automated-New/apigee-cm_group_inquiry_api_v20
      2 CTO/CTO-IA/Apigee-Proxy-Automated-New/apigee-cdtssp_video_management_rest_v1
      2 CTO/CTO-IA/Apigee-Proxy-Automated-New/apigee-cdis_telephone_treatment_v1r
      2 CTO/CTO-IA/Apigee-Proxy-Automated-New/apigee-cdis_snp_v1r
      2 CTO/CTO-IA/Apigee-Proxy-Automated-New/apigee-cdis_messaging_v1r
      2 CTO/CTO-IA/Apigee-Proxy-Automated-New/apigee-cdis_facinfo_v1r
      2 CTO/CTO-IA/Apigee-Proxy-Automated-New/apigee-cdis_cti_v1r
      2 CTO/CTO-IA/Apigee-Proxy-Automated-New/apigee-cdis_booking_v1r
      2 CTO/CTO-IA/Apigee-Proxy-Automated-New/apigee-cdis_adminuser_v1r
      2 CTO/CTO-IA/Apigee-Proxy-Automated-New/apigee-cdads_owl_bff_api_v1r
      2 CTO/CTO-IA/Apigee-Proxy-Automated-New/apigee-cdads_member_preference_notification_v1r
      2 CTO/CTO-IA/Apigee-Proxy-Automated-New/apigee-cdads_cycle_count_v1r
      2 CTO/CTO-IA/Apigee-Proxy-Automated-New/apigee-cdads_clinical_library_federated_search_v1r
      2 CTO/CTO-IA/Apigee-Proxy-Automated-New/apigee-cas_amp_testmv_soap_v1s
      2 CTO/CTO-IA/Apigee-Proxy-Automated-New/apigee-cafm_building_information_v1
      2 CTO/CTO-IA/Apigee-Proxy-Automated-New/apigee-bpm_task_apir_v10
      2 CTO/CTO-IA/Apigee-Proxy-Automated-New/apigee-bigpanda_transfer_agent_v1r
      2 CTO/CTO-IA/Apigee-Proxy-Automated-New/apigee-am_dev_validation_v1r
      2 CTO/CTO-IA/Apigee-Proxy-Automated-New/apigee-address_validation_v1
      2 CTO/CTO-IA/Apigee-Proxy-Automated-New/apigee-ada_posthog_v1r
      2 CTO/CTO-IA/Apigee-Proxy-Automated-New/apigee-aca_pingid_v1r
      2 CTO/CTO-IA/Apigee-Proxy-Automated-New/apigee-AMP_KP_Public-FAM-Consent_v1
      2 CTO/CTO-IA/Apigee-Proxy-Automated-New/apigee-AMP-KP-TEST-Threat-Detection-v1
      2 CTO/CTO-IA/Apigee-Proxy-Automated-New/apigee-AMP-KP-TEST-SoapCustom-Headers-v1
      2 CTO/CTO-IA/Apigee-Proxy-Automated-New/apigee-AMP-KP-TEST-NON-KPHC-Endpoint-Lookup-v1
      2 CTO/CTO-IA/Apigee-Proxy-Automated-New/apigee-AMP-KP-TEST-GWRoutingParams-v1
      2 CTO/CTO-IA/Apigee-Proxy-Automated-New/apigee-AMP-KP-TEST-CustomerCoatsPing-v1
      2 CTO/CTO-IA/Apigee-Proxy-Automated-New/apigee-AMP-KP-TEST-ContentType-v1
      2 CTO/CTO-IA/Apigee-Proxy-Automated-New/apigee-AMP-KP-TEST-CleanContent-v1
      2 CTO/CTO-IA/Apigee-Proxy-Automated-New/apigee-AMP-KP-TEST-AppointmentHome-v1
      1 CTO/CTO-IA/Apigee-Proxy-Automated-New|Apigee-Proxy-Automated-New|class jenkins.branch.OrganizationFolder/
      1 CTO/CTO-IA/Apigee-Proxy-Automated-New/apigee-xcelys_vendor_service|apigee-xcelys_vendor_service|class org.jenkinsci.plugins.workflow.multibranch.WorkflowMultiBranchProject
      1 CTO/CTO-IA/Apigee-Proxy-Automated-New/apigee-xcelys_vendor_service
      1 CTO/CTO-IA/Apigee-Proxy-Automated-New/apigee-washington_child_profile_v1r|apigee-washington_child_profile_v1r|class org.jenkinsci.plugins.workflow.multibranch.WorkflowMultiBranchProject
      1 CTO/CTO-IA/Apigee-Proxy-Automated-New/apigee-vve_zoom_app_attendeerpt_bff_v1r|apigee-vve_zoom_app_attendeerpt_bff_v1r|class org.jenkinsci.plugins.workflow.multibranch.WorkflowMultiBranchProject
      1 CTO/CTO-IA/Apigee-Proxy-Automated-New/apigee-vrealize_automation_identity_v1r|apigee-vrealize_automation_identity_v1r|class org.jenkinsci.plugins.workflow.multibranch.WorkflowMultiBranchProject
      1 CTO/CTO-IA/Apigee-Proxy-Automated-New/apigee-vrealize_automation_identity_v1r
      1 CTO/CTO-IA/Apigee-Proxy-Automated-New/apigee-vmware_aria_automation_assembler_iaas_v1r|apigee-vmware_aria_automation_assembler_iaas_v1r|class org.jenkinsci.plugins.workflow.multibranch.WorkflowMultiBranchProject
      1 CTO/CTO-IA/Apigee-Proxy-Automated-New/apigee-vmware_aria_automation_assembler_iaas_v1r
      1 CTO/CTO-IA/Apigee-Proxy-Automated-New/apigee-vmware_aria_automation_assembler_broker_v1r|apigee-vmware_aria_automation_assembler_broker_v1r|class org.jenkinsci.plugins.workflow.multibranch.WorkflowMultiBranchProject
      1 CTO/CTO-IA/Apigee-Proxy-Automated-New/apigee-vmware_aria_automation_assembler_broker_v1r
      1 CTO/CTO-IA/Apigee-Proxy-Automated-New/apigee-vj_training_service_api|apigee-vj_training_service_api|class org.jenkinsci.plugins.workflow.multibranch.WorkflowMultiBranchProject
      1 CTO/CTO-IA/Apigee-Proxy-Automated-New/apigee-vj_training_service_api
      1 CTO/CTO-IA/Apigee-Proxy-Automated-New/apigee-vivisimo_v10|apigee-vivisimo_v10|class org.jenkinsci.plugins.workflow.multibranch.WorkflowMultiBranchProject
      1 CTO/CTO-IA/Apigee-Proxy-Automated-New/apigee-vivek_new_api_v10|apigee-vivek_new_api_v10|class org.jenkinsci.plugins.workflow.multibranch.WorkflowMultiBranchProject
      1 CTO/CTO-IA/Apigee-Proxy-Automated-New/apigee-vivek_new_api_v10
      1 CTO/CTO-IA/Apigee-Proxy-Automated-New/apigee-virtualHostProxy|apigee-virtualHostProxy|class org.jenkinsci.plugins.workflow.multibranch.WorkflowMultiBranchProject
      1 CTO/CTO-IA/Apigee-Proxy-Automated-New/apigee-virtualHostProxy
      1 CTO/CTO-IA/Apigee-Proxy-Automated-New/apigee-video_visits_api_v2r|apigee-video_visits_api_v2r|class org.jenkinsci.plugins.workflow.multibranch.WorkflowMultiBranchProject
      1 CTO/CTO-IA/Apigee-Proxy-Automated-New/apigee-vic_application_v1r|apigee-vic_application_v1r|class org.jenkinsci.plugins.workflow.multibranch.WorkflowMultiBranchProject
      1 CTO/CTO-IA/Apigee-Proxy-Automated-New/apigee-veteran_confirmation_v1r|apigee-veteran_confirmation_v1r|class org.jenkinsci.plugins.workflow.multibranch.WorkflowMultiBranchProject
      1 CTO/CTO-IA/Apigee-Proxy-Automated-New/apigee-vers_retail_v20|apigee-vers_retail_v20|class org.jenkinsci.plugins.workflow.multibranch.WorkflowMultiBranchProject
      1 CTO/CTO-IA/Apigee-Proxy-Automated-New/apigee-vers_retail_v10|apigee-vers_retail_v10|class org.jenkinsci.plugins.workflow.multibranch.WorkflowMultiBranchProject
      1 CTO/CTO-IA/Apigee-Proxy-Automated-New/apigee-vers_patient_v10|apigee-vers_patient_v10|class org.jenkinsci.plugins.workflow.multibranch.WorkflowMultiBranchProject
      1 CTO/CTO-IA/Apigee-Proxy-Automated-New/apigee-vers_ows_v10|apigee-vers_ows_v10|class org.jenkinsci.plugins.workflow.multibranch.WorkflowMultiBranchProject
      1 CTO/CTO-IA/Apigee-Proxy-Automated-New/apigee-vers_login_v10|apigee-vers_login_v10|class org.jenkinsci.plugins.workflow.multibranch.WorkflowMultiBranchProject
      1 CTO/CTO-IA/Apigee-Proxy-Automated-New/apigee-vers_health_insurance_v10|apigee-vers_health_insurance_v10|class org.jenkinsci.plugins.workflow.multibranch.WorkflowMultiBranchProject
      1 CTO/CTO-IA/Apigee-Proxy-Automated-New/apigee-vers_booking_v10|apigee-vers_booking_v10|class org.jenkinsci.plugins.workflow.multibranch.WorkflowMultiBranchProject
      1 CTO/CTO-IA/Apigee-Proxy-Automated-New/apigee-verizon_universal_identity_api_v50r|apigee-verizon_universal_identity_api_v50r|class org.jenkinsci.plugins.workflow.multibranch.WorkflowMultiBranchProject
      1 CTO/CTO-IA/Apigee-Proxy-Automated-New/apigee-vericred_membership_transaction_status|apigee-vericred_membership_transaction_status|class org.jenkinsci.plugins.workflow.multibranch.WorkflowMultiBranchProject
      1 CTO/CTO-IA/Apigee-Proxy-Automated-New/apigee-validic_order_v1r|apigee-validic_order_v1r|class org.jenkinsci.plugins.workflow.multibranch.WorkflowMultiBranchProject
      1 CTO/CTO-IA/Apigee-Proxy-Automated-New/apigee-validic_oauth_v1r|apigee-validic_oauth_v1r|class org.jenkinsci.plugins.workflow.multibranch.WorkflowMultiBranchProject
      1 CTO/CTO-IA/Apigee-Proxy-Automated-New/apigee-validic_impact_v1r|apigee-validic_impact_v1r|class org.jenkinsci.plugins.workflow.multibranch.WorkflowMultiBranchProject
      1 CTO/CTO-IA/Apigee-Proxy-Automated-New/apigee-validic_dhp_v1r|apigee-validic_dhp_v1r|class org.jenkinsci.plugins.workflow.multibranch.WorkflowMultiBranchProject
      1 CTO/CTO-IA/Apigee-Proxy-Automated-New/apigee-user_group_detail_v10r|apigee-user_group_detail_v10r|class org.jenkinsci.plugins.workflow.multibranch.WorkflowMultiBranchProject
      1 CTO/CTO-IA/Apigee-Proxy-Automated-New/apigee-user_data_vv214|apigee-user_data_vv214|class org.jenkinsci.plugins.workflow.multibranch.WorkflowMultiBranchProject
      1 CTO/CTO-IA/Apigee-Proxy-Automated-New/apigee-user_data_v213|apigee-user_data_v213|class org.jenkinsci.plugins.workflow.multibranch.WorkflowMultiBranchProject
      1 CTO/CTO-IA/Apigee-Proxy-Automated-New/apigee-unit4_services_v1|apigee-unit4_services_v1|class org.jenkinsci.plugins.workflow.multibranch.WorkflowMultiBranchProject
      1 CTO/CTO-IA/Apigee-Proxy-Automated-New/apigee-unit4_services_v10|apigee-unit4_services_v10|class org.jenkinsci.plugins.workflow.multibranch.WorkflowMultiBranchProject
      1 CTO/CTO-IA/Apigee-Proxy-Automated-New/apigee-unit4_services_v10
      1 CTO/CTO-IA/Apigee-Proxy-Automated-New/apigee-tufin_securechange_v1_0r|apigee-tufin_securechange_v1_0r|class org.jenkinsci.plugins.workflow.multibranch.WorkflowMultiBranchProject
      1 CTO/CTO-IA/Apigee-Proxy-Automated-New/apigee-tree_training_service_api|apigee-tree_training_service_api|class org.jenkinsci.plugins.workflow.multibranch.WorkflowMultiBranchProject
      1 CTO/CTO-IA/Apigee-Proxy-Automated-New/apigee-tree_training_service_api
      1 CTO/CTO-IA/Apigee-Proxy-Automated-New/apigee-trdl_nist_cvss_v2rh|apigee-trdl_nist_cvss_v2rh|class org.jenkinsci.plugins.workflow.multibranch.WorkflowMultiBranchProject
      1 CTO/CTO-IA/Apigee-Proxy-Automated-New/apigee-trdl_nist_cvss_v1_1r|apigee-trdl_nist_cvss_v1_1r|class org.jenkinsci.plugins.workflow.multibranch.WorkflowMultiBranchProject
      1 CTO/CTO-IA/Apigee-Proxy-Automated-New/apigee-trdl_nist_cvss_v1_1r
      1 CTO/CTO-IA/Apigee-Proxy-Automated-New/apigee-trda_data_etl_v52s|apigee-trda_data_etl_v52s|class org.jenkinsci.plugins.workflow.multibranch.WorkflowMultiBranchProject
      1 CTO/CTO-IA/Apigee-Proxy-Automated-New/apigee-tms_memberbenefitsinquiry_v10|apigee-tms_memberbenefitsinquiry_v10|class org.jenkinsci.plugins.workflow.multibranch.WorkflowMultiBranchProject
      1 CTO/CTO-IA/Apigee-Proxy-Automated-New/apigee-tms_member_history_v1|apigee-tms_member_history_v1|class org.jenkinsci.plugins.workflow.multibranch.WorkflowMultiBranchProject
      1 CTO/CTO-IA/Apigee-Proxy-Automated-New/apigee-tms_grouplookup_v10|apigee-tms_grouplookup_v10|class org.jenkinsci.plugins.workflow.multibranch.WorkflowMultiBranchProject
      1 CTO/CTO-IA/Apigee-Proxy-Automated-New/apigee-tms_groupinquiry_v10|apigee-tms_groupinquiry_v10|class org.jenkinsci.plugins.workflow.multibranch.WorkflowMultiBranchProject
      1 CTO/CTO-IA/Apigee-Proxy-Automated-New/apigee-tms_familyinquiry_v10|apigee-tms_familyinquiry_v10|class org.jenkinsci.plugins.workflow.multibranch.WorkflowMultiBranchProject
      1 CTO/CTO-IA/Apigee-Proxy-Automated-New/apigee-tms_dpaaccountmanagement_v10|apigee-tms_dpaaccountmanagement_v10|class org.jenkinsci.plugins.workflow.multibranch.WorkflowMultiBranchProject
      1 CTO/CTO-IA/Apigee-Proxy-Automated-New/apigee-test_kphc_get_provider_info_v4|apigee-test_kphc_get_provider_info_v4|class org.jenkinsci.plugins.workflow.multibranch.WorkflowMultiBranchProject
      1 CTO/CTO-IA/Apigee-Proxy-Automated-New/apigee-test_kphc_get_provider_info_v4
      1 CTO/CTO-IA/Apigee-Proxy-Automated-New/apigee-test_kphc_get_provider_info_v3|apigee-test_kphc_get_provider_info_v3|class org.jenkinsci.plugins.workflow.multibranch.WorkflowMultiBranchProject
      1 CTO/CTO-IA/Apigee-Proxy-Automated-New/apigee-test_kphc_get_provider_info_v3
      1 CTO/CTO-IA/Apigee-Proxy-Automated-New/apigee-tempus_epic_ppsapi|apigee-tempus_epic_ppsapi|class org.jenkinsci.plugins.workflow.multibranch.WorkflowMultiBranchProject
      1 CTO/CTO-IA/Apigee-Proxy-Automated-New/apigee-tempus_epic_ppsapi_v1|apigee-tempus_epic_ppsapi_v1|class org.jenkinsci.plugins.workflow.multibranch.WorkflowMultiBranchProject
      1 CTO/CTO-IA/Apigee-Proxy-Automated-New/apigee-tempus_epic_ppsapi
      1 CTO/CTO-IA/Apigee-Proxy-Automated-New/apigee-system_availability_v1|apigee-system_availability_v1|class org.jenkinsci.plugins.workflow.multibranch.WorkflowMultiBranchProject
      1 CTO/CTO-IA/Apigee-Proxy-Automated-New/apigee-system_availability_v10|apigee-system_availability_v10|class org.jenkinsci.plugins.workflow.multibranch.WorkflowMultiBranchProject
      1 CTO/CTO-IA/Apigee-Proxy-Automated-New/apigee-system_availability_v1
      1 CTO/CTO-IA/Apigee-Proxy-Automated-New/apigee-survey_connect_patient_encounter_v1r|apigee-survey_connect_patient_encounter_v1r|class org.jenkinsci.plugins.workflow.multibranch.WorkflowMultiBranchProject
      1 CTO/CTO-IA/Apigee-Proxy-Automated-New/apigee-surescripts_rtpb_messaging_v1r|apigee-surescripts_rtpb_messaging_v1r|class org.jenkinsci.plugins.workflow.multibranch.WorkflowMultiBranchProject
      1 CTO/CTO-IA/Apigee-Proxy-Automated-New/apigee-surescripts_retail_messaging_v10r|apigee-surescripts_retail_messaging_v10r|class org.jenkinsci.plugins.workflow.multibranch.WorkflowMultiBranchProject
      1 CTO/CTO-IA/Apigee-Proxy-Automated-New/apigee-surescripts_payer_messaging_v10r|apigee-surescripts_payer_messaging_v10r|class org.jenkinsci.plugins.workflow.multibranch.WorkflowMultiBranchProject
      1 CTO/CTO-IA/Apigee-Proxy-Automated-New/apigee-surescripts_eligibility_messaging_v10r|apigee-surescripts_eligibility_messaging_v10r|class org.jenkinsci.plugins.workflow.multibranch.WorkflowMultiBranchProject
      1 CTO/CTO-IA/Apigee-Proxy-Automated-New/apigee-sure_scripts_prescription_v1r|apigee-sure_scripts_prescription_v1r|class org.jenkinsci.plugins.workflow.multibranch.WorkflowMultiBranchProject
      1 CTO/CTO-IA/Apigee-Proxy-Automated-New/apigee-subscriberaccount_v1r|apigee-subscriberaccount_v1r|class org.jenkinsci.plugins.workflow.multibranch.WorkflowMultiBranchProject
      1 CTO/CTO-IA/Apigee-Proxy-Automated-New/apigee-storeinformation_v40|apigee-storeinformation_v40|class org.jenkinsci.plugins.workflow.multibranch.WorkflowMultiBranchProject
      1 CTO/CTO-IA/Apigee-Proxy-Automated-New/apigee-store_informationv40_api|apigee-store_informationv40_api|class org.jenkinsci.plugins.workflow.multibranch.WorkflowMultiBranchProject
      1 CTO/CTO-IA/Apigee-Proxy-Automated-New/apigee-ssn_solicitation_rest_v1|apigee-ssn_solicitation_rest_v1|class org.jenkinsci.plugins.workflow.multibranch.WorkflowMultiBranchProject
      1 CTO/CTO-IA/Apigee-Proxy-Automated-New/apigee-ssglobalheader_bff_v1r|apigee-ssglobalheader_bff_v1r|class org.jenkinsci.plugins.workflow.multibranch.WorkflowMultiBranchProject
      1 CTO/CTO-IA/Apigee-Proxy-Automated-New/apigee-ssglobalheader_bff_v1r
      1 CTO/CTO-IA/Apigee-Proxy-Automated-New/apigee-sreerang_test_provider_api|apigee-sreerang_test_provider_api|class org.jenkinsci.plugins.workflow.multibranch.WorkflowMultiBranchProject
      1 CTO/CTO-IA/Apigee-Proxy-Automated-New/apigee-sreerang_test_provider_api
      1 CTO/CTO-IA/Apigee-Proxy-Automated-New/apigee-sq_cs_rate_v10r|apigee-sq_cs_rate_v10r|class org.jenkinsci.plugins.workflow.multibranch.WorkflowMultiBranchProject
      1 CTO/CTO-IA/Apigee-Proxy-Automated-New/apigee-snap_ssp_package_restful_v10|apigee-snap_ssp_package_restful_v10|class org.jenkinsci.plugins.workflow.multibranch.WorkflowMultiBranchProject
      1 CTO/CTO-IA/Apigee-Proxy-Automated-New/apigee-snap_nsgcp_package_v1r|apigee-snap_nsgcp_package_v1r|class org.jenkinsci.plugins.workflow.multibranch.WorkflowMultiBranchProject
      1 CTO/CTO-IA/Apigee-Proxy-Automated-New/apigee-snap_gabrkr_package_v10|apigee-snap_gabrkr_package_v10|class org.jenkinsci.plugins.workflow.multibranch.WorkflowMultiBranchProject
      1 CTO/CTO-IA/Apigee-Proxy-Automated-New/apigee-smt_session_v1r|apigee-smt_session_v1r|class org.jenkinsci.plugins.workflow.multibranch.WorkflowMultiBranchProject
      1 CTO/CTO-IA/Apigee-Proxy-Automated-New/apigee-smt_session_v1r
      1 CTO/CTO-IA/Apigee-Proxy-Automated-New/apigee-smt_medication_v1r|apigee-smt_medication_v1r|class org.jenkinsci.plugins.workflow.multibranch.WorkflowMultiBranchProject
      1 CTO/CTO-IA/Apigee-Proxy-Automated-New/apigee-smt_medication_v1r
      1 CTO/CTO-IA/Apigee-Proxy-Automated-New/apigee-shp_data_acceptor_v1|apigee-shp_data_acceptor_v1|class org.jenkinsci.plugins.workflow.multibranch.WorkflowMultiBranchProject
      1 CTO/CTO-IA/Apigee-Proxy-Automated-New/apigee-servicenow_u_sn_asset_manager_table_v1r|apigee-servicenow_u_sn_asset_manager_table_v1r|class org.jenkinsci.plugins.workflow.multibranch.WorkflowMultiBranchProject
      1 CTO/CTO-IA/Apigee-Proxy-Automated-New/apigee-servicenow_sysapproval_approver_table_v1r|apigee-servicenow_sysapproval_approver_table_v1r|class org.jenkinsci.plugins.workflow.multibranch.WorkflowMultiBranchProject
      1 CTO/CTO-IA/Apigee-Proxy-Automated-New/apigee-servicenow_sysapproval_approver_table_v1r
      1 CTO/CTO-IA/Apigee-Proxy-Automated-New/apigee-servicenow_sys_user_has_role_table_v1r|apigee-servicenow_sys_user_has_role_table_v1r|class org.jenkinsci.plugins.workflow.multibranch.WorkflowMultiBranchProject
      1 CTO/CTO-IA/Apigee-Proxy-Automated-New/apigee-servicenow_sys_user_has_role_table_v1r
      1 CTO/CTO-IA/Apigee-Proxy-Automated-New/apigee-sequoia_membership_transaction_status_v1rh|apigee-sequoia_membership_transaction_status_v1rh|class org.jenkinsci.plugins.workflow.multibranch.WorkflowMultiBranchProject
      1 CTO/CTO-IA/Apigee-Proxy-Automated-New/apigee-searchmykp_v1r|apigee-searchmykp_v1r|class org.jenkinsci.plugins.workflow.multibranch.WorkflowMultiBranchProject
      1 CTO/CTO-IA/Apigee-Proxy-Automated-New/apigee-script_drop_v1r|apigee-script_drop_v1r|class org.jenkinsci.plugins.workflow.multibranch.WorkflowMultiBranchProject
      1 CTO/CTO-IA/Apigee-Proxy-Automated-New/apigee-scal_eligibility_and_demographics_v50|apigee-scal_eligibility_and_demographics_v50|class org.jenkinsci.plugins.workflow.multibranch.WorkflowMultiBranchProject
      1 CTO/CTO-IA/Apigee-Proxy-Automated-New/apigee-scal_eligibility_and_demographics_v30|apigee-scal_eligibility_and_demographics_v30|class org.jenkinsci.plugins.workflow.multibranch.WorkflowMultiBranchProject
      1 CTO/CTO-IA/Apigee-Proxy-Automated-New/apigee-sbcet_v1r|apigee-sbcet_v1r|class org.jenkinsci.plugins.workflow.multibranch.WorkflowMultiBranchProject
      1 CTO/CTO-IA/Apigee-Proxy-Automated-New/apigee-sandbox-test-suite|apigee-sandbox-test-suite|class org.jenkinsci.plugins.workflow.multibranch.WorkflowMultiBranchProject
      1 CTO/CTO-IA/Apigee-Proxy-Automated-New/apigee-sandbox-test-suite
      1 CTO/CTO-IA/Apigee-Proxy-Automated-New/apigee-samdl_v1r|apigee-samdl_v1r|class org.jenkinsci.plugins.workflow.multibranch.WorkflowMultiBranchProject
      1 CTO/CTO-IA/Apigee-Proxy-Automated-New/apigee-samdl_v1r
      1 CTO/CTO-IA/Apigee-Proxy-Automated-New/apigee-sam_document_library_v1r|apigee-sam_document_library_v1r|class org.jenkinsci.plugins.workflow.multibranch.WorkflowMultiBranchProject
      1 CTO/CTO-IA/Apigee-Proxy-Automated-New/apigee-salesconnect_partner_v1|apigee-salesconnect_partner_v1|class org.jenkinsci.plugins.workflow.multibranch.WorkflowMultiBranchProject
      1 CTO/CTO-IA/Apigee-Proxy-Automated-New/apigee-sales_connect_nsg_r_v10|apigee-sales_connect_nsg_r_v10|class org.jenkinsci.plugins.workflow.multibranch.WorkflowMultiBranchProject
      1 CTO/CTO-IA/Apigee-Proxy-Automated-New/apigee-rx_notifier_v1|apigee-rx_notifier_v1|class org.jenkinsci.plugins.workflow.multibranch.WorkflowMultiBranchProject
      1 CTO/CTO-IA/Apigee-Proxy-Automated-New/apigee-rqr_data_setup_r_v10|apigee-rqr_data_setup_r_v10|class org.jenkinsci.plugins.workflow.multibranch.WorkflowMultiBranchProject
      1 CTO/CTO-IA/Apigee-Proxy-Automated-New/apigee-rohan_training_service_api|apigee-rohan_training_service_api|class org.jenkinsci.plugins.workflow.multibranch.WorkflowMultiBranchProject
      1 CTO/CTO-IA/Apigee-Proxy-Automated-New/apigee-rohan_training_service_api
      1 CTO/CTO-IA/Apigee-Proxy-Automated-New/apigee-roc_cm_eligibility_and_demographics_v30|apigee-roc_cm_eligibility_and_demographics_v30|class org.jenkinsci.plugins.workflow.multibranch.WorkflowMultiBranchProject
      1 CTO/CTO-IA/Apigee-Proxy-Automated-New/apigee-rmis_sbo_reprint_event_api_v1r|apigee-rmis_sbo_reprint_event_api_v1r|class org.jenkinsci.plugins.workflow.multibranch.WorkflowMultiBranchProject
      1 CTO/CTO-IA/Apigee-Proxy-Automated-New/apigee-rmis_sbo_reprint_event_api_v1r
      1 CTO/CTO-IA/Apigee-Proxy-Automated-New/apigee-risant_vbp_adapter_external_v1r|apigee-risant_vbp_adapter_external_v1r|class org.jenkinsci.plugins.workflow.multibranch.WorkflowMultiBranchProject
      1 CTO/CTO-IA/Apigee-Proxy-Automated-New/apigee-ride_iz_portal_v1|apigee-ride_iz_portal_v1|class org.jenkinsci.plugins.workflow.multibranch.WorkflowMultiBranchProject
      1 CTO/CTO-IA/Apigee-Proxy-Automated-New/apigee-rcdi_cms_v1|apigee-rcdi_cms_v1|class org.jenkinsci.plugins.workflow.multibranch.WorkflowMultiBranchProject
      1 CTO/CTO-IA/Apigee-Proxy-Automated-New/apigee-rcdi_cms_v1
      1 CTO/CTO-IA/Apigee-Proxy-Automated-New/apigee-ratev10_api|apigee-ratev10_api|class org.jenkinsci.plugins.workflow.multibranch.WorkflowMultiBranchProject
      1 CTO/CTO-IA/Apigee-Proxy-Automated-New/apigee-rate_quote_request_details_v10|apigee-rate_quote_request_details_v10|class org.jenkinsci.plugins.workflow.multibranch.WorkflowMultiBranchProject
      1 CTO/CTO-IA/Apigee-Proxy-Automated-New/apigee-qualifieddigitalnew_v1r|apigee-qualifieddigitalnew_v1r|class org.jenkinsci.plugins.workflow.multibranch.WorkflowMultiBranchProject
      1 CTO/CTO-IA/Apigee-Proxy-Automated-New/apigee-qualifieddigital_v1r|apigee-qualifieddigital_v1r|class org.jenkinsci.plugins.workflow.multibranch.WorkflowMultiBranchProject
      1 CTO/CTO-IA/Apigee-Proxy-Automated-New/apigee-qmsidispensernw_v10|apigee-qmsidispensernw_v10|class org.jenkinsci.plugins.workflow.multibranch.WorkflowMultiBranchProject
      1 CTO/CTO-IA/Apigee-Proxy-Automated-New/apigee-qmsidispenser_ma_v10|apigee-qmsidispenser_ma_v10|class org.jenkinsci.plugins.workflow.multibranch.WorkflowMultiBranchProject
      1 CTO/CTO-IA/Apigee-Proxy-Automated-New/apigee-qmsi_po_and_iut_receipt_v10|apigee-qmsi_po_and_iut_receipt_v10|class org.jenkinsci.plugins.workflow.multibranch.WorkflowMultiBranchProject
      1 CTO/CTO-IA/Apigee-Proxy-Automated-New/apigee-qmsi_dispenser_nca_v1|apigee-qmsi_dispenser_nca_v1|class org.jenkinsci.plugins.workflow.multibranch.WorkflowMultiBranchProject
      1 CTO/CTO-IA/Apigee-Proxy-Automated-New/apigee-qmsi_dispenser_hi_v1|apigee-qmsi_dispenser_hi_v1|class org.jenkinsci.plugins.workflow.multibranch.WorkflowMultiBranchProject
      1 CTO/CTO-IA/Apigee-Proxy-Automated-New/apigee-qmsi_dispenser_hi_v1
      1 CTO/CTO-IA/Apigee-Proxy-Automated-New/apigee-psb_prescription_data_srvc_v1r|apigee-psb_prescription_data_srvc_v1r|class org.jenkinsci.plugins.workflow.multibranch.WorkflowMultiBranchProject
      1 CTO/CTO-IA/Apigee-Proxy-Automated-New/apigee-psb_prescription_data_srvc_v1r
      1 CTO/CTO-IA/Apigee-Proxy-Automated-New/apigee-proxy_management_v1|apigee-proxy_management_v1|class org.jenkinsci.plugins.workflow.multibranch.WorkflowMultiBranchProject
      1 CTO/CTO-IA/Apigee-Proxy-Automated-New/apigee-proxy_activation_ws_service|apigee-proxy_activation_ws_service|class org.jenkinsci.plugins.workflow.multibranch.WorkflowMultiBranchProject
      1 CTO/CTO-IA/Apigee-Proxy-Automated-New/apigee-provider_directory_attestation_v1r|apigee-provider_directory_attestation_v1r|class org.jenkinsci.plugins.workflow.multibranch.WorkflowMultiBranchProject
      1 CTO/CTO-IA/Apigee-Proxy-Automated-New/apigee-provider_directory_attestation_v1r
      1 CTO/CTO-IA/Apigee-Proxy-Automated-New/apigee-provider_demographics_get_case_v1r|apigee-provider_demographics_get_case_v1r|class org.jenkinsci.plugins.workflow.multibranch.WorkflowMultiBranchProject
      1 CTO/CTO-IA/Apigee-Proxy-Automated-New/apigee-provider_demographics_attestation_workflow_v1r|apigee-provider_demographics_attestation_workflow_v1r|class org.jenkinsci.plugins.workflow.multibranch.WorkflowMultiBranchProject
      1 CTO/CTO-IA/Apigee-Proxy-Automated-New/apigee-provider_aggregate_v212|apigee-provider_aggregate_v212|class org.jenkinsci.plugins.workflow.multibranch.WorkflowMultiBranchProject
      1 CTO/CTO-IA/Apigee-Proxy-Automated-New/apigee-proship_pierbridge_interface_v1r|apigee-proship_pierbridge_interface_v1r|class org.jenkinsci.plugins.workflow.multibranch.WorkflowMultiBranchProject
      1 CTO/CTO-IA/Apigee-Proxy-Automated-New/apigee-prometheus_query_v1r|apigee-prometheus_query_v1r|class org.jenkinsci.plugins.workflow.multibranch.WorkflowMultiBranchProject
      1 CTO/CTO-IA/Apigee-Proxy-Automated-New/apigee-prometheus_query_r_v1|apigee-prometheus_query_r_v1|class org.jenkinsci.plugins.workflow.multibranch.WorkflowMultiBranchProject
      1 CTO/CTO-IA/Apigee-Proxy-Automated-New/apigee-premiuminquiry_v10|apigee-premiuminquiry_v10|class org.jenkinsci.plugins.workflow.multibranch.WorkflowMultiBranchProject
      1 CTO/CTO-IA/Apigee-Proxy-Automated-New/apigee-poe_care_gaps_v1r|apigee-poe_care_gaps_v1r|class org.jenkinsci.plugins.workflow.multibranch.WorkflowMultiBranchProject
      1 CTO/CTO-IA/Apigee-Proxy-Automated-New/apigee-pmtssbff-apiv1|apigee-pmtssbff-apiv1|class org.jenkinsci.plugins.workflow.multibranch.WorkflowMultiBranchProject
      1 CTO/CTO-IA/Apigee-Proxy-Automated-New/apigee-ping_federate_v1r|apigee-ping_federate_v1r|class org.jenkinsci.plugins.workflow.multibranch.WorkflowMultiBranchProject
      1 CTO/CTO-IA/Apigee-Proxy-Automated-New/apigee-pie_payment_tempus_outbound_v1r|apigee-pie_payment_tempus_outbound_v1r|class org.jenkinsci.plugins.workflow.multibranch.WorkflowMultiBranchProject
      1 CTO/CTO-IA/Apigee-Proxy-Automated-New/apigee-pie_kphc_refund_payment_tempus_outbound_v1r|apigee-pie_kphc_refund_payment_tempus_outbound_v1r|class org.jenkinsci.plugins.workflow.multibranch.WorkflowMultiBranchProject
      1 CTO/CTO-IA/Apigee-Proxy-Automated-New/apigee-phosphorus_v1r|apigee-phosphorus_v1r|class org.jenkinsci.plugins.workflow.multibranch.WorkflowMultiBranchProject
      1 CTO/CTO-IA/Apigee-Proxy-Automated-New/apigee-phis_get_available_pcp_providers_v10r|apigee-phis_get_available_pcp_providers_v10r|class org.jenkinsci.plugins.workflow.multibranch.WorkflowMultiBranchProject
      1 CTO/CTO-IA/Apigee-Proxy-Automated-New/apigee-pharmacy_mobile_checkin_v1rc|apigee-pharmacy_mobile_checkin_v1rc|class org.jenkinsci.plugins.workflow.multibranch.WorkflowMultiBranchProject
      1 CTO/CTO-IA/Apigee-Proxy-Automated-New/apigee-pexip_infinity_management_node_v1r|apigee-pexip_infinity_management_node_v1r|class org.jenkinsci.plugins.workflow.multibranch.WorkflowMultiBranchProject
      1 CTO/CTO-IA/Apigee-Proxy-Automated-New/apigee-payment_solutions_pharmacy_qr_code_v1r|apigee-payment_solutions_pharmacy_qr_code_v1r|class org.jenkinsci.plugins.workflow.multibranch.WorkflowMultiBranchProject
      1 CTO/CTO-IA/Apigee-Proxy-Automated-New/apigee-payment_posting_integration_v1rc|apigee-payment_posting_integration_v1rc|class org.jenkinsci.plugins.workflow.multibranch.WorkflowMultiBranchProject
      1 CTO/CTO-IA/Apigee-Proxy-Automated-New/apigee-outpatient_dashboard_r_v10|apigee-outpatient_dashboard_r_v10|class org.jenkinsci.plugins.workflow.multibranch.WorkflowMultiBranchProject
      1 CTO/CTO-IA/Apigee-Proxy-Automated-New/apigee-oregon_alert_iis_vaccination_v2011|apigee-oregon_alert_iis_vaccination_v2011|class org.jenkinsci.plugins.workflow.multibranch.WorkflowMultiBranchProject
      1 CTO/CTO-IA/Apigee-Proxy-Automated-New/apigee-oregon_alert_iis_v2011|apigee-oregon_alert_iis_v2011|class org.jenkinsci.plugins.workflow.multibranch.WorkflowMultiBranchProject
      1 CTO/CTO-IA/Apigee-Proxy-Automated-New/apigee-oracle_hcm_saas_r_v10|apigee-oracle_hcm_saas_r_v10|class org.jenkinsci.plugins.workflow.multibranch.WorkflowMultiBranchProject
      1 CTO/CTO-IA/Apigee-Proxy-Automated-New/apigee-optum_membersearch_v1r|apigee-optum_membersearch_v1r|class org.jenkinsci.plugins.workflow.multibranch.WorkflowMultiBranchProject
      1 CTO/CTO-IA/Apigee-Proxy-Automated-New/apigee-optum_membersearch_v1r
      1 CTO/CTO-IA/Apigee-Proxy-Automated-New/apigee-optum_bestpriceengineauth_v1r|apigee-optum_bestpriceengineauth_v1r|class org.jenkinsci.plugins.workflow.multibranch.WorkflowMultiBranchProject
      1 CTO/CTO-IA/Apigee-Proxy-Automated-New/apigee-optum_bestpriceengineauth_v1r
      1 CTO/CTO-IA/Apigee-Proxy-Automated-New/apigee-optum_bestpriceengine_v1r|apigee-optum_bestpriceengine_v1r|class org.jenkinsci.plugins.workflow.multibranch.WorkflowMultiBranchProject
      1 CTO/CTO-IA/Apigee-Proxy-Automated-New/apigee-optum_bestpriceengine_v1r
      1 CTO/CTO-IA/Apigee-Proxy-Automated-New/apigee-opap_v1r|apigee-opap_v1r|class org.jenkinsci.plugins.workflow.multibranch.WorkflowMultiBranchProject
      1 CTO/CTO-IA/Apigee-Proxy-Automated-New/apigee-opap_smt_session_v1|apigee-opap_smt_session_v1|class org.jenkinsci.plugins.workflow.multibranch.WorkflowMultiBranchProject
      1 CTO/CTO-IA/Apigee-Proxy-Automated-New/apigee-opap_smt_session_v1
      1 CTO/CTO-IA/Apigee-Proxy-Automated-New/apigee-opap_smt_notification_v1|apigee-opap_smt_notification_v1|class org.jenkinsci.plugins.workflow.multibranch.WorkflowMultiBranchProject
      1 CTO/CTO-IA/Apigee-Proxy-Automated-New/apigee-opap_smt_medication_v1|apigee-opap_smt_medication_v1|class org.jenkinsci.plugins.workflow.multibranch.WorkflowMultiBranchProject
      1 CTO/CTO-IA/Apigee-Proxy-Automated-New/apigee-opap_smt_medication_v1
      1 CTO/CTO-IA/Apigee-Proxy-Automated-New/apigee-opap_smt_maintenance_status_v1|apigee-opap_smt_maintenance_status_v1|class org.jenkinsci.plugins.workflow.multibranch.WorkflowMultiBranchProject
      1 CTO/CTO-IA/Apigee-Proxy-Automated-New/apigee-onelinkv3plpublishr_v10|apigee-onelinkv3plpublishr_v10|class org.jenkinsci.plugins.workflow.multibranch.WorkflowMultiBranchProject
      1 CTO/CTO-IA/Apigee-Proxy-Automated-New/apigee-onelinkv3plpublishr_v10
      1 CTO/CTO-IA/Apigee-Proxy-Automated-New/apigee-onelink_work_order_validation_v1r|apigee-onelink_work_order_validation_v1r|class org.jenkinsci.plugins.workflow.multibranch.WorkflowMultiBranchProject
      1 CTO/CTO-IA/Apigee-Proxy-Automated-New/apigee-onelink_kpim_v10|apigee-onelink_kpim_v10|class org.jenkinsci.plugins.workflow.multibranch.WorkflowMultiBranchProject
      1 CTO/CTO-IA/Apigee-Proxy-Automated-New/apigee-onelink_financial_delegation_inbound_v1r|apigee-onelink_financial_delegation_inbound_v1r|class org.jenkinsci.plugins.workflow.multibranch.WorkflowMultiBranchProject
      1 CTO/CTO-IA/Apigee-Proxy-Automated-New/apigee-onelink_cardinal_oauth_token_v1r|apigee-onelink_cardinal_oauth_token_v1r|class org.jenkinsci.plugins.workflow.multibranch.WorkflowMultiBranchProject
      1 CTO/CTO-IA/Apigee-Proxy-Automated-New/apigee-onelink_attachment_external_v1r|apigee-onelink_attachment_external_v1r|class org.jenkinsci.plugins.workflow.multibranch.WorkflowMultiBranchProject
      1 CTO/CTO-IA/Apigee-Proxy-Automated-New/apigee-onelink_attachment_external_v1r
      1 CTO/CTO-IA/Apigee-Proxy-Automated-New/apigee-onelink_3pl_outbound_v1r|apigee-onelink_3pl_outbound_v1r|class org.jenkinsci.plugins.workflow.multibranch.WorkflowMultiBranchProject
      1 CTO/CTO-IA/Apigee-Proxy-Automated-New/apigee-onelink_3pl_inbound_v1r|apigee-onelink_3pl_inbound_v1r|class org.jenkinsci.plugins.workflow.multibranch.WorkflowMultiBranchProject
      1 CTO/CTO-IA/Apigee-Proxy-Automated-New/apigee-one_link_receipt_confirmation_v10|apigee-one_link_receipt_confirmation_v10|class org.jenkinsci.plugins.workflow.multibranch.WorkflowMultiBranchProject
      1 CTO/CTO-IA/Apigee-Proxy-Automated-New/apigee-one_link_multi_operation_api_v10|apigee-one_link_multi_operation_api_v10|class org.jenkinsci.plugins.workflow.multibranch.WorkflowMultiBranchProject
      1 CTO/CTO-IA/Apigee-Proxy-Automated-New/apigee-one_link_min_max_messages_v10|apigee-one_link_min_max_messages_v10|class org.jenkinsci.plugins.workflow.multibranch.WorkflowMultiBranchProject
      1 CTO/CTO-IA/Apigee-Proxy-Automated-New/apigee-one_link_macro_helix_inbound_v10|apigee-one_link_macro_helix_inbound_v10|class org.jenkinsci.plugins.workflow.multibranch.WorkflowMultiBranchProject
      1 CTO/CTO-IA/Apigee-Proxy-Automated-New/apigee-one_link_kpim_v10|apigee-one_link_kpim_v10|class org.jenkinsci.plugins.workflow.multibranch.WorkflowMultiBranchProject
      1 CTO/CTO-IA/Apigee-Proxy-Automated-New/apigee-one_link_inventory_transaction_v10|apigee-one_link_inventory_transaction_v10|class org.jenkinsci.plugins.workflow.multibranch.WorkflowMultiBranchProject
      1 CTO/CTO-IA/Apigee-Proxy-Automated-New/apigee-one_link_inventory_balance_v10|apigee-one_link_inventory_balance_v10|class org.jenkinsci.plugins.workflow.multibranch.WorkflowMultiBranchProject
      1 CTO/CTO-IA/Apigee-Proxy-Automated-New/apigee-one_health_port_api_v1r|apigee-one_health_port_api_v1r|class org.jenkinsci.plugins.workflow.multibranch.WorkflowMultiBranchProject
      1 CTO/CTO-IA/Apigee-Proxy-Automated-New/apigee-one_health_port_api_v10|apigee-one_health_port_api_v10|class org.jenkinsci.plugins.workflow.multibranch.WorkflowMultiBranchProject
      1 CTO/CTO-IA/Apigee-Proxy-Automated-New/apigee-one_health_port_api_v10
      1 CTO/CTO-IA/Apigee-Proxy-Automated-New/apigee-onboardingwizard_v1r|apigee-onboardingwizard_v1r|class org.jenkinsci.plugins.workflow.multibranch.WorkflowMultiBranchProject
      1 CTO/CTO-IA/Apigee-Proxy-Automated-New/apigee-oms_cms_v1|apigee-oms_cms_v1|class org.jenkinsci.plugins.workflow.multibranch.WorkflowMultiBranchProject
      1 CTO/CTO-IA/Apigee-Proxy-Automated-New/apigee-oms_cms_asc_v1r|apigee-oms_cms_asc_v1r|class org.jenkinsci.plugins.workflow.multibranch.WorkflowMultiBranchProject
      1 CTO/CTO-IA/Apigee-Proxy-Automated-New/apigee-oci_validator_v10|apigee-oci_validator_v10|class org.jenkinsci.plugins.workflow.multibranch.WorkflowMultiBranchProject
      1 CTO/CTO-IA/Apigee-Proxy-Automated-New/apigee-oci_validator_v10
      1 CTO/CTO-IA/Apigee-Proxy-Automated-New/apigee-oauth_automation_via_accessnow_v1r|apigee-oauth_automation_via_accessnow_v1r|class org.jenkinsci.plugins.workflow.multibranch.WorkflowMultiBranchProject
      1 CTO/CTO-IA/Apigee-Proxy-Automated-New/apigee-nw_esb_kphc_document_delivery_api_v10r|apigee-nw_esb_kphc_document_delivery_api_v10r|class org.jenkinsci.plugins.workflow.multibranch.WorkflowMultiBranchProject
      1 CTO/CTO-IA/Apigee-Proxy-Automated-New/apigee-nuvolo_paragon_v1r|apigee-nuvolo_paragon_v1r|class org.jenkinsci.plugins.workflow.multibranch.WorkflowMultiBranchProject
      1 CTO/CTO-IA/Apigee-Proxy-Automated-New/apigee-nuvolo_paragon_v1r
      1 CTO/CTO-IA/Apigee-Proxy-Automated-New/apigee-nuvolo_clockworks_v1r|apigee-nuvolo_clockworks_v1r|class org.jenkinsci.plugins.workflow.multibranch.WorkflowMultiBranchProject
      1 CTO/CTO-IA/Apigee-Proxy-Automated-New/apigee-nquiry_request_v1|apigee-nquiry_request_v1|class org.jenkinsci.plugins.workflow.multibranch.WorkflowMultiBranchProject
      1 CTO/CTO-IA/Apigee-Proxy-Automated-New/apigee-nps_hbaf_report_v1r|apigee-nps_hbaf_report_v1r|class org.jenkinsci.plugins.workflow.multibranch.WorkflowMultiBranchProject
      1 CTO/CTO-IA/Apigee-Proxy-Automated-New/apigee-nps_business_application_services_v10r|apigee-nps_business_application_services_v10r|class org.jenkinsci.plugins.workflow.multibranch.WorkflowMultiBranchProject
      1 CTO/CTO-IA/Apigee-Proxy-Automated-New/apigee-nps_business_application_services_v10r
      1 CTO/CTO-IA/Apigee-Proxy-Automated-New/apigee-nps_application_callback_services_v10r|apigee-nps_application_callback_services_v10r|class org.jenkinsci.plugins.workflow.multibranch.WorkflowMultiBranchProject
      1 CTO/CTO-IA/Apigee-Proxy-Automated-New/apigee-nonprod-testsuite|apigee-nonprod-testsuite|class org.jenkinsci.plugins.workflow.multibranch.WorkflowMultiBranchProject
      1 CTO/CTO-IA/Apigee-Proxy-Automated-New/apigee-nonprod-testsuite
      1 CTO/CTO-IA/Apigee-Proxy-Automated-New/apigee-nipr_npn_lookup_v10|apigee-nipr_npn_lookup_v10|class org.jenkinsci.plugins.workflow.multibranch.WorkflowMultiBranchProject
      1 CTO/CTO-IA/Apigee-Proxy-Automated-New/apigee-nfs_locations_v1|apigee-nfs_locations_v1|class org.jenkinsci.plugins.workflow.multibranch.WorkflowMultiBranchProject
      1 CTO/CTO-IA/Apigee-Proxy-Automated-New/apigee-ncal_member_eligibility_and_demographics_v50|apigee-ncal_member_eligibility_and_demographics_v50|class org.jenkinsci.plugins.workflow.multibranch.WorkflowMultiBranchProject
      1 CTO/CTO-IA/Apigee-Proxy-Automated-New/apigee-ncal_eligibility_and_demographics_v30|apigee-ncal_eligibility_and_demographics_v30|class org.jenkinsci.plugins.workflow.multibranch.WorkflowMultiBranchProject
      1 CTO/CTO-IA/Apigee-Proxy-Automated-New/apigee-ncal_appointment_management_v20|apigee-ncal_appointment_management_v20|class org.jenkinsci.plugins.workflow.multibranch.WorkflowMultiBranchProject
      1 CTO/CTO-IA/Apigee-Proxy-Automated-New/apigee-ncal_appointment_management_v20
      1 CTO/CTO-IA/Apigee-Proxy-Automated-New/apigee-n_quiry_request_v1|apigee-n_quiry_request_v1|class org.jenkinsci.plugins.workflow.multibranch.WorkflowMultiBranchProject
      1 CTO/CTO-IA/Apigee-Proxy-Automated-New/apigee-n_quiry_request_v10|apigee-n_quiry_request_v10|class org.jenkinsci.plugins.workflow.multibranch.WorkflowMultiBranchProject
      1 CTO/CTO-IA/Apigee-Proxy-Automated-New/apigee-mykp_yammer_v10r|apigee-mykp_yammer_v10r|class org.jenkinsci.plugins.workflow.multibranch.WorkflowMultiBranchProject
      1 CTO/CTO-IA/Apigee-Proxy-Automated-New/apigee-mykp_workforce_notifications_basic_auth_v1r|apigee-mykp_workforce_notifications_basic_auth_v1r|class org.jenkinsci.plugins.workflow.multibranch.WorkflowMultiBranchProject
      1 CTO/CTO-IA/Apigee-Proxy-Automated-New/apigee-mykp_rules_personalization_odmoc_v1r|apigee-mykp_rules_personalization_odmoc_v1r|class org.jenkinsci.plugins.workflow.multibranch.WorkflowMultiBranchProject
      1 CTO/CTO-IA/Apigee-Proxy-Automated-New/apigee-mykp_bff_search_basic_auth_v1r|apigee-mykp_bff_search_basic_auth_v1r|class org.jenkinsci.plugins.workflow.multibranch.WorkflowMultiBranchProject
      1 CTO/CTO-IA/Apigee-Proxy-Automated-New/apigee-myhr_oracle_hcm_ucm_generic_soap_v10|apigee-myhr_oracle_hcm_ucm_generic_soap_v10|class org.jenkinsci.plugins.workflow.multibranch.WorkflowMultiBranchProject
      1 CTO/CTO-IA/Apigee-Proxy-Automated-New/apigee-myhr_oracle_hcm_report_web_v10|apigee-myhr_oracle_hcm_report_web_v10|class org.jenkinsci.plugins.workflow.multibranch.WorkflowMultiBranchProject
      1 CTO/CTO-IA/Apigee-Proxy-Automated-New/apigee-myhr_oracle_hcm_extract_web_v10|apigee-myhr_oracle_hcm_extract_web_v10|class org.jenkinsci.plugins.workflow.multibranch.WorkflowMultiBranchProject
      1 CTO/CTO-IA/Apigee-Proxy-Automated-New/apigee-myhr_oracle_hcm_erp_integration_v10|apigee-myhr_oracle_hcm_erp_integration_v10|class org.jenkinsci.plugins.workflow.multibranch.WorkflowMultiBranchProject
      1 CTO/CTO-IA/Apigee-Proxy-Automated-New/apigee-myhr_oracle_hcm_data_loader_v10|apigee-myhr_oracle_hcm_data_loader_v10|class org.jenkinsci.plugins.workflow.multibranch.WorkflowMultiBranchProject
      1 CTO/CTO-IA/Apigee-Proxy-Automated-New/apigee-myhr_oracle_hcm_catalog_web_v10|apigee-myhr_oracle_hcm_catalog_web_v10|class org.jenkinsci.plugins.workflow.multibranch.WorkflowMultiBranchProject
      1 CTO/CTO-IA/Apigee-Proxy-Automated-New/apigee-myhr_oracle_hcm_bip_external_report_v10|apigee-myhr_oracle_hcm_bip_external_report_v10|class org.jenkinsci.plugins.workflow.multibranch.WorkflowMultiBranchProject
      1 CTO/CTO-IA/Apigee-Proxy-Automated-New/apigee-myhr_nw_attendance_listener_v10|apigee-myhr_nw_attendance_listener_v10|class org.jenkinsci.plugins.workflow.multibranch.WorkflowMultiBranchProject
      1 CTO/CTO-IA/Apigee-Proxy-Automated-New/apigee-myhr_kpdw_bah_daily_hdl_generator_v10|apigee-myhr_kpdw_bah_daily_hdl_generator_v10|class org.jenkinsci.plugins.workflow.multibranch.WorkflowMultiBranchProject
      1 CTO/CTO-IA/Apigee-Proxy-Automated-New/apigee-my_kp_secured_search_api_v10r|apigee-my_kp_secured_search_api_v10r|class org.jenkinsci.plugins.workflow.multibranch.WorkflowMultiBranchProject
      1 CTO/CTO-IA/Apigee-Proxy-Automated-New/apigee-my_kp_secured_search_api_v10r
      1 CTO/CTO-IA/Apigee-Proxy-Automated-New/apigee-my_kp_public_search_api_v10r|apigee-my_kp_public_search_api_v10r|class org.jenkinsci.plugins.workflow.multibranch.WorkflowMultiBranchProject
      1 CTO/CTO-IA/Apigee-Proxy-Automated-New/apigee-my_kp_get_profile_v10r|apigee-my_kp_get_profile_v10r|class org.jenkinsci.plugins.workflow.multibranch.WorkflowMultiBranchProject
      1 CTO/CTO-IA/Apigee-Proxy-Automated-New/apigee-my_kp_get_preferences_v10r|apigee-my_kp_get_preferences_v10r|class org.jenkinsci.plugins.workflow.multibranch.WorkflowMultiBranchProject
      1 CTO/CTO-IA/Apigee-Proxy-Automated-New/apigee-my_kp_checklist_api_v10r|apigee-my_kp_checklist_api_v10r|class org.jenkinsci.plugins.workflow.multibranch.WorkflowMultiBranchProject
      1 CTO/CTO-IA/Apigee-Proxy-Automated-New/apigee-my_kp_bff_web_basic_auth_v10r|apigee-my_kp_bff_web_basic_auth_v10r|class org.jenkinsci.plugins.workflow.multibranch.WorkflowMultiBranchProject
      1 CTO/CTO-IA/Apigee-Proxy-Automated-New/apigee-my_kp_application_v1r|apigee-my_kp_application_v1r|class org.jenkinsci.plugins.workflow.multibranch.WorkflowMultiBranchProject
      1 CTO/CTO-IA/Apigee-Proxy-Automated-New/apigee-my_hr_people_fluent_r_api|apigee-my_hr_people_fluent_r_api|class org.jenkinsci.plugins.workflow.multibranch.WorkflowMultiBranchProject
      1 CTO/CTO-IA/Apigee-Proxy-Automated-New/apigee-my_checkup_v10rc|apigee-my_checkup_v10rc|class org.jenkinsci.plugins.workflow.multibranch.WorkflowMultiBranchProject
      1 CTO/CTO-IA/Apigee-Proxy-Automated-New/apigee-mqr_management_v10r|apigee-mqr_management_v10r|class org.jenkinsci.plugins.workflow.multibranch.WorkflowMultiBranchProject
      1 CTO/CTO-IA/Apigee-Proxy-Automated-New/apigee-mps_pie_common_services_api|apigee-mps_pie_common_services_api|class org.jenkinsci.plugins.workflow.multibranch.WorkflowMultiBranchProject
      1 CTO/CTO-IA/Apigee-Proxy-Automated-New/apigee-mpeople_to_salesforce_v1r|apigee-mpeople_to_salesforce_v1r|class org.jenkinsci.plugins.workflow.multibranch.WorkflowMultiBranchProject
      1 CTO/CTO-IA/Apigee-Proxy-Automated-New/apigee-microsoft_oauth_token_request_v1r|apigee-microsoft_oauth_token_request_v1r|class org.jenkinsci.plugins.workflow.multibranch.WorkflowMultiBranchProject
      1 CTO/CTO-IA/Apigee-Proxy-Automated-New/apigee-metrs_rules_v1r|apigee-metrs_rules_v1r|class org.jenkinsci.plugins.workflow.multibranch.WorkflowMultiBranchProject
      1 CTO/CTO-IA/Apigee-Proxy-Automated-New/apigee-metrs_rules_odmoc_v1r|apigee-metrs_rules_odmoc_v1r|class org.jenkinsci.plugins.workflow.multibranch.WorkflowMultiBranchProject
      1 CTO/CTO-IA/Apigee-Proxy-Automated-New/apigee-metrs_case_document_update_v10|apigee-metrs_case_document_update_v10|class org.jenkinsci.plugins.workflow.multibranch.WorkflowMultiBranchProject
      1 CTO/CTO-IA/Apigee-Proxy-Automated-New/apigee-metrs_case_document_update_v10extra|apigee-metrs_case_document_update_v10extra|class org.jenkinsci.plugins.workflow.multibranch.WorkflowMultiBranchProject
      1 CTO/CTO-IA/Apigee-Proxy-Automated-New/apigee-metrs_case_document_update_v1.1extra|apigee-metrs_case_document_update_v1.1extra|class org.jenkinsci.plugins.workflow.multibranch.WorkflowMultiBranchProject
      1 CTO/CTO-IA/Apigee-Proxy-Automated-New/apigee-metrs_case_document_update_v1.1extra
      1 CTO/CTO-IA/Apigee-Proxy-Automated-New/apigee-meth_check_service|apigee-meth_check_service|class org.jenkinsci.plugins.workflow.multibranch.WorkflowMultiBranchProject
      1 CTO/CTO-IA/Apigee-Proxy-Automated-New/apigee-met_life_soh_1_api|apigee-met_life_soh_1_api|class org.jenkinsci.plugins.workflow.multibranch.WorkflowMultiBranchProject
      1 CTO/CTO-IA/Apigee-Proxy-Automated-New/apigee-message_center_attachment_v1rc|apigee-message_center_attachment_v1rc|class org.jenkinsci.plugins.workflow.multibranch.WorkflowMultiBranchProject
      1 CTO/CTO-IA/Apigee-Proxy-Automated-New/apigee-merative_cost_estimation_v1r|apigee-merative_cost_estimation_v1r|class org.jenkinsci.plugins.workflow.multibranch.WorkflowMultiBranchProject
      1 CTO/CTO-IA/Apigee-Proxy-Automated-New/apigee-merative_cost_estimation_v1r
      1 CTO/CTO-IA/Apigee-Proxy-Automated-New/apigee-memberlookup_v20|apigee-memberlookup_v20|class org.jenkinsci.plugins.workflow.multibranch.WorkflowMultiBranchProject
      1 CTO/CTO-IA/Apigee-Proxy-Automated-New/apigee-memberinquiry_v3_1|apigee-memberinquiry_v3_1|class org.jenkinsci.plugins.workflow.multibranch.WorkflowMultiBranchProject
      1 CTO/CTO-IA/Apigee-Proxy-Automated-New/apigee-memberbenefitsinquiry_v21|apigee-memberbenefitsinquiry_v21|class org.jenkinsci.plugins.workflow.multibranch.WorkflowMultiBranchProject
      1 CTO/CTO-IA/Apigee-Proxy-Automated-New/apigee-member_web_v44|apigee-member_web_v44|class org.jenkinsci.plugins.workflow.multibranch.WorkflowMultiBranchProject
      1 CTO/CTO-IA/Apigee-Proxy-Automated-New/apigee-member_update_v2|apigee-member_update_v2|class org.jenkinsci.plugins.workflow.multibranch.WorkflowMultiBranchProject
      1 CTO/CTO-IA/Apigee-Proxy-Automated-New/apigee-member_update_v1|apigee-member_update_v1|class org.jenkinsci.plugins.workflow.multibranch.WorkflowMultiBranchProject
      1 CTO/CTO-IA/Apigee-Proxy-Automated-New/apigee-member_termination_v1|apigee-member_termination_v1|class org.jenkinsci.plugins.workflow.multibranch.WorkflowMultiBranchProject
      1 CTO/CTO-IA/Apigee-Proxy-Automated-New/apigee-member_rx_order_status_v1r|apigee-member_rx_order_status_v1r|class org.jenkinsci.plugins.workflow.multibranch.WorkflowMultiBranchProject
      1 CTO/CTO-IA/Apigee-Proxy-Automated-New/apigee-member_request_v1|apigee-member_request_v1|class org.jenkinsci.plugins.workflow.multibranch.WorkflowMultiBranchProject
      1 CTO/CTO-IA/Apigee-Proxy-Automated-New/apigee-member_prescription_eligibility_v1r|apigee-member_prescription_eligibility_v1r|class org.jenkinsci.plugins.workflow.multibranch.WorkflowMultiBranchProject
      1 CTO/CTO-IA/Apigee-Proxy-Automated-New/apigee-member_management_v40|apigee-member_management_v40|class org.jenkinsci.plugins.workflow.multibranch.WorkflowMultiBranchProject
      1 CTO/CTO-IA/Apigee-Proxy-Automated-New/apigee-member_management_v3|apigee-member_management_v3|class org.jenkinsci.plugins.workflow.multibranch.WorkflowMultiBranchProject
      1 CTO/CTO-IA/Apigee-Proxy-Automated-New/apigee-member_management_v2|apigee-member_management_v2|class org.jenkinsci.plugins.workflow.multibranch.WorkflowMultiBranchProject
      1 CTO/CTO-IA/Apigee-Proxy-Automated-New/apigee-member_lookup_v21|apigee-member_lookup_v21|class org.jenkinsci.plugins.workflow.multibranch.WorkflowMultiBranchProject
      1 CTO/CTO-IA/Apigee-Proxy-Automated-New/apigee-member_level_rating_tool_for_small_group_api_v1|apigee-member_level_rating_tool_for_small_group_api_v1|class org.jenkinsci.plugins.workflow.multibranch.WorkflowMultiBranchProject
      1 CTO/CTO-IA/Apigee-Proxy-Automated-New/apigee-member_level_rating_tool_for_kpif_api_v1|apigee-member_level_rating_tool_for_kpif_api_v1|class org.jenkinsci.plugins.workflow.multibranch.WorkflowMultiBranchProject
      1 CTO/CTO-IA/Apigee-Proxy-Automated-New/apigee-member_inquiry_v2|apigee-member_inquiry_v2|class org.jenkinsci.plugins.workflow.multibranch.WorkflowMultiBranchProject
      1 CTO/CTO-IA/Apigee-Proxy-Automated-New/apigee-member_inquiry_v21|apigee-member_inquiry_v21|class org.jenkinsci.plugins.workflow.multibranch.WorkflowMultiBranchProject
      1 CTO/CTO-IA/Apigee-Proxy-Automated-New/apigee-member_inquiry_v20|apigee-member_inquiry_v20|class org.jenkinsci.plugins.workflow.multibranch.WorkflowMultiBranchProject
      1 CTO/CTO-IA/Apigee-Proxy-Automated-New/apigee-member_information_v1r|apigee-member_information_v1r|class org.jenkinsci.plugins.workflow.multibranch.WorkflowMultiBranchProject
      1 CTO/CTO-IA/Apigee-Proxy-Automated-New/apigee-member_history_inquiry_v10|apigee-member_history_inquiry_v10|class org.jenkinsci.plugins.workflow.multibranch.WorkflowMultiBranchProject
      1 CTO/CTO-IA/Apigee-Proxy-Automated-New/apigee-member_enrollment_v1|apigee-member_enrollment_v1|class org.jenkinsci.plugins.workflow.multibranch.WorkflowMultiBranchProject
      1 CTO/CTO-IA/Apigee-Proxy-Automated-New/apigee-member_enrollment_scal_v1|apigee-member_enrollment_scal_v1|class org.jenkinsci.plugins.workflow.multibranch.WorkflowMultiBranchProject
      1 CTO/CTO-IA/Apigee-Proxy-Automated-New/apigee-member_enrollment_nw_v1|apigee-member_enrollment_nw_v1|class org.jenkinsci.plugins.workflow.multibranch.WorkflowMultiBranchProject
      1 CTO/CTO-IA/Apigee-Proxy-Automated-New/apigee-member_enrollment_ncal_v1|apigee-member_enrollment_ncal_v1|class org.jenkinsci.plugins.workflow.multibranch.WorkflowMultiBranchProject
      1 CTO/CTO-IA/Apigee-Proxy-Automated-New/apigee-member_enrollment_ga_v1|apigee-member_enrollment_ga_v1|class org.jenkinsci.plugins.workflow.multibranch.WorkflowMultiBranchProject
      1 CTO/CTO-IA/Apigee-Proxy-Automated-New/apigee-member_enrollment_co_v1|apigee-member_enrollment_co_v1|class org.jenkinsci.plugins.workflow.multibranch.WorkflowMultiBranchProject
      1 CTO/CTO-IA/Apigee-Proxy-Automated-New/apigee-member_eligibility_and_demographics_v4_v5|apigee-member_eligibility_and_demographics_v4_v5|class org.jenkinsci.plugins.workflow.multibranch.WorkflowMultiBranchProject
      1 CTO/CTO-IA/Apigee-Proxy-Automated-New/apigee-member_demographics_update_v1|apigee-member_demographics_update_v1|class org.jenkinsci.plugins.workflow.multibranch.WorkflowMultiBranchProject
      1 CTO/CTO-IA/Apigee-Proxy-Automated-New/apigee-member_benefits_inquiry_v20|apigee-member_benefits_inquiry_v20|class org.jenkinsci.plugins.workflow.multibranch.WorkflowMultiBranchProject
      1 CTO/CTO-IA/Apigee-Proxy-Automated-New/apigee-member_benefit_inquiry_r_v1|apigee-member_benefit_inquiry_r_v1|class org.jenkinsci.plugins.workflow.multibranch.WorkflowMultiBranchProject
      1 CTO/CTO-IA/Apigee-Proxy-Automated-New/apigee-media_bin_v80|apigee-media_bin_v80|class org.jenkinsci.plugins.workflow.multibranch.WorkflowMultiBranchProject
      1 CTO/CTO-IA/Apigee-Proxy-Automated-New/apigee-media_bin_assets_download_v10r|apigee-media_bin_assets_download_v10r|class org.jenkinsci.plugins.workflow.multibranch.WorkflowMultiBranchProject
      1 CTO/CTO-IA/Apigee-Proxy-Automated-New/apigee-meaningful_use_e_prescribing_v10r|apigee-meaningful_use_e_prescribing_v10r|class org.jenkinsci.plugins.workflow.multibranch.WorkflowMultiBranchProject
      1 CTO/CTO-IA/Apigee-Proxy-Automated-New/apigee-mds_request_v1r|apigee-mds_request_v1r|class org.jenkinsci.plugins.workflow.multibranch.WorkflowMultiBranchProject
      1 CTO/CTO-IA/Apigee-Proxy-Automated-New/apigee-mdpeople_accme_v1r|apigee-mdpeople_accme_v1r|class org.jenkinsci.plugins.workflow.multibranch.WorkflowMultiBranchProject
      1 CTO/CTO-IA/Apigee-Proxy-Automated-New/apigee-md_guidelines_v2r|apigee-md_guidelines_v2r|class org.jenkinsci.plugins.workflow.multibranch.WorkflowMultiBranchProject
      1 CTO/CTO-IA/Apigee-Proxy-Automated-New/apigee-mbrshp_member_self_service_bff_v1r|apigee-mbrshp_member_self_service_bff_v1r|class org.jenkinsci.plugins.workflow.multibranch.WorkflowMultiBranchProject
      1 CTO/CTO-IA/Apigee-Proxy-Automated-New/apigee-mbrshp_bff_ssgroupservice_v1r|apigee-mbrshp_bff_ssgroupservice_v1r|class org.jenkinsci.plugins.workflow.multibranch.WorkflowMultiBranchProject
      1 CTO/CTO-IA/Apigee-Proxy-Automated-New/apigee-mbe_member_medicare_update_v1|apigee-mbe_member_medicare_update_v1|class org.jenkinsci.plugins.workflow.multibranch.WorkflowMultiBranchProject
      1 CTO/CTO-IA/Apigee-Proxy-Automated-New/apigee-mbe_member_medicare_inquiry_v1|apigee-mbe_member_medicare_inquiry_v1|class org.jenkinsci.plugins.workflow.multibranch.WorkflowMultiBranchProject
      1 CTO/CTO-IA/Apigee-Proxy-Automated-New/apigee-mbe_medicare_enrollment_request_v1|apigee-mbe_medicare_enrollment_request_v1|class org.jenkinsci.plugins.workflow.multibranch.WorkflowMultiBranchProject
      1 CTO/CTO-IA/Apigee-Proxy-Automated-New/apigee-mbe_medicare_enrollment_request_api_v1|apigee-mbe_medicare_enrollment_request_api_v1|class org.jenkinsci.plugins.workflow.multibranch.WorkflowMultiBranchProject
      1 CTO/CTO-IA/Apigee-Proxy-Automated-New/apigee-mbe_mbi_hicn_inquiry_v1|apigee-mbe_mbi_hicn_inquiry_v1|class org.jenkinsci.plugins.workflow.multibranch.WorkflowMultiBranchProject
      1 CTO/CTO-IA/Apigee-Proxy-Automated-New/apigee-mas_eligibility_and_demographics_v10|apigee-mas_eligibility_and_demographics_v10|class org.jenkinsci.plugins.workflow.multibranch.WorkflowMultiBranchProject
      1 CTO/CTO-IA/Apigee-Proxy-Automated-New/apigee-mapquest_mychart_geo_data_v1r|apigee-mapquest_mychart_geo_data_v1r|class org.jenkinsci.plugins.workflow.multibranch.WorkflowMultiBranchProject
      1 CTO/CTO-IA/Apigee-Proxy-Automated-New/apigee-lexisnexisrisk_rest_api_v10|apigee-lexisnexisrisk_rest_api_v10|class org.jenkinsci.plugins.workflow.multibranch.WorkflowMultiBranchProject
      1 CTO/CTO-IA/Apigee-Proxy-Automated-New/apigee-lenelopenaccess_v1r|apigee-lenelopenaccess_v1r|class org.jenkinsci.plugins.workflow.multibranch.WorkflowMultiBranchProject
      1 CTO/CTO-IA/Apigee-Proxy-Automated-New/apigee-lenelopenaccess_v1r
      1 CTO/CTO-IA/Apigee-Proxy-Automated-New/apigee-lab_wait_time_calc_decision_v10|apigee-lab_wait_time_calc_decision_v10|class org.jenkinsci.plugins.workflow.multibranch.WorkflowMultiBranchProject
      1 CTO/CTO-IA/Apigee-Proxy-Automated-New/apigee-kpwa_family_inquiry_v1|apigee-kpwa_family_inquiry_v1|class org.jenkinsci.plugins.workflow.multibranch.WorkflowMultiBranchProject
      1 CTO/CTO-IA/Apigee-Proxy-Automated-New/apigee-kpvv_biz_registration_v1r|apigee-kpvv_biz_registration_v1r|class org.jenkinsci.plugins.workflow.multibranch.WorkflowMultiBranchProject
      1 CTO/CTO-IA/Apigee-Proxy-Automated-New/apigee-kpvv_biz_registration_v10|apigee-kpvv_biz_registration_v10|class org.jenkinsci.plugins.workflow.multibranch.WorkflowMultiBranchProject
      1 CTO/CTO-IA/Apigee-Proxy-Automated-New/apigee-kporgfusion_v1r|apigee-kporgfusion_v1r|class org.jenkinsci.plugins.workflow.multibranch.WorkflowMultiBranchProject
      1 CTO/CTO-IA/Apigee-Proxy-Automated-New/apigee-kpoj_ohm_r_v10|apigee-kpoj_ohm_r_v10|class org.jenkinsci.plugins.workflow.multibranch.WorkflowMultiBranchProject
      1 CTO/CTO-IA/Apigee-Proxy-Automated-New/apigee-kpoj_ohm_r_v10
      1 CTO/CTO-IA/Apigee-Proxy-Automated-New/apigee-kpoj_enterprise_rest_token_v10|apigee-kpoj_enterprise_rest_token_v10|class org.jenkinsci.plugins.workflow.multibranch.WorkflowMultiBranchProject
      1 CTO/CTO-IA/Apigee-Proxy-Automated-New/apigee-kpmc_user_authbff_service|apigee-kpmc_user_authbff_service|class org.jenkinsci.plugins.workflow.multibranch.WorkflowMultiBranchProject
      1 CTO/CTO-IA/Apigee-Proxy-Automated-New/apigee-kpmc_user_authbff_ba_v10s|apigee-kpmc_user_authbff_ba_v10s|class org.jenkinsci.plugins.workflow.multibranch.WorkflowMultiBranchProject
      1 CTO/CTO-IA/Apigee-Proxy-Automated-New/apigee-kpmc_user_authbff_ba_service|apigee-kpmc_user_authbff_ba_service|class org.jenkinsci.plugins.workflow.multibranch.WorkflowMultiBranchProject
      1 CTO/CTO-IA/Apigee-Proxy-Automated-New/apigee-kpmc_transactiontracking_bff|apigee-kpmc_transactiontracking_bff|class org.jenkinsci.plugins.workflow.multibranch.WorkflowMultiBranchProject
      1 CTO/CTO-IA/Apigee-Proxy-Automated-New/apigee-kpmc_tap_mem_kafka_rest_proxy_v1r|apigee-kpmc_tap_mem_kafka_rest_proxy_v1r|class org.jenkinsci.plugins.workflow.multibranch.WorkflowMultiBranchProject
      1 CTO/CTO-IA/Apigee-Proxy-Automated-New/apigee-kpmc_system_consolebff_service|apigee-kpmc_system_consolebff_service|class org.jenkinsci.plugins.workflow.multibranch.WorkflowMultiBranchProject
      1 CTO/CTO-IA/Apigee-Proxy-Automated-New/apigee-kpmc_ssindvbinderpayment_bff_v1r|apigee-kpmc_ssindvbinderpayment_bff_v1r|class org.jenkinsci.plugins.workflow.multibranch.WorkflowMultiBranchProject
      1 CTO/CTO-IA/Apigee-Proxy-Automated-New/apigee-kpmc_ssindv_bff_v10r|apigee-kpmc_ssindv_bff_v10r|class org.jenkinsci.plugins.workflow.multibranch.WorkflowMultiBranchProject
      1 CTO/CTO-IA/Apigee-Proxy-Automated-New/apigee-kpmc_search_crosswalk_bff_ba_v10|apigee-kpmc_search_crosswalk_bff_ba_v10|class org.jenkinsci.plugins.workflow.multibranch.WorkflowMultiBranchProject
      1 CTO/CTO-IA/Apigee-Proxy-Automated-New/apigee-kpmc_restproxy_v1r|apigee-kpmc_restproxy_v1r|class org.jenkinsci.plugins.workflow.multibranch.WorkflowMultiBranchProject
      1 CTO/CTO-IA/Apigee-Proxy-Automated-New/apigee-kpmc_reftypesbff_ba_service|apigee-kpmc_reftypesbff_ba_service|class org.jenkinsci.plugins.workflow.multibranch.WorkflowMultiBranchProject
      1 CTO/CTO-IA/Apigee-Proxy-Automated-New/apigee-kpmc_quick_viewbff|apigee-kpmc_quick_viewbff|class org.jenkinsci.plugins.workflow.multibranch.WorkflowMultiBranchProject
      1 CTO/CTO-IA/Apigee-Proxy-Automated-New/apigee-kpmc_phiaccessbaservice_v1r|apigee-kpmc_phiaccessbaservice_v1r|class org.jenkinsci.plugins.workflow.multibranch.WorkflowMultiBranchProject
      1 CTO/CTO-IA/Apigee-Proxy-Automated-New/apigee-kpmc_ormb_membership_v1|apigee-kpmc_ormb_membership_v1|class org.jenkinsci.plugins.workflow.multibranch.WorkflowMultiBranchProject
      1 CTO/CTO-IA/Apigee-Proxy-Automated-New/apigee-kpmc_ormb_membership_v11|apigee-kpmc_ormb_membership_v11|class org.jenkinsci.plugins.workflow.multibranch.WorkflowMultiBranchProject
      1 CTO/CTO-IA/Apigee-Proxy-Automated-New/apigee-kpmc_ormb_customer_v1|apigee-kpmc_ormb_customer_v1|class org.jenkinsci.plugins.workflow.multibranch.WorkflowMultiBranchProject
      1 CTO/CTO-IA/Apigee-Proxy-Automated-New/apigee-kpmc_ormb_authentication_v1|apigee-kpmc_ormb_authentication_v1|class org.jenkinsci.plugins.workflow.multibranch.WorkflowMultiBranchProject
      1 CTO/CTO-IA/Apigee-Proxy-Automated-New/apigee-kpmc_ormb_authentication_v1r|apigee-kpmc_ormb_authentication_v1r|class org.jenkinsci.plugins.workflow.multibranch.WorkflowMultiBranchProject
      1 CTO/CTO-IA/Apigee-Proxy-Automated-New/apigee-kpmc_notification_message_v10r|apigee-kpmc_notification_message_v10r|class org.jenkinsci.plugins.workflow.multibranch.WorkflowMultiBranchProject
      1 CTO/CTO-IA/Apigee-Proxy-Automated-New/apigee-kpmc_mrn_search_v1r|apigee-kpmc_mrn_search_v1r|class org.jenkinsci.plugins.workflow.multibranch.WorkflowMultiBranchProject
      1 CTO/CTO-IA/Apigee-Proxy-Automated-New/apigee-kpmc_mrn_assignmentand_notification_service|apigee-kpmc_mrn_assignmentand_notification_service|class org.jenkinsci.plugins.workflow.multibranch.WorkflowMultiBranchProject
      1 CTO/CTO-IA/Apigee-Proxy-Automated-New/apigee-kpmc_member_update_v2_services|apigee-kpmc_member_update_v2_services|class org.jenkinsci.plugins.workflow.multibranch.WorkflowMultiBranchProject
      1 CTO/CTO-IA/Apigee-Proxy-Automated-New/apigee-kpmc_member_request_v1|apigee-kpmc_member_request_v1|class org.jenkinsci.plugins.workflow.multibranch.WorkflowMultiBranchProject
      1 CTO/CTO-IA/Apigee-Proxy-Automated-New/apigee-kpmc_member_lookup_v2|apigee-kpmc_member_lookup_v2|class org.jenkinsci.plugins.workflow.multibranch.WorkflowMultiBranchProject
      1 CTO/CTO-IA/Apigee-Proxy-Automated-New/apigee-kpmc_member_lookup_v2_1|apigee-kpmc_member_lookup_v2_1|class org.jenkinsci.plugins.workflow.multibranch.WorkflowMultiBranchProject
      1 CTO/CTO-IA/Apigee-Proxy-Automated-New/apigee-kpmc_member_inquiry_v2_2|apigee-kpmc_member_inquiry_v2_2|class org.jenkinsci.plugins.workflow.multibranch.WorkflowMultiBranchProject
      1 CTO/CTO-IA/Apigee-Proxy-Automated-New/apigee-kpmc_member_enroll_v1|apigee-kpmc_member_enroll_v1|class org.jenkinsci.plugins.workflow.multibranch.WorkflowMultiBranchProject
      1 CTO/CTO-IA/Apigee-Proxy-Automated-New/apigee-kpmc_mastercode_v1r|apigee-kpmc_mastercode_v1r|class org.jenkinsci.plugins.workflow.multibranch.WorkflowMultiBranchProject
      1 CTO/CTO-IA/Apigee-Proxy-Automated-New/apigee-kpmc_maspmos_memberchangepublish_v1r|apigee-kpmc_maspmos_memberchangepublish_v1r|class org.jenkinsci.plugins.workflow.multibranch.WorkflowMultiBranchProject
      1 CTO/CTO-IA/Apigee-Proxy-Automated-New/apigee-kpmc_maspmos_memberchangepublish_v1r
      1 CTO/CTO-IA/Apigee-Proxy-Automated-New/apigee-kpmc_maspmos_groupchangepublish_v1r|apigee-kpmc_maspmos_groupchangepublish_v1r|class org.jenkinsci.plugins.workflow.multibranch.WorkflowMultiBranchProject
      1 CTO/CTO-IA/Apigee-Proxy-Automated-New/apigee-kpmc_ma_correspondence_bff_v10r|apigee-kpmc_ma_correspondence_bff_v10r|class org.jenkinsci.plugins.workflow.multibranch.WorkflowMultiBranchProject
      1 CTO/CTO-IA/Apigee-Proxy-Automated-New/apigee-kpmc_landingpage_bff_v10|apigee-kpmc_landingpage_bff_v10|class org.jenkinsci.plugins.workflow.multibranch.WorkflowMultiBranchProject
      1 CTO/CTO-IA/Apigee-Proxy-Automated-New/apigee-kpmc_individual_data_v1r|apigee-kpmc_individual_data_v1r|class org.jenkinsci.plugins.workflow.multibranch.WorkflowMultiBranchProject
      1 CTO/CTO-IA/Apigee-Proxy-Automated-New/apigee-kpmc_id_card_bff_v10r|apigee-kpmc_id_card_bff_v10r|class org.jenkinsci.plugins.workflow.multibranch.WorkflowMultiBranchProject
      1 CTO/CTO-IA/Apigee-Proxy-Automated-New/apigee-kpmc_evidence_of_coverage_bff_v1r|apigee-kpmc_evidence_of_coverage_bff_v1r|class org.jenkinsci.plugins.workflow.multibranch.WorkflowMultiBranchProject
      1 CTO/CTO-IA/Apigee-Proxy-Automated-New/apigee-kpmc_error_audit_v10r|apigee-kpmc_error_audit_v10r|class org.jenkinsci.plugins.workflow.multibranch.WorkflowMultiBranchProject
      1 CTO/CTO-IA/Apigee-Proxy-Automated-New/apigee-kpmc_ensembled_r|apigee-kpmc_ensembled_r|class org.jenkinsci.plugins.workflow.multibranch.WorkflowMultiBranchProject
      1 CTO/CTO-IA/Apigee-Proxy-Automated-New/apigee-kpmc_documents_internal_bff_v1|apigee-kpmc_documents_internal_bff_v1|class org.jenkinsci.plugins.workflow.multibranch.WorkflowMultiBranchProject
      1 CTO/CTO-IA/Apigee-Proxy-Automated-New/apigee-kpmc_documents_external_bff_v1|apigee-kpmc_documents_external_bff_v1|class org.jenkinsci.plugins.workflow.multibranch.WorkflowMultiBranchProject
      1 CTO/CTO-IA/Apigee-Proxy-Automated-New/apigee-kpmc_dafe_acknowledgement_message_v10r|apigee-kpmc_dafe_acknowledgement_message_v10r|class org.jenkinsci.plugins.workflow.multibranch.WorkflowMultiBranchProject
      1 CTO/CTO-IA/Apigee-Proxy-Automated-New/apigee-kpmc_customer_and_contract_bff|apigee-kpmc_customer_and_contract_bff|class org.jenkinsci.plugins.workflow.multibranch.WorkflowMultiBranchProject
      1 CTO/CTO-IA/Apigee-Proxy-Automated-New/apigee-kpmc_customer_and_contract_bff_ba|apigee-kpmc_customer_and_contract_bff_ba|class org.jenkinsci.plugins.workflow.multibranch.WorkflowMultiBranchProject
      1 CTO/CTO-IA/Apigee-Proxy-Automated-New/apigee-kpmc_cm_member_inquiry_v1|apigee-kpmc_cm_member_inquiry_v1|class org.jenkinsci.plugins.workflow.multibranch.WorkflowMultiBranchProject
      1 CTO/CTO-IA/Apigee-Proxy-Automated-New/apigee-kpmc_cam_router_bff_v10r|apigee-kpmc_cam_router_bff_v10r|class org.jenkinsci.plugins.workflow.multibranch.WorkflowMultiBranchProject
      1 CTO/CTO-IA/Apigee-Proxy-Automated-New/apigee-kpmc_cam_member_sor_v10r|apigee-kpmc_cam_member_sor_v10r|class org.jenkinsci.plugins.workflow.multibranch.WorkflowMultiBranchProject
      1 CTO/CTO-IA/Apigee-Proxy-Automated-New/apigee-kpmc_cam_group_sor_v1r|apigee-kpmc_cam_group_sor_v1r|class org.jenkinsci.plugins.workflow.multibranch.WorkflowMultiBranchProject
      1 CTO/CTO-IA/Apigee-Proxy-Automated-New/apigee-kpmc_bill_and_pay_bff_v1r|apigee-kpmc_bill_and_pay_bff_v1r|class org.jenkinsci.plugins.workflow.multibranch.WorkflowMultiBranchProject
      1 CTO/CTO-IA/Apigee-Proxy-Automated-New/apigee-kphp_smilecdr_fhir_r4|apigee-kphp_smilecdr_fhir_r4|class org.jenkinsci.plugins.workflow.multibranch.WorkflowMultiBranchProject
      1 CTO/CTO-IA/Apigee-Proxy-Automated-New/apigee-kphc_update_patient_demographics_v1|apigee-kphc_update_patient_demographics_v1|class org.jenkinsci.plugins.workflow.multibranch.WorkflowMultiBranchProject
      1 CTO/CTO-IA/Apigee-Proxy-Automated-New/apigee-kphc_update_patient_demographics_v1r|apigee-kphc_update_patient_demographics_v1r|class org.jenkinsci.plugins.workflow.multibranch.WorkflowMultiBranchProject
      1 CTO/CTO-IA/Apigee-Proxy-Automated-New/apigee-kphc_trigger_update_v1|apigee-kphc_trigger_update_v1|class org.jenkinsci.plugins.workflow.multibranch.WorkflowMultiBranchProject
      1 CTO/CTO-IA/Apigee-Proxy-Automated-New/apigee-kphc_trigger_update_v1r|apigee-kphc_trigger_update_v1r|class org.jenkinsci.plugins.workflow.multibranch.WorkflowMultiBranchProject
      1 CTO/CTO-IA/Apigee-Proxy-Automated-New/apigee-kphc_text_message_option_v1|apigee-kphc_text_message_option_v1|class org.jenkinsci.plugins.workflow.multibranch.WorkflowMultiBranchProject
      1 CTO/CTO-IA/Apigee-Proxy-Automated-New/apigee-kphc_surgery_v5|apigee-kphc_surgery_v5|class org.jenkinsci.plugins.workflow.multibranch.WorkflowMultiBranchProject
      1 CTO/CTO-IA/Apigee-Proxy-Automated-New/apigee-kphc_surgery_v3|apigee-kphc_surgery_v3|class org.jenkinsci.plugins.workflow.multibranch.WorkflowMultiBranchProject
      1 CTO/CTO-IA/Apigee-Proxy-Automated-New/apigee-kphc_surgery_v1|apigee-kphc_surgery_v1|class org.jenkinsci.plugins.workflow.multibranch.WorkflowMultiBranchProject
      1 CTO/CTO-IA/Apigee-Proxy-Automated-New/apigee-kphc_store_document_v3m|apigee-kphc_store_document_v3m|class org.jenkinsci.plugins.workflow.multibranch.WorkflowMultiBranchProject
      1 CTO/CTO-IA/Apigee-Proxy-Automated-New/apigee-kphc_store_document_v2|apigee-kphc_store_document_v2|class org.jenkinsci.plugins.workflow.multibranch.WorkflowMultiBranchProject
      1 CTO/CTO-IA/Apigee-Proxy-Automated-New/apigee-kphc_store_document_v10|apigee-kphc_store_document_v10|class org.jenkinsci.plugins.workflow.multibranch.WorkflowMultiBranchProject
      1 CTO/CTO-IA/Apigee-Proxy-Automated-New/apigee-kphc_store_document_legacy_v3|apigee-kphc_store_document_legacy_v3|class org.jenkinsci.plugins.workflow.multibranch.WorkflowMultiBranchProject
      1 CTO/CTO-IA/Apigee-Proxy-Automated-New/apigee-kphc_store_document_legacy_v2|apigee-kphc_store_document_legacy_v2|class org.jenkinsci.plugins.workflow.multibranch.WorkflowMultiBranchProject
      1 CTO/CTO-IA/Apigee-Proxy-Automated-New/apigee-kphc_set_visit_contact_info_v1|apigee-kphc_set_visit_contact_info_v1|class org.jenkinsci.plugins.workflow.multibranch.WorkflowMultiBranchProject
      1 CTO/CTO-IA/Apigee-Proxy-Automated-New/apigee-kphc_set_visit_contact_info_v1r|apigee-kphc_set_visit_contact_info_v1r|class org.jenkinsci.plugins.workflow.multibranch.WorkflowMultiBranchProject
      1 CTO/CTO-IA/Apigee-Proxy-Automated-New/apigee-kphc_set_video_visit_flag_v1|apigee-kphc_set_video_visit_flag_v1|class org.jenkinsci.plugins.workflow.multibranch.WorkflowMultiBranchProject
      1 CTO/CTO-IA/Apigee-Proxy-Automated-New/apigee-kphc_set_primary_location_v1|apigee-kphc_set_primary_location_v1|class org.jenkinsci.plugins.workflow.multibranch.WorkflowMultiBranchProject
      1 CTO/CTO-IA/Apigee-Proxy-Automated-New/apigee-kphc_set_primary_location_v1r|apigee-kphc_set_primary_location_v1r|class org.jenkinsci.plugins.workflow.multibranch.WorkflowMultiBranchProject
      1 CTO/CTO-IA/Apigee-Proxy-Automated-New/apigee-kphc_set_patient_score_v1|apigee-kphc_set_patient_score_v1|class org.jenkinsci.plugins.workflow.multibranch.WorkflowMultiBranchProject
      1 CTO/CTO-IA/Apigee-Proxy-Automated-New/apigee-kphc_set_paperless_billing_v1s|apigee-kphc_set_paperless_billing_v1s|class org.jenkinsci.plugins.workflow.multibranch.WorkflowMultiBranchProject
      1 CTO/CTO-IA/Apigee-Proxy-Automated-New/apigee-kphc_set_nquiry_status_v1|apigee-kphc_set_nquiry_status_v1|class org.jenkinsci.plugins.workflow.multibranch.WorkflowMultiBranchProject
      1 CTO/CTO-IA/Apigee-Proxy-Automated-New/apigee-kphc_set_conference_status_v1|apigee-kphc_set_conference_status_v1|class org.jenkinsci.plugins.workflow.multibranch.WorkflowMultiBranchProject
      1 CTO/CTO-IA/Apigee-Proxy-Automated-New/apigee-kphc_set_conference_status_v1r|apigee-kphc_set_conference_status_v1r|class org.jenkinsci.plugins.workflow.multibranch.WorkflowMultiBranchProject
      1 CTO/CTO-IA/Apigee-Proxy-Automated-New/apigee-kphc_set_appt_target_date_v1|apigee-kphc_set_appt_target_date_v1|class org.jenkinsci.plugins.workflow.multibranch.WorkflowMultiBranchProject
      1 CTO/CTO-IA/Apigee-Proxy-Automated-New/apigee-kphc_set_appt_notifications_v1|apigee-kphc_set_appt_notifications_v1|class org.jenkinsci.plugins.workflow.multibranch.WorkflowMultiBranchProject
      1 CTO/CTO-IA/Apigee-Proxy-Automated-New/apigee-kphc_send_mychart_message_v2r|apigee-kphc_send_mychart_message_v2r|class org.jenkinsci.plugins.workflow.multibranch.WorkflowMultiBranchProject
      1 CTO/CTO-IA/Apigee-Proxy-Automated-New/apigee-kphc_send_mychart_message_v2r
      1 CTO/CTO-IA/Apigee-Proxy-Automated-New/apigee-kphc_send_inbasket_message_v1|apigee-kphc_send_inbasket_message_v1|class org.jenkinsci.plugins.workflow.multibranch.WorkflowMultiBranchProject
      1 CTO/CTO-IA/Apigee-Proxy-Automated-New/apigee-kphc_secure_message_v20|apigee-kphc_secure_message_v20|class org.jenkinsci.plugins.workflow.multibranch.WorkflowMultiBranchProject
      1 CTO/CTO-IA/Apigee-Proxy-Automated-New/apigee-kphc_secure_message_v1|apigee-kphc_secure_message_v1|class org.jenkinsci.plugins.workflow.multibranch.WorkflowMultiBranchProject
      1 CTO/CTO-IA/Apigee-Proxy-Automated-New/apigee-kphc_scheduling_reports_v1|apigee-kphc_scheduling_reports_v1|class org.jenkinsci.plugins.workflow.multibranch.WorkflowMultiBranchProject
      1 CTO/CTO-IA/Apigee-Proxy-Automated-New/apigee-kphc_scaffold_v1|apigee-kphc_scaffold_v1|class org.jenkinsci.plugins.workflow.multibranch.WorkflowMultiBranchProject
      1 CTO/CTO-IA/Apigee-Proxy-Automated-New/apigee-kphc_radiology_orders_v5|apigee-kphc_radiology_orders_v5|class org.jenkinsci.plugins.workflow.multibranch.WorkflowMultiBranchProject
      1 CTO/CTO-IA/Apigee-Proxy-Automated-New/apigee-kphc_radiology_orders_v1|apigee-kphc_radiology_orders_v1|class org.jenkinsci.plugins.workflow.multibranch.WorkflowMultiBranchProject
      1 CTO/CTO-IA/Apigee-Proxy-Automated-New/apigee-kphc_radiology_orders_external_v5|apigee-kphc_radiology_orders_external_v5|class org.jenkinsci.plugins.workflow.multibranch.WorkflowMultiBranchProject
      1 CTO/CTO-IA/Apigee-Proxy-Automated-New/apigee-kphc_radiology_orders_api_v50|apigee-kphc_radiology_orders_api_v50|class org.jenkinsci.plugins.workflow.multibranch.WorkflowMultiBranchProject
      1 CTO/CTO-IA/Apigee-Proxy-Automated-New/apigee-kphc_radiology_exam_list_v1|apigee-kphc_radiology_exam_list_v1|class org.jenkinsci.plugins.workflow.multibranch.WorkflowMultiBranchProject
      1 CTO/CTO-IA/Apigee-Proxy-Automated-New/apigee-kphc_radiology_exam_details_v2|apigee-kphc_radiology_exam_details_v2|class org.jenkinsci.plugins.workflow.multibranch.WorkflowMultiBranchProject
      1 CTO/CTO-IA/Apigee-Proxy-Automated-New/apigee-kphc_radiology_exam_details_v1|apigee-kphc_radiology_exam_details_v1|class org.jenkinsci.plugins.workflow.multibranch.WorkflowMultiBranchProject
      1 CTO/CTO-IA/Apigee-Proxy-Automated-New/apigee-kphc_put_questionnaire_v1|apigee-kphc_put_questionnaire_v1|class org.jenkinsci.plugins.workflow.multibranch.WorkflowMultiBranchProject
      1 CTO/CTO-IA/Apigee-Proxy-Automated-New/apigee-kphc_put_questionnaire_scal_v1|apigee-kphc_put_questionnaire_scal_v1|class org.jenkinsci.plugins.workflow.multibranch.WorkflowMultiBranchProject
      1 CTO/CTO-IA/Apigee-Proxy-Automated-New/apigee-kphc_put_questionnaire_co_v1|apigee-kphc_put_questionnaire_co_v1|class org.jenkinsci.plugins.workflow.multibranch.WorkflowMultiBranchProject
      1 CTO/CTO-IA/Apigee-Proxy-Automated-New/apigee-kphc_put_questionnaire_chr_v1|apigee-kphc_put_questionnaire_chr_v1|class org.jenkinsci.plugins.workflow.multibranch.WorkflowMultiBranchProject
      1 CTO/CTO-IA/Apigee-Proxy-Automated-New/apigee-kphc_provisioning_tools_v1|apigee-kphc_provisioning_tools_v1|class org.jenkinsci.plugins.workflow.multibranch.WorkflowMultiBranchProject
      1 CTO/CTO-IA/Apigee-Proxy-Automated-New/apigee-kphc_provisioning_tools_accessnow_v1|apigee-kphc_provisioning_tools_accessnow_v1|class org.jenkinsci.plugins.workflow.multibranch.WorkflowMultiBranchProject
      1 CTO/CTO-IA/Apigee-Proxy-Automated-New/apigee-kphc_procedure_orders_v1|apigee-kphc_procedure_orders_v1|class org.jenkinsci.plugins.workflow.multibranch.WorkflowMultiBranchProject
      1 CTO/CTO-IA/Apigee-Proxy-Automated-New/apigee-kphc_pointclickcare_webhook_listener_v1r|apigee-kphc_pointclickcare_webhook_listener_v1r|class org.jenkinsci.plugins.workflow.multibranch.WorkflowMultiBranchProject
      1 CTO/CTO-IA/Apigee-Proxy-Automated-New/apigee-kphc_patient_vital_signs_v4|apigee-kphc_patient_vital_signs_v4|class org.jenkinsci.plugins.workflow.multibranch.WorkflowMultiBranchProject
      1 CTO/CTO-IA/Apigee-Proxy-Automated-New/apigee-kphc_patient_vital_signs_v2|apigee-kphc_patient_vital_signs_v2|class org.jenkinsci.plugins.workflow.multibranch.WorkflowMultiBranchProject
      1 CTO/CTO-IA/Apigee-Proxy-Automated-New/apigee-kphc_patient_vital_signs_api_v30|apigee-kphc_patient_vital_signs_api_v30|class org.jenkinsci.plugins.workflow.multibranch.WorkflowMultiBranchProject
      1 CTO/CTO-IA/Apigee-Proxy-Automated-New/apigee-kphc_patient_verification_v1|apigee-kphc_patient_verification_v1|class org.jenkinsci.plugins.workflow.multibranch.WorkflowMultiBranchProject
      1 CTO/CTO-IA/Apigee-Proxy-Automated-New/apigee-kphc_patient_notes_v2|apigee-kphc_patient_notes_v2|class org.jenkinsci.plugins.workflow.multibranch.WorkflowMultiBranchProject
      1 CTO/CTO-IA/Apigee-Proxy-Automated-New/apigee-kphc_patient_notes_v1|apigee-kphc_patient_notes_v1|class org.jenkinsci.plugins.workflow.multibranch.WorkflowMultiBranchProject
      1 CTO/CTO-IA/Apigee-Proxy-Automated-New/apigee-kphc_patient_notes_medici_v1|apigee-kphc_patient_notes_medici_v1|class org.jenkinsci.plugins.workflow.multibranch.WorkflowMultiBranchProject
      1 CTO/CTO-IA/Apigee-Proxy-Automated-New/apigee-kphc_patient_lookup_v10|apigee-kphc_patient_lookup_v10|class org.jenkinsci.plugins.workflow.multibranch.WorkflowMultiBranchProject
      1 CTO/CTO-IA/Apigee-Proxy-Automated-New/apigee-kphc_patient_care_team_v4|apigee-kphc_patient_care_team_v4|class org.jenkinsci.plugins.workflow.multibranch.WorkflowMultiBranchProject
      1 CTO/CTO-IA/Apigee-Proxy-Automated-New/apigee-kphc_patient_care_team_v4r|apigee-kphc_patient_care_team_v4r|class org.jenkinsci.plugins.workflow.multibranch.WorkflowMultiBranchProject
      1 CTO/CTO-IA/Apigee-Proxy-Automated-New/apigee-kphc_patient_care_team_v3|apigee-kphc_patient_care_team_v3|class org.jenkinsci.plugins.workflow.multibranch.WorkflowMultiBranchProject
      1 CTO/CTO-IA/Apigee-Proxy-Automated-New/apigee-kphc_patient_care_team_v2|apigee-kphc_patient_care_team_v2|class org.jenkinsci.plugins.workflow.multibranch.WorkflowMultiBranchProject
      1 CTO/CTO-IA/Apigee-Proxy-Automated-New/apigee-kphc_patient_care_team_v1|apigee-kphc_patient_care_team_v1|class org.jenkinsci.plugins.workflow.multibranch.WorkflowMultiBranchProject
      1 CTO/CTO-IA/Apigee-Proxy-Automated-New/apigee-kphc_patient_care_team_oppr_v1|apigee-kphc_patient_care_team_oppr_v1|class org.jenkinsci.plugins.workflow.multibranch.WorkflowMultiBranchProject
      1 CTO/CTO-IA/Apigee-Proxy-Automated-New/apigee-kphc_patient_care_team_oppr_v10|apigee-kphc_patient_care_team_oppr_v10|class org.jenkinsci.plugins.workflow.multibranch.WorkflowMultiBranchProject
      1 CTO/CTO-IA/Apigee-Proxy-Automated-New/apigee-kphc_patient_care_team_oppr_v10
      1 CTO/CTO-IA/Apigee-Proxy-Automated-New/apigee-kphc_orders_v3s|apigee-kphc_orders_v3s|class org.jenkinsci.plugins.workflow.multibranch.WorkflowMultiBranchProject
      1 CTO/CTO-IA/Apigee-Proxy-Automated-New/apigee-kphc_orders_v2|apigee-kphc_orders_v2|class org.jenkinsci.plugins.workflow.multibranch.WorkflowMultiBranchProject
      1 CTO/CTO-IA/Apigee-Proxy-Automated-New/apigee-kphc_order_summary_v3|apigee-kphc_order_summary_v3|class org.jenkinsci.plugins.workflow.multibranch.WorkflowMultiBranchProject
      1 CTO/CTO-IA/Apigee-Proxy-Automated-New/apigee-kphc_order_summary_v30|apigee-kphc_order_summary_v30|class org.jenkinsci.plugins.workflow.multibranch.WorkflowMultiBranchProject
      1 CTO/CTO-IA/Apigee-Proxy-Automated-New/apigee-kphc_operating_room_checklist_application_v1|apigee-kphc_operating_room_checklist_application_v1|class org.jenkinsci.plugins.workflow.multibranch.WorkflowMultiBranchProject
      1 CTO/CTO-IA/Apigee-Proxy-Automated-New/apigee-kphc_notes_comments_v2|apigee-kphc_notes_comments_v2|class org.jenkinsci.plugins.workflow.multibranch.WorkflowMultiBranchProject
      1 CTO/CTO-IA/Apigee-Proxy-Automated-New/apigee-kphc_notes_comments_v1|apigee-kphc_notes_comments_v1|class org.jenkinsci.plugins.workflow.multibranch.WorkflowMultiBranchProject
      1 CTO/CTO-IA/Apigee-Proxy-Automated-New/apigee-kphc_notes_comments_machats_v2|apigee-kphc_notes_comments_machats_v2|class org.jenkinsci.plugins.workflow.multibranch.WorkflowMultiBranchProject
      1 CTO/CTO-IA/Apigee-Proxy-Automated-New/apigee-kphc_notes_comments_cochats_v2|apigee-kphc_notes_comments_cochats_v2|class org.jenkinsci.plugins.workflow.multibranch.WorkflowMultiBranchProject
      1 CTO/CTO-IA/Apigee-Proxy-Automated-New/apigee-kphc_notes_comments_co_chats_v20|apigee-kphc_notes_comments_co_chats_v20|class org.jenkinsci.plugins.workflow.multibranch.WorkflowMultiBranchProject
      1 CTO/CTO-IA/Apigee-Proxy-Automated-New/apigee-kphc_notes_comments_co_chats_v20
      1 CTO/CTO-IA/Apigee-Proxy-Automated-New/apigee-kphc_notes_comments_api_v20|apigee-kphc_notes_comments_api_v20|class org.jenkinsci.plugins.workflow.multibranch.WorkflowMultiBranchProject
      1 CTO/CTO-IA/Apigee-Proxy-Automated-New/apigee-kphc_mychart_messaging_wrapper_v1|apigee-kphc_mychart_messaging_wrapper_v1|class org.jenkinsci.plugins.workflow.multibranch.WorkflowMultiBranchProject
      1 CTO/CTO-IA/Apigee-Proxy-Automated-New/apigee-kphc_my_health_record_v1|apigee-kphc_my_health_record_v1|class org.jenkinsci.plugins.workflow.multibranch.WorkflowMultiBranchProject
      1 CTO/CTO-IA/Apigee-Proxy-Automated-New/apigee-kphc_messaging_v10|apigee-kphc_messaging_v10|class org.jenkinsci.plugins.workflow.multibranch.WorkflowMultiBranchProject
      1 CTO/CTO-IA/Apigee-Proxy-Automated-New/apigee-kphc_medications_v5|apigee-kphc_medications_v5|class org.jenkinsci.plugins.workflow.multibranch.WorkflowMultiBranchProject
      1 CTO/CTO-IA/Apigee-Proxy-Automated-New/apigee-kphc_medications_v3|apigee-kphc_medications_v3|class org.jenkinsci.plugins.workflow.multibranch.WorkflowMultiBranchProject
      1 CTO/CTO-IA/Apigee-Proxy-Automated-New/apigee-kphc_medications_v2|apigee-kphc_medications_v2|class org.jenkinsci.plugins.workflow.multibranch.WorkflowMultiBranchProject
      1 CTO/CTO-IA/Apigee-Proxy-Automated-New/apigee-kphc_medications_medici_v2|apigee-kphc_medications_medici_v2|class org.jenkinsci.plugins.workflow.multibranch.WorkflowMultiBranchProject
      1 CTO/CTO-IA/Apigee-Proxy-Automated-New/apigee-kphc_medical_conditions_v4|apigee-kphc_medical_conditions_v4|class org.jenkinsci.plugins.workflow.multibranch.WorkflowMultiBranchProject
      1 CTO/CTO-IA/Apigee-Proxy-Automated-New/apigee-kphc_medical_conditions_v4r|apigee-kphc_medical_conditions_v4r|class org.jenkinsci.plugins.workflow.multibranch.WorkflowMultiBranchProject
      1 CTO/CTO-IA/Apigee-Proxy-Automated-New/apigee-kphc_medical_conditions_v3|apigee-kphc_medical_conditions_v3|class org.jenkinsci.plugins.workflow.multibranch.WorkflowMultiBranchProject
      1 CTO/CTO-IA/Apigee-Proxy-Automated-New/apigee-kphc_lsp_configuration_v1|apigee-kphc_lsp_configuration_v1|class org.jenkinsci.plugins.workflow.multibranch.WorkflowMultiBranchProject
      1 CTO/CTO-IA/Apigee-Proxy-Automated-New/apigee-kphc_lsp_application_v1|apigee-kphc_lsp_application_v1|class org.jenkinsci.plugins.workflow.multibranch.WorkflowMultiBranchProject
      1 CTO/CTO-IA/Apigee-Proxy-Automated-New/apigee-kphc_lsp_application_v10r_c|apigee-kphc_lsp_application_v10r_c|class org.jenkinsci.plugins.workflow.multibranch.WorkflowMultiBranchProject
      1 CTO/CTO-IA/Apigee-Proxy-Automated-New/apigee-kphc_letters_v4|apigee-kphc_letters_v4|class org.jenkinsci.plugins.workflow.multibranch.WorkflowMultiBranchProject
      1 CTO/CTO-IA/Apigee-Proxy-Automated-New/apigee-kphc_letters_v3|apigee-kphc_letters_v3|class org.jenkinsci.plugins.workflow.multibranch.WorkflowMultiBranchProject
      1 CTO/CTO-IA/Apigee-Proxy-Automated-New/apigee-kphc_lab_orders_v5|apigee-kphc_lab_orders_v5|class org.jenkinsci.plugins.workflow.multibranch.WorkflowMultiBranchProject
      1 CTO/CTO-IA/Apigee-Proxy-Automated-New/apigee-kphc_lab_orders_v4|apigee-kphc_lab_orders_v4|class org.jenkinsci.plugins.workflow.multibranch.WorkflowMultiBranchProject
      1 CTO/CTO-IA/Apigee-Proxy-Automated-New/apigee-kphc_lab_orders_v3|apigee-kphc_lab_orders_v3|class org.jenkinsci.plugins.workflow.multibranch.WorkflowMultiBranchProject
      1 CTO/CTO-IA/Apigee-Proxy-Automated-New/apigee-kphc_lab_orders_v2|apigee-kphc_lab_orders_v2|class org.jenkinsci.plugins.workflow.multibranch.WorkflowMultiBranchProject
      1 CTO/CTO-IA/Apigee-Proxy-Automated-New/apigee-kphc_lab_orders_medici_v2|apigee-kphc_lab_orders_medici_v2|class org.jenkinsci.plugins.workflow.multibranch.WorkflowMultiBranchProject
      1 CTO/CTO-IA/Apigee-Proxy-Automated-New/apigee-kphc_kiosk_tempus|apigee-kphc_kiosk_tempus|class org.jenkinsci.plugins.workflow.multibranch.WorkflowMultiBranchProject
      1 CTO/CTO-IA/Apigee-Proxy-Automated-New/apigee-kphc_haikucanto_v20r|apigee-kphc_haikucanto_v20r|class org.jenkinsci.plugins.workflow.multibranch.WorkflowMultiBranchProject
      1 CTO/CTO-IA/Apigee-Proxy-Automated-New/apigee-kphc_haiku_canto_v2r|apigee-kphc_haiku_canto_v2r|class org.jenkinsci.plugins.workflow.multibranch.WorkflowMultiBranchProject
      1 CTO/CTO-IA/Apigee-Proxy-Automated-New/apigee-kphc_haiku_canto_v1|apigee-kphc_haiku_canto_v1|class org.jenkinsci.plugins.workflow.multibranch.WorkflowMultiBranchProject
      1 CTO/CTO-IA/Apigee-Proxy-Automated-New/apigee-kphc_haiku_canto_api_v20r|apigee-kphc_haiku_canto_api_v20r|class org.jenkinsci.plugins.workflow.multibranch.WorkflowMultiBranchProject
      1 CTO/CTO-IA/Apigee-Proxy-Automated-New/apigee-kphc_get_wdf_config_v1|apigee-kphc_get_wdf_config_v1|class org.jenkinsci.plugins.workflow.multibranch.WorkflowMultiBranchProject
      1 CTO/CTO-IA/Apigee-Proxy-Automated-New/apigee-kphc_get_wdf_config_v1r|apigee-kphc_get_wdf_config_v1r|class org.jenkinsci.plugins.workflow.multibranch.WorkflowMultiBranchProject
      1 CTO/CTO-IA/Apigee-Proxy-Automated-New/apigee-kphc_get_user_base_deployment_v1|apigee-kphc_get_user_base_deployment_v1|class org.jenkinsci.plugins.workflow.multibranch.WorkflowMultiBranchProject
      1 CTO/CTO-IA/Apigee-Proxy-Automated-New/apigee-kphc_get_user_base_deployment_v10r|apigee-kphc_get_user_base_deployment_v10r|class org.jenkinsci.plugins.workflow.multibranch.WorkflowMultiBranchProject
      1 CTO/CTO-IA/Apigee-Proxy-Automated-New/apigee-kphc_get_timeline_v10|apigee-kphc_get_timeline_v10|class org.jenkinsci.plugins.workflow.multibranch.WorkflowMultiBranchProject
      1 CTO/CTO-IA/Apigee-Proxy-Automated-New/apigee-kphc_get_sched_depts_v4|apigee-kphc_get_sched_depts_v4|class org.jenkinsci.plugins.workflow.multibranch.WorkflowMultiBranchProject
      1 CTO/CTO-IA/Apigee-Proxy-Automated-New/apigee-kphc_get_sched_depts_v4r|apigee-kphc_get_sched_depts_v4r|class org.jenkinsci.plugins.workflow.multibranch.WorkflowMultiBranchProject
      1 CTO/CTO-IA/Apigee-Proxy-Automated-New/apigee-kphc_get_sched_depts_v3|apigee-kphc_get_sched_depts_v3|class org.jenkinsci.plugins.workflow.multibranch.WorkflowMultiBranchProject
      1 CTO/CTO-IA/Apigee-Proxy-Automated-New/apigee-kphc_get_sched_depts_v2|apigee-kphc_get_sched_depts_v2|class org.jenkinsci.plugins.workflow.multibranch.WorkflowMultiBranchProject
      1 CTO/CTO-IA/Apigee-Proxy-Automated-New/apigee-kphc_get_registry_v1|apigee-kphc_get_registry_v1|class org.jenkinsci.plugins.workflow.multibranch.WorkflowMultiBranchProject
      1 CTO/CTO-IA/Apigee-Proxy-Automated-New/apigee-kphc_get_registry_v1r|apigee-kphc_get_registry_v1r|class org.jenkinsci.plugins.workflow.multibranch.WorkflowMultiBranchProject
      1 CTO/CTO-IA/Apigee-Proxy-Automated-New/apigee-kphc_get_referrals_v5|apigee-kphc_get_referrals_v5|class org.jenkinsci.plugins.workflow.multibranch.WorkflowMultiBranchProject
      1 CTO/CTO-IA/Apigee-Proxy-Automated-New/apigee-kphc_get_referrals_v4|apigee-kphc_get_referrals_v4|class org.jenkinsci.plugins.workflow.multibranch.WorkflowMultiBranchProject
      1 CTO/CTO-IA/Apigee-Proxy-Automated-New/apigee-kphc_get_referrals_clinical_v1|apigee-kphc_get_referrals_clinical_v1|class org.jenkinsci.plugins.workflow.multibranch.WorkflowMultiBranchProject
      1 CTO/CTO-IA/Apigee-Proxy-Automated-New/apigee-kphc_get_referral_claims_v3|apigee-kphc_get_referral_claims_v3|class org.jenkinsci.plugins.workflow.multibranch.WorkflowMultiBranchProject
      1 CTO/CTO-IA/Apigee-Proxy-Automated-New/apigee-kphc_get_referral_claims_v30|apigee-kphc_get_referral_claims_v30|class org.jenkinsci.plugins.workflow.multibranch.WorkflowMultiBranchProject
      1 CTO/CTO-IA/Apigee-Proxy-Automated-New/apigee-kphc_get_provider_schedule_v3|apigee-kphc_get_provider_schedule_v3|class org.jenkinsci.plugins.workflow.multibranch.WorkflowMultiBranchProject
      1 CTO/CTO-IA/Apigee-Proxy-Automated-New/apigee-kphc_get_provider_schedule_v3r|apigee-kphc_get_provider_schedule_v3r|class org.jenkinsci.plugins.workflow.multibranch.WorkflowMultiBranchProject
      1 CTO/CTO-IA/Apigee-Proxy-Automated-New/apigee-kphc_get_provider_schedule_v20|apigee-kphc_get_provider_schedule_v20|class org.jenkinsci.plugins.workflow.multibranch.WorkflowMultiBranchProject
      1 CTO/CTO-IA/Apigee-Proxy-Automated-New/apigee-kphc_get_provider_info_v3|apigee-kphc_get_provider_info_v3|class org.jenkinsci.plugins.workflow.multibranch.WorkflowMultiBranchProject
      1 CTO/CTO-IA/Apigee-Proxy-Automated-New/apigee-kphc_get_provider_info_v3r|apigee-kphc_get_provider_info_v3r|class org.jenkinsci.plugins.workflow.multibranch.WorkflowMultiBranchProject
      1 CTO/CTO-IA/Apigee-Proxy-Automated-New/apigee-kphc_get_provider_info_v2|apigee-kphc_get_provider_info_v2|class org.jenkinsci.plugins.workflow.multibranch.WorkflowMultiBranchProject
      1 CTO/CTO-IA/Apigee-Proxy-Automated-New/apigee-kphc_get_provider_info_v20|apigee-kphc_get_provider_info_v20|class org.jenkinsci.plugins.workflow.multibranch.WorkflowMultiBranchProject
      1 CTO/CTO-IA/Apigee-Proxy-Automated-New/apigee-kphc_get_provider_info_v1|apigee-kphc_get_provider_info_v1|class org.jenkinsci.plugins.workflow.multibranch.WorkflowMultiBranchProject
      1 CTO/CTO-IA/Apigee-Proxy-Automated-New/apigee-kphc_get_prof_billing_details_v1|apigee-kphc_get_prof_billing_details_v1|class org.jenkinsci.plugins.workflow.multibranch.WorkflowMultiBranchProject
      1 CTO/CTO-IA/Apigee-Proxy-Automated-New/apigee-kphc_get_prof_billing_details_v10|apigee-kphc_get_prof_billing_details_v10|class org.jenkinsci.plugins.workflow.multibranch.WorkflowMultiBranchProject
      1 CTO/CTO-IA/Apigee-Proxy-Automated-New/apigee-kphc_get_problem_list_v1|apigee-kphc_get_problem_list_v1|class org.jenkinsci.plugins.workflow.multibranch.WorkflowMultiBranchProject
      1 CTO/CTO-IA/Apigee-Proxy-Automated-New/apigee-kphc_get_problem_list_api_v10|apigee-kphc_get_problem_list_api_v10|class org.jenkinsci.plugins.workflow.multibranch.WorkflowMultiBranchProject
      1 CTO/CTO-IA/Apigee-Proxy-Automated-New/apigee-kphc_get_prescriptions_v3r|apigee-kphc_get_prescriptions_v3r|class org.jenkinsci.plugins.workflow.multibranch.WorkflowMultiBranchProject
      1 CTO/CTO-IA/Apigee-Proxy-Automated-New/apigee-kphc_get_prescription_v3|apigee-kphc_get_prescription_v3|class org.jenkinsci.plugins.workflow.multibranch.WorkflowMultiBranchProject
      1 CTO/CTO-IA/Apigee-Proxy-Automated-New/apigee-kphc_get_prescription_v2|apigee-kphc_get_prescription_v2|class org.jenkinsci.plugins.workflow.multibranch.WorkflowMultiBranchProject
      1 CTO/CTO-IA/Apigee-Proxy-Automated-New/apigee-kphc_get_patient_notes_v2|apigee-kphc_get_patient_notes_v2|class org.jenkinsci.plugins.workflow.multibranch.WorkflowMultiBranchProject
      1 CTO/CTO-IA/Apigee-Proxy-Automated-New/apigee-kphc_get_patient_care_team_v1|apigee-kphc_get_patient_care_team_v1|class org.jenkinsci.plugins.workflow.multibranch.WorkflowMultiBranchProject
      1 CTO/CTO-IA/Apigee-Proxy-Automated-New/apigee-kphc_get_mychartfdilink_v1r|apigee-kphc_get_mychartfdilink_v1r|class org.jenkinsci.plugins.workflow.multibranch.WorkflowMultiBranchProject
      1 CTO/CTO-IA/Apigee-Proxy-Automated-New/apigee-kphc_get_mar_with_routing_v1|apigee-kphc_get_mar_with_routing_v1|class org.jenkinsci.plugins.workflow.multibranch.WorkflowMultiBranchProject
      1 CTO/CTO-IA/Apigee-Proxy-Automated-New/apigee-kphc_get_ldaw_v1|apigee-kphc_get_ldaw_v1|class org.jenkinsci.plugins.workflow.multibranch.WorkflowMultiBranchProject
      1 CTO/CTO-IA/Apigee-Proxy-Automated-New/apigee-kphc_get_hosp_billing_account_v1|apigee-kphc_get_hosp_billing_account_v1|class org.jenkinsci.plugins.workflow.multibranch.WorkflowMultiBranchProject
      1 CTO/CTO-IA/Apigee-Proxy-Automated-New/apigee-kphc_get_guarantor_patient_list_v2|apigee-kphc_get_guarantor_patient_list_v2|class org.jenkinsci.plugins.workflow.multibranch.WorkflowMultiBranchProject
      1 CTO/CTO-IA/Apigee-Proxy-Automated-New/apigee-kphc_get_guarantor_patient_list_v20r|apigee-kphc_get_guarantor_patient_list_v20r|class org.jenkinsci.plugins.workflow.multibranch.WorkflowMultiBranchProject
      1 CTO/CTO-IA/Apigee-Proxy-Automated-New/apigee-kphc_get_guarantor_patient_list_v1|apigee-kphc_get_guarantor_patient_list_v1|class org.jenkinsci.plugins.workflow.multibranch.WorkflowMultiBranchProject
      1 CTO/CTO-IA/Apigee-Proxy-Automated-New/apigee-kphc_get_guarantor_patient_list_v10r|apigee-kphc_get_guarantor_patient_list_v10r|class org.jenkinsci.plugins.workflow.multibranch.WorkflowMultiBranchProject
      1 CTO/CTO-IA/Apigee-Proxy-Automated-New/apigee-kphc_get_guarantor_account_v1|apigee-kphc_get_guarantor_account_v1|class org.jenkinsci.plugins.workflow.multibranch.WorkflowMultiBranchProject
      1 CTO/CTO-IA/Apigee-Proxy-Automated-New/apigee-kphc_get_future_appointments_v1|apigee-kphc_get_future_appointments_v1|class org.jenkinsci.plugins.workflow.multibranch.WorkflowMultiBranchProject
      1 CTO/CTO-IA/Apigee-Proxy-Automated-New/apigee-kphc_get_future_appointments_v1r|apigee-kphc_get_future_appointments_v1r|class org.jenkinsci.plugins.workflow.multibranch.WorkflowMultiBranchProject
      1 CTO/CTO-IA/Apigee-Proxy-Automated-New/apigee-kphc_get_encounters_v4s|apigee-kphc_get_encounters_v4s|class org.jenkinsci.plugins.workflow.multibranch.WorkflowMultiBranchProject
      1 CTO/CTO-IA/Apigee-Proxy-Automated-New/apigee-kphc_get_encounters_v3|apigee-kphc_get_encounters_v3|class org.jenkinsci.plugins.workflow.multibranch.WorkflowMultiBranchProject
      1 CTO/CTO-IA/Apigee-Proxy-Automated-New/apigee-kphc_get_encounters_v30|apigee-kphc_get_encounters_v30|class org.jenkinsci.plugins.workflow.multibranch.WorkflowMultiBranchProject
      1 CTO/CTO-IA/Apigee-Proxy-Automated-New/apigee-kphc_get_encounters_v30
      1 CTO/CTO-IA/Apigee-Proxy-Automated-New/apigee-kphc_get_encounters_v2|apigee-kphc_get_encounters_v2|class org.jenkinsci.plugins.workflow.multibranch.WorkflowMultiBranchProject
      1 CTO/CTO-IA/Apigee-Proxy-Automated-New/apigee-kphc_get_encounters_v1|apigee-kphc_get_encounters_v1|class org.jenkinsci.plugins.workflow.multibranch.WorkflowMultiBranchProject
      1 CTO/CTO-IA/Apigee-Proxy-Automated-New/apigee-kphc_get_encounters_api_v20|apigee-kphc_get_encounters_api_v20|class org.jenkinsci.plugins.workflow.multibranch.WorkflowMultiBranchProject
      1 CTO/CTO-IA/Apigee-Proxy-Automated-New/apigee-kphc_get_encounter_summary_v20|apigee-kphc_get_encounter_summary_v20|class org.jenkinsci.plugins.workflow.multibranch.WorkflowMultiBranchProject
      1 CTO/CTO-IA/Apigee-Proxy-Automated-New/apigee-kphc_get_echeckin_warnings_v1|apigee-kphc_get_echeckin_warnings_v1|class org.jenkinsci.plugins.workflow.multibranch.WorkflowMultiBranchProject
      1 CTO/CTO-IA/Apigee-Proxy-Automated-New/apigee-kphc_get_echeckin_warnings_v1r|apigee-kphc_get_echeckin_warnings_v1r|class org.jenkinsci.plugins.workflow.multibranch.WorkflowMultiBranchProject
      1 CTO/CTO-IA/Apigee-Proxy-Automated-New/apigee-kphc_get_ear_home_v1|apigee-kphc_get_ear_home_v1|class org.jenkinsci.plugins.workflow.multibranch.WorkflowMultiBranchProject
      1 CTO/CTO-IA/Apigee-Proxy-Automated-New/apigee-kphc_get_ear_home_emm_v1|apigee-kphc_get_ear_home_emm_v1|class org.jenkinsci.plugins.workflow.multibranch.WorkflowMultiBranchProject
      1 CTO/CTO-IA/Apigee-Proxy-Automated-New/apigee-kphc_get_e_visit_questionnaire_list_v1|apigee-kphc_get_e_visit_questionnaire_list_v1|class org.jenkinsci.plugins.workflow.multibranch.WorkflowMultiBranchProject
      1 CTO/CTO-IA/Apigee-Proxy-Automated-New/apigee-kphc_get_documents_v3m|apigee-kphc_get_documents_v3m|class org.jenkinsci.plugins.workflow.multibranch.WorkflowMultiBranchProject
      1 CTO/CTO-IA/Apigee-Proxy-Automated-New/apigee-kphc_get_diagnosis_v1|apigee-kphc_get_diagnosis_v1|class org.jenkinsci.plugins.workflow.multibranch.WorkflowMultiBranchProject
      1 CTO/CTO-IA/Apigee-Proxy-Automated-New/apigee-kphc_get_demographics_v4|apigee-kphc_get_demographics_v4|class org.jenkinsci.plugins.workflow.multibranch.WorkflowMultiBranchProject
      1 CTO/CTO-IA/Apigee-Proxy-Automated-New/apigee-kphc_get_demographics_v4r|apigee-kphc_get_demographics_v4r|class org.jenkinsci.plugins.workflow.multibranch.WorkflowMultiBranchProject
      1 CTO/CTO-IA/Apigee-Proxy-Automated-New/apigee-kphc_get_demographics_v3|apigee-kphc_get_demographics_v3|class org.jenkinsci.plugins.workflow.multibranch.WorkflowMultiBranchProject
      1 CTO/CTO-IA/Apigee-Proxy-Automated-New/apigee-kphc_get_demographics_v3r|apigee-kphc_get_demographics_v3r|class org.jenkinsci.plugins.workflow.multibranch.WorkflowMultiBranchProject
      1 CTO/CTO-IA/Apigee-Proxy-Automated-New/apigee-kphc_get_demographics_v2|apigee-kphc_get_demographics_v2|class org.jenkinsci.plugins.workflow.multibranch.WorkflowMultiBranchProject
      1 CTO/CTO-IA/Apigee-Proxy-Automated-New/apigee-kphc_get_demographics_v1|apigee-kphc_get_demographics_v1|class org.jenkinsci.plugins.workflow.multibranch.WorkflowMultiBranchProject
      1 CTO/CTO-IA/Apigee-Proxy-Automated-New/apigee-kphc_get_blank_questionnaire_v1|apigee-kphc_get_blank_questionnaire_v1|class org.jenkinsci.plugins.workflow.multibranch.WorkflowMultiBranchProject
      1 CTO/CTO-IA/Apigee-Proxy-Automated-New/apigee-kphc_get_appt_home_v1|apigee-kphc_get_appt_home_v1|class org.jenkinsci.plugins.workflow.multibranch.WorkflowMultiBranchProject
      1 CTO/CTO-IA/Apigee-Proxy-Automated-New/apigee-kphc_get_appt_home_external_v1|apigee-kphc_get_appt_home_external_v1|class org.jenkinsci.plugins.workflow.multibranch.WorkflowMultiBranchProject
      1 CTO/CTO-IA/Apigee-Proxy-Automated-New/apigee-kphc_get_appt_details_v5|apigee-kphc_get_appt_details_v5|class org.jenkinsci.plugins.workflow.multibranch.WorkflowMultiBranchProject
      1 CTO/CTO-IA/Apigee-Proxy-Automated-New/apigee-kphc_get_appt_details_v5r|apigee-kphc_get_appt_details_v5r|class org.jenkinsci.plugins.workflow.multibranch.WorkflowMultiBranchProject
      1 CTO/CTO-IA/Apigee-Proxy-Automated-New/apigee-kphc_get_appt_details_v51|apigee-kphc_get_appt_details_v51|class org.jenkinsci.plugins.workflow.multibranch.WorkflowMultiBranchProject
      1 CTO/CTO-IA/Apigee-Proxy-Automated-New/apigee-kphc_get_appt_details_v4|apigee-kphc_get_appt_details_v4|class org.jenkinsci.plugins.workflow.multibranch.WorkflowMultiBranchProject
      1 CTO/CTO-IA/Apigee-Proxy-Automated-New/apigee-kphc_get_appt_details_v40r|apigee-kphc_get_appt_details_v40r|class org.jenkinsci.plugins.workflow.multibranch.WorkflowMultiBranchProject
      1 CTO/CTO-IA/Apigee-Proxy-Automated-New/apigee-kphc_get_appt_details_v3|apigee-kphc_get_appt_details_v3|class org.jenkinsci.plugins.workflow.multibranch.WorkflowMultiBranchProject
      1 CTO/CTO-IA/Apigee-Proxy-Automated-New/apigee-kphc_get_appt_details_v25|apigee-kphc_get_appt_details_v25|class org.jenkinsci.plugins.workflow.multibranch.WorkflowMultiBranchProject
      1 CTO/CTO-IA/Apigee-Proxy-Automated-New/apigee-kphc_get_appt_details_v20|apigee-kphc_get_appt_details_v20|class org.jenkinsci.plugins.workflow.multibranch.WorkflowMultiBranchProject
      1 CTO/CTO-IA/Apigee-Proxy-Automated-New/apigee-kphc_get_appt_details_v1|apigee-kphc_get_appt_details_v1|class org.jenkinsci.plugins.workflow.multibranch.WorkflowMultiBranchProject
      1 CTO/CTO-IA/Apigee-Proxy-Automated-New/apigee-kphc_get_appointments_v1|apigee-kphc_get_appointments_v1|class org.jenkinsci.plugins.workflow.multibranch.WorkflowMultiBranchProject
      1 CTO/CTO-IA/Apigee-Proxy-Automated-New/apigee-kphc_get_appointments_ma_v1|apigee-kphc_get_appointments_ma_v1|class org.jenkinsci.plugins.workflow.multibranch.WorkflowMultiBranchProject
      1 CTO/CTO-IA/Apigee-Proxy-Automated-New/apigee-kphc_get_appointments_ma_v10|apigee-kphc_get_appointments_ma_v10|class org.jenkinsci.plugins.workflow.multibranch.WorkflowMultiBranchProject
      1 CTO/CTO-IA/Apigee-Proxy-Automated-New/apigee-kphc_get_appointments_ma_v10
      1 CTO/CTO-IA/Apigee-Proxy-Automated-New/apigee-kphc_get_allergies_v10|apigee-kphc_get_allergies_v10|class org.jenkinsci.plugins.workflow.multibranch.WorkflowMultiBranchProject
      1 CTO/CTO-IA/Apigee-Proxy-Automated-New/apigee-kphc_get_account_status_v1|apigee-kphc_get_account_status_v1|class org.jenkinsci.plugins.workflow.multibranch.WorkflowMultiBranchProject
      1 CTO/CTO-IA/Apigee-Proxy-Automated-New/apigee-kphc_facility_departments_v30|apigee-kphc_facility_departments_v30|class org.jenkinsci.plugins.workflow.multibranch.WorkflowMultiBranchProject
      1 CTO/CTO-IA/Apigee-Proxy-Automated-New/apigee-kphc_facility_census_v1|apigee-kphc_facility_census_v1|class org.jenkinsci.plugins.workflow.multibranch.WorkflowMultiBranchProject
      1 CTO/CTO-IA/Apigee-Proxy-Automated-New/apigee-kphc_facility_census_api_v20|apigee-kphc_facility_census_api_v20|class org.jenkinsci.plugins.workflow.multibranch.WorkflowMultiBranchProject
      1 CTO/CTO-IA/Apigee-Proxy-Automated-New/apigee-kphc_external_visit_identifier_v1|apigee-kphc_external_visit_identifier_v1|class org.jenkinsci.plugins.workflow.multibranch.WorkflowMultiBranchProject
      1 CTO/CTO-IA/Apigee-Proxy-Automated-New/apigee-kphc_external_visit_identifier_v1r|apigee-kphc_external_visit_identifier_v1r|class org.jenkinsci.plugins.workflow.multibranch.WorkflowMultiBranchProject
      1 CTO/CTO-IA/Apigee-Proxy-Automated-New/apigee-kphc_event_listener_api_v10r|apigee-kphc_event_listener_api_v10r|class org.jenkinsci.plugins.workflow.multibranch.WorkflowMultiBranchProject
      1 CTO/CTO-IA/Apigee-Proxy-Automated-New/apigee-kphc_encounters_v50|apigee-kphc_encounters_v50|class org.jenkinsci.plugins.workflow.multibranch.WorkflowMultiBranchProject
      1 CTO/CTO-IA/Apigee-Proxy-Automated-New/apigee-kphc_encounters_v4|apigee-kphc_encounters_v4|class org.jenkinsci.plugins.workflow.multibranch.WorkflowMultiBranchProject
      1 CTO/CTO-IA/Apigee-Proxy-Automated-New/apigee-kphc_encounters_v2|apigee-kphc_encounters_v2|class org.jenkinsci.plugins.workflow.multibranch.WorkflowMultiBranchProject
      1 CTO/CTO-IA/Apigee-Proxy-Automated-New/apigee-kphc_encounters_v1|apigee-kphc_encounters_v1|class org.jenkinsci.plugins.workflow.multibranch.WorkflowMultiBranchProject
      1 CTO/CTO-IA/Apigee-Proxy-Automated-New/apigee-kphc_encounters_occ_v2|apigee-kphc_encounters_occ_v2|class org.jenkinsci.plugins.workflow.multibranch.WorkflowMultiBranchProject
      1 CTO/CTO-IA/Apigee-Proxy-Automated-New/apigee-kphc_encounters_occ_v20|apigee-kphc_encounters_occ_v20|class org.jenkinsci.plugins.workflow.multibranch.WorkflowMultiBranchProject
      1 CTO/CTO-IA/Apigee-Proxy-Automated-New/apigee-kphc_encounters_api_v2|apigee-kphc_encounters_api_v2|class org.jenkinsci.plugins.workflow.multibranch.WorkflowMultiBranchProject
      1 CTO/CTO-IA/Apigee-Proxy-Automated-New/apigee-kphc_encounters_api_v2
      1 CTO/CTO-IA/Apigee-Proxy-Automated-New/apigee-kphc_encounter_v3|apigee-kphc_encounter_v3|class org.jenkinsci.plugins.workflow.multibranch.WorkflowMultiBranchProject
      1 CTO/CTO-IA/Apigee-Proxy-Automated-New/apigee-kphc_ekg_orders_v50|apigee-kphc_ekg_orders_v50|class org.jenkinsci.plugins.workflow.multibranch.WorkflowMultiBranchProject
      1 CTO/CTO-IA/Apigee-Proxy-Automated-New/apigee-kphc_ekg_orders_v1|apigee-kphc_ekg_orders_v1|class org.jenkinsci.plugins.workflow.multibranch.WorkflowMultiBranchProject
      1 CTO/CTO-IA/Apigee-Proxy-Automated-New/apigee-kphc_diagnosis_query_v10|apigee-kphc_diagnosis_query_v10|class org.jenkinsci.plugins.workflow.multibranch.WorkflowMultiBranchProject
      1 CTO/CTO-IA/Apigee-Proxy-Automated-New/apigee-kphc_demographics_v1|apigee-kphc_demographics_v1|class org.jenkinsci.plugins.workflow.multibranch.WorkflowMultiBranchProject
      1 CTO/CTO-IA/Apigee-Proxy-Automated-New/apigee-kphc_demographics_edip_v1|apigee-kphc_demographics_edip_v1|class org.jenkinsci.plugins.workflow.multibranch.WorkflowMultiBranchProject
      1 CTO/CTO-IA/Apigee-Proxy-Automated-New/apigee-kphc_demographics_edip_v10|apigee-kphc_demographics_edip_v10|class org.jenkinsci.plugins.workflow.multibranch.WorkflowMultiBranchProject
      1 CTO/CTO-IA/Apigee-Proxy-Automated-New/apigee-kphc_create_evisit_encounter_v1|apigee-kphc_create_evisit_encounter_v1|class org.jenkinsci.plugins.workflow.multibranch.WorkflowMultiBranchProject
      1 CTO/CTO-IA/Apigee-Proxy-Automated-New/apigee-kphc_create_event_v1|apigee-kphc_create_event_v1|class org.jenkinsci.plugins.workflow.multibranch.WorkflowMultiBranchProject
      1 CTO/CTO-IA/Apigee-Proxy-Automated-New/apigee-kphc_create_event_v1r|apigee-kphc_create_event_v1r|class org.jenkinsci.plugins.workflow.multibranch.WorkflowMultiBranchProject
      1 CTO/CTO-IA/Apigee-Proxy-Automated-New/apigee-kphc_cost_estimate_v1|apigee-kphc_cost_estimate_v1|class org.jenkinsci.plugins.workflow.multibranch.WorkflowMultiBranchProject
      1 CTO/CTO-IA/Apigee-Proxy-Automated-New/apigee-kphc_core_patient_objects_aacc|apigee-kphc_core_patient_objects_aacc|class org.jenkinsci.plugins.workflow.multibranch.WorkflowMultiBranchProject
      1 CTO/CTO-IA/Apigee-Proxy-Automated-New/apigee-kphc_consult_orders_v30|apigee-kphc_consult_orders_v30|class org.jenkinsci.plugins.workflow.multibranch.WorkflowMultiBranchProject
      1 CTO/CTO-IA/Apigee-Proxy-Automated-New/apigee-kphc_confirm_appointment_v1|apigee-kphc_confirm_appointment_v1|class org.jenkinsci.plugins.workflow.multibranch.WorkflowMultiBranchProject
      1 CTO/CTO-IA/Apigee-Proxy-Automated-New/apigee-kphc_comm_prefs_v1|apigee-kphc_comm_prefs_v1|class org.jenkinsci.plugins.workflow.multibranch.WorkflowMultiBranchProject
      1 CTO/CTO-IA/Apigee-Proxy-Automated-New/apigee-kphc_comm_prefs_v1r|apigee-kphc_comm_prefs_v1r|class org.jenkinsci.plugins.workflow.multibranch.WorkflowMultiBranchProject
      1 CTO/CTO-IA/Apigee-Proxy-Automated-New/apigee-kphc_clinical_call_center_v2|apigee-kphc_clinical_call_center_v2|class org.jenkinsci.plugins.workflow.multibranch.WorkflowMultiBranchProject
      1 CTO/CTO-IA/Apigee-Proxy-Automated-New/apigee-kphc_cardiology_orders_v50|apigee-kphc_cardiology_orders_v50|class org.jenkinsci.plugins.workflow.multibranch.WorkflowMultiBranchProject
      1 CTO/CTO-IA/Apigee-Proxy-Automated-New/apigee-kphc_cardiology_orders_v1|apigee-kphc_cardiology_orders_v1|class org.jenkinsci.plugins.workflow.multibranch.WorkflowMultiBranchProject
      1 CTO/CTO-IA/Apigee-Proxy-Automated-New/apigee-kphc_auto_transmit_order_v10|apigee-kphc_auto_transmit_order_v10|class org.jenkinsci.plugins.workflow.multibranch.WorkflowMultiBranchProject
      1 CTO/CTO-IA/Apigee-Proxy-Automated-New/apigee-kphc_ambulatory_vitals_v10|apigee-kphc_ambulatory_vitals_v10|class org.jenkinsci.plugins.workflow.multibranch.WorkflowMultiBranchProject
      1 CTO/CTO-IA/Apigee-Proxy-Automated-New/apigee-kphc_aeg_integration_v1r|apigee-kphc_aeg_integration_v1r|class org.jenkinsci.plugins.workflow.multibranch.WorkflowMultiBranchProject
      1 CTO/CTO-IA/Apigee-Proxy-Automated-New/apigee-kphc_adt_pending_events_v2|apigee-kphc_adt_pending_events_v2|class org.jenkinsci.plugins.workflow.multibranch.WorkflowMultiBranchProject
      1 CTO/CTO-IA/Apigee-Proxy-Automated-New/apigee-kphc_adt_pending_events_v20|apigee-kphc_adt_pending_events_v20|class org.jenkinsci.plugins.workflow.multibranch.WorkflowMultiBranchProject
      1 CTO/CTO-IA/Apigee-Proxy-Automated-New/apigee-kphc_adt_orders_api_v30|apigee-kphc_adt_orders_api_v30|class org.jenkinsci.plugins.workflow.multibranch.WorkflowMultiBranchProject
      1 CTO/CTO-IA/Apigee-Proxy-Automated-New/apigee-kphc_adt_orders_api_v20|apigee-kphc_adt_orders_api_v20|class org.jenkinsci.plugins.workflow.multibranch.WorkflowMultiBranchProject
      1 CTO/CTO-IA/Apigee-Proxy-Automated-New/apigee-kphc_adt_events_v10|apigee-kphc_adt_events_v10|class org.jenkinsci.plugins.workflow.multibranch.WorkflowMultiBranchProject
      1 CTO/CTO-IA/Apigee-Proxy-Automated-New/apigee-kphc_adt_events_api_v20|apigee-kphc_adt_events_api_v20|class org.jenkinsci.plugins.workflow.multibranch.WorkflowMultiBranchProject
      1 CTO/CTO-IA/Apigee-Proxy-Automated-New/apigee-kphc_access_services_api|apigee-kphc_access_services_api|class org.jenkinsci.plugins.workflow.multibranch.WorkflowMultiBranchProject
      1 CTO/CTO-IA/Apigee-Proxy-Automated-New/apigee-kpd_fitbit_v1r|apigee-kpd_fitbit_v1r|class org.jenkinsci.plugins.workflow.multibranch.WorkflowMultiBranchProject
      1 CTO/CTO-IA/Apigee-Proxy-Automated-New/apigee-kpd_fdl2epic_api_v1r|apigee-kpd_fdl2epic_api_v1r|class org.jenkinsci.plugins.workflow.multibranch.WorkflowMultiBranchProject
      1 CTO/CTO-IA/Apigee-Proxy-Automated-New/apigee-kpd_email_classification_api_v1r|apigee-kpd_email_classification_api_v1r|class org.jenkinsci.plugins.workflow.multibranch.WorkflowMultiBranchProject
      1 CTO/CTO-IA/Apigee-Proxy-Automated-New/apigee-kpd_email_classification_api_v1r
      1 CTO/CTO-IA/Apigee-Proxy-Automated-New/apigee-kpd_consumer_profile_api_clone_v1|apigee-kpd_consumer_profile_api_clone_v1|class org.jenkinsci.plugins.workflow.multibranch.WorkflowMultiBranchProject
      1 CTO/CTO-IA/Apigee-Proxy-Automated-New/apigee-kpcc_sensitive_code_v1r|apigee-kpcc_sensitive_code_v1r|class org.jenkinsci.plugins.workflow.multibranch.WorkflowMultiBranchProject
      1 CTO/CTO-IA/Apigee-Proxy-Automated-New/apigee-kpcc_kphc_get_coverages_v4|apigee-kpcc_kphc_get_coverages_v4|class org.jenkinsci.plugins.workflow.multibranch.WorkflowMultiBranchProject
      1 CTO/CTO-IA/Apigee-Proxy-Automated-New/apigee-kpcc_kphc_get_coverages_v3|apigee-kpcc_kphc_get_coverages_v3|class org.jenkinsci.plugins.workflow.multibranch.WorkflowMultiBranchProject
      1 CTO/CTO-IA/Apigee-Proxy-Automated-New/apigee-kpcc_kphc_get_coverages_v1|apigee-kpcc_kphc_get_coverages_v1|class org.jenkinsci.plugins.workflow.multibranch.WorkflowMultiBranchProject
      1 CTO/CTO-IA/Apigee-Proxy-Automated-New/apigee-kpcc_kphc_get_coverages_v10|apigee-kpcc_kphc_get_coverages_v10|class org.jenkinsci.plugins.workflow.multibranch.WorkflowMultiBranchProject
      1 CTO/CTO-IA/Apigee-Proxy-Automated-New/apigee-kpcc_kphc_get_coverages_api_v20|apigee-kpcc_kphc_get_coverages_api_v20|class org.jenkinsci.plugins.workflow.multibranch.WorkflowMultiBranchProject
      1 CTO/CTO-IA/Apigee-Proxy-Automated-New/apigee-kpcc_kphc_get_coverages_api_v1|apigee-kpcc_kphc_get_coverages_api_v1|class org.jenkinsci.plugins.workflow.multibranch.WorkflowMultiBranchProject
      1 CTO/CTO-IA/Apigee-Proxy-Automated-New/apigee-kpcc_kphc_get_coverages_api_v1
      1 CTO/CTO-IA/Apigee-Proxy-Automated-New/apigee-kpcc_get_claim_summary_v6rc|apigee-kpcc_get_claim_summary_v6rc|class org.jenkinsci.plugins.workflow.multibranch.WorkflowMultiBranchProject
      1 CTO/CTO-IA/Apigee-Proxy-Automated-New/apigee-kpcc_get_claim_summary_v6c|apigee-kpcc_get_claim_summary_v6c|class org.jenkinsci.plugins.workflow.multibranch.WorkflowMultiBranchProject
      1 CTO/CTO-IA/Apigee-Proxy-Automated-New/apigee-kpcc_get_claim_summary_v5|apigee-kpcc_get_claim_summary_v5|class org.jenkinsci.plugins.workflow.multibranch.WorkflowMultiBranchProject
      1 CTO/CTO-IA/Apigee-Proxy-Automated-New/apigee-kpcc_get_claim_summary_v5r|apigee-kpcc_get_claim_summary_v5r|class org.jenkinsci.plugins.workflow.multibranch.WorkflowMultiBranchProject
      1 CTO/CTO-IA/Apigee-Proxy-Automated-New/apigee-kpcc_get_claim_summary_v4|apigee-kpcc_get_claim_summary_v4|class org.jenkinsci.plugins.workflow.multibranch.WorkflowMultiBranchProject
      1 CTO/CTO-IA/Apigee-Proxy-Automated-New/apigee-kpcc_get_claim_summary_v40|apigee-kpcc_get_claim_summary_v40|class org.jenkinsci.plugins.workflow.multibranch.WorkflowMultiBranchProject
      1 CTO/CTO-IA/Apigee-Proxy-Automated-New/apigee-kpcc_get_claim_summary_v40
      1 CTO/CTO-IA/Apigee-Proxy-Automated-New/apigee-kpcc_get_claim_summary_v3|apigee-kpcc_get_claim_summary_v3|class org.jenkinsci.plugins.workflow.multibranch.WorkflowMultiBranchProject
      1 CTO/CTO-IA/Apigee-Proxy-Automated-New/apigee-kpcc_get_claim_summary_v3r|apigee-kpcc_get_claim_summary_v3r|class org.jenkinsci.plugins.workflow.multibranch.WorkflowMultiBranchProject
      1 CTO/CTO-IA/Apigee-Proxy-Automated-New/apigee-kpcc_get_claim_detail_v5|apigee-kpcc_get_claim_detail_v5|class org.jenkinsci.plugins.workflow.multibranch.WorkflowMultiBranchProject
      1 CTO/CTO-IA/Apigee-Proxy-Automated-New/apigee-kpcc_get_claim_detail_v5r|apigee-kpcc_get_claim_detail_v5r|class org.jenkinsci.plugins.workflow.multibranch.WorkflowMultiBranchProject
      1 CTO/CTO-IA/Apigee-Proxy-Automated-New/apigee-kpcc_get_claim_detail_v4|apigee-kpcc_get_claim_detail_v4|class org.jenkinsci.plugins.workflow.multibranch.WorkflowMultiBranchProject
      1 CTO/CTO-IA/Apigee-Proxy-Automated-New/apigee-kpcc_get_claim_detail_v3|apigee-kpcc_get_claim_detail_v3|class org.jenkinsci.plugins.workflow.multibranch.WorkflowMultiBranchProject
      1 CTO/CTO-IA/Apigee-Proxy-Automated-New/apigee-kpcc_get_claim_detail_v3r|apigee-kpcc_get_claim_detail_v3r|class org.jenkinsci.plugins.workflow.multibranch.WorkflowMultiBranchProject
      1 CTO/CTO-IA/Apigee-Proxy-Automated-New/apigee-kpcc_claim_summary_v1|apigee-kpcc_claim_summary_v1|class org.jenkinsci.plugins.workflow.multibranch.WorkflowMultiBranchProject
      1 CTO/CTO-IA/Apigee-Proxy-Automated-New/apigee-kpcc_claim_detail_v1|apigee-kpcc_claim_detail_v1|class org.jenkinsci.plugins.workflow.multibranch.WorkflowMultiBranchProject
      1 CTO/CTO-IA/Apigee-Proxy-Automated-New/apigee-kpcc_caqh_era_eft_enrollment_v10|apigee-kpcc_caqh_era_eft_enrollment_v10|class org.jenkinsci.plugins.workflow.multibranch.WorkflowMultiBranchProject
      1 CTO/CTO-IA/Apigee-Proxy-Automated-New/apigee-kpcc_accum_summary_v1|apigee-kpcc_accum_summary_v1|class org.jenkinsci.plugins.workflow.multibranch.WorkflowMultiBranchProject
      1 CTO/CTO-IA/Apigee-Proxy-Automated-New/apigee-kpcc_accum_detail_v1|apigee-kpcc_accum_detail_v1|class org.jenkinsci.plugins.workflow.multibranch.WorkflowMultiBranchProject
      1 CTO/CTO-IA/Apigee-Proxy-Automated-New/apigee-kpaths_scripts_v15r|apigee-kpaths_scripts_v15r|class org.jenkinsci.plugins.workflow.multibranch.WorkflowMultiBranchProject
      1 CTO/CTO-IA/Apigee-Proxy-Automated-New/apigee-kpaths_provider_v14rc|apigee-kpaths_provider_v14rc|class org.jenkinsci.plugins.workflow.multibranch.WorkflowMultiBranchProject
      1 CTO/CTO-IA/Apigee-Proxy-Automated-New/apigee-kpaths_booking_v22rc|apigee-kpaths_booking_v22rc|class org.jenkinsci.plugins.workflow.multibranch.WorkflowMultiBranchProject
      1 CTO/CTO-IA/Apigee-Proxy-Automated-New/apigee-kpanpapmnextgen_v1r|apigee-kpanpapmnextgen_v1r|class org.jenkinsci.plugins.workflow.multibranch.WorkflowMultiBranchProject
      1 CTO/CTO-IA/Apigee-Proxy-Automated-New/apigee-kp_splunk_server_info_r_v10|apigee-kp_splunk_server_info_r_v10|class org.jenkinsci.plugins.workflow.multibranch.WorkflowMultiBranchProject
      1 CTO/CTO-IA/Apigee-Proxy-Automated-New/apigee-kp_splunk_r_api_v10|apigee-kp_splunk_r_api_v10|class org.jenkinsci.plugins.workflow.multibranch.WorkflowMultiBranchProject
      1 CTO/CTO-IA/Apigee-Proxy-Automated-New/apigee-kp_splunk_itsi_cloud_server_info_v1r|apigee-kp_splunk_itsi_cloud_server_info_v1r|class org.jenkinsci.plugins.workflow.multibranch.WorkflowMultiBranchProject
      1 CTO/CTO-IA/Apigee-Proxy-Automated-New/apigee-kp_splunk_itsi_cloud_server_info_v1r
      1 CTO/CTO-IA/Apigee-Proxy-Automated-New/apigee-kp_splunk_itsi_cloud_authentication_v1r|apigee-kp_splunk_itsi_cloud_authentication_v1r|class org.jenkinsci.plugins.workflow.multibranch.WorkflowMultiBranchProject
      1 CTO/CTO-IA/Apigee-Proxy-Automated-New/apigee-kp_splunk_itsi_cloud_authentication_v1r
      1 CTO/CTO-IA/Apigee-Proxy-Automated-New/apigee-kp_splunk_itsi_cloud_api_v1r|apigee-kp_splunk_itsi_cloud_api_v1r|class org.jenkinsci.plugins.workflow.multibranch.WorkflowMultiBranchProject
      1 CTO/CTO-IA/Apigee-Proxy-Automated-New/apigee-kp_splunk_itsi_cloud_api_v1r
      1 CTO/CTO-IA/Apigee-Proxy-Automated-New/apigee-kp_splunk_hec_api_v1r|apigee-kp_splunk_hec_api_v1r|class org.jenkinsci.plugins.workflow.multibranch.WorkflowMultiBranchProject
      1 CTO/CTO-IA/Apigee-Proxy-Automated-New/apigee-kp_splunk_cloud_server_info_v1r|apigee-kp_splunk_cloud_server_info_v1r|class org.jenkinsci.plugins.workflow.multibranch.WorkflowMultiBranchProject
      1 CTO/CTO-IA/Apigee-Proxy-Automated-New/apigee-kp_splunk_cloud_authentication_v1r|apigee-kp_splunk_cloud_authentication_v1r|class org.jenkinsci.plugins.workflow.multibranch.WorkflowMultiBranchProject
      1 CTO/CTO-IA/Apigee-Proxy-Automated-New/apigee-kp_splunk_cloud_api_v1r|apigee-kp_splunk_cloud_api_v1r|class org.jenkinsci.plugins.workflow.multibranch.WorkflowMultiBranchProject
      1 CTO/CTO-IA/Apigee-Proxy-Automated-New/apigee-kp_splunk_cloud_api_v1r
      1 CTO/CTO-IA/Apigee-Proxy-Automated-New/apigee-kp_splunk_authentication_r_v10|apigee-kp_splunk_authentication_r_v10|class org.jenkinsci.plugins.workflow.multibranch.WorkflowMultiBranchProject
      1 CTO/CTO-IA/Apigee-Proxy-Automated-New/apigee-kp_s2p_ukg_v1r|apigee-kp_s2p_ukg_v1r|class org.jenkinsci.plugins.workflow.multibranch.WorkflowMultiBranchProject
      1 CTO/CTO-IA/Apigee-Proxy-Automated-New/apigee-kp_polaris_stu3|apigee-kp_polaris_stu3|class org.jenkinsci.plugins.workflow.multibranch.WorkflowMultiBranchProject
      1 CTO/CTO-IA/Apigee-Proxy-Automated-New/apigee-kp_polaris_router_v1|apigee-kp_polaris_router_v1|class org.jenkinsci.plugins.workflow.multibranch.WorkflowMultiBranchProject
      1 CTO/CTO-IA/Apigee-Proxy-Automated-New/apigee-kp_polaris_router_v1
      1 CTO/CTO-IA/Apigee-Proxy-Automated-New/apigee-kp_polaris_r4|apigee-kp_polaris_r4|class org.jenkinsci.plugins.workflow.multibranch.WorkflowMultiBranchProject
      1 CTO/CTO-IA/Apigee-Proxy-Automated-New/apigee-kp_polaris_openpk|apigee-kp_polaris_openpk|class org.jenkinsci.plugins.workflow.multibranch.WorkflowMultiBranchProject
      1 CTO/CTO-IA/Apigee-Proxy-Automated-New/apigee-kp_polaris_oauth2|apigee-kp_polaris_oauth2|class org.jenkinsci.plugins.workflow.multibranch.WorkflowMultiBranchProject
      1 CTO/CTO-IA/Apigee-Proxy-Automated-New/apigee-kp_polaris_legacy_r4|apigee-kp_polaris_legacy_r4|class org.jenkinsci.plugins.workflow.multibranch.WorkflowMultiBranchProject
      1 CTO/CTO-IA/Apigee-Proxy-Automated-New/apigee-kp_polaris_legacy_oauth2|apigee-kp_polaris_legacy_oauth2|class org.jenkinsci.plugins.workflow.multibranch.WorkflowMultiBranchProject
      1 CTO/CTO-IA/Apigee-Proxy-Automated-New/apigee-kp_polaris_epictelehealthexternal_v2020|apigee-kp_polaris_epictelehealthexternal_v2020|class org.jenkinsci.plugins.workflow.multibranch.WorkflowMultiBranchProject
      1 CTO/CTO-IA/Apigee-Proxy-Automated-New/apigee-kp_polaris_epictelehealthcontextlinking_v2018|apigee-kp_polaris_epictelehealthcontextlinking_v2018|class org.jenkinsci.plugins.workflow.multibranch.WorkflowMultiBranchProject
      1 CTO/CTO-IA/Apigee-Proxy-Automated-New/apigee-kp_polaris_epictelehealthcontextlinking_v2018wcf|apigee-kp_polaris_epictelehealthcontextlinking_v2018wcf|class org.jenkinsci.plugins.workflow.multibranch.WorkflowMultiBranchProject
      1 CTO/CTO-IA/Apigee-Proxy-Automated-New/apigee-kp_polaris_epicsecuritypersonnelmanagement_v2014|apigee-kp_polaris_epicsecuritypersonnelmanagement_v2014|class org.jenkinsci.plugins.workflow.multibranch.WorkflowMultiBranchProject
      1 CTO/CTO-IA/Apigee-Proxy-Automated-New/apigee-kp_polaris_epicschedulingprovider_v2013|apigee-kp_polaris_epicschedulingprovider_v2013|class org.jenkinsci.plugins.workflow.multibranch.WorkflowMultiBranchProject
      1 CTO/CTO-IA/Apigee-Proxy-Automated-New/apigee-kp_polaris_epicedixmlreceiver_v2022|apigee-kp_polaris_epicedixmlreceiver_v2022|class org.jenkinsci.plugins.workflow.multibranch.WorkflowMultiBranchProject
      1 CTO/CTO-IA/Apigee-Proxy-Automated-New/apigee-kp_polaris_epicedisoapreceiver_v2009|apigee-kp_polaris_epicedisoapreceiver_v2009|class org.jenkinsci.plugins.workflow.multibranch.WorkflowMultiBranchProject
      1 CTO/CTO-IA/Apigee-Proxy-Automated-New/apigee-kp_polaris_epicedihl7v2receiver_v2015|apigee-kp_polaris_epicedihl7v2receiver_v2015|class org.jenkinsci.plugins.workflow.multibranch.WorkflowMultiBranchProject
      1 CTO/CTO-IA/Apigee-Proxy-Automated-New/apigee-kp_polaris_epiccreditcard_v2016|apigee-kp_polaris_epiccreditcard_v2016|class org.jenkinsci.plugins.workflow.multibranch.WorkflowMultiBranchProject
      1 CTO/CTO-IA/Apigee-Proxy-Automated-New/apigee-kp_polaris_epicclinicalvoiceassistant_v2021|apigee-kp_polaris_epicclinicalvoiceassistant_v2021|class org.jenkinsci.plugins.workflow.multibranch.WorkflowMultiBranchProject
      1 CTO/CTO-IA/Apigee-Proxy-Automated-New/apigee-kp_polaris_epicclinicalutility_v2013|apigee-kp_polaris_epicclinicalutility_v2013|class org.jenkinsci.plugins.workflow.multibranch.WorkflowMultiBranchProject
      1 CTO/CTO-IA/Apigee-Proxy-Automated-New/apigee-kp_polaris_dstu2|apigee-kp_polaris_dstu2|class org.jenkinsci.plugins.workflow.multibranch.WorkflowMultiBranchProject
      1 CTO/CTO-IA/Apigee-Proxy-Automated-New/apigee-kp_messaging_workflow_v1|apigee-kp_messaging_workflow_v1|class org.jenkinsci.plugins.workflow.multibranch.WorkflowMultiBranchProject
      1 CTO/CTO-IA/Apigee-Proxy-Automated-New/apigee-kp_hrconnect_im_oic_sec_v1r|apigee-kp_hrconnect_im_oic_sec_v1r|class org.jenkinsci.plugins.workflow.multibranch.WorkflowMultiBranchProject
      1 CTO/CTO-IA/Apigee-Proxy-Automated-New/apigee-kp_edi_gateway_external_eligibility_inquiry_service|apigee-kp_edi_gateway_external_eligibility_inquiry_service|class org.jenkinsci.plugins.workflow.multibranch.WorkflowMultiBranchProject
      1 CTO/CTO-IA/Apigee-Proxy-Automated-New/apigee-kp_digital_incubation_cardiac_rehabapi_ba_v1r|apigee-kp_digital_incubation_cardiac_rehabapi_ba_v1r|class org.jenkinsci.plugins.workflow.multibranch.WorkflowMultiBranchProject
      1 CTO/CTO-IA/Apigee-Proxy-Automated-New/apigee-kp_cframe_salesforce_r_v10|apigee-kp_cframe_salesforce_r_v10|class org.jenkinsci.plugins.workflow.multibranch.WorkflowMultiBranchProject
      1 CTO/CTO-IA/Apigee-Proxy-Automated-New/apigee-kp_cframe_api_v10|apigee-kp_cframe_api_v10|class org.jenkinsci.plugins.workflow.multibranch.WorkflowMultiBranchProject
      1 CTO/CTO-IA/Apigee-Proxy-Automated-New/apigee-kp_adobe_sign_oauth_v6r|apigee-kp_adobe_sign_oauth_v6r|class org.jenkinsci.plugins.workflow.multibranch.WorkflowMultiBranchProject
      1 CTO/CTO-IA/Apigee-Proxy-Automated-New/apigee-kp_adobe_sign_api_v6r|apigee-kp_adobe_sign_api_v6r|class org.jenkinsci.plugins.workflow.multibranch.WorkflowMultiBranchProject
      1 CTO/CTO-IA/Apigee-Proxy-Automated-New/apigee-kp_S2Pukg_v2r|apigee-kp_S2Pukg_v2r|class org.jenkinsci.plugins.workflow.multibranch.WorkflowMultiBranchProject
      1 CTO/CTO-IA/Apigee-Proxy-Automated-New/apigee-knapp_dispenser_sca_v1|apigee-knapp_dispenser_sca_v1|class org.jenkinsci.plugins.workflow.multibranch.WorkflowMultiBranchProject
      1 CTO/CTO-IA/Apigee-Proxy-Automated-New/apigee-kat_user_profile_v10|apigee-kat_user_profile_v10|class org.jenkinsci.plugins.workflow.multibranch.WorkflowMultiBranchProject
      1 CTO/CTO-IA/Apigee-Proxy-Automated-New/apigee-jfrog_artifactory_v1r|apigee-jfrog_artifactory_v1r|class org.jenkinsci.plugins.workflow.multibranch.WorkflowMultiBranchProject
      1 CTO/CTO-IA/Apigee-Proxy-Automated-New/apigee-ivv_to_go_v31r|apigee-ivv_to_go_v31r|class org.jenkinsci.plugins.workflow.multibranch.WorkflowMultiBranchProject
      1 CTO/CTO-IA/Apigee-Proxy-Automated-New/apigee-ipaas_kpconfig_databricks_v1r|apigee-ipaas_kpconfig_databricks_v1r|class org.jenkinsci.plugins.workflow.multibranch.WorkflowMultiBranchProject
      1 CTO/CTO-IA/Apigee-Proxy-Automated-New/apigee-ipaas_kpconfig_databricks_v1r
      1 CTO/CTO-IA/Apigee-Proxy-Automated-New/apigee-insynctive_membership_transaction_status_v1r|apigee-insynctive_membership_transaction_status_v1r|class org.jenkinsci.plugins.workflow.multibranch.WorkflowMultiBranchProject
      1 CTO/CTO-IA/Apigee-Proxy-Automated-New/apigee-innovation_dispenser_co_v1|apigee-innovation_dispenser_co_v1|class org.jenkinsci.plugins.workflow.multibranch.WorkflowMultiBranchProject
      1 CTO/CTO-IA/Apigee-Proxy-Automated-New/apigee-innovation_dispenser_co_v1
      1 CTO/CTO-IA/Apigee-Proxy-Automated-New/apigee-innovation_dispenser__co_v10|apigee-innovation_dispenser__co_v10|class org.jenkinsci.plugins.workflow.multibranch.WorkflowMultiBranchProject
      1 CTO/CTO-IA/Apigee-Proxy-Automated-New/apigee-infosource_solr_v9r|apigee-infosource_solr_v9r|class org.jenkinsci.plugins.workflow.multibranch.WorkflowMultiBranchProject
      1 CTO/CTO-IA/Apigee-Proxy-Automated-New/apigee-infosource_solr_v9r
      1 CTO/CTO-IA/Apigee-Proxy-Automated-New/apigee-incident_report_v2|apigee-incident_report_v2|class org.jenkinsci.plugins.workflow.multibranch.WorkflowMultiBranchProject
      1 CTO/CTO-IA/Apigee-Proxy-Automated-New/apigee-ignite_i7_query_v1r|apigee-ignite_i7_query_v1r|class org.jenkinsci.plugins.workflow.multibranch.WorkflowMultiBranchProject
      1 CTO/CTO-IA/Apigee-Proxy-Automated-New/apigee-ignite_i7_query_v1r
      1 CTO/CTO-IA/Apigee-Proxy-Automated-New/apigee-identity_hub_v2|apigee-identity_hub_v2|class org.jenkinsci.plugins.workflow.multibranch.WorkflowMultiBranchProject
      1 CTO/CTO-IA/Apigee-Proxy-Automated-New/apigee-identity_hub_v20|apigee-identity_hub_v20|class org.jenkinsci.plugins.workflow.multibranch.WorkflowMultiBranchProject
      1 CTO/CTO-IA/Apigee-Proxy-Automated-New/apigee-iam_user_management_v1|apigee-iam_user_management_v1|class org.jenkinsci.plugins.workflow.multibranch.WorkflowMultiBranchProject
      1 CTO/CTO-IA/Apigee-Proxy-Automated-New/apigee-hrn_v1|apigee-hrn_v1|class org.jenkinsci.plugins.workflow.multibranch.WorkflowMultiBranchProject
      1 CTO/CTO-IA/Apigee-Proxy-Automated-New/apigee-hpub_cps_delegate|apigee-hpub_cps_delegate|class org.jenkinsci.plugins.workflow.multibranch.WorkflowMultiBranchProject
      1 CTO/CTO-IA/Apigee-Proxy-Automated-New/apigee-hpub_cps_delegate_v1|apigee-hpub_cps_delegate_v1|class org.jenkinsci.plugins.workflow.multibranch.WorkflowMultiBranchProject
      1 CTO/CTO-IA/Apigee-Proxy-Automated-New/apigee-hpts_azure_open_ai_chat_completion_v1r|apigee-hpts_azure_open_ai_chat_completion_v1r|class org.jenkinsci.plugins.workflow.multibranch.WorkflowMultiBranchProject
      1 CTO/CTO-IA/Apigee-Proxy-Automated-New/apigee-hpts_azure_open_ai_chat_completion_v1r
      1 CTO/CTO-IA/Apigee-Proxy-Automated-New/apigee-hpchatscreatecase_v1r|apigee-hpchatscreatecase_v1r|class org.jenkinsci.plugins.workflow.multibranch.WorkflowMultiBranchProject
      1 CTO/CTO-IA/Apigee-Proxy-Automated-New/apigee-hpchats_kana_create_response|apigee-hpchats_kana_create_response|class org.jenkinsci.plugins.workflow.multibranch.WorkflowMultiBranchProject
      1 CTO/CTO-IA/Apigee-Proxy-Automated-New/apigee-hp_purchaser_management_v5|apigee-hp_purchaser_management_v5|class org.jenkinsci.plugins.workflow.multibranch.WorkflowMultiBranchProject
      1 CTO/CTO-IA/Apigee-Proxy-Automated-New/apigee-hp_purchaser_management_v50|apigee-hp_purchaser_management_v50|class org.jenkinsci.plugins.workflow.multibranch.WorkflowMultiBranchProject
      1 CTO/CTO-IA/Apigee-Proxy-Automated-New/apigee-hp_group_setup_v30|apigee-hp_group_setup_v30|class org.jenkinsci.plugins.workflow.multibranch.WorkflowMultiBranchProject
      1 CTO/CTO-IA/Apigee-Proxy-Automated-New/apigee-hp_dpa_payment_web_v10|apigee-hp_dpa_payment_web_v10|class org.jenkinsci.plugins.workflow.multibranch.WorkflowMultiBranchProject
      1 CTO/CTO-IA/Apigee-Proxy-Automated-New/apigee-hp_ca_purchaser_management_v3|apigee-hp_ca_purchaser_management_v3|class org.jenkinsci.plugins.workflow.multibranch.WorkflowMultiBranchProject
      1 CTO/CTO-IA/Apigee-Proxy-Automated-New/apigee-hp_ca_purchaser_management_v2|apigee-hp_ca_purchaser_management_v2|class org.jenkinsci.plugins.workflow.multibranch.WorkflowMultiBranchProject
      1 CTO/CTO-IA/Apigee-Proxy-Automated-New/apigee-hp_ca_member_eligibility_v3|apigee-hp_ca_member_eligibility_v3|class org.jenkinsci.plugins.workflow.multibranch.WorkflowMultiBranchProject
      1 CTO/CTO-IA/Apigee-Proxy-Automated-New/apigee-hp_ca_medicare_management|apigee-hp_ca_medicare_management|class org.jenkinsci.plugins.workflow.multibranch.WorkflowMultiBranchProject
      1 CTO/CTO-IA/Apigee-Proxy-Automated-New/apigee-hp_ca_dpa_management_v2|apigee-hp_ca_dpa_management_v2|class org.jenkinsci.plugins.workflow.multibranch.WorkflowMultiBranchProject
      1 CTO/CTO-IA/Apigee-Proxy-Automated-New/apigee-hms_rx_verify_v10r|apigee-hms_rx_verify_v10r|class org.jenkinsci.plugins.workflow.multibranch.WorkflowMultiBranchProject
      1 CTO/CTO-IA/Apigee-Proxy-Automated-New/apigee-hhub_ocuco_v1r|apigee-hhub_ocuco_v1r|class org.jenkinsci.plugins.workflow.multibranch.WorkflowMultiBranchProject
      1 CTO/CTO-IA/Apigee-Proxy-Automated-New/apigee-hhub_jobsonfd_v1r|apigee-hhub_jobsonfd_v1r|class org.jenkinsci.plugins.workflow.multibranch.WorkflowMultiBranchProject
      1 CTO/CTO-IA/Apigee-Proxy-Automated-New/apigee-hhub_ip_info_v1r|apigee-hhub_ip_info_v1r|class org.jenkinsci.plugins.workflow.multibranch.WorkflowMultiBranchProject
      1 CTO/CTO-IA/Apigee-Proxy-Automated-New/apigee-hhub_google_maps_v1r|apigee-hhub_google_maps_v1r|class org.jenkinsci.plugins.workflow.multibranch.WorkflowMultiBranchProject
      1 CTO/CTO-IA/Apigee-Proxy-Automated-New/apigee-hhub_google_address_v1r|apigee-hhub_google_address_v1r|class org.jenkinsci.plugins.workflow.multibranch.WorkflowMultiBranchProject
      1 CTO/CTO-IA/Apigee-Proxy-Automated-New/apigee-hhub_fittingbox_v1r|apigee-hhub_fittingbox_v1r|class org.jenkinsci.plugins.workflow.multibranch.WorkflowMultiBranchProject
      1 CTO/CTO-IA/Apigee-Proxy-Automated-New/apigee-hhub_content_stack_v1r|apigee-hhub_content_stack_v1r|class org.jenkinsci.plugins.workflow.multibranch.WorkflowMultiBranchProject
      1 CTO/CTO-IA/Apigee-Proxy-Automated-New/apigee-hhub_commerce_tools_v1r|apigee-hhub_commerce_tools_v1r|class org.jenkinsci.plugins.workflow.multibranch.WorkflowMultiBranchProject
      1 CTO/CTO-IA/Apigee-Proxy-Automated-New/apigee-hhub_commerce_tools_auth_v1r|apigee-hhub_commerce_tools_auth_v1r|class org.jenkinsci.plugins.workflow.multibranch.WorkflowMultiBranchProject
      1 CTO/CTO-IA/Apigee-Proxy-Automated-New/apigee-health_record_summary_service|apigee-health_record_summary_service|class org.jenkinsci.plugins.workflow.multibranch.WorkflowMultiBranchProject
      1 CTO/CTO-IA/Apigee-Proxy-Automated-New/apigee-health_plan_test_data_managment_v1r|apigee-health_plan_test_data_managment_v1r|class org.jenkinsci.plugins.workflow.multibranch.WorkflowMultiBranchProject
      1 CTO/CTO-IA/Apigee-Proxy-Automated-New/apigee-health_plan_test_data_managment_v1r
      1 CTO/CTO-IA/Apigee-Proxy-Automated-New/apigee-health_plan_directory_v2r|apigee-health_plan_directory_v2r|class org.jenkinsci.plugins.workflow.multibranch.WorkflowMultiBranchProject
      1 CTO/CTO-IA/Apigee-Proxy-Automated-New/apigee-health_plan_directory_v2r
      1 CTO/CTO-IA/Apigee-Proxy-Automated-New/apigee-hcm_uam_fieldglass_web_v1|apigee-hcm_uam_fieldglass_web_v1|class org.jenkinsci.plugins.workflow.multibranch.WorkflowMultiBranchProject
      1 CTO/CTO-IA/Apigee-Proxy-Automated-New/apigee-hcm_security_uam_kpim_r_v10|apigee-hcm_security_uam_kpim_r_v10|class org.jenkinsci.plugins.workflow.multibranch.WorkflowMultiBranchProject
      1 CTO/CTO-IA/Apigee-Proxy-Automated-New/apigee-hcm_salesforce_case_managementr_v10|apigee-hcm_salesforce_case_managementr_v10|class org.jenkinsci.plugins.workflow.multibranch.WorkflowMultiBranchProject
      1 CTO/CTO-IA/Apigee-Proxy-Automated-New/apigee-hcm_kp_cframe_seniority_date_r_v10|apigee-hcm_kp_cframe_seniority_date_r_v10|class org.jenkinsci.plugins.workflow.multibranch.WorkflowMultiBranchProject
      1 CTO/CTO-IA/Apigee-Proxy-Automated-New/apigee-hawaii_statement_finder_v10|apigee-hawaii_statement_finder_v10|class org.jenkinsci.plugins.workflow.multibranch.WorkflowMultiBranchProject
      1 CTO/CTO-IA/Apigee-Proxy-Automated-New/apigee-hawaii_iis_v2011|apigee-hawaii_iis_v2011|class org.jenkinsci.plugins.workflow.multibranch.WorkflowMultiBranchProject
      1 CTO/CTO-IA/Apigee-Proxy-Automated-New/apigee-gusto_membership_transaction_status|apigee-gusto_membership_transaction_status|class org.jenkinsci.plugins.workflow.multibranch.WorkflowMultiBranchProject
      1 CTO/CTO-IA/Apigee-Proxy-Automated-New/apigee-gsl_rx_api_v10|apigee-gsl_rx_api_v10|class org.jenkinsci.plugins.workflow.multibranch.WorkflowMultiBranchProject
      1 CTO/CTO-IA/Apigee-Proxy-Automated-New/apigee-groupmanagement_v70|apigee-groupmanagement_v70|class org.jenkinsci.plugins.workflow.multibranch.WorkflowMultiBranchProject
      1 CTO/CTO-IA/Apigee-Proxy-Automated-New/apigee-groupmanagement_v62|apigee-groupmanagement_v62|class org.jenkinsci.plugins.workflow.multibranch.WorkflowMultiBranchProject
      1 CTO/CTO-IA/Apigee-Proxy-Automated-New/apigee-groupmanagement_v60|apigee-groupmanagement_v60|class org.jenkinsci.plugins.workflow.multibranch.WorkflowMultiBranchProject
      1 CTO/CTO-IA/Apigee-Proxy-Automated-New/apigee-group_membership_list_v20|apigee-group_membership_list_v20|class org.jenkinsci.plugins.workflow.multibranch.WorkflowMultiBranchProject
      1 CTO/CTO-IA/Apigee-Proxy-Automated-New/apigee-group_inquiry_v10|apigee-group_inquiry_v10|class org.jenkinsci.plugins.workflow.multibranch.WorkflowMultiBranchProject
      1 CTO/CTO-IA/Apigee-Proxy-Automated-New/apigee-google_cloud_storage_json_v1r|apigee-google_cloud_storage_json_v1r|class org.jenkinsci.plugins.workflow.multibranch.WorkflowMultiBranchProject
      1 CTO/CTO-IA/Apigee-Proxy-Automated-New/apigee-google_cloud_oauth2|apigee-google_cloud_oauth2|class org.jenkinsci.plugins.workflow.multibranch.WorkflowMultiBranchProject
      1 CTO/CTO-IA/Apigee-Proxy-Automated-New/apigee-google_cloud_logging_v2r|apigee-google_cloud_logging_v2r|class org.jenkinsci.plugins.workflow.multibranch.WorkflowMultiBranchProject
      1 CTO/CTO-IA/Apigee-Proxy-Automated-New/apigee-google_cloud_iam_v1r|apigee-google_cloud_iam_v1r|class org.jenkinsci.plugins.workflow.multibranch.WorkflowMultiBranchProject
      1 CTO/CTO-IA/Apigee-Proxy-Automated-New/apigee-github_ec_poc_v1r|apigee-github_ec_poc_v1r|class org.jenkinsci.plugins.workflow.multibranch.WorkflowMultiBranchProject
      1 CTO/CTO-IA/Apigee-Proxy-Automated-New/apigee-get_regional_claimsor|apigee-get_regional_claimsor|class org.jenkinsci.plugins.workflow.multibranch.WorkflowMultiBranchProject
      1 CTO/CTO-IA/Apigee-Proxy-Automated-New/apigee-get_regional_claimsor
      1 CTO/CTO-IA/Apigee-Proxy-Automated-New/apigee-gen5_private_cloud_management_platform_workspace_update_v1r|apigee-gen5_private_cloud_management_platform_workspace_update_v1r|class org.jenkinsci.plugins.workflow.multibranch.WorkflowMultiBranchProject
      1 CTO/CTO-IA/Apigee-Proxy-Automated-New/apigee-gen5_private_cloud_management_platform_websocket_v1r|apigee-gen5_private_cloud_management_platform_websocket_v1r|class org.jenkinsci.plugins.workflow.multibranch.WorkflowMultiBranchProject
      1 CTO/CTO-IA/Apigee-Proxy-Automated-New/apigee-gen5_private_cloud_management_platform_websocket_v1r
      1 CTO/CTO-IA/Apigee-Proxy-Automated-New/apigee-gen5_private_cloud_management_platform_status_v1r|apigee-gen5_private_cloud_management_platform_status_v1r|class org.jenkinsci.plugins.workflow.multibranch.WorkflowMultiBranchProject
      1 CTO/CTO-IA/Apigee-Proxy-Automated-New/apigee-gen5_private_cloud_management_platform_order_info_v1r|apigee-gen5_private_cloud_management_platform_order_info_v1r|class org.jenkinsci.plugins.workflow.multibranch.WorkflowMultiBranchProject
      1 CTO/CTO-IA/Apigee-Proxy-Automated-New/apigee-gen5_private_cloud_management_platform_oauth_v1r|apigee-gen5_private_cloud_management_platform_oauth_v1r|class org.jenkinsci.plugins.workflow.multibranch.WorkflowMultiBranchProject
      1 CTO/CTO-IA/Apigee-Proxy-Automated-New/apigee-gen5_private_cloud_management_platform_drift_detection_v1r|apigee-gen5_private_cloud_management_platform_drift_detection_v1r|class org.jenkinsci.plugins.workflow.multibranch.WorkflowMultiBranchProject
      1 CTO/CTO-IA/Apigee-Proxy-Automated-New/apigee-gen5_private_cloud_management_platform_delete_v1r|apigee-gen5_private_cloud_management_platform_delete_v1r|class org.jenkinsci.plugins.workflow.multibranch.WorkflowMultiBranchProject
      1 CTO/CTO-IA/Apigee-Proxy-Automated-New/apigee-gen5_private_cloud_management_platform_actions_v1r|apigee-gen5_private_cloud_management_platform_actions_v1r|class org.jenkinsci.plugins.workflow.multibranch.WorkflowMultiBranchProject
      1 CTO/CTO-IA/Apigee-Proxy-Automated-New/apigee-gen5_kyndryl_private_cloud_management_v1r|apigee-gen5_kyndryl_private_cloud_management_v1r|class org.jenkinsci.plugins.workflow.multibranch.WorkflowMultiBranchProject
      1 CTO/CTO-IA/Apigee-Proxy-Automated-New/apigee-gen5_aiops_websocket_v1r|apigee-gen5_aiops_websocket_v1r|class org.jenkinsci.plugins.workflow.multibranch.WorkflowMultiBranchProject
      1 CTO/CTO-IA/Apigee-Proxy-Automated-New/apigee-geisinger_patient_360_v1r|apigee-geisinger_patient_360_v1r|class org.jenkinsci.plugins.workflow.multibranch.WorkflowMultiBranchProject
      1 CTO/CTO-IA/Apigee-Proxy-Automated-New/apigee-fwda_api_v1_0r|apigee-fwda_api_v1_0r|class org.jenkinsci.plugins.workflow.multibranch.WorkflowMultiBranchProject
      1 CTO/CTO-IA/Apigee-Proxy-Automated-New/apigee-fwda_api_v1_0r
      1 CTO/CTO-IA/Apigee-Proxy-Automated-New/apigee-fs_tpa_cross_reference_v1|apigee-fs_tpa_cross_reference_v1|class org.jenkinsci.plugins.workflow.multibranch.WorkflowMultiBranchProject
      1 CTO/CTO-IA/Apigee-Proxy-Automated-New/apigee-fs_tpa_cross_reference_v10|apigee-fs_tpa_cross_reference_v10|class org.jenkinsci.plugins.workflow.multibranch.WorkflowMultiBranchProject
      1 CTO/CTO-IA/Apigee-Proxy-Automated-New/apigee-fs_purchaser_v1|apigee-fs_purchaser_v1|class org.jenkinsci.plugins.workflow.multibranch.WorkflowMultiBranchProject
      1 CTO/CTO-IA/Apigee-Proxy-Automated-New/apigee-fs_purchaser_v10|apigee-fs_purchaser_v10|class org.jenkinsci.plugins.workflow.multibranch.WorkflowMultiBranchProject
      1 CTO/CTO-IA/Apigee-Proxy-Automated-New/apigee-fs_purchaser_v1
      1 CTO/CTO-IA/Apigee-Proxy-Automated-New/apigee-fs_memberchangepublish_v10|apigee-fs_memberchangepublish_v10|class org.jenkinsci.plugins.workflow.multibranch.WorkflowMultiBranchProject
      1 CTO/CTO-IA/Apigee-Proxy-Automated-New/apigee-fs_member_transfer_v1|apigee-fs_member_transfer_v1|class org.jenkinsci.plugins.workflow.multibranch.WorkflowMultiBranchProject
      1 CTO/CTO-IA/Apigee-Proxy-Automated-New/apigee-fs_member_transfer_v10|apigee-fs_member_transfer_v10|class org.jenkinsci.plugins.workflow.multibranch.WorkflowMultiBranchProject
      1 CTO/CTO-IA/Apigee-Proxy-Automated-New/apigee-fs_member_transfer_v1
      1 CTO/CTO-IA/Apigee-Proxy-Automated-New/apigee-fs_member_termination_v1|apigee-fs_member_termination_v1|class org.jenkinsci.plugins.workflow.multibranch.WorkflowMultiBranchProject
      1 CTO/CTO-IA/Apigee-Proxy-Automated-New/apigee-fs_member_termination_v10|apigee-fs_member_termination_v10|class org.jenkinsci.plugins.workflow.multibranch.WorkflowMultiBranchProject
      1 CTO/CTO-IA/Apigee-Proxy-Automated-New/apigee-fs_member_summary_v1|apigee-fs_member_summary_v1|class org.jenkinsci.plugins.workflow.multibranch.WorkflowMultiBranchProject
      1 CTO/CTO-IA/Apigee-Proxy-Automated-New/apigee-fs_member_summary_v10|apigee-fs_member_summary_v10|class org.jenkinsci.plugins.workflow.multibranch.WorkflowMultiBranchProject
      1 CTO/CTO-IA/Apigee-Proxy-Automated-New/apigee-fs_member_summary_v1
      1 CTO/CTO-IA/Apigee-Proxy-Automated-New/apigee-fs_member_reinstatement_v1|apigee-fs_member_reinstatement_v1|class org.jenkinsci.plugins.workflow.multibranch.WorkflowMultiBranchProject
      1 CTO/CTO-IA/Apigee-Proxy-Automated-New/apigee-fs_member_reinstatement_v10|apigee-fs_member_reinstatement_v10|class org.jenkinsci.plugins.workflow.multibranch.WorkflowMultiBranchProject
      1 CTO/CTO-IA/Apigee-Proxy-Automated-New/apigee-fs_member_enrollment_v1|apigee-fs_member_enrollment_v1|class org.jenkinsci.plugins.workflow.multibranch.WorkflowMultiBranchProject
      1 CTO/CTO-IA/Apigee-Proxy-Automated-New/apigee-fs_member_enrollment_v10|apigee-fs_member_enrollment_v10|class org.jenkinsci.plugins.workflow.multibranch.WorkflowMultiBranchProject
      1 CTO/CTO-IA/Apigee-Proxy-Automated-New/apigee-fs_member_demographics_v1|apigee-fs_member_demographics_v1|class org.jenkinsci.plugins.workflow.multibranch.WorkflowMultiBranchProject
      1 CTO/CTO-IA/Apigee-Proxy-Automated-New/apigee-fs_member_demographics_v10|apigee-fs_member_demographics_v10|class org.jenkinsci.plugins.workflow.multibranch.WorkflowMultiBranchProject
      1 CTO/CTO-IA/Apigee-Proxy-Automated-New/apigee-fs_groupchangepublish_v10|apigee-fs_groupchangepublish_v10|class org.jenkinsci.plugins.workflow.multibranch.WorkflowMultiBranchProject
      1 CTO/CTO-IA/Apigee-Proxy-Automated-New/apigee-fs_family_account_role_v1|apigee-fs_family_account_role_v1|class org.jenkinsci.plugins.workflow.multibranch.WorkflowMultiBranchProject
      1 CTO/CTO-IA/Apigee-Proxy-Automated-New/apigee-fs_family_account_role_v10|apigee-fs_family_account_role_v10|class org.jenkinsci.plugins.workflow.multibranch.WorkflowMultiBranchProject
      1 CTO/CTO-IA/Apigee-Proxy-Automated-New/apigee-foundation_system_member_search_web|apigee-foundation_system_member_search_web|class org.jenkinsci.plugins.workflow.multibranch.WorkflowMultiBranchProject
      1 CTO/CTO-IA/Apigee-Proxy-Automated-New/apigee-foundation_system_member_search_web_service|apigee-foundation_system_member_search_web_service|class org.jenkinsci.plugins.workflow.multibranch.WorkflowMultiBranchProject
      1 CTO/CTO-IA/Apigee-Proxy-Automated-New/apigee-foundation_system_member_list_web_v10|apigee-foundation_system_member_list_web_v10|class org.jenkinsci.plugins.workflow.multibranch.WorkflowMultiBranchProject
      1 CTO/CTO-IA/Apigee-Proxy-Automated-New/apigee-family_inquiry_v10|apigee-family_inquiry_v10|class org.jenkinsci.plugins.workflow.multibranch.WorkflowMultiBranchProject
      1 CTO/CTO-IA/Apigee-Proxy-Automated-New/apigee-facility_directory_data_v1r|apigee-facility_directory_data_v1r|class org.jenkinsci.plugins.workflow.multibranch.WorkflowMultiBranchProject
      1 CTO/CTO-IA/Apigee-Proxy-Automated-New/apigee-facility_census_service_api|apigee-facility_census_service_api|class org.jenkinsci.plugins.workflow.multibranch.WorkflowMultiBranchProject
      1 CTO/CTO-IA/Apigee-Proxy-Automated-New/apigee-evolution1_auto_pay_balance_inquiry_api_v10|apigee-evolution1_auto_pay_balance_inquiry_api_v10|class org.jenkinsci.plugins.workflow.multibranch.WorkflowMultiBranchProject
      1 CTO/CTO-IA/Apigee-Proxy-Automated-New/apigee-evisits_medicationslist_v10r|apigee-evisits_medicationslist_v10r|class org.jenkinsci.plugins.workflow.multibranch.WorkflowMultiBranchProject
      1 CTO/CTO-IA/Apigee-Proxy-Automated-New/apigee-evisits_getallergenlist_v10r|apigee-evisits_getallergenlist_v10r|class org.jenkinsci.plugins.workflow.multibranch.WorkflowMultiBranchProject
      1 CTO/CTO-IA/Apigee-Proxy-Automated-New/apigee-etl_odw_bigpanda_v1r|apigee-etl_odw_bigpanda_v1r|class org.jenkinsci.plugins.workflow.multibranch.WorkflowMultiBranchProject
      1 CTO/CTO-IA/Apigee-Proxy-Automated-New/apigee-etl_odw_bigpanda_v1r
      1 CTO/CTO-IA/Apigee-Proxy-Automated-New/apigee-esb_event_ticket_bets_for_benefits_transactions_api|apigee-esb_event_ticket_bets_for_benefits_transactions_api|class org.jenkinsci.plugins.workflow.multibranch.WorkflowMultiBranchProject
      1 CTO/CTO-IA/Apigee-Proxy-Automated-New/apigee-esb_event_ticket_bets_for_benefits_transactions_api
      1 CTO/CTO-IA/Apigee-Proxy-Automated-New/apigee-epimsbusinessrules_r_v1r|apigee-epimsbusinessrules_r_v1r|class org.jenkinsci.plugins.workflow.multibranch.WorkflowMultiBranchProject
      1 CTO/CTO-IA/Apigee-Proxy-Automated-New/apigee-epimsbusinessrules_r_v1r
      1 CTO/CTO-IA/Apigee-Proxy-Automated-New/apigee-epims_surescripts_v10r|apigee-epims_surescripts_v10r|class org.jenkinsci.plugins.workflow.multibranch.WorkflowMultiBranchProject
      1 CTO/CTO-IA/Apigee-Proxy-Automated-New/apigee-epims_sure_scripts_api_v10r|apigee-epims_sure_scripts_api_v10r|class org.jenkinsci.plugins.workflow.multibranch.WorkflowMultiBranchProject
      1 CTO/CTO-IA/Apigee-Proxy-Automated-New/apigee-epims_rxfilleligibility_v1rc|apigee-epims_rxfilleligibility_v1rc|class org.jenkinsci.plugins.workflow.multibranch.WorkflowMultiBranchProject
      1 CTO/CTO-IA/Apigee-Proxy-Automated-New/apigee-epims_rxfilleligibility_v1rc
      1 CTO/CTO-IA/Apigee-Proxy-Automated-New/apigee-epims_rxexpirationrules_r_v1r|apigee-epims_rxexpirationrules_r_v1r|class org.jenkinsci.plugins.workflow.multibranch.WorkflowMultiBranchProject
      1 CTO/CTO-IA/Apigee-Proxy-Automated-New/apigee-epims_rx_intervention_v4|apigee-epims_rx_intervention_v4|class org.jenkinsci.plugins.workflow.multibranch.WorkflowMultiBranchProject
      1 CTO/CTO-IA/Apigee-Proxy-Automated-New/apigee-epims_rx_intervention_v40|apigee-epims_rx_intervention_v40|class org.jenkinsci.plugins.workflow.multibranch.WorkflowMultiBranchProject
      1 CTO/CTO-IA/Apigee-Proxy-Automated-New/apigee-epims_rx_eligibility_v1r|apigee-epims_rx_eligibility_v1r|class org.jenkinsci.plugins.workflow.multibranch.WorkflowMultiBranchProject
      1 CTO/CTO-IA/Apigee-Proxy-Automated-New/apigee-epims_rms_inventory_v1|apigee-epims_rms_inventory_v1|class org.jenkinsci.plugins.workflow.multibranch.WorkflowMultiBranchProject
      1 CTO/CTO-IA/Apigee-Proxy-Automated-New/apigee-epims_rms_inventory_custom_s_v2s|apigee-epims_rms_inventory_custom_s_v2s|class org.jenkinsci.plugins.workflow.multibranch.WorkflowMultiBranchProject
      1 CTO/CTO-IA/Apigee-Proxy-Automated-New/apigee-epims_psb_shipping_status_v1r|apigee-epims_psb_shipping_status_v1r|class org.jenkinsci.plugins.workflow.multibranch.WorkflowMultiBranchProject
      1 CTO/CTO-IA/Apigee-Proxy-Automated-New/apigee-epims_psb_member_identification_v1r|apigee-epims_psb_member_identification_v1r|class org.jenkinsci.plugins.workflow.multibranch.WorkflowMultiBranchProject
      1 CTO/CTO-IA/Apigee-Proxy-Automated-New/apigee-epims_prescription_roc_v1r|apigee-epims_prescription_roc_v1r|class org.jenkinsci.plugins.workflow.multibranch.WorkflowMultiBranchProject
      1 CTO/CTO-IA/Apigee-Proxy-Automated-New/apigee-epims_prescription_ncal_v1r|apigee-epims_prescription_ncal_v1r|class org.jenkinsci.plugins.workflow.multibranch.WorkflowMultiBranchProject
      1 CTO/CTO-IA/Apigee-Proxy-Automated-New/apigee-epims_pos_mps_tempus_v1r|apigee-epims_pos_mps_tempus_v1r|class org.jenkinsci.plugins.workflow.multibranch.WorkflowMultiBranchProject
      1 CTO/CTO-IA/Apigee-Proxy-Automated-New/apigee-epims_pos_gsl_rx_api_v10r|apigee-epims_pos_gsl_rx_api_v10r|class org.jenkinsci.plugins.workflow.multibranch.WorkflowMultiBranchProject
      1 CTO/CTO-IA/Apigee-Proxy-Automated-New/apigee-epims_pdx_rx_v60|apigee-epims_pdx_rx_v60|class org.jenkinsci.plugins.workflow.multibranch.WorkflowMultiBranchProject
      1 CTO/CTO-IA/Apigee-Proxy-Automated-New/apigee-epims_pdx_rx_v50|apigee-epims_pdx_rx_v50|class org.jenkinsci.plugins.workflow.multibranch.WorkflowMultiBranchProject
      1 CTO/CTO-IA/Apigee-Proxy-Automated-New/apigee-epims_nonkphc_outbound_v1r|apigee-epims_nonkphc_outbound_v1r|class org.jenkinsci.plugins.workflow.multibranch.WorkflowMultiBranchProject
      1 CTO/CTO-IA/Apigee-Proxy-Automated-New/apigee-epims_kphc_rx_v60|apigee-epims_kphc_rx_v60|class org.jenkinsci.plugins.workflow.multibranch.WorkflowMultiBranchProject
      1 CTO/CTO-IA/Apigee-Proxy-Automated-New/apigee-epims_kphc_rx_v40|apigee-epims_kphc_rx_v40|class org.jenkinsci.plugins.workflow.multibranch.WorkflowMultiBranchProject
      1 CTO/CTO-IA/Apigee-Proxy-Automated-New/apigee-epims_kphc_rx_v40
      1 CTO/CTO-IA/Apigee-Proxy-Automated-New/apigee-epims_kphc_rx_v10r|apigee-epims_kphc_rx_v10r|class org.jenkinsci.plugins.workflow.multibranch.WorkflowMultiBranchProject
      1 CTO/CTO-IA/Apigee-Proxy-Automated-New/apigee-epims_kphc_rx_api_v10r|apigee-epims_kphc_rx_api_v10r|class org.jenkinsci.plugins.workflow.multibranch.WorkflowMultiBranchProject
      1 CTO/CTO-IA/Apigee-Proxy-Automated-New/apigee-epims_inventory_api_v10|apigee-epims_inventory_api_v10|class org.jenkinsci.plugins.workflow.multibranch.WorkflowMultiBranchProject
      1 CTO/CTO-IA/Apigee-Proxy-Automated-New/apigee-epims_inventory_api_v10
      1 CTO/CTO-IA/Apigee-Proxy-Automated-New/apigee-epims_get_well_v1r|apigee-epims_get_well_v1r|class org.jenkinsci.plugins.workflow.multibranch.WorkflowMultiBranchProject
      1 CTO/CTO-IA/Apigee-Proxy-Automated-New/apigee-epims_evow_v6|apigee-epims_evow_v6|class org.jenkinsci.plugins.workflow.multibranch.WorkflowMultiBranchProject
      1 CTO/CTO-IA/Apigee-Proxy-Automated-New/apigee-epims_eps_outbound_patient_message_v40|apigee-epims_eps_outbound_patient_message_v40|class org.jenkinsci.plugins.workflow.multibranch.WorkflowMultiBranchProject
      1 CTO/CTO-IA/Apigee-Proxy-Automated-New/apigee-epims_eps_inventory_v60|apigee-epims_eps_inventory_v60|class org.jenkinsci.plugins.workflow.multibranch.WorkflowMultiBranchProject
      1 CTO/CTO-IA/Apigee-Proxy-Automated-New/apigee-epims_eps_inventory_api_v60|apigee-epims_eps_inventory_api_v60|class org.jenkinsci.plugins.workflow.multibranch.WorkflowMultiBranchProject
      1 CTO/CTO-IA/Apigee-Proxy-Automated-New/apigee-epims_epr_ecompatient_v8|apigee-epims_epr_ecompatient_v8|class org.jenkinsci.plugins.workflow.multibranch.WorkflowMultiBranchProject
      1 CTO/CTO-IA/Apigee-Proxy-Automated-New/apigee-epims_epr_ecompatient_v7|apigee-epims_epr_ecompatient_v7|class org.jenkinsci.plugins.workflow.multibranch.WorkflowMultiBranchProject
      1 CTO/CTO-IA/Apigee-Proxy-Automated-New/apigee-epims_epr_ecompatient_s_v9s|apigee-epims_epr_ecompatient_s_v9s|class org.jenkinsci.plugins.workflow.multibranch.WorkflowMultiBranchProject
      1 CTO/CTO-IA/Apigee-Proxy-Automated-New/apigee-epims_epr_ecompatient_s_v11s|apigee-epims_epr_ecompatient_s_v11s|class org.jenkinsci.plugins.workflow.multibranch.WorkflowMultiBranchProject
      1 CTO/CTO-IA/Apigee-Proxy-Automated-New/apigee-epims_epr_ecompatient_s_v11s
      1 CTO/CTO-IA/Apigee-Proxy-Automated-New/apigee-epims_epr_ecompatient_s_v10s|apigee-epims_epr_ecompatient_s_v10s|class org.jenkinsci.plugins.workflow.multibranch.WorkflowMultiBranchProject
      1 CTO/CTO-IA/Apigee-Proxy-Automated-New/apigee-epims_epharmacy_online_v6|apigee-epims_epharmacy_online_v6|class org.jenkinsci.plugins.workflow.multibranch.WorkflowMultiBranchProject
      1 CTO/CTO-IA/Apigee-Proxy-Automated-New/apigee-epims_epharmacy_online_v50|apigee-epims_epharmacy_online_v50|class org.jenkinsci.plugins.workflow.multibranch.WorkflowMultiBranchProject
      1 CTO/CTO-IA/Apigee-Proxy-Automated-New/apigee-epims_epatient_prescription_setdocument_v1r|apigee-epims_epatient_prescription_setdocument_v1r|class org.jenkinsci.plugins.workflow.multibranch.WorkflowMultiBranchProject
      1 CTO/CTO-IA/Apigee-Proxy-Automated-New/apigee-epims_epatient_prescription_getdocumentmetadata_v10r|apigee-epims_epatient_prescription_getdocumentmetadata_v10r|class org.jenkinsci.plugins.workflow.multibranch.WorkflowMultiBranchProject
      1 CTO/CTO-IA/Apigee-Proxy-Automated-New/apigee-epims_e_pharmacy_v40|apigee-epims_e_pharmacy_v40|class org.jenkinsci.plugins.workflow.multibranch.WorkflowMultiBranchProject
      1 CTO/CTO-IA/Apigee-Proxy-Automated-New/apigee-epims_e_pharmacy_v40
      1 CTO/CTO-IA/Apigee-Proxy-Automated-New/apigee-epims_e_pharmacy_ivr_v41|apigee-epims_e_pharmacy_ivr_v41|class org.jenkinsci.plugins.workflow.multibranch.WorkflowMultiBranchProject
      1 CTO/CTO-IA/Apigee-Proxy-Automated-New/apigee-epims_e_pharmacy_ivr_api_v41|apigee-epims_e_pharmacy_ivr_api_v41|class org.jenkinsci.plugins.workflow.multibranch.WorkflowMultiBranchProject
      1 CTO/CTO-IA/Apigee-Proxy-Automated-New/apigee-epims_e_pharmacy_ivr_api_v41
      1 CTO/CTO-IA/Apigee-Proxy-Automated-New/apigee-epims_drug_attribute_threshold_v1r|apigee-epims_drug_attribute_threshold_v1r|class org.jenkinsci.plugins.workflow.multibranch.WorkflowMultiBranchProject
      1 CTO/CTO-IA/Apigee-Proxy-Automated-New/apigee-epims_drug_attribute_threshold_v1r
      1 CTO/CTO-IA/Apigee-Proxy-Automated-New/apigee-epims_dispenser_v40|apigee-epims_dispenser_v40|class org.jenkinsci.plugins.workflow.multibranch.WorkflowMultiBranchProject
      1 CTO/CTO-IA/Apigee-Proxy-Automated-New/apigee-epims_dayssupply_rules_v1r|apigee-epims_dayssupply_rules_v1r|class org.jenkinsci.plugins.workflow.multibranch.WorkflowMultiBranchProject
      1 CTO/CTO-IA/Apigee-Proxy-Automated-New/apigee-epims_cmbenefits_v5|apigee-epims_cmbenefits_v5|class org.jenkinsci.plugins.workflow.multibranch.WorkflowMultiBranchProject
      1 CTO/CTO-IA/Apigee-Proxy-Automated-New/apigee-epims_cmbenefits_v5
      1 CTO/CTO-IA/Apigee-Proxy-Automated-New/apigee-epims_cm_benefits_v5|apigee-epims_cm_benefits_v5|class org.jenkinsci.plugins.workflow.multibranch.WorkflowMultiBranchProject
      1 CTO/CTO-IA/Apigee-Proxy-Automated-New/apigee-epims_central_prescriber_mgmt_v5|apigee-epims_central_prescriber_mgmt_v5|class org.jenkinsci.plugins.workflow.multibranch.WorkflowMultiBranchProject
      1 CTO/CTO-IA/Apigee-Proxy-Automated-New/apigee-epims_central_prescriber_mgmt_v50|apigee-epims_central_prescriber_mgmt_v50|class org.jenkinsci.plugins.workflow.multibranch.WorkflowMultiBranchProject
      1 CTO/CTO-IA/Apigee-Proxy-Automated-New/apigee-epims_central_prescriber_mgmt_v5
      1 CTO/CTO-IA/Apigee-Proxy-Automated-New/apigee-epims_central_prescriber_mgmt_v40|apigee-epims_central_prescriber_mgmt_v40|class org.jenkinsci.plugins.workflow.multibranch.WorkflowMultiBranchProject
      1 CTO/CTO-IA/Apigee-Proxy-Automated-New/apigee-epims_central_prescriber_mgmt_api_v50|apigee-epims_central_prescriber_mgmt_api_v50|class org.jenkinsci.plugins.workflow.multibranch.WorkflowMultiBranchProject
      1 CTO/CTO-IA/Apigee-Proxy-Automated-New/apigee-epims_central_prescriber_mgmt_api_v50
      1 CTO/CTO-IA/Apigee-Proxy-Automated-New/apigee-epims_central_prescriber_mgmt_api_v40|apigee-epims_central_prescriber_mgmt_api_v40|class org.jenkinsci.plugins.workflow.multibranch.WorkflowMultiBranchProject
      1 CTO/CTO-IA/Apigee-Proxy-Automated-New/apigee-epims_central_prescriber_mgmt_api_v40
      1 CTO/CTO-IA/Apigee-Proxy-Automated-New/apigee-epims_business_rules_r_v1r|apigee-epims_business_rules_r_v1r|class org.jenkinsci.plugins.workflow.multibranch.WorkflowMultiBranchProject
      1 CTO/CTO-IA/Apigee-Proxy-Automated-New/apigee-epic_web_blob_v2017r|apigee-epic_web_blob_v2017r|class org.jenkinsci.plugins.workflow.multibranch.WorkflowMultiBranchProject
      1 CTO/CTO-IA/Apigee-Proxy-Automated-New/apigee-epic_telehealth_gs_contextlinking_eoauth_v2018r|apigee-epic_telehealth_gs_contextlinking_eoauth_v2018r|class org.jenkinsci.plugins.workflow.multibranch.WorkflowMultiBranchProject
      1 CTO/CTO-IA/Apigee-Proxy-Automated-New/apigee-epic_telehealth_gs_contextlinking_eoauth_v2018r
      1 CTO/CTO-IA/Apigee-Proxy-Automated-New/apigee-epic_telehealth_gs_context_linking_services_v2018|apigee-epic_telehealth_gs_context_linking_services_v2018|class org.jenkinsci.plugins.workflow.multibranch.WorkflowMultiBranchProject
      1 CTO/CTO-IA/Apigee-Proxy-Automated-New/apigee-epic_telehealth_gs_context_linking_services_v2018r|apigee-epic_telehealth_gs_context_linking_services_v2018r|class org.jenkinsci.plugins.workflow.multibranch.WorkflowMultiBranchProject
      1 CTO/CTO-IA/Apigee-Proxy-Automated-New/apigee-epic_tapestrylink_gs_search_v2023|apigee-epic_tapestrylink_gs_search_v2023|class org.jenkinsci.plugins.workflow.multibranch.WorkflowMultiBranchProject
      1 CTO/CTO-IA/Apigee-Proxy-Automated-New/apigee-epic_tapestry_link_gs_search_services_v2019|apigee-epic_tapestry_link_gs_search_services_v2019|class org.jenkinsci.plugins.workflow.multibranch.WorkflowMultiBranchProject
      1 CTO/CTO-IA/Apigee-Proxy-Automated-New/apigee-epic_tapestry_apclaims_v2022s|apigee-epic_tapestry_apclaims_v2022s|class org.jenkinsci.plugins.workflow.multibranch.WorkflowMultiBranchProject
      1 CTO/CTO-IA/Apigee-Proxy-Automated-New/apigee-epic_tapestry_ap_claims_v2017|apigee-epic_tapestry_ap_claims_v2017|class org.jenkinsci.plugins.workflow.multibranch.WorkflowMultiBranchProject
      1 CTO/CTO-IA/Apigee-Proxy-Automated-New/apigee-epic_tapestry_ap_claims_v2011|apigee-epic_tapestry_ap_claims_v2011|class org.jenkinsci.plugins.workflow.multibranch.WorkflowMultiBranchProject
      1 CTO/CTO-IA/Apigee-Proxy-Automated-New/apigee-epic_tapestry_ap_claims_v2011
      1 CTO/CTO-IA/Apigee-Proxy-Automated-New/apigee-epic_specialty_gs_surgery_services_v2015|apigee-epic_specialty_gs_surgery_services_v2015|class org.jenkinsci.plugins.workflow.multibranch.WorkflowMultiBranchProject
      1 CTO/CTO-IA/Apigee-Proxy-Automated-New/apigee-epic_specialty_gs_surgery_services_v2015r|apigee-epic_specialty_gs_surgery_services_v2015r|class org.jenkinsci.plugins.workflow.multibranch.WorkflowMultiBranchProject
      1 CTO/CTO-IA/Apigee-Proxy-Automated-New/apigee-epic_specialty_gs_surgery_services_v2014|apigee-epic_specialty_gs_surgery_services_v2014|class org.jenkinsci.plugins.workflow.multibranch.WorkflowMultiBranchProject
      1 CTO/CTO-IA/Apigee-Proxy-Automated-New/apigee-epic_specialty_gs_surgery_services_v2011|apigee-epic_specialty_gs_surgery_services_v2011|class org.jenkinsci.plugins.workflow.multibranch.WorkflowMultiBranchProject
      1 CTO/CTO-IA/Apigee-Proxy-Automated-New/apigee-epic_specialty_gs_emergency_department_services_v2010|apigee-epic_specialty_gs_emergency_department_services_v2010|class org.jenkinsci.plugins.workflow.multibranch.WorkflowMultiBranchProject
      1 CTO/CTO-IA/Apigee-Proxy-Automated-New/apigee-epic_security_openid_v2019r|apigee-epic_security_openid_v2019r|class org.jenkinsci.plugins.workflow.multibranch.WorkflowMultiBranchProject
      1 CTO/CTO-IA/Apigee-Proxy-Automated-New/apigee-epic_security_openid_v2019r
      1 CTO/CTO-IA/Apigee-Proxy-Automated-New/apigee-epic_security_gs_personnel_management_v2017|apigee-epic_security_gs_personnel_management_v2017|class org.jenkinsci.plugins.workflow.multibranch.WorkflowMultiBranchProject
      1 CTO/CTO-IA/Apigee-Proxy-Automated-New/apigee-epic_security_gs_personnel_management_v2016|apigee-epic_security_gs_personnel_management_v2016|class org.jenkinsci.plugins.workflow.multibranch.WorkflowMultiBranchProject
      1 CTO/CTO-IA/Apigee-Proxy-Automated-New/apigee-epic_security_gs_personnel_management_v2015|apigee-epic_security_gs_personnel_management_v2015|class org.jenkinsci.plugins.workflow.multibranch.WorkflowMultiBranchProject
      1 CTO/CTO-IA/Apigee-Proxy-Automated-New/apigee-epic_security_gs_personnel_management_v2014|apigee-epic_security_gs_personnel_management_v2014|class org.jenkinsci.plugins.workflow.multibranch.WorkflowMultiBranchProject
      1 CTO/CTO-IA/Apigee-Proxy-Automated-New/apigee-epic_security_gs_personnel_management_v2012|apigee-epic_security_gs_personnel_management_v2012|class org.jenkinsci.plugins.workflow.multibranch.WorkflowMultiBranchProject
      1 CTO/CTO-IA/Apigee-Proxy-Automated-New/apigee-epic_security_gs_personnel_management_accessnow_v2017|apigee-epic_security_gs_personnel_management_accessnow_v2017|class org.jenkinsci.plugins.workflow.multibranch.WorkflowMultiBranchProject
      1 CTO/CTO-IA/Apigee-Proxy-Automated-New/apigee-epic_security_gs_personnel_management_accessnow_v2016|apigee-epic_security_gs_personnel_management_accessnow_v2016|class org.jenkinsci.plugins.workflow.multibranch.WorkflowMultiBranchProject
      1 CTO/CTO-IA/Apigee-Proxy-Automated-New/apigee-epic_security_gs_personnel_management_accessnow_v2015|apigee-epic_security_gs_personnel_management_accessnow_v2015|class org.jenkinsci.plugins.workflow.multibranch.WorkflowMultiBranchProject
      1 CTO/CTO-IA/Apigee-Proxy-Automated-New/apigee-epic_security_gs_personnel_management_accessnow_v2014|apigee-epic_security_gs_personnel_management_accessnow_v2014|class org.jenkinsci.plugins.workflow.multibranch.WorkflowMultiBranchProject
      1 CTO/CTO-IA/Apigee-Proxy-Automated-New/apigee-epic_security_gs_personnel_management_accessnow_v2014soap12|apigee-epic_security_gs_personnel_management_accessnow_v2014soap12|class org.jenkinsci.plugins.workflow.multibranch.WorkflowMultiBranchProject
      1 CTO/CTO-IA/Apigee-Proxy-Automated-New/apigee-epic_security_gs_personnel_management_accessnow_v2012|apigee-epic_security_gs_personnel_management_accessnow_v2012|class org.jenkinsci.plugins.workflow.multibranch.WorkflowMultiBranchProject
      1 CTO/CTO-IA/Apigee-Proxy-Automated-New/apigee-epic_security_gs_open_v2019r|apigee-epic_security_gs_open_v2019r|class org.jenkinsci.plugins.workflow.multibranch.WorkflowMultiBranchProject
      1 CTO/CTO-IA/Apigee-Proxy-Automated-New/apigee-epic_security_gs_break_the_glass_services_v2013|apigee-epic_security_gs_break_the_glass_services_v2013|class org.jenkinsci.plugins.workflow.multibranch.WorkflowMultiBranchProject
      1 CTO/CTO-IA/Apigee-Proxy-Automated-New/apigee-epic_scheduling_patient_for_econsult_ma_v1|apigee-epic_scheduling_patient_for_econsult_ma_v1|class org.jenkinsci.plugins.workflow.multibranch.WorkflowMultiBranchProject
      1 CTO/CTO-IA/Apigee-Proxy-Automated-New/apigee-epic_scheduling_gs_utility_services_v2014|apigee-epic_scheduling_gs_utility_services_v2014|class org.jenkinsci.plugins.workflow.multibranch.WorkflowMultiBranchProject
      1 CTO/CTO-IA/Apigee-Proxy-Automated-New/apigee-epic_scheduling_gs_provider_v2018|apigee-epic_scheduling_gs_provider_v2018|class org.jenkinsci.plugins.workflow.multibranch.WorkflowMultiBranchProject
      1 CTO/CTO-IA/Apigee-Proxy-Automated-New/apigee-epic_scheduling_gs_provider_v2018r|apigee-epic_scheduling_gs_provider_v2018r|class org.jenkinsci.plugins.workflow.multibranch.WorkflowMultiBranchProject
      1 CTO/CTO-IA/Apigee-Proxy-Automated-New/apigee-epic_scheduling_gs_provider_v2012r|apigee-epic_scheduling_gs_provider_v2012r|class org.jenkinsci.plugins.workflow.multibranch.WorkflowMultiBranchProject
      1 CTO/CTO-IA/Apigee-Proxy-Automated-New/apigee-epic_scheduling_gs_provider_services_v2017|apigee-epic_scheduling_gs_provider_services_v2017|class org.jenkinsci.plugins.workflow.multibranch.WorkflowMultiBranchProject
      1 CTO/CTO-IA/Apigee-Proxy-Automated-New/apigee-epic_scheduling_gs_provider_services_v2013|apigee-epic_scheduling_gs_provider_services_v2013|class org.jenkinsci.plugins.workflow.multibranch.WorkflowMultiBranchProject
      1 CTO/CTO-IA/Apigee-Proxy-Automated-New/apigee-epic_scheduling_gs_provider_services_v2013r|apigee-epic_scheduling_gs_provider_services_v2013r|class org.jenkinsci.plugins.workflow.multibranch.WorkflowMultiBranchProject
      1 CTO/CTO-IA/Apigee-Proxy-Automated-New/apigee-epic_scheduling_gs_provider_services_v2012|apigee-epic_scheduling_gs_provider_services_v2012|class org.jenkinsci.plugins.workflow.multibranch.WorkflowMultiBranchProject
      1 CTO/CTO-IA/Apigee-Proxy-Automated-New/apigee-epic_scheduling_gs_provider_services_v2012a|apigee-epic_scheduling_gs_provider_services_v2012a|class org.jenkinsci.plugins.workflow.multibranch.WorkflowMultiBranchProject
      1 CTO/CTO-IA/Apigee-Proxy-Automated-New/apigee-epic_scheduling_gs_provider_dexcare_v2012r|apigee-epic_scheduling_gs_provider_dexcare_v2012r|class org.jenkinsci.plugins.workflow.multibranch.WorkflowMultiBranchProject
      1 CTO/CTO-IA/Apigee-Proxy-Automated-New/apigee-epic_scheduling_gs_patient_v2020r|apigee-epic_scheduling_gs_patient_v2020r|class org.jenkinsci.plugins.workflow.multibranch.WorkflowMultiBranchProject
      1 CTO/CTO-IA/Apigee-Proxy-Automated-New/apigee-epic_scheduling_gs_patient_v2019|apigee-epic_scheduling_gs_patient_v2019|class org.jenkinsci.plugins.workflow.multibranch.WorkflowMultiBranchProject
      1 CTO/CTO-IA/Apigee-Proxy-Automated-New/apigee-epic_scheduling_gs_patient_v2019r|apigee-epic_scheduling_gs_patient_v2019r|class org.jenkinsci.plugins.workflow.multibranch.WorkflowMultiBranchProject
      1 CTO/CTO-IA/Apigee-Proxy-Automated-New/apigee-epic_scheduling_gs_patient_services_v2018|apigee-epic_scheduling_gs_patient_services_v2018|class org.jenkinsci.plugins.workflow.multibranch.WorkflowMultiBranchProject
      1 CTO/CTO-IA/Apigee-Proxy-Automated-New/apigee-epic_scheduling_gs_patient_services_v2018r|apigee-epic_scheduling_gs_patient_services_v2018r|class org.jenkinsci.plugins.workflow.multibranch.WorkflowMultiBranchProject
      1 CTO/CTO-IA/Apigee-Proxy-Automated-New/apigee-epic_scheduling_gs_patient_services_v2017|apigee-epic_scheduling_gs_patient_services_v2017|class org.jenkinsci.plugins.workflow.multibranch.WorkflowMultiBranchProject
      1 CTO/CTO-IA/Apigee-Proxy-Automated-New/apigee-epic_scheduling_gs_patient_services_v2017r|apigee-epic_scheduling_gs_patient_services_v2017r|class org.jenkinsci.plugins.workflow.multibranch.WorkflowMultiBranchProject
      1 CTO/CTO-IA/Apigee-Proxy-Automated-New/apigee-epic_scheduling_gs_patient_services_v2016|apigee-epic_scheduling_gs_patient_services_v2016|class org.jenkinsci.plugins.workflow.multibranch.WorkflowMultiBranchProject
      1 CTO/CTO-IA/Apigee-Proxy-Automated-New/apigee-epic_scheduling_gs_patient_services_v2014|apigee-epic_scheduling_gs_patient_services_v2014|class org.jenkinsci.plugins.workflow.multibranch.WorkflowMultiBranchProject
      1 CTO/CTO-IA/Apigee-Proxy-Automated-New/apigee-epic_scheduling_gs_patient_services_v2013|apigee-epic_scheduling_gs_patient_services_v2013|class org.jenkinsci.plugins.workflow.multibranch.WorkflowMultiBranchProject
      1 CTO/CTO-IA/Apigee-Proxy-Automated-New/apigee-epic_scheduling_gs_patient_services_v2013a|apigee-epic_scheduling_gs_patient_services_v2013a|class org.jenkinsci.plugins.workflow.multibranch.WorkflowMultiBranchProject
      1 CTO/CTO-IA/Apigee-Proxy-Automated-New/apigee-epic_scheduling_gs_patient_services_v2012|apigee-epic_scheduling_gs_patient_services_v2012|class org.jenkinsci.plugins.workflow.multibranch.WorkflowMultiBranchProject
      1 CTO/CTO-IA/Apigee-Proxy-Automated-New/apigee-epic_scheduling_gs_patient_services_v2011|apigee-epic_scheduling_gs_patient_services_v2011|class org.jenkinsci.plugins.workflow.multibranch.WorkflowMultiBranchProject
      1 CTO/CTO-IA/Apigee-Proxy-Automated-New/apigee-epic_scheduling_gs_patient_services_v2011r|apigee-epic_scheduling_gs_patient_services_v2011r|class org.jenkinsci.plugins.workflow.multibranch.WorkflowMultiBranchProject
      1 CTO/CTO-IA/Apigee-Proxy-Automated-New/apigee-epic_scheduling_gs_patient_services_v2010|apigee-epic_scheduling_gs_patient_services_v2010|class org.jenkinsci.plugins.workflow.multibranch.WorkflowMultiBranchProject
      1 CTO/CTO-IA/Apigee-Proxy-Automated-New/apigee-epic_scheduling_gs_patient_external_v2011|apigee-epic_scheduling_gs_patient_external_v2011|class org.jenkinsci.plugins.workflow.multibranch.WorkflowMultiBranchProject
      1 CTO/CTO-IA/Apigee-Proxy-Automated-New/apigee-epic_scheduling_gs_patient_dexcare_v2011r|apigee-epic_scheduling_gs_patient_dexcare_v2011r|class org.jenkinsci.plugins.workflow.multibranch.WorkflowMultiBranchProject
      1 CTO/CTO-IA/Apigee-Proxy-Automated-New/apigee-epic_revenue_utility_services_v2020r|apigee-epic_revenue_utility_services_v2020r|class org.jenkinsci.plugins.workflow.multibranch.WorkflowMultiBranchProject
      1 CTO/CTO-IA/Apigee-Proxy-Automated-New/apigee-epic_revenue_managedcare_v2019r|apigee-epic_revenue_managedcare_v2019r|class org.jenkinsci.plugins.workflow.multibranch.WorkflowMultiBranchProject
      1 CTO/CTO-IA/Apigee-Proxy-Automated-New/apigee-epic_revenue_managedcare_v2019r
      1 CTO/CTO-IA/Apigee-Proxy-Automated-New/apigee-epic_revenue_gs_member_services_v2020r|apigee-epic_revenue_gs_member_services_v2020r|class org.jenkinsci.plugins.workflow.multibranch.WorkflowMultiBranchProject
      1 CTO/CTO-IA/Apigee-Proxy-Automated-New/apigee-epic_revenue_gs_member_services_v2019r|apigee-epic_revenue_gs_member_services_v2019r|class org.jenkinsci.plugins.workflow.multibranch.WorkflowMultiBranchProject
      1 CTO/CTO-IA/Apigee-Proxy-Automated-New/apigee-epic_revenue_gs_apclaims_services_v2021r|apigee-epic_revenue_gs_apclaims_services_v2021r|class org.jenkinsci.plugins.workflow.multibranch.WorkflowMultiBranchProject
      1 CTO/CTO-IA/Apigee-Proxy-Automated-New/apigee-epic_results_gs_utility_services_v2014|apigee-epic_results_gs_utility_services_v2014|class org.jenkinsci.plugins.workflow.multibranch.WorkflowMultiBranchProject
      1 CTO/CTO-IA/Apigee-Proxy-Automated-New/apigee-epic_reporting_predictive_v2018r|apigee-epic_reporting_predictive_v2018r|class org.jenkinsci.plugins.workflow.multibranch.WorkflowMultiBranchProject
      1 CTO/CTO-IA/Apigee-Proxy-Automated-New/apigee-epic_reporting_predictive_services_v2017r|apigee-epic_reporting_predictive_services_v2017r|class org.jenkinsci.plugins.workflow.multibranch.WorkflowMultiBranchProject
      1 CTO/CTO-IA/Apigee-Proxy-Automated-New/apigee-epic_proxy_activation_ws_v1|apigee-epic_proxy_activation_ws_v1|class org.jenkinsci.plugins.workflow.multibranch.WorkflowMultiBranchProject
      1 CTO/CTO-IA/Apigee-Proxy-Automated-New/apigee-epic_proxy_activation_v1|apigee-epic_proxy_activation_v1|class org.jenkinsci.plugins.workflow.multibranch.WorkflowMultiBranchProject
      1 CTO/CTO-IA/Apigee-Proxy-Automated-New/apigee-epic_printing_gs_eps_local_v2017r|apigee-epic_printing_gs_eps_local_v2017r|class org.jenkinsci.plugins.workflow.multibranch.WorkflowMultiBranchProject
      1 CTO/CTO-IA/Apigee-Proxy-Automated-New/apigee-epic_patientaccess_update_services_v2009|apigee-epic_patientaccess_update_services_v2009|class org.jenkinsci.plugins.workflow.multibranch.WorkflowMultiBranchProject
      1 CTO/CTO-IA/Apigee-Proxy-Automated-New/apigee-epic_patientaccess_update_services_v2008-03|apigee-epic_patientaccess_update_services_v2008-03|class org.jenkinsci.plugins.workflow.multibranch.WorkflowMultiBranchProject
      1 CTO/CTO-IA/Apigee-Proxy-Automated-New/apigee-epic_patientaccess_update_services_v2006-12|apigee-epic_patientaccess_update_services_v2006-12|class org.jenkinsci.plugins.workflow.multibranch.WorkflowMultiBranchProject
      1 CTO/CTO-IA/Apigee-Proxy-Automated-New/apigee-epic_patientaccess_update_services_v2005-07|apigee-epic_patientaccess_update_services_v2005-07|class org.jenkinsci.plugins.workflow.multibranch.WorkflowMultiBranchProject
      1 CTO/CTO-IA/Apigee-Proxy-Automated-New/apigee-epic_patientaccess_update_services_v2005-01|apigee-epic_patientaccess_update_services_v2005-01|class org.jenkinsci.plugins.workflow.multibranch.WorkflowMultiBranchProject
      1 CTO/CTO-IA/Apigee-Proxy-Automated-New/apigee-epic_patientaccess_update_services_v2004-05|apigee-epic_patientaccess_update_services_v2004-05|class org.jenkinsci.plugins.workflow.multibranch.WorkflowMultiBranchProject
      1 CTO/CTO-IA/Apigee-Proxy-Automated-New/apigee-epic_patientaccess_mobile_services_v2017|apigee-epic_patientaccess_mobile_services_v2017|class org.jenkinsci.plugins.workflow.multibranch.WorkflowMultiBranchProject
      1 CTO/CTO-IA/Apigee-Proxy-Automated-New/apigee-epic_patientaccess_mobile_services_v2017r|apigee-epic_patientaccess_mobile_services_v2017r|class org.jenkinsci.plugins.workflow.multibranch.WorkflowMultiBranchProject
      1 CTO/CTO-IA/Apigee-Proxy-Automated-New/apigee-epic_patientaccess_legacy_v51|apigee-epic_patientaccess_legacy_v51|class org.jenkinsci.plugins.workflow.multibranch.WorkflowMultiBranchProject
      1 CTO/CTO-IA/Apigee-Proxy-Automated-New/apigee-epic_patientaccess_gs_patient_v2020r|apigee-epic_patientaccess_gs_patient_v2020r|class org.jenkinsci.plugins.workflow.multibranch.WorkflowMultiBranchProject
      1 CTO/CTO-IA/Apigee-Proxy-Automated-New/apigee-epic_patientaccess_gs_patient_v2015r|apigee-epic_patientaccess_gs_patient_v2015r|class org.jenkinsci.plugins.workflow.multibranch.WorkflowMultiBranchProject
      1 CTO/CTO-IA/Apigee-Proxy-Automated-New/apigee-epic_patientaccess_gs_patient_services_v2017|apigee-epic_patientaccess_gs_patient_services_v2017|class org.jenkinsci.plugins.workflow.multibranch.WorkflowMultiBranchProject
      1 CTO/CTO-IA/Apigee-Proxy-Automated-New/apigee-epic_patientaccess_gs_patient_services_v2017r|apigee-epic_patientaccess_gs_patient_services_v2017r|class org.jenkinsci.plugins.workflow.multibranch.WorkflowMultiBranchProject
      1 CTO/CTO-IA/Apigee-Proxy-Automated-New/apigee-epic_patientaccess_gs_patient_services_v2017c|apigee-epic_patientaccess_gs_patient_services_v2017c|class org.jenkinsci.plugins.workflow.multibranch.WorkflowMultiBranchProject
      1 CTO/CTO-IA/Apigee-Proxy-Automated-New/apigee-epic_patientaccess_gs_patient_services_v2017cr|apigee-epic_patientaccess_gs_patient_services_v2017cr|class org.jenkinsci.plugins.workflow.multibranch.WorkflowMultiBranchProject
      1 CTO/CTO-IA/Apigee-Proxy-Automated-New/apigee-epic_patientaccess_gs_patient_services_v2017b|apigee-epic_patientaccess_gs_patient_services_v2017b|class org.jenkinsci.plugins.workflow.multibranch.WorkflowMultiBranchProject
      1 CTO/CTO-IA/Apigee-Proxy-Automated-New/apigee-epic_patientaccess_gs_patient_services_v2017br|apigee-epic_patientaccess_gs_patient_services_v2017br|class org.jenkinsci.plugins.workflow.multibranch.WorkflowMultiBranchProject
      1 CTO/CTO-IA/Apigee-Proxy-Automated-New/apigee-epic_patientaccess_gs_patient_s_v2015|apigee-epic_patientaccess_gs_patient_s_v2015|class org.jenkinsci.plugins.workflow.multibranch.WorkflowMultiBranchProject
      1 CTO/CTO-IA/Apigee-Proxy-Automated-New/apigee-epic_patientaccess_gs_patient_legacy_v2012s|apigee-epic_patientaccess_gs_patient_legacy_v2012s|class org.jenkinsci.plugins.workflow.multibranch.WorkflowMultiBranchProject
      1 CTO/CTO-IA/Apigee-Proxy-Automated-New/apigee-epic_patientaccess_gs_external_services_v2019|apigee-epic_patientaccess_gs_external_services_v2019|class org.jenkinsci.plugins.workflow.multibranch.WorkflowMultiBranchProject
      1 CTO/CTO-IA/Apigee-Proxy-Automated-New/apigee-epic_patientaccess_gs_external_services_v2019r|apigee-epic_patientaccess_gs_external_services_v2019r|class org.jenkinsci.plugins.workflow.multibranch.WorkflowMultiBranchProject
      1 CTO/CTO-IA/Apigee-Proxy-Automated-New/apigee-epic_patientaccess_gs_external_services_v2018|apigee-epic_patientaccess_gs_external_services_v2018|class org.jenkinsci.plugins.workflow.multibranch.WorkflowMultiBranchProject
      1 CTO/CTO-IA/Apigee-Proxy-Automated-New/apigee-epic_patientaccess_gs_external_services_v2018r|apigee-epic_patientaccess_gs_external_services_v2018r|class org.jenkinsci.plugins.workflow.multibranch.WorkflowMultiBranchProject
      1 CTO/CTO-IA/Apigee-Proxy-Automated-New/apigee-epic_patientaccess_gs_external_services_v2018B|apigee-epic_patientaccess_gs_external_services_v2018B|class org.jenkinsci.plugins.workflow.multibranch.WorkflowMultiBranchProject
      1 CTO/CTO-IA/Apigee-Proxy-Automated-New/apigee-epic_patientaccess_gs_external_services_v2018Br|apigee-epic_patientaccess_gs_external_services_v2018Br|class org.jenkinsci.plugins.workflow.multibranch.WorkflowMultiBranchProject
      1 CTO/CTO-IA/Apigee-Proxy-Automated-New/apigee-epic_patientaccess_gs_external_services_v2017|apigee-epic_patientaccess_gs_external_services_v2017|class org.jenkinsci.plugins.workflow.multibranch.WorkflowMultiBranchProject
      1 CTO/CTO-IA/Apigee-Proxy-Automated-New/apigee-epic_patientaccess_gs_external_services_v2017r|apigee-epic_patientaccess_gs_external_services_v2017r|class org.jenkinsci.plugins.workflow.multibranch.WorkflowMultiBranchProject
      1 CTO/CTO-IA/Apigee-Proxy-Automated-New/apigee-epic_patientaccess_gs_external_services_v2016|apigee-epic_patientaccess_gs_external_services_v2016|class org.jenkinsci.plugins.workflow.multibranch.WorkflowMultiBranchProject
      1 CTO/CTO-IA/Apigee-Proxy-Automated-New/apigee-epic_patientaccess_gs_external_services_v2016r|apigee-epic_patientaccess_gs_external_services_v2016r|class org.jenkinsci.plugins.workflow.multibranch.WorkflowMultiBranchProject
      1 CTO/CTO-IA/Apigee-Proxy-Automated-New/apigee-epic_patientaccess_gs_external_services_v2015r|apigee-epic_patientaccess_gs_external_services_v2015r|class org.jenkinsci.plugins.workflow.multibranch.WorkflowMultiBranchProject
      1 CTO/CTO-IA/Apigee-Proxy-Automated-New/apigee-epic_patientaccess_gs_external_dexcare_v2014r|apigee-epic_patientaccess_gs_external_dexcare_v2014r|class org.jenkinsci.plugins.workflow.multibranch.WorkflowMultiBranchProject
      1 CTO/CTO-IA/Apigee-Proxy-Automated-New/apigee-epic_patientaccess_gs_external_dexcare_v2012r|apigee-epic_patientaccess_gs_external_dexcare_v2012r|class org.jenkinsci.plugins.workflow.multibranch.WorkflowMultiBranchProject
      1 CTO/CTO-IA/Apigee-Proxy-Automated-New/apigee-epic_patientaccess_gs_account_v2020r|apigee-epic_patientaccess_gs_account_v2020r|class org.jenkinsci.plugins.workflow.multibranch.WorkflowMultiBranchProject
      1 CTO/CTO-IA/Apigee-Proxy-Automated-New/apigee-epic_patient_access_ws_v51|apigee-epic_patient_access_ws_v51|class org.jenkinsci.plugins.workflow.multibranch.WorkflowMultiBranchProject
      1 CTO/CTO-IA/Apigee-Proxy-Automated-New/apigee-epic_patient_access_v51|apigee-epic_patient_access_v51|class org.jenkinsci.plugins.workflow.multibranch.WorkflowMultiBranchProject
      1 CTO/CTO-IA/Apigee-Proxy-Automated-New/apigee-epic_patient_access_sp07|apigee-epic_patient_access_sp07|class org.jenkinsci.plugins.workflow.multibranch.WorkflowMultiBranchProject
      1 CTO/CTO-IA/Apigee-Proxy-Automated-New/apigee-epic_patient_access_services_v2017|apigee-epic_patient_access_services_v2017|class org.jenkinsci.plugins.workflow.multibranch.WorkflowMultiBranchProject
      1 CTO/CTO-IA/Apigee-Proxy-Automated-New/apigee-epic_patient_access_services_v2011|apigee-epic_patient_access_services_v2011|class org.jenkinsci.plugins.workflow.multibranch.WorkflowMultiBranchProject
      1 CTO/CTO-IA/Apigee-Proxy-Automated-New/apigee-epic_patient_access_services_v2010|apigee-epic_patient_access_services_v2010|class org.jenkinsci.plugins.workflow.multibranch.WorkflowMultiBranchProject
      1 CTO/CTO-IA/Apigee-Proxy-Automated-New/apigee-epic_patient_access_services_v2009|apigee-epic_patient_access_services_v2009|class org.jenkinsci.plugins.workflow.multibranch.WorkflowMultiBranchProject
      1 CTO/CTO-IA/Apigee-Proxy-Automated-New/apigee-epic_patient_access_scalvam_v51|apigee-epic_patient_access_scalvam_v51|class org.jenkinsci.plugins.workflow.multibranch.WorkflowMultiBranchProject
      1 CTO/CTO-IA/Apigee-Proxy-Automated-New/apigee-epic_patient_access_scaltcm_v51|apigee-epic_patient_access_scaltcm_v51|class org.jenkinsci.plugins.workflow.multibranch.WorkflowMultiBranchProject
      1 CTO/CTO-IA/Apigee-Proxy-Automated-New/apigee-epic_patient_access_scalsdm_v51|apigee-epic_patient_access_scalsdm_v51|class org.jenkinsci.plugins.workflow.multibranch.WorkflowMultiBranchProject
      1 CTO/CTO-IA/Apigee-Proxy-Automated-New/apigee-epic_patient_access_scalocm_v51|apigee-epic_patient_access_scalocm_v51|class org.jenkinsci.plugins.workflow.multibranch.WorkflowMultiBranchProject
      1 CTO/CTO-IA/Apigee-Proxy-Automated-New/apigee-epic_patient_access_scalmlm_v51|apigee-epic_patient_access_scalmlm_v51|class org.jenkinsci.plugins.workflow.multibranch.WorkflowMultiBranchProject
      1 CTO/CTO-IA/Apigee-Proxy-Automated-New/apigee-epic_patient_access_scaliem_v51|apigee-epic_patient_access_scaliem_v51|class org.jenkinsci.plugins.workflow.multibranch.WorkflowMultiBranchProject
      1 CTO/CTO-IA/Apigee-Proxy-Automated-New/apigee-epic_patient_access_nw_v51|apigee-epic_patient_access_nw_v51|class org.jenkinsci.plugins.workflow.multibranch.WorkflowMultiBranchProject
      1 CTO/CTO-IA/Apigee-Proxy-Automated-New/apigee-epic_patient_access_mychart_bedside_services_v2012r|apigee-epic_patient_access_mychart_bedside_services_v2012r|class org.jenkinsci.plugins.workflow.multibranch.WorkflowMultiBranchProject
      1 CTO/CTO-IA/Apigee-Proxy-Automated-New/apigee-epic_patient_access_my_chart_bedside_services_v2012|apigee-epic_patient_access_my_chart_bedside_services_v2012|class org.jenkinsci.plugins.workflow.multibranch.WorkflowMultiBranchProject
      1 CTO/CTO-IA/Apigee-Proxy-Automated-New/apigee-epic_patient_access_mobile_v2016|apigee-epic_patient_access_mobile_v2016|class org.jenkinsci.plugins.workflow.multibranch.WorkflowMultiBranchProject
      1 CTO/CTO-IA/Apigee-Proxy-Automated-New/apigee-epic_patient_access_mobile_v2016
      1 CTO/CTO-IA/Apigee-Proxy-Automated-New/apigee-epic_patient_access_mobile_services_v2020|apigee-epic_patient_access_mobile_services_v2020|class org.jenkinsci.plugins.workflow.multibranch.WorkflowMultiBranchProject
      1 CTO/CTO-IA/Apigee-Proxy-Automated-New/apigee-epic_patient_access_mobile_services_v2018|apigee-epic_patient_access_mobile_services_v2018|class org.jenkinsci.plugins.workflow.multibranch.WorkflowMultiBranchProject
      1 CTO/CTO-IA/Apigee-Proxy-Automated-New/apigee-epic_patient_access_mobile_services_v2018r|apigee-epic_patient_access_mobile_services_v2018r|class org.jenkinsci.plugins.workflow.multibranch.WorkflowMultiBranchProject
      1 CTO/CTO-IA/Apigee-Proxy-Automated-New/apigee-epic_patient_access_mobile_services_v2016|apigee-epic_patient_access_mobile_services_v2016|class org.jenkinsci.plugins.workflow.multibranch.WorkflowMultiBranchProject
      1 CTO/CTO-IA/Apigee-Proxy-Automated-New/apigee-epic_patient_access_mobile_services_v2016m|apigee-epic_patient_access_mobile_services_v2016m|class org.jenkinsci.plugins.workflow.multibranch.WorkflowMultiBranchProject
      1 CTO/CTO-IA/Apigee-Proxy-Automated-New/apigee-epic_patient_access_mobile_services_v2015|apigee-epic_patient_access_mobile_services_v2015|class org.jenkinsci.plugins.workflow.multibranch.WorkflowMultiBranchProject
      1 CTO/CTO-IA/Apigee-Proxy-Automated-New/apigee-epic_patient_access_mobile_services_v2014|apigee-epic_patient_access_mobile_services_v2014|class org.jenkinsci.plugins.workflow.multibranch.WorkflowMultiBranchProject
      1 CTO/CTO-IA/Apigee-Proxy-Automated-New/apigee-epic_patient_access_mobile_services_v2013|apigee-epic_patient_access_mobile_services_v2013|class org.jenkinsci.plugins.workflow.multibranch.WorkflowMultiBranchProject
      1 CTO/CTO-IA/Apigee-Proxy-Automated-New/apigee-epic_patient_access_mobile_services_v2013m|apigee-epic_patient_access_mobile_services_v2013m|class org.jenkinsci.plugins.workflow.multibranch.WorkflowMultiBranchProject
      1 CTO/CTO-IA/Apigee-Proxy-Automated-New/apigee-epic_patient_access_mobile_services_v2013a|apigee-epic_patient_access_mobile_services_v2013a|class org.jenkinsci.plugins.workflow.multibranch.WorkflowMultiBranchProject
      1 CTO/CTO-IA/Apigee-Proxy-Automated-New/apigee-epic_patient_access_mobile_services_v2011|apigee-epic_patient_access_mobile_services_v2011|class org.jenkinsci.plugins.workflow.multibranch.WorkflowMultiBranchProject
      1 CTO/CTO-IA/Apigee-Proxy-Automated-New/apigee-epic_patient_access_mobile_services_v2011a|apigee-epic_patient_access_mobile_services_v2011a|class org.jenkinsci.plugins.workflow.multibranch.WorkflowMultiBranchProject
      1 CTO/CTO-IA/Apigee-Proxy-Automated-New/apigee-epic_patient_access_mobile_services_v2010|apigee-epic_patient_access_mobile_services_v2010|class org.jenkinsci.plugins.workflow.multibranch.WorkflowMultiBranchProject
      1 CTO/CTO-IA/Apigee-Proxy-Automated-New/apigee-epic_patient_access_ma_v51|apigee-epic_patient_access_ma_v51|class org.jenkinsci.plugins.workflow.multibranch.WorkflowMultiBranchProject
      1 CTO/CTO-IA/Apigee-Proxy-Automated-New/apigee-epic_patient_access_gs_utility_services_v2012|apigee-epic_patient_access_gs_utility_services_v2012|class org.jenkinsci.plugins.workflow.multibranch.WorkflowMultiBranchProject
      1 CTO/CTO-IA/Apigee-Proxy-Automated-New/apigee-epic_patient_access_gs_patient_v2019|apigee-epic_patient_access_gs_patient_v2019|class org.jenkinsci.plugins.workflow.multibranch.WorkflowMultiBranchProject
      1 CTO/CTO-IA/Apigee-Proxy-Automated-New/apigee-epic_patient_access_gs_patient_v2019r|apigee-epic_patient_access_gs_patient_v2019r|class org.jenkinsci.plugins.workflow.multibranch.WorkflowMultiBranchProject
      1 CTO/CTO-IA/Apigee-Proxy-Automated-New/apigee-epic_patient_access_gs_patient_v2018|apigee-epic_patient_access_gs_patient_v2018|class org.jenkinsci.plugins.workflow.multibranch.WorkflowMultiBranchProject
      1 CTO/CTO-IA/Apigee-Proxy-Automated-New/apigee-epic_patient_access_gs_patient_v2018r|apigee-epic_patient_access_gs_patient_v2018r|class org.jenkinsci.plugins.workflow.multibranch.WorkflowMultiBranchProject
      1 CTO/CTO-IA/Apigee-Proxy-Automated-New/apigee-epic_patient_access_gs_patient_services_v2016|apigee-epic_patient_access_gs_patient_services_v2016|class org.jenkinsci.plugins.workflow.multibranch.WorkflowMultiBranchProject
      1 CTO/CTO-IA/Apigee-Proxy-Automated-New/apigee-epic_patient_access_gs_patient_services_v2016r|apigee-epic_patient_access_gs_patient_services_v2016r|class org.jenkinsci.plugins.workflow.multibranch.WorkflowMultiBranchProject
      1 CTO/CTO-IA/Apigee-Proxy-Automated-New/apigee-epic_patient_access_gs_patient_services_v2016b|apigee-epic_patient_access_gs_patient_services_v2016b|class org.jenkinsci.plugins.workflow.multibranch.WorkflowMultiBranchProject
      1 CTO/CTO-IA/Apigee-Proxy-Automated-New/apigee-epic_patient_access_gs_patient_services_v2016br|apigee-epic_patient_access_gs_patient_services_v2016br|class org.jenkinsci.plugins.workflow.multibranch.WorkflowMultiBranchProject
      1 CTO/CTO-IA/Apigee-Proxy-Automated-New/apigee-epic_patient_access_gs_patient_services_v2015|apigee-epic_patient_access_gs_patient_services_v2015|class org.jenkinsci.plugins.workflow.multibranch.WorkflowMultiBranchProject
      1 CTO/CTO-IA/Apigee-Proxy-Automated-New/apigee-epic_patient_access_gs_patient_services_v2015a|apigee-epic_patient_access_gs_patient_services_v2015a|class org.jenkinsci.plugins.workflow.multibranch.WorkflowMultiBranchProject
      1 CTO/CTO-IA/Apigee-Proxy-Automated-New/apigee-epic_patient_access_gs_patient_services_v2014|apigee-epic_patient_access_gs_patient_services_v2014|class org.jenkinsci.plugins.workflow.multibranch.WorkflowMultiBranchProject
      1 CTO/CTO-IA/Apigee-Proxy-Automated-New/apigee-epic_patient_access_gs_patient_services_v2014a|apigee-epic_patient_access_gs_patient_services_v2014a|class org.jenkinsci.plugins.workflow.multibranch.WorkflowMultiBranchProject
      1 CTO/CTO-IA/Apigee-Proxy-Automated-New/apigee-epic_patient_access_gs_patient_services_v2013|apigee-epic_patient_access_gs_patient_services_v2013|class org.jenkinsci.plugins.workflow.multibranch.WorkflowMultiBranchProject
      1 CTO/CTO-IA/Apigee-Proxy-Automated-New/apigee-epic_patient_access_gs_patient_services_v2013r|apigee-epic_patient_access_gs_patient_services_v2013r|class org.jenkinsci.plugins.workflow.multibranch.WorkflowMultiBranchProject
      1 CTO/CTO-IA/Apigee-Proxy-Automated-New/apigee-epic_patient_access_gs_patient_services_v2012|apigee-epic_patient_access_gs_patient_services_v2012|class org.jenkinsci.plugins.workflow.multibranch.WorkflowMultiBranchProject
      1 CTO/CTO-IA/Apigee-Proxy-Automated-New/apigee-epic_patient_access_gs_external_services_v2015|apigee-epic_patient_access_gs_external_services_v2015|class org.jenkinsci.plugins.workflow.multibranch.WorkflowMultiBranchProject
      1 CTO/CTO-IA/Apigee-Proxy-Automated-New/apigee-epic_patient_access_gs_external_services_v2014|apigee-epic_patient_access_gs_external_services_v2014|class org.jenkinsci.plugins.workflow.multibranch.WorkflowMultiBranchProject
      1 CTO/CTO-IA/Apigee-Proxy-Automated-New/apigee-epic_patient_access_gs_external_services_v2014r|apigee-epic_patient_access_gs_external_services_v2014r|class org.jenkinsci.plugins.workflow.multibranch.WorkflowMultiBranchProject
      1 CTO/CTO-IA/Apigee-Proxy-Automated-New/apigee-epic_patient_access_gs_external_services_v2012|apigee-epic_patient_access_gs_external_services_v2012|class org.jenkinsci.plugins.workflow.multibranch.WorkflowMultiBranchProject
      1 CTO/CTO-IA/Apigee-Proxy-Automated-New/apigee-epic_patient_access_gs_external_services_v2012r|apigee-epic_patient_access_gs_external_services_v2012r|class org.jenkinsci.plugins.workflow.multibranch.WorkflowMultiBranchProject
      1 CTO/CTO-IA/Apigee-Proxy-Automated-New/apigee-epic_patient_access_gs_account_v2018|apigee-epic_patient_access_gs_account_v2018|class org.jenkinsci.plugins.workflow.multibranch.WorkflowMultiBranchProject
      1 CTO/CTO-IA/Apigee-Proxy-Automated-New/apigee-epic_patient_access_gs_account_v2018r|apigee-epic_patient_access_gs_account_v2018r|class org.jenkinsci.plugins.workflow.multibranch.WorkflowMultiBranchProject
      1 CTO/CTO-IA/Apigee-Proxy-Automated-New/apigee-epic_patient_access_gs_account_services_v2018|apigee-epic_patient_access_gs_account_services_v2018|class org.jenkinsci.plugins.workflow.multibranch.WorkflowMultiBranchProject
      1 CTO/CTO-IA/Apigee-Proxy-Automated-New/apigee-epic_patient_access_gs_account_services_v2018
      1 CTO/CTO-IA/Apigee-Proxy-Automated-New/apigee-epic_patient_access_gs_account_services_v2012|apigee-epic_patient_access_gs_account_services_v2012|class org.jenkinsci.plugins.workflow.multibranch.WorkflowMultiBranchProject
      1 CTO/CTO-IA/Apigee-Proxy-Automated-New/apigee-epic_patient_access_ga_v51|apigee-epic_patient_access_ga_v51|class org.jenkinsci.plugins.workflow.multibranch.WorkflowMultiBranchProject
      1 CTO/CTO-IA/Apigee-Proxy-Automated-New/apigee-epic_patient_access_co_v51|apigee-epic_patient_access_co_v51|class org.jenkinsci.plugins.workflow.multibranch.WorkflowMultiBranchProject
      1 CTO/CTO-IA/Apigee-Proxy-Automated-New/apigee-epic_orders_v1|apigee-epic_orders_v1|class org.jenkinsci.plugins.workflow.multibranch.WorkflowMultiBranchProject
      1 CTO/CTO-IA/Apigee-Proxy-Automated-New/apigee-epic_oauth2introspect_v2023r|apigee-epic_oauth2introspect_v2023r|class org.jenkinsci.plugins.workflow.multibranch.WorkflowMultiBranchProject
      1 CTO/CTO-IA/Apigee-Proxy-Automated-New/apigee-epic_oauth2_services_v2014r|apigee-epic_oauth2_services_v2014r|class org.jenkinsci.plugins.workflow.multibranch.WorkflowMultiBranchProject
      1 CTO/CTO-IA/Apigee-Proxy-Automated-New/apigee-epic_notification_broker_v2017r|apigee-epic_notification_broker_v2017r|class org.jenkinsci.plugins.workflow.multibranch.WorkflowMultiBranchProject
      1 CTO/CTO-IA/Apigee-Proxy-Automated-New/apigee-epic_nebula_cognitive_computing_v1r|apigee-epic_nebula_cognitive_computing_v1r|class org.jenkinsci.plugins.workflow.multibranch.WorkflowMultiBranchProject
      1 CTO/CTO-IA/Apigee-Proxy-Automated-New/apigee-epic_mychart_mobile_v2020r|apigee-epic_mychart_mobile_v2020r|class org.jenkinsci.plugins.workflow.multibranch.WorkflowMultiBranchProject
      1 CTO/CTO-IA/Apigee-Proxy-Automated-New/apigee-epic_mychart_mobile_services_v2020r|apigee-epic_mychart_mobile_services_v2020r|class org.jenkinsci.plugins.workflow.multibranch.WorkflowMultiBranchProject
      1 CTO/CTO-IA/Apigee-Proxy-Automated-New/apigee-epic_my_chart_gs_patient_services_v2010|apigee-epic_my_chart_gs_patient_services_v2010|class org.jenkinsci.plugins.workflow.multibranch.WorkflowMultiBranchProject
      1 CTO/CTO-IA/Apigee-Proxy-Automated-New/apigee-epic_managed_care_account_services_v2010|apigee-epic_managed_care_account_services_v2010|class org.jenkinsci.plugins.workflow.multibranch.WorkflowMultiBranchProject
      1 CTO/CTO-IA/Apigee-Proxy-Automated-New/apigee-epic_interconnect_gs_utility_v2021r|apigee-epic_interconnect_gs_utility_v2021r|class org.jenkinsci.plugins.workflow.multibranch.WorkflowMultiBranchProject
      1 CTO/CTO-IA/Apigee-Proxy-Automated-New/apigee-epic_interconnect_gs_utility_v2021r
      1 CTO/CTO-IA/Apigee-Proxy-Automated-New/apigee-epic_interconnect_diagnostics_services_v200908|apigee-epic_interconnect_diagnostics_services_v200908|class org.jenkinsci.plugins.workflow.multibranch.WorkflowMultiBranchProject
      1 CTO/CTO-IA/Apigee-Proxy-Automated-New/apigee-epic_interconnect_core_services_v200405|apigee-epic_interconnect_core_services_v200405|class org.jenkinsci.plugins.workflow.multibranch.WorkflowMultiBranchProject
      1 CTO/CTO-IA/Apigee-Proxy-Automated-New/apigee-epic_informatics_gs_order_services_v2014|apigee-epic_informatics_gs_order_services_v2014|class org.jenkinsci.plugins.workflow.multibranch.WorkflowMultiBranchProject
      1 CTO/CTO-IA/Apigee-Proxy-Automated-New/apigee-epic_informatics_gs_order_external_v2014|apigee-epic_informatics_gs_order_external_v2014|class org.jenkinsci.plugins.workflow.multibranch.WorkflowMultiBranchProject
      1 CTO/CTO-IA/Apigee-Proxy-Automated-New/apigee-epic_imaging_services_v2008|apigee-epic_imaging_services_v2008|class org.jenkinsci.plugins.workflow.multibranch.WorkflowMultiBranchProject
      1 CTO/CTO-IA/Apigee-Proxy-Automated-New/apigee-epic_haiku_canto_routing_proxy_v3r|apigee-epic_haiku_canto_routing_proxy_v3r|class org.jenkinsci.plugins.workflow.multibranch.WorkflowMultiBranchProject
      1 CTO/CTO-IA/Apigee-Proxy-Automated-New/apigee-epic_haiku_canto_oauth2_v3r|apigee-epic_haiku_canto_oauth2_v3r|class org.jenkinsci.plugins.workflow.multibranch.WorkflowMultiBranchProject
      1 CTO/CTO-IA/Apigee-Proxy-Automated-New/apigee-epic_haiku_canto_oauth2_v3r
      1 CTO/CTO-IA/Apigee-Proxy-Automated-New/apigee-epic_haiku_canto_o_auth2v30r|apigee-epic_haiku_canto_o_auth2v30r|class org.jenkinsci.plugins.workflow.multibranch.WorkflowMultiBranchProject
      1 CTO/CTO-IA/Apigee-Proxy-Automated-New/apigee-epic_haiku_canto_mobile_v3r|apigee-epic_haiku_canto_mobile_v3r|class org.jenkinsci.plugins.workflow.multibranch.WorkflowMultiBranchProject
      1 CTO/CTO-IA/Apigee-Proxy-Automated-New/apigee-epic_haiku_canto_mobile_v3r
      1 CTO/CTO-IA/Apigee-Proxy-Automated-New/apigee-epic_haiku_canto_mobile_v30r|apigee-epic_haiku_canto_mobile_v30r|class org.jenkinsci.plugins.workflow.multibranch.WorkflowMultiBranchProject
      1 CTO/CTO-IA/Apigee-Proxy-Automated-New/apigee-epic_haiku_canto_listener_v3|apigee-epic_haiku_canto_listener_v3|class org.jenkinsci.plugins.workflow.multibranch.WorkflowMultiBranchProject
      1 CTO/CTO-IA/Apigee-Proxy-Automated-New/apigee-epic_haiku_canto_listener_v30|apigee-epic_haiku_canto_listener_v30|class org.jenkinsci.plugins.workflow.multibranch.WorkflowMultiBranchProject
      1 CTO/CTO-IA/Apigee-Proxy-Automated-New/apigee-epic_haiku_canto_listener_v3
      1 CTO/CTO-IA/Apigee-Proxy-Automated-New/apigee-epic_fhir_task_r4_mux|apigee-epic_fhir_task_r4_mux|class org.jenkinsci.plugins.workflow.multibranch.WorkflowMultiBranchProject
      1 CTO/CTO-IA/Apigee-Proxy-Automated-New/apigee-epic_fhir_slot_stu3|apigee-epic_fhir_slot_stu3|class org.jenkinsci.plugins.workflow.multibranch.WorkflowMultiBranchProject
      1 CTO/CTO-IA/Apigee-Proxy-Automated-New/apigee-epic_fhir_servicerequest_r4_mux|apigee-epic_fhir_servicerequest_r4_mux|class org.jenkinsci.plugins.workflow.multibranch.WorkflowMultiBranchProject
      1 CTO/CTO-IA/Apigee-Proxy-Automated-New/apigee-epic_fhir_security_router_v1|apigee-epic_fhir_security_router_v1|class org.jenkinsci.plugins.workflow.multibranch.WorkflowMultiBranchProject
      1 CTO/CTO-IA/Apigee-Proxy-Automated-New/apigee-epic_fhir_schedule_stu3|apigee-epic_fhir_schedule_stu3|class org.jenkinsci.plugins.workflow.multibranch.WorkflowMultiBranchProject
      1 CTO/CTO-IA/Apigee-Proxy-Automated-New/apigee-epic_fhir_procedurerequest_stu3|apigee-epic_fhir_procedurerequest_stu3|class org.jenkinsci.plugins.workflow.multibranch.WorkflowMultiBranchProject
      1 CTO/CTO-IA/Apigee-Proxy-Automated-New/apigee-epic_fhir_procedure_stu3|apigee-epic_fhir_procedure_stu3|class org.jenkinsci.plugins.workflow.multibranch.WorkflowMultiBranchProject
      1 CTO/CTO-IA/Apigee-Proxy-Automated-New/apigee-epic_fhir_practitionerrole_stu3|apigee-epic_fhir_practitionerrole_stu3|class org.jenkinsci.plugins.workflow.multibranch.WorkflowMultiBranchProject
      1 CTO/CTO-IA/Apigee-Proxy-Automated-New/apigee-epic_fhir_practitionerrole_stu3_mux|apigee-epic_fhir_practitionerrole_stu3_mux|class org.jenkinsci.plugins.workflow.multibranch.WorkflowMultiBranchProject
      1 CTO/CTO-IA/Apigee-Proxy-Automated-New/apigee-epic_fhir_practitioner_stu3|apigee-epic_fhir_practitioner_stu3|class org.jenkinsci.plugins.workflow.multibranch.WorkflowMultiBranchProject
      1 CTO/CTO-IA/Apigee-Proxy-Automated-New/apigee-epic_fhir_practitioner_stu3_mux|apigee-epic_fhir_practitioner_stu3_mux|class org.jenkinsci.plugins.workflow.multibranch.WorkflowMultiBranchProject
      1 CTO/CTO-IA/Apigee-Proxy-Automated-New/apigee-epic_fhir_patient_stu3|apigee-epic_fhir_patient_stu3|class org.jenkinsci.plugins.workflow.multibranch.WorkflowMultiBranchProject
      1 CTO/CTO-IA/Apigee-Proxy-Automated-New/apigee-epic_fhir_patient_stu3_mux|apigee-epic_fhir_patient_stu3_mux|class org.jenkinsci.plugins.workflow.multibranch.WorkflowMultiBranchProject
      1 CTO/CTO-IA/Apigee-Proxy-Automated-New/apigee-epic_fhir_patient_r4_mux|apigee-epic_fhir_patient_r4_mux|class org.jenkinsci.plugins.workflow.multibranch.WorkflowMultiBranchProject
      1 CTO/CTO-IA/Apigee-Proxy-Automated-New/apigee-epic_fhir_patient_empi_r4_mux|apigee-epic_fhir_patient_empi_r4_mux|class org.jenkinsci.plugins.workflow.multibranch.WorkflowMultiBranchProject
      1 CTO/CTO-IA/Apigee-Proxy-Automated-New/apigee-epic_fhir_organization_stu3|apigee-epic_fhir_organization_stu3|class org.jenkinsci.plugins.workflow.multibranch.WorkflowMultiBranchProject
      1 CTO/CTO-IA/Apigee-Proxy-Automated-New/apigee-epic_fhir_observation_stu3|apigee-epic_fhir_observation_stu3|class org.jenkinsci.plugins.workflow.multibranch.WorkflowMultiBranchProject
      1 CTO/CTO-IA/Apigee-Proxy-Automated-New/apigee-epic_fhir_observation_stu3_mux|apigee-epic_fhir_observation_stu3_mux|class org.jenkinsci.plugins.workflow.multibranch.WorkflowMultiBranchProject
      1 CTO/CTO-IA/Apigee-Proxy-Automated-New/apigee-epic_fhir_muxoauth2router_v2021|apigee-epic_fhir_muxoauth2router_v2021|class org.jenkinsci.plugins.workflow.multibranch.WorkflowMultiBranchProject
      1 CTO/CTO-IA/Apigee-Proxy-Automated-New/apigee-epic_fhir_metadata_stu3|apigee-epic_fhir_metadata_stu3|class org.jenkinsci.plugins.workflow.multibranch.WorkflowMultiBranchProject
      1 CTO/CTO-IA/Apigee-Proxy-Automated-New/apigee-epic_fhir_metadata_r4|apigee-epic_fhir_metadata_r4|class org.jenkinsci.plugins.workflow.multibranch.WorkflowMultiBranchProject
      1 CTO/CTO-IA/Apigee-Proxy-Automated-New/apigee-epic_fhir_medicationstatement_stu3|apigee-epic_fhir_medicationstatement_stu3|class org.jenkinsci.plugins.workflow.multibranch.WorkflowMultiBranchProject
      1 CTO/CTO-IA/Apigee-Proxy-Automated-New/apigee-epic_fhir_medicationrequest_stu3|apigee-epic_fhir_medicationrequest_stu3|class org.jenkinsci.plugins.workflow.multibranch.WorkflowMultiBranchProject
      1 CTO/CTO-IA/Apigee-Proxy-Automated-New/apigee-epic_fhir_medication_stu3|apigee-epic_fhir_medication_stu3|class org.jenkinsci.plugins.workflow.multibranch.WorkflowMultiBranchProject
      1 CTO/CTO-IA/Apigee-Proxy-Automated-New/apigee-epic_fhir_location_stu3|apigee-epic_fhir_location_stu3|class org.jenkinsci.plugins.workflow.multibranch.WorkflowMultiBranchProject
      1 CTO/CTO-IA/Apigee-Proxy-Automated-New/apigee-epic_fhir_list_stu3|apigee-epic_fhir_list_stu3|class org.jenkinsci.plugins.workflow.multibranch.WorkflowMultiBranchProject
      1 CTO/CTO-IA/Apigee-Proxy-Automated-New/apigee-epic_fhir_immunization_stu3|apigee-epic_fhir_immunization_stu3|class org.jenkinsci.plugins.workflow.multibranch.WorkflowMultiBranchProject
      1 CTO/CTO-IA/Apigee-Proxy-Automated-New/apigee-epic_fhir_group_stu3|apigee-epic_fhir_group_stu3|class org.jenkinsci.plugins.workflow.multibranch.WorkflowMultiBranchProject
      1 CTO/CTO-IA/Apigee-Proxy-Automated-New/apigee-epic_fhir_group_r4|apigee-epic_fhir_group_r4|class org.jenkinsci.plugins.workflow.multibranch.WorkflowMultiBranchProject
      1 CTO/CTO-IA/Apigee-Proxy-Automated-New/apigee-epic_fhir_goal_stu3|apigee-epic_fhir_goal_stu3|class org.jenkinsci.plugins.workflow.multibranch.WorkflowMultiBranchProject
      1 CTO/CTO-IA/Apigee-Proxy-Automated-New/apigee-epic_fhir_goal_r4|apigee-epic_fhir_goal_r4|class org.jenkinsci.plugins.workflow.multibranch.WorkflowMultiBranchProject
      1 CTO/CTO-IA/Apigee-Proxy-Automated-New/apigee-epic_fhir_explanationofbenefit_stu3|apigee-epic_fhir_explanationofbenefit_stu3|class org.jenkinsci.plugins.workflow.multibranch.WorkflowMultiBranchProject
      1 CTO/CTO-IA/Apigee-Proxy-Automated-New/apigee-epic_fhir_explanationofbenefit_r4|apigee-epic_fhir_explanationofbenefit_r4|class org.jenkinsci.plugins.workflow.multibranch.WorkflowMultiBranchProject
      1 CTO/CTO-IA/Apigee-Proxy-Automated-New/apigee-epic_fhir_endpoint_stu3|apigee-epic_fhir_endpoint_stu3|class org.jenkinsci.plugins.workflow.multibranch.WorkflowMultiBranchProject
      1 CTO/CTO-IA/Apigee-Proxy-Automated-New/apigee-epic_fhir_endpoint_r4|apigee-epic_fhir_endpoint_r4|class org.jenkinsci.plugins.workflow.multibranch.WorkflowMultiBranchProject
      1 CTO/CTO-IA/Apigee-Proxy-Automated-New/apigee-epic_fhir_encounter_stu3|apigee-epic_fhir_encounter_stu3|class org.jenkinsci.plugins.workflow.multibranch.WorkflowMultiBranchProject
      1 CTO/CTO-IA/Apigee-Proxy-Automated-New/apigee-epic_fhir_encounter_stu3_mux|apigee-epic_fhir_encounter_stu3_mux|class org.jenkinsci.plugins.workflow.multibranch.WorkflowMultiBranchProject
      1 CTO/CTO-IA/Apigee-Proxy-Automated-New/apigee-epic_fhir_encounter_r4|apigee-epic_fhir_encounter_r4|class org.jenkinsci.plugins.workflow.multibranch.WorkflowMultiBranchProject
      1 CTO/CTO-IA/Apigee-Proxy-Automated-New/apigee-epic_fhir_documentreference_stu3|apigee-epic_fhir_documentreference_stu3|class org.jenkinsci.plugins.workflow.multibranch.WorkflowMultiBranchProject
      1 CTO/CTO-IA/Apigee-Proxy-Automated-New/apigee-epic_fhir_documentreference_r4|apigee-epic_fhir_documentreference_r4|class org.jenkinsci.plugins.workflow.multibranch.WorkflowMultiBranchProject
      1 CTO/CTO-IA/Apigee-Proxy-Automated-New/apigee-epic_fhir_documentreference_r4_mux|apigee-epic_fhir_documentreference_r4_mux|class org.jenkinsci.plugins.workflow.multibranch.WorkflowMultiBranchProject
      1 CTO/CTO-IA/Apigee-Proxy-Automated-New/apigee-epic_fhir_diagnosticreport_stu3|apigee-epic_fhir_diagnosticreport_stu3|class org.jenkinsci.plugins.workflow.multibranch.WorkflowMultiBranchProject
      1 CTO/CTO-IA/Apigee-Proxy-Automated-New/apigee-epic_fhir_diagnosticreport_r4|apigee-epic_fhir_diagnosticreport_r4|class org.jenkinsci.plugins.workflow.multibranch.WorkflowMultiBranchProject
      1 CTO/CTO-IA/Apigee-Proxy-Automated-New/apigee-epic_fhir_device_stu3|apigee-epic_fhir_device_stu3|class org.jenkinsci.plugins.workflow.multibranch.WorkflowMultiBranchProject
      1 CTO/CTO-IA/Apigee-Proxy-Automated-New/apigee-epic_fhir_device_r4|apigee-epic_fhir_device_r4|class org.jenkinsci.plugins.workflow.multibranch.WorkflowMultiBranchProject
      1 CTO/CTO-IA/Apigee-Proxy-Automated-New/apigee-epic_fhir_criteriareview_r4|apigee-epic_fhir_criteriareview_r4|class org.jenkinsci.plugins.workflow.multibranch.WorkflowMultiBranchProject
      1 CTO/CTO-IA/Apigee-Proxy-Automated-New/apigee-epic_fhir_coverage_stu3|apigee-epic_fhir_coverage_stu3|class org.jenkinsci.plugins.workflow.multibranch.WorkflowMultiBranchProject
      1 CTO/CTO-IA/Apigee-Proxy-Automated-New/apigee-epic_fhir_coverage_r4|apigee-epic_fhir_coverage_r4|class org.jenkinsci.plugins.workflow.multibranch.WorkflowMultiBranchProject
      1 CTO/CTO-IA/Apigee-Proxy-Automated-New/apigee-epic_fhir_consent_r4|apigee-epic_fhir_consent_r4|class org.jenkinsci.plugins.workflow.multibranch.WorkflowMultiBranchProject
      1 CTO/CTO-IA/Apigee-Proxy-Automated-New/apigee-epic_fhir_consent_r4_mux|apigee-epic_fhir_consent_r4_mux|class org.jenkinsci.plugins.workflow.multibranch.WorkflowMultiBranchProject
      1 CTO/CTO-IA/Apigee-Proxy-Automated-New/apigee-epic_fhir_condition_stu3|apigee-epic_fhir_condition_stu3|class org.jenkinsci.plugins.workflow.multibranch.WorkflowMultiBranchProject
      1 CTO/CTO-IA/Apigee-Proxy-Automated-New/apigee-epic_fhir_condition_r4|apigee-epic_fhir_condition_r4|class org.jenkinsci.plugins.workflow.multibranch.WorkflowMultiBranchProject
      1 CTO/CTO-IA/Apigee-Proxy-Automated-New/apigee-epic_fhir_communication_r4_mux|apigee-epic_fhir_communication_r4_mux|class org.jenkinsci.plugins.workflow.multibranch.WorkflowMultiBranchProject
      1 CTO/CTO-IA/Apigee-Proxy-Automated-New/apigee-epic_fhir_chartgateway_stu3|apigee-epic_fhir_chartgateway_stu3|class org.jenkinsci.plugins.workflow.multibranch.WorkflowMultiBranchProject
      1 CTO/CTO-IA/Apigee-Proxy-Automated-New/apigee-epic_fhir_careteam_r4|apigee-epic_fhir_careteam_r4|class org.jenkinsci.plugins.workflow.multibranch.WorkflowMultiBranchProject
      1 CTO/CTO-IA/Apigee-Proxy-Automated-New/apigee-epic_fhir_careplan_r4|apigee-epic_fhir_careplan_r4|class org.jenkinsci.plugins.workflow.multibranch.WorkflowMultiBranchProject
      1 CTO/CTO-IA/Apigee-Proxy-Automated-New/apigee-epic_fhir_bulkrequest_v2018|apigee-epic_fhir_bulkrequest_v2018|class org.jenkinsci.plugins.workflow.multibranch.WorkflowMultiBranchProject
      1 CTO/CTO-IA/Apigee-Proxy-Automated-New/apigee-epic_fhir_binary_stu3|apigee-epic_fhir_binary_stu3|class org.jenkinsci.plugins.workflow.multibranch.WorkflowMultiBranchProject
      1 CTO/CTO-IA/Apigee-Proxy-Automated-New/apigee-epic_fhir_binary_r4|apigee-epic_fhir_binary_r4|class org.jenkinsci.plugins.workflow.multibranch.WorkflowMultiBranchProject
      1 CTO/CTO-IA/Apigee-Proxy-Automated-New/apigee-epic_fhir_binary_r4_mux|apigee-epic_fhir_binary_r4_mux|class org.jenkinsci.plugins.workflow.multibranch.WorkflowMultiBranchProject
      1 CTO/CTO-IA/Apigee-Proxy-Automated-New/apigee-epic_fhir_appointment_stu3|apigee-epic_fhir_appointment_stu3|class org.jenkinsci.plugins.workflow.multibranch.WorkflowMultiBranchProject
      1 CTO/CTO-IA/Apigee-Proxy-Automated-New/apigee-epic_fhir_allergyintolerance_stu3|apigee-epic_fhir_allergyintolerance_stu3|class org.jenkinsci.plugins.workflow.multibranch.WorkflowMultiBranchProject
      1 CTO/CTO-IA/Apigee-Proxy-Automated-New/apigee-epic_fhir_allergyintolerance_r4|apigee-epic_fhir_allergyintolerance_r4|class org.jenkinsci.plugins.workflow.multibranch.WorkflowMultiBranchProject
      1 CTO/CTO-IA/Apigee-Proxy-Automated-New/apigee-epic_fhir_adverseevent_r4|apigee-epic_fhir_adverseevent_r4|class org.jenkinsci.plugins.workflow.multibranch.WorkflowMultiBranchProject
      1 CTO/CTO-IA/Apigee-Proxy-Automated-New/apigee-epic_empi_scal_v5|apigee-epic_empi_scal_v5|class org.jenkinsci.plugins.workflow.multibranch.WorkflowMultiBranchProject
      1 CTO/CTO-IA/Apigee-Proxy-Automated-New/apigee-epic_empi_nooam_v5|apigee-epic_empi_nooam_v5|class org.jenkinsci.plugins.workflow.multibranch.WorkflowMultiBranchProject
      1 CTO/CTO-IA/Apigee-Proxy-Automated-New/apigee-epic_empi_nooam_v50|apigee-epic_empi_nooam_v50|class org.jenkinsci.plugins.workflow.multibranch.WorkflowMultiBranchProject
      1 CTO/CTO-IA/Apigee-Proxy-Automated-New/apigee-epic_empi_legacy_v5|apigee-epic_empi_legacy_v5|class org.jenkinsci.plugins.workflow.multibranch.WorkflowMultiBranchProject
      1 CTO/CTO-IA/Apigee-Proxy-Automated-New/apigee-epic_empi_legacy_v5
      1 CTO/CTO-IA/Apigee-Proxy-Automated-New/apigee-epic_empi_gs_patient_services_v2012|apigee-epic_empi_gs_patient_services_v2012|class org.jenkinsci.plugins.workflow.multibranch.WorkflowMultiBranchProject
      1 CTO/CTO-IA/Apigee-Proxy-Automated-New/apigee-epic_empi_gs_patient_services_v2012r|apigee-epic_empi_gs_patient_services_v2012r|class org.jenkinsci.plugins.workflow.multibranch.WorkflowMultiBranchProject
      1 CTO/CTO-IA/Apigee-Proxy-Automated-New/apigee-epic_empi_gs_patient_services_v2012a|apigee-epic_empi_gs_patient_services_v2012a|class org.jenkinsci.plugins.workflow.multibranch.WorkflowMultiBranchProject
      1 CTO/CTO-IA/Apigee-Proxy-Automated-New/apigee-epic_empi_gs_patient_kpmc_v2012s|apigee-epic_empi_gs_patient_kpmc_v2012s|class org.jenkinsci.plugins.workflow.multibranch.WorkflowMultiBranchProject
      1 CTO/CTO-IA/Apigee-Proxy-Automated-New/apigee-epic_empi_gs_patient_kpmc_v2012r|apigee-epic_empi_gs_patient_kpmc_v2012r|class org.jenkinsci.plugins.workflow.multibranch.WorkflowMultiBranchProject
      1 CTO/CTO-IA/Apigee-Proxy-Automated-New/apigee-epic_empi_gs_external_services_v2017|apigee-epic_empi_gs_external_services_v2017|class org.jenkinsci.plugins.workflow.multibranch.WorkflowMultiBranchProject
      1 CTO/CTO-IA/Apigee-Proxy-Automated-New/apigee-epic_empi_gs_external_services_v2013|apigee-epic_empi_gs_external_services_v2013|class org.jenkinsci.plugins.workflow.multibranch.WorkflowMultiBranchProject
      1 CTO/CTO-IA/Apigee-Proxy-Automated-New/apigee-epic_empi_gs_external_services_v2012|apigee-epic_empi_gs_external_services_v2012|class org.jenkinsci.plugins.workflow.multibranch.WorkflowMultiBranchProject
      1 CTO/CTO-IA/Apigee-Proxy-Automated-New/apigee-epic_empi_gs_external_services_v2012r|apigee-epic_empi_gs_external_services_v2012r|class org.jenkinsci.plugins.workflow.multibranch.WorkflowMultiBranchProject
      1 CTO/CTO-IA/Apigee-Proxy-Automated-New/apigee-epic_edi_xml_sure_scripts_receiver_services_v2015r|apigee-epic_edi_xml_sure_scripts_receiver_services_v2015r|class org.jenkinsci.plugins.workflow.multibranch.WorkflowMultiBranchProject
      1 CTO/CTO-IA/Apigee-Proxy-Automated-New/apigee-epic_edi_xml_sure_scripts_receiver_services_v2015br|apigee-epic_edi_xml_sure_scripts_receiver_services_v2015br|class org.jenkinsci.plugins.workflow.multibranch.WorkflowMultiBranchProject
      1 CTO/CTO-IA/Apigee-Proxy-Automated-New/apigee-epic_edi_xml_sure_scripts_receiver_services_v2015b_r|apigee-epic_edi_xml_sure_scripts_receiver_services_v2015b_r|class org.jenkinsci.plugins.workflow.multibranch.WorkflowMultiBranchProject
      1 CTO/CTO-IA/Apigee-Proxy-Automated-New/apigee-epic_edi_xml_sure_scripts_receiver_services_v2015b_r
      1 CTO/CTO-IA/Apigee-Proxy-Automated-New/apigee-epic_edi_xml_ncpdp_receiver_v2015br|apigee-epic_edi_xml_ncpdp_receiver_v2015br|class org.jenkinsci.plugins.workflow.multibranch.WorkflowMultiBranchProject
      1 CTO/CTO-IA/Apigee-Proxy-Automated-New/apigee-epic_edi_xml_ncpdp_receiver_services_v2017|apigee-epic_edi_xml_ncpdp_receiver_services_v2017|class org.jenkinsci.plugins.workflow.multibranch.WorkflowMultiBranchProject
      1 CTO/CTO-IA/Apigee-Proxy-Automated-New/apigee-epic_edi_xml_ncpdp_receiver_services_v2017r|apigee-epic_edi_xml_ncpdp_receiver_services_v2017r|class org.jenkinsci.plugins.workflow.multibranch.WorkflowMultiBranchProject
      1 CTO/CTO-IA/Apigee-Proxy-Automated-New/apigee-epic_edi_xml_ncpdp_receiver_services_v2015|apigee-epic_edi_xml_ncpdp_receiver_services_v2015|class org.jenkinsci.plugins.workflow.multibranch.WorkflowMultiBranchProject
      1 CTO/CTO-IA/Apigee-Proxy-Automated-New/apigee-epic_edi_xml_ncpdp_receiver_services_v2015r|apigee-epic_edi_xml_ncpdp_receiver_services_v2015r|class org.jenkinsci.plugins.workflow.multibranch.WorkflowMultiBranchProject
      1 CTO/CTO-IA/Apigee-Proxy-Automated-New/apigee-epic_edi_xml_ncpdp_receiver_services_v2015b_r|apigee-epic_edi_xml_ncpdp_receiver_services_v2015b_r|class org.jenkinsci.plugins.workflow.multibranch.WorkflowMultiBranchProject
      1 CTO/CTO-IA/Apigee-Proxy-Automated-New/apigee-epic_edi_xml_ncpdp_receiver_services_api_v2015r|apigee-epic_edi_xml_ncpdp_receiver_services_api_v2015r|class org.jenkinsci.plugins.workflow.multibranch.WorkflowMultiBranchProject
      1 CTO/CTO-IA/Apigee-Proxy-Automated-New/apigee-epic_edi_soapreceiver_v2009s|apigee-epic_edi_soapreceiver_v2009s|class org.jenkinsci.plugins.workflow.multibranch.WorkflowMultiBranchProject
      1 CTO/CTO-IA/Apigee-Proxy-Automated-New/apigee-epic_edi_http_transcription_HL7v2|apigee-epic_edi_http_transcription_HL7v2|class org.jenkinsci.plugins.workflow.multibranch.WorkflowMultiBranchProject
      1 CTO/CTO-IA/Apigee-Proxy-Automated-New/apigee-epic_edi_http_callcenter_HL7v2|apigee-epic_edi_http_callcenter_HL7v2|class org.jenkinsci.plugins.workflow.multibranch.WorkflowMultiBranchProject
      1 CTO/CTO-IA/Apigee-Proxy-Automated-New/apigee-epic_edi_http_aipname_HL7v2r|apigee-epic_edi_http_aipname_HL7v2r|class org.jenkinsci.plugins.workflow.multibranch.WorkflowMultiBranchProject
      1 CTO/CTO-IA/Apigee-Proxy-Automated-New/apigee-epic_edi_fhir_services_r4|apigee-epic_edi_fhir_services_r4|class org.jenkinsci.plugins.workflow.multibranch.WorkflowMultiBranchProject
      1 CTO/CTO-IA/Apigee-Proxy-Automated-New/apigee-epic_edi_fhir_services_api_v2014r|apigee-epic_edi_fhir_services_api_v2014r|class org.jenkinsci.plugins.workflow.multibranch.WorkflowMultiBranchProject
      1 CTO/CTO-IA/Apigee-Proxy-Automated-New/apigee-epic_edi_fhir_routing_services_api_v1|apigee-epic_edi_fhir_routing_services_api_v1|class org.jenkinsci.plugins.workflow.multibranch.WorkflowMultiBranchProject
      1 CTO/CTO-IA/Apigee-Proxy-Automated-New/apigee-epic_edi_fhir_procedure_vdstu2r|apigee-epic_edi_fhir_procedure_vdstu2r|class org.jenkinsci.plugins.workflow.multibranch.WorkflowMultiBranchProject
      1 CTO/CTO-IA/Apigee-Proxy-Automated-New/apigee-epic_edi_fhir_practitioner_vdstu2r|apigee-epic_edi_fhir_practitioner_vdstu2r|class org.jenkinsci.plugins.workflow.multibranch.WorkflowMultiBranchProject
      1 CTO/CTO-IA/Apigee-Proxy-Automated-New/apigee-epic_edi_fhir_patient_vdstu2r|apigee-epic_edi_fhir_patient_vdstu2r|class org.jenkinsci.plugins.workflow.multibranch.WorkflowMultiBranchProject
      1 CTO/CTO-IA/Apigee-Proxy-Automated-New/apigee-epic_edi_fhir_observation_vdstu2r|apigee-epic_edi_fhir_observation_vdstu2r|class org.jenkinsci.plugins.workflow.multibranch.WorkflowMultiBranchProject
      1 CTO/CTO-IA/Apigee-Proxy-Automated-New/apigee-epic_edi_fhir_oauth2_services_api_v2014r|apigee-epic_edi_fhir_oauth2_services_api_v2014r|class org.jenkinsci.plugins.workflow.multibranch.WorkflowMultiBranchProject
      1 CTO/CTO-IA/Apigee-Proxy-Automated-New/apigee-epic_edi_fhir_metadata_vdstu2r|apigee-epic_edi_fhir_metadata_vdstu2r|class org.jenkinsci.plugins.workflow.multibranch.WorkflowMultiBranchProject
      1 CTO/CTO-IA/Apigee-Proxy-Automated-New/apigee-epic_edi_fhir_metadata_dstu2_mux|apigee-epic_edi_fhir_metadata_dstu2_mux|class org.jenkinsci.plugins.workflow.multibranch.WorkflowMultiBranchProject
      1 CTO/CTO-IA/Apigee-Proxy-Automated-New/apigee-epic_edi_fhir_medication_vdstu2r|apigee-epic_edi_fhir_medication_vdstu2r|class org.jenkinsci.plugins.workflow.multibranch.WorkflowMultiBranchProject
      1 CTO/CTO-IA/Apigee-Proxy-Automated-New/apigee-epic_edi_fhir_medication_statement_vdstu2r|apigee-epic_edi_fhir_medication_statement_vdstu2r|class org.jenkinsci.plugins.workflow.multibranch.WorkflowMultiBranchProject
      1 CTO/CTO-IA/Apigee-Proxy-Automated-New/apigee-epic_edi_fhir_medication_order_vdstu2r|apigee-epic_edi_fhir_medication_order_vdstu2r|class org.jenkinsci.plugins.workflow.multibranch.WorkflowMultiBranchProject
      1 CTO/CTO-IA/Apigee-Proxy-Automated-New/apigee-epic_edi_fhir_immunization_vdstu2r|apigee-epic_edi_fhir_immunization_vdstu2r|class org.jenkinsci.plugins.workflow.multibranch.WorkflowMultiBranchProject
      1 CTO/CTO-IA/Apigee-Proxy-Automated-New/apigee-epic_edi_fhir_goal_vdstu2r|apigee-epic_edi_fhir_goal_vdstu2r|class org.jenkinsci.plugins.workflow.multibranch.WorkflowMultiBranchProject
      1 CTO/CTO-IA/Apigee-Proxy-Automated-New/apigee-epic_edi_fhir_familymemberhistory_vdstu2r|apigee-epic_edi_fhir_familymemberhistory_vdstu2r|class org.jenkinsci.plugins.workflow.multibranch.WorkflowMultiBranchProject
      1 CTO/CTO-IA/Apigee-Proxy-Automated-New/apigee-epic_edi_fhir_documentreference_vdstu2r|apigee-epic_edi_fhir_documentreference_vdstu2r|class org.jenkinsci.plugins.workflow.multibranch.WorkflowMultiBranchProject
      1 CTO/CTO-IA/Apigee-Proxy-Automated-New/apigee-epic_edi_fhir_diagnostic_report_vdstu2r|apigee-epic_edi_fhir_diagnostic_report_vdstu2r|class org.jenkinsci.plugins.workflow.multibranch.WorkflowMultiBranchProject
      1 CTO/CTO-IA/Apigee-Proxy-Automated-New/apigee-epic_edi_fhir_device_vdstu2r|apigee-epic_edi_fhir_device_vdstu2r|class org.jenkinsci.plugins.workflow.multibranch.WorkflowMultiBranchProject
      1 CTO/CTO-IA/Apigee-Proxy-Automated-New/apigee-epic_edi_fhir_condition_vdstu2r|apigee-epic_edi_fhir_condition_vdstu2r|class org.jenkinsci.plugins.workflow.multibranch.WorkflowMultiBranchProject
      1 CTO/CTO-IA/Apigee-Proxy-Automated-New/apigee-epic_edi_fhir_careplan_vdstu2r|apigee-epic_edi_fhir_careplan_vdstu2r|class org.jenkinsci.plugins.workflow.multibranch.WorkflowMultiBranchProject
      1 CTO/CTO-IA/Apigee-Proxy-Automated-New/apigee-epic_edi_fhir_binary_vdstu2r|apigee-epic_edi_fhir_binary_vdstu2r|class org.jenkinsci.plugins.workflow.multibranch.WorkflowMultiBranchProject
      1 CTO/CTO-IA/Apigee-Proxy-Automated-New/apigee-epic_edi_fhir_allergy_intolerance_vdstu2r|apigee-epic_edi_fhir_allergy_intolerance_vdstu2r|class org.jenkinsci.plugins.workflow.multibranch.WorkflowMultiBranchProject
      1 CTO/CTO-IA/Apigee-Proxy-Automated-New/apigee-epic_crm_gs_utility_v2018r|apigee-epic_crm_gs_utility_v2018r|class org.jenkinsci.plugins.workflow.multibranch.WorkflowMultiBranchProject
      1 CTO/CTO-IA/Apigee-Proxy-Automated-New/apigee-epic_crm_gs_utility_services_v2014b|apigee-epic_crm_gs_utility_services_v2014b|class org.jenkinsci.plugins.workflow.multibranch.WorkflowMultiBranchProject
      1 CTO/CTO-IA/Apigee-Proxy-Automated-New/apigee-epic_crm_gs_utility_services_2014br|apigee-epic_crm_gs_utility_services_2014br|class org.jenkinsci.plugins.workflow.multibranch.WorkflowMultiBranchProject
      1 CTO/CTO-IA/Apigee-Proxy-Automated-New/apigee-epic_crm_gs_utility_legacy_v2014b|apigee-epic_crm_gs_utility_legacy_v2014b|class org.jenkinsci.plugins.workflow.multibranch.WorkflowMultiBranchProject
      1 CTO/CTO-IA/Apigee-Proxy-Automated-New/apigee-epic_crm_gs_utility_legacy_v2014b
      1 CTO/CTO-IA/Apigee-Proxy-Automated-New/apigee-epic_creditcard_gs_api_v2020|apigee-epic_creditcard_gs_api_v2020|class org.jenkinsci.plugins.workflow.multibranch.WorkflowMultiBranchProject
      1 CTO/CTO-IA/Apigee-Proxy-Automated-New/apigee-epic_creditcard_gs_api_v2016r|apigee-epic_creditcard_gs_api_v2016r|class org.jenkinsci.plugins.workflow.multibranch.WorkflowMultiBranchProject
      1 CTO/CTO-IA/Apigee-Proxy-Automated-New/apigee-epic_creditcard_gs_api_v2016r
      1 CTO/CTO-IA/Apigee-Proxy-Automated-New/apigee-epic_creditcard_gs_api_legacy_v2020|apigee-epic_creditcard_gs_api_legacy_v2020|class org.jenkinsci.plugins.workflow.multibranch.WorkflowMultiBranchProject
      1 CTO/CTO-IA/Apigee-Proxy-Automated-New/apigee-epic_core_services_v200804|apigee-epic_core_services_v200804|class org.jenkinsci.plugins.workflow.multibranch.WorkflowMultiBranchProject
      1 CTO/CTO-IA/Apigee-Proxy-Automated-New/apigee-epic_core_services_accessnow_v200804|apigee-epic_core_services_accessnow_v200804|class org.jenkinsci.plugins.workflow.multibranch.WorkflowMultiBranchProject
      1 CTO/CTO-IA/Apigee-Proxy-Automated-New/apigee-epic_core_reporting_sql_services_v2009|apigee-epic_core_reporting_sql_services_v2009|class org.jenkinsci.plugins.workflow.multibranch.WorkflowMultiBranchProject
      1 CTO/CTO-IA/Apigee-Proxy-Automated-New/apigee-epic_core_gs_securedutility_services_v2012|apigee-epic_core_gs_securedutility_services_v2012|class org.jenkinsci.plugins.workflow.multibranch.WorkflowMultiBranchProject
      1 CTO/CTO-IA/Apigee-Proxy-Automated-New/apigee-epic_core_gs_securedutility_services_v2012r|apigee-epic_core_gs_securedutility_services_v2012r|class org.jenkinsci.plugins.workflow.multibranch.WorkflowMultiBranchProject
      1 CTO/CTO-IA/Apigee-Proxy-Automated-New/apigee-epic_core_bca_v2015|apigee-epic_core_bca_v2015|class org.jenkinsci.plugins.workflow.multibranch.WorkflowMultiBranchProject
      1 CTO/CTO-IA/Apigee-Proxy-Automated-New/apigee-epic_community_empi_services_v2009|apigee-epic_community_empi_services_v2009|class org.jenkinsci.plugins.workflow.multibranch.WorkflowMultiBranchProject
      1 CTO/CTO-IA/Apigee-Proxy-Automated-New/apigee-epic_community_empi_services_v200803|apigee-epic_community_empi_services_v200803|class org.jenkinsci.plugins.workflow.multibranch.WorkflowMultiBranchProject
      1 CTO/CTO-IA/Apigee-Proxy-Automated-New/apigee-epic_community_empi_services_v200507|apigee-epic_community_empi_services_v200507|class org.jenkinsci.plugins.workflow.multibranch.WorkflowMultiBranchProject
      1 CTO/CTO-IA/Apigee-Proxy-Automated-New/apigee-epic_community_empi_services_v200501|apigee-epic_community_empi_services_v200501|class org.jenkinsci.plugins.workflow.multibranch.WorkflowMultiBranchProject
      1 CTO/CTO-IA/Apigee-Proxy-Automated-New/apigee-epic_community_empi_services_v200405|apigee-epic_community_empi_services_v200405|class org.jenkinsci.plugins.workflow.multibranch.WorkflowMultiBranchProject
      1 CTO/CTO-IA/Apigee-Proxy-Automated-New/apigee-epic_common_web_services_v2016m|apigee-epic_common_web_services_v2016m|class org.jenkinsci.plugins.workflow.multibranch.WorkflowMultiBranchProject
      1 CTO/CTO-IA/Apigee-Proxy-Automated-New/apigee-epic_common_web_services_v2014|apigee-epic_common_web_services_v2014|class org.jenkinsci.plugins.workflow.multibranch.WorkflowMultiBranchProject
      1 CTO/CTO-IA/Apigee-Proxy-Automated-New/apigee-epic_common_web_services_v2010|apigee-epic_common_web_services_v2010|class org.jenkinsci.plugins.workflow.multibranch.WorkflowMultiBranchProject
      1 CTO/CTO-IA/Apigee-Proxy-Automated-New/apigee-epic_common_services_v2009|apigee-epic_common_services_v2009|class org.jenkinsci.plugins.workflow.multibranch.WorkflowMultiBranchProject
      1 CTO/CTO-IA/Apigee-Proxy-Automated-New/apigee-epic_common_services_v200804|apigee-epic_common_services_v200804|class org.jenkinsci.plugins.workflow.multibranch.WorkflowMultiBranchProject
      1 CTO/CTO-IA/Apigee-Proxy-Automated-New/apigee-epic_common_gs_utility_services_v2018|apigee-epic_common_gs_utility_services_v2018|class org.jenkinsci.plugins.workflow.multibranch.WorkflowMultiBranchProject
      1 CTO/CTO-IA/Apigee-Proxy-Automated-New/apigee-epic_common_gs_utility_services_v2018r|apigee-epic_common_gs_utility_services_v2018r|class org.jenkinsci.plugins.workflow.multibranch.WorkflowMultiBranchProject
      1 CTO/CTO-IA/Apigee-Proxy-Automated-New/apigee-epic_common_gs_utility_services_v2017|apigee-epic_common_gs_utility_services_v2017|class org.jenkinsci.plugins.workflow.multibranch.WorkflowMultiBranchProject
      1 CTO/CTO-IA/Apigee-Proxy-Automated-New/apigee-epic_common_gs_utility_services_v2017r|apigee-epic_common_gs_utility_services_v2017r|class org.jenkinsci.plugins.workflow.multibranch.WorkflowMultiBranchProject
      1 CTO/CTO-IA/Apigee-Proxy-Automated-New/apigee-epic_common_gs_utility_services_v2015|apigee-epic_common_gs_utility_services_v2015|class org.jenkinsci.plugins.workflow.multibranch.WorkflowMultiBranchProject
      1 CTO/CTO-IA/Apigee-Proxy-Automated-New/apigee-epic_common_gs_utility_services_v2015r|apigee-epic_common_gs_utility_services_v2015r|class org.jenkinsci.plugins.workflow.multibranch.WorkflowMultiBranchProject
      1 CTO/CTO-IA/Apigee-Proxy-Automated-New/apigee-epic_common_gs_utility_services_v2014|apigee-epic_common_gs_utility_services_v2014|class org.jenkinsci.plugins.workflow.multibranch.WorkflowMultiBranchProject
      1 CTO/CTO-IA/Apigee-Proxy-Automated-New/apigee-epic_common_gs_utility_services_v2014r|apigee-epic_common_gs_utility_services_v2014r|class org.jenkinsci.plugins.workflow.multibranch.WorkflowMultiBranchProject
      1 CTO/CTO-IA/Apigee-Proxy-Automated-New/apigee-epic_common_gs_utility_services_v2013|apigee-epic_common_gs_utility_services_v2013|class org.jenkinsci.plugins.workflow.multibranch.WorkflowMultiBranchProject
      1 CTO/CTO-IA/Apigee-Proxy-Automated-New/apigee-epic_common_gs_utility_services_v2012|apigee-epic_common_gs_utility_services_v2012|class org.jenkinsci.plugins.workflow.multibranch.WorkflowMultiBranchProject
      1 CTO/CTO-IA/Apigee-Proxy-Automated-New/apigee-epic_common_gs_utility_services_v2012r|apigee-epic_common_gs_utility_services_v2012r|class org.jenkinsci.plugins.workflow.multibranch.WorkflowMultiBranchProject
      1 CTO/CTO-IA/Apigee-Proxy-Automated-New/apigee-epic_common_gs_utility_services_v2011|apigee-epic_common_gs_utility_services_v2011|class org.jenkinsci.plugins.workflow.multibranch.WorkflowMultiBranchProject
      1 CTO/CTO-IA/Apigee-Proxy-Automated-New/apigee-epic_common_gs_utility_services_v2010|apigee-epic_common_gs_utility_services_v2010|class org.jenkinsci.plugins.workflow.multibranch.WorkflowMultiBranchProject
      1 CTO/CTO-IA/Apigee-Proxy-Automated-New/apigee-epic_common_gs_utility_services_v2010r|apigee-epic_common_gs_utility_services_v2010r|class org.jenkinsci.plugins.workflow.multibranch.WorkflowMultiBranchProject
      1 CTO/CTO-IA/Apigee-Proxy-Automated-New/apigee-epic_common_gs_user_services_v2011|apigee-epic_common_gs_user_services_v2011|class org.jenkinsci.plugins.workflow.multibranch.WorkflowMultiBranchProject
      1 CTO/CTO-IA/Apigee-Proxy-Automated-New/apigee-epic_common_gs_user_services_v2011r|apigee-epic_common_gs_user_services_v2011r|class org.jenkinsci.plugins.workflow.multibranch.WorkflowMultiBranchProject
      1 CTO/CTO-IA/Apigee-Proxy-Automated-New/apigee-epic_common_gs_user_accessnow_v2011|apigee-epic_common_gs_user_accessnow_v2011|class org.jenkinsci.plugins.workflow.multibranch.WorkflowMultiBranchProject
      1 CTO/CTO-IA/Apigee-Proxy-Automated-New/apigee-epic_common_gs_patient_services_v2018|apigee-epic_common_gs_patient_services_v2018|class org.jenkinsci.plugins.workflow.multibranch.WorkflowMultiBranchProject
      1 CTO/CTO-IA/Apigee-Proxy-Automated-New/apigee-epic_common_gs_patient_services_v2018r|apigee-epic_common_gs_patient_services_v2018r|class org.jenkinsci.plugins.workflow.multibranch.WorkflowMultiBranchProject
      1 CTO/CTO-IA/Apigee-Proxy-Automated-New/apigee-epic_common_gs_patient_services_v2017|apigee-epic_common_gs_patient_services_v2017|class org.jenkinsci.plugins.workflow.multibranch.WorkflowMultiBranchProject
      1 CTO/CTO-IA/Apigee-Proxy-Automated-New/apigee-epic_common_gs_patient_services_v2017r|apigee-epic_common_gs_patient_services_v2017r|class org.jenkinsci.plugins.workflow.multibranch.WorkflowMultiBranchProject
      1 CTO/CTO-IA/Apigee-Proxy-Automated-New/apigee-epic_common_gs_patient_services_v2015|apigee-epic_common_gs_patient_services_v2015|class org.jenkinsci.plugins.workflow.multibranch.WorkflowMultiBranchProject
      1 CTO/CTO-IA/Apigee-Proxy-Automated-New/apigee-epic_common_gs_patient_services_v2015r|apigee-epic_common_gs_patient_services_v2015r|class org.jenkinsci.plugins.workflow.multibranch.WorkflowMultiBranchProject
      1 CTO/CTO-IA/Apigee-Proxy-Automated-New/apigee-epic_common_gs_patient_services_v2012|apigee-epic_common_gs_patient_services_v2012|class org.jenkinsci.plugins.workflow.multibranch.WorkflowMultiBranchProject
      1 CTO/CTO-IA/Apigee-Proxy-Automated-New/apigee-epic_common_gs_patient_services_v2012r|apigee-epic_common_gs_patient_services_v2012r|class org.jenkinsci.plugins.workflow.multibranch.WorkflowMultiBranchProject
      1 CTO/CTO-IA/Apigee-Proxy-Automated-New/apigee-epic_common_gs_patient_services_v2010|apigee-epic_common_gs_patient_services_v2010|class org.jenkinsci.plugins.workflow.multibranch.WorkflowMultiBranchProject
      1 CTO/CTO-IA/Apigee-Proxy-Automated-New/apigee-epic_common_gs_patient_services_v2010r|apigee-epic_common_gs_patient_services_v2010r|class org.jenkinsci.plugins.workflow.multibranch.WorkflowMultiBranchProject
      1 CTO/CTO-IA/Apigee-Proxy-Automated-New/apigee-epic_common_gs_patient_external_v2010|apigee-epic_common_gs_patient_external_v2010|class org.jenkinsci.plugins.workflow.multibranch.WorkflowMultiBranchProject
      1 CTO/CTO-IA/Apigee-Proxy-Automated-New/apigee-epic_common_gs_patient_dexcare_v2015r|apigee-epic_common_gs_patient_dexcare_v2015r|class org.jenkinsci.plugins.workflow.multibranch.WorkflowMultiBranchProject
      1 CTO/CTO-IA/Apigee-Proxy-Automated-New/apigee-epic_common_gs_inbasket_services_v2019|apigee-epic_common_gs_inbasket_services_v2019|class org.jenkinsci.plugins.workflow.multibranch.WorkflowMultiBranchProject
      1 CTO/CTO-IA/Apigee-Proxy-Automated-New/apigee-epic_common_gs_inbasket_services_v2019r|apigee-epic_common_gs_inbasket_services_v2019r|class org.jenkinsci.plugins.workflow.multibranch.WorkflowMultiBranchProject
      1 CTO/CTO-IA/Apigee-Proxy-Automated-New/apigee-epic_clinical_services_v2009|apigee-epic_clinical_services_v2009|class org.jenkinsci.plugins.workflow.multibranch.WorkflowMultiBranchProject
      1 CTO/CTO-IA/Apigee-Proxy-Automated-New/apigee-epic_clinical_pharmacy_v2018s|apigee-epic_clinical_pharmacy_v2018s|class org.jenkinsci.plugins.workflow.multibranch.WorkflowMultiBranchProject
      1 CTO/CTO-IA/Apigee-Proxy-Automated-New/apigee-epic_clinical_pharmacy_services_v2015|apigee-epic_clinical_pharmacy_services_v2015|class org.jenkinsci.plugins.workflow.multibranch.WorkflowMultiBranchProject
      1 CTO/CTO-IA/Apigee-Proxy-Automated-New/apigee-epic_clinical_notes_v2018|apigee-epic_clinical_notes_v2018|class org.jenkinsci.plugins.workflow.multibranch.WorkflowMultiBranchProject
      1 CTO/CTO-IA/Apigee-Proxy-Automated-New/apigee-epic_clinical_notes_services_v2017r|apigee-epic_clinical_notes_services_v2017r|class org.jenkinsci.plugins.workflow.multibranch.WorkflowMultiBranchProject
      1 CTO/CTO-IA/Apigee-Proxy-Automated-New/apigee-epic_clinical_notes_external_v2017r|apigee-epic_clinical_notes_external_v2017r|class org.jenkinsci.plugins.workflow.multibranch.WorkflowMultiBranchProject
      1 CTO/CTO-IA/Apigee-Proxy-Automated-New/apigee-epic_clinical_gs_voiceassistant_services_v2019r|apigee-epic_clinical_gs_voiceassistant_services_v2019r|class org.jenkinsci.plugins.workflow.multibranch.WorkflowMultiBranchProject
      1 CTO/CTO-IA/Apigee-Proxy-Automated-New/apigee-epic_clinical_gs_utility_v2013r|apigee-epic_clinical_gs_utility_v2013r|class org.jenkinsci.plugins.workflow.multibranch.WorkflowMultiBranchProject
      1 CTO/CTO-IA/Apigee-Proxy-Automated-New/apigee-epic_clinical_gs_utility_services_v2019|apigee-epic_clinical_gs_utility_services_v2019|class org.jenkinsci.plugins.workflow.multibranch.WorkflowMultiBranchProject
      1 CTO/CTO-IA/Apigee-Proxy-Automated-New/apigee-epic_clinical_gs_utility_services_v2019r|apigee-epic_clinical_gs_utility_services_v2019r|class org.jenkinsci.plugins.workflow.multibranch.WorkflowMultiBranchProject
      1 CTO/CTO-IA/Apigee-Proxy-Automated-New/apigee-epic_clinical_gs_utility_services_v2017|apigee-epic_clinical_gs_utility_services_v2017|class org.jenkinsci.plugins.workflow.multibranch.WorkflowMultiBranchProject
      1 CTO/CTO-IA/Apigee-Proxy-Automated-New/apigee-epic_clinical_gs_utility_services_v2017r|apigee-epic_clinical_gs_utility_services_v2017r|class org.jenkinsci.plugins.workflow.multibranch.WorkflowMultiBranchProject
      1 CTO/CTO-IA/Apigee-Proxy-Automated-New/apigee-epic_clinical_gs_utility_services_v2016|apigee-epic_clinical_gs_utility_services_v2016|class org.jenkinsci.plugins.workflow.multibranch.WorkflowMultiBranchProject
      1 CTO/CTO-IA/Apigee-Proxy-Automated-New/apigee-epic_clinical_gs_utility_services_v2016r|apigee-epic_clinical_gs_utility_services_v2016r|class org.jenkinsci.plugins.workflow.multibranch.WorkflowMultiBranchProject
      1 CTO/CTO-IA/Apigee-Proxy-Automated-New/apigee-epic_clinical_gs_utility_services_v2015|apigee-epic_clinical_gs_utility_services_v2015|class org.jenkinsci.plugins.workflow.multibranch.WorkflowMultiBranchProject
      1 CTO/CTO-IA/Apigee-Proxy-Automated-New/apigee-epic_clinical_gs_utility_services_v2015r|apigee-epic_clinical_gs_utility_services_v2015r|class org.jenkinsci.plugins.workflow.multibranch.WorkflowMultiBranchProject
      1 CTO/CTO-IA/Apigee-Proxy-Automated-New/apigee-epic_clinical_gs_utility_services_v2014|apigee-epic_clinical_gs_utility_services_v2014|class org.jenkinsci.plugins.workflow.multibranch.WorkflowMultiBranchProject
      1 CTO/CTO-IA/Apigee-Proxy-Automated-New/apigee-epic_clinical_gs_utility_services_v2014r|apigee-epic_clinical_gs_utility_services_v2014r|class org.jenkinsci.plugins.workflow.multibranch.WorkflowMultiBranchProject
      1 CTO/CTO-IA/Apigee-Proxy-Automated-New/apigee-epic_clinical_gs_utility_services_v2013|apigee-epic_clinical_gs_utility_services_v2013|class org.jenkinsci.plugins.workflow.multibranch.WorkflowMultiBranchProject
      1 CTO/CTO-IA/Apigee-Proxy-Automated-New/apigee-epic_clinical_gs_utility_services_v2013r|apigee-epic_clinical_gs_utility_services_v2013r|class org.jenkinsci.plugins.workflow.multibranch.WorkflowMultiBranchProject
      1 CTO/CTO-IA/Apigee-Proxy-Automated-New/apigee-epic_clinical_gs_utility_services_v2013a|apigee-epic_clinical_gs_utility_services_v2013a|class org.jenkinsci.plugins.workflow.multibranch.WorkflowMultiBranchProject
      1 CTO/CTO-IA/Apigee-Proxy-Automated-New/apigee-epic_clinical_gs_provider_services_v2019r|apigee-epic_clinical_gs_provider_services_v2019r|class org.jenkinsci.plugins.workflow.multibranch.WorkflowMultiBranchProject
      1 CTO/CTO-IA/Apigee-Proxy-Automated-New/apigee-epic_clinical_gs_provider_services_v2013|apigee-epic_clinical_gs_provider_services_v2013|class org.jenkinsci.plugins.workflow.multibranch.WorkflowMultiBranchProject
      1 CTO/CTO-IA/Apigee-Proxy-Automated-New/apigee-epic_clinical_gs_provider_services_v2013r|apigee-epic_clinical_gs_provider_services_v2013r|class org.jenkinsci.plugins.workflow.multibranch.WorkflowMultiBranchProject
      1 CTO/CTO-IA/Apigee-Proxy-Automated-New/apigee-epic_clinical_gs_patient_v2024|apigee-epic_clinical_gs_patient_v2024|class org.jenkinsci.plugins.workflow.multibranch.WorkflowMultiBranchProject
      1 CTO/CTO-IA/Apigee-Proxy-Automated-New/apigee-epic_clinical_gs_patient_v2011|apigee-epic_clinical_gs_patient_v2011|class org.jenkinsci.plugins.workflow.multibranch.WorkflowMultiBranchProject
      1 CTO/CTO-IA/Apigee-Proxy-Automated-New/apigee-epic_clinical_gs_patient_services_v2019|apigee-epic_clinical_gs_patient_services_v2019|class org.jenkinsci.plugins.workflow.multibranch.WorkflowMultiBranchProject
      1 CTO/CTO-IA/Apigee-Proxy-Automated-New/apigee-epic_clinical_gs_patient_services_v2019r|apigee-epic_clinical_gs_patient_services_v2019r|class org.jenkinsci.plugins.workflow.multibranch.WorkflowMultiBranchProject
      1 CTO/CTO-IA/Apigee-Proxy-Automated-New/apigee-epic_clinical_gs_patient_services_v2018|apigee-epic_clinical_gs_patient_services_v2018|class org.jenkinsci.plugins.workflow.multibranch.WorkflowMultiBranchProject
      1 CTO/CTO-IA/Apigee-Proxy-Automated-New/apigee-epic_clinical_gs_patient_services_v2018r|apigee-epic_clinical_gs_patient_services_v2018r|class org.jenkinsci.plugins.workflow.multibranch.WorkflowMultiBranchProject
      1 CTO/CTO-IA/Apigee-Proxy-Automated-New/apigee-epic_clinical_gs_patient_services_v2017|apigee-epic_clinical_gs_patient_services_v2017|class org.jenkinsci.plugins.workflow.multibranch.WorkflowMultiBranchProject
      1 CTO/CTO-IA/Apigee-Proxy-Automated-New/apigee-epic_clinical_gs_patient_services_v2017r|apigee-epic_clinical_gs_patient_services_v2017r|class org.jenkinsci.plugins.workflow.multibranch.WorkflowMultiBranchProject
      1 CTO/CTO-IA/Apigee-Proxy-Automated-New/apigee-epic_clinical_gs_patient_services_v2015|apigee-epic_clinical_gs_patient_services_v2015|class org.jenkinsci.plugins.workflow.multibranch.WorkflowMultiBranchProject
      1 CTO/CTO-IA/Apigee-Proxy-Automated-New/apigee-epic_clinical_gs_patient_services_v2015r|apigee-epic_clinical_gs_patient_services_v2015r|class org.jenkinsci.plugins.workflow.multibranch.WorkflowMultiBranchProject
      1 CTO/CTO-IA/Apigee-Proxy-Automated-New/apigee-epic_clinical_gs_patient_services_v2014|apigee-epic_clinical_gs_patient_services_v2014|class org.jenkinsci.plugins.workflow.multibranch.WorkflowMultiBranchProject
      1 CTO/CTO-IA/Apigee-Proxy-Automated-New/apigee-epic_clinical_gs_patient_services_v2014r|apigee-epic_clinical_gs_patient_services_v2014r|class org.jenkinsci.plugins.workflow.multibranch.WorkflowMultiBranchProject
      1 CTO/CTO-IA/Apigee-Proxy-Automated-New/apigee-epic_clinical_gs_patient_services_v2013|apigee-epic_clinical_gs_patient_services_v2013|class org.jenkinsci.plugins.workflow.multibranch.WorkflowMultiBranchProject
      1 CTO/CTO-IA/Apigee-Proxy-Automated-New/apigee-epic_clinical_gs_patient_services_v2013r|apigee-epic_clinical_gs_patient_services_v2013r|class org.jenkinsci.plugins.workflow.multibranch.WorkflowMultiBranchProject
      1 CTO/CTO-IA/Apigee-Proxy-Automated-New/apigee-epic_clinical_gs_patient_services_v2012|apigee-epic_clinical_gs_patient_services_v2012|class org.jenkinsci.plugins.workflow.multibranch.WorkflowMultiBranchProject
      1 CTO/CTO-IA/Apigee-Proxy-Automated-New/apigee-epic_clinical_gs_patient_services_v2012r|apigee-epic_clinical_gs_patient_services_v2012r|class org.jenkinsci.plugins.workflow.multibranch.WorkflowMultiBranchProject
      1 CTO/CTO-IA/Apigee-Proxy-Automated-New/apigee-epic_clinical_gs_patient_services_v2011r|apigee-epic_clinical_gs_patient_services_v2011r|class org.jenkinsci.plugins.workflow.multibranch.WorkflowMultiBranchProject
      1 CTO/CTO-IA/Apigee-Proxy-Automated-New/apigee-epic_clinical_gs_patient_services_v2010|apigee-epic_clinical_gs_patient_services_v2010|class org.jenkinsci.plugins.workflow.multibranch.WorkflowMultiBranchProject
      1 CTO/CTO-IA/Apigee-Proxy-Automated-New/apigee-epic_clinical_gs_patient_services_v2010r|apigee-epic_clinical_gs_patient_services_v2010r|class org.jenkinsci.plugins.workflow.multibranch.WorkflowMultiBranchProject
      1 CTO/CTO-IA/Apigee-Proxy-Automated-New/apigee-epic_clinical_gs_patient_onprem_v2011|apigee-epic_clinical_gs_patient_onprem_v2011|class org.jenkinsci.plugins.workflow.multibranch.WorkflowMultiBranchProject
      1 CTO/CTO-IA/Apigee-Proxy-Automated-New/apigee-epic_clinical_gs_patient_external_v2011|apigee-epic_clinical_gs_patient_external_v2011|class org.jenkinsci.plugins.workflow.multibranch.WorkflowMultiBranchProject
      1 CTO/CTO-IA/Apigee-Proxy-Automated-New/apigee-epic_clinical_gs_patient_external2v2011|apigee-epic_clinical_gs_patient_external2v2011|class org.jenkinsci.plugins.workflow.multibranch.WorkflowMultiBranchProject
      1 CTO/CTO-IA/Apigee-Proxy-Automated-New/apigee-epic_clinical_gs_order_services_v2019|apigee-epic_clinical_gs_order_services_v2019|class org.jenkinsci.plugins.workflow.multibranch.WorkflowMultiBranchProject
      1 CTO/CTO-IA/Apigee-Proxy-Automated-New/apigee-epic_clinical_gs_order_services_v2019r|apigee-epic_clinical_gs_order_services_v2019r|class org.jenkinsci.plugins.workflow.multibranch.WorkflowMultiBranchProject
      1 CTO/CTO-IA/Apigee-Proxy-Automated-New/apigee-epic_clinical_gs_order_services_v2011|apigee-epic_clinical_gs_order_services_v2011|class org.jenkinsci.plugins.workflow.multibranch.WorkflowMultiBranchProject
      1 CTO/CTO-IA/Apigee-Proxy-Automated-New/apigee-epic_clinical_gs_oncology_services_v2018|apigee-epic_clinical_gs_oncology_services_v2018|class org.jenkinsci.plugins.workflow.multibranch.WorkflowMultiBranchProject
      1 CTO/CTO-IA/Apigee-Proxy-Automated-New/apigee-epic_clinical_gs_oncology_services_v2018r|apigee-epic_clinical_gs_oncology_services_v2018r|class org.jenkinsci.plugins.workflow.multibranch.WorkflowMultiBranchProject
      1 CTO/CTO-IA/Apigee-Proxy-Automated-New/apigee-epic_clinical_gs_notes_services_v2018|apigee-epic_clinical_gs_notes_services_v2018|class org.jenkinsci.plugins.workflow.multibranch.WorkflowMultiBranchProject
      1 CTO/CTO-IA/Apigee-Proxy-Automated-New/apigee-epic_clinical_clinical_services_v2009|apigee-epic_clinical_clinical_services_v2009|class org.jenkinsci.plugins.workflow.multibranch.WorkflowMultiBranchProject
      1 CTO/CTO-IA/Apigee-Proxy-Automated-New/apigee-epic_billing_gs_router_services_v2011|apigee-epic_billing_gs_router_services_v2011|class org.jenkinsci.plugins.workflow.multibranch.WorkflowMultiBranchProject
      1 CTO/CTO-IA/Apigee-Proxy-Automated-New/apigee-epic_billing_gs_router_services_v2011r|apigee-epic_billing_gs_router_services_v2011r|class org.jenkinsci.plugins.workflow.multibranch.WorkflowMultiBranchProject
      1 CTO/CTO-IA/Apigee-Proxy-Automated-New/apigee-epic_billing_gs_patient_v2011|apigee-epic_billing_gs_patient_v2011|class org.jenkinsci.plugins.workflow.multibranch.WorkflowMultiBranchProject
      1 CTO/CTO-IA/Apigee-Proxy-Automated-New/apigee-epic_billing_gs_patient_services_v2015|apigee-epic_billing_gs_patient_services_v2015|class org.jenkinsci.plugins.workflow.multibranch.WorkflowMultiBranchProject
      1 CTO/CTO-IA/Apigee-Proxy-Automated-New/apigee-epic_billing_gs_patient_services_v2015r|apigee-epic_billing_gs_patient_services_v2015r|class org.jenkinsci.plugins.workflow.multibranch.WorkflowMultiBranchProject
      1 CTO/CTO-IA/Apigee-Proxy-Automated-New/apigee-epic_billing_gs_patient_services_v2015a|apigee-epic_billing_gs_patient_services_v2015a|class org.jenkinsci.plugins.workflow.multibranch.WorkflowMultiBranchProject
      1 CTO/CTO-IA/Apigee-Proxy-Automated-New/apigee-epic_billing_gs_patient_services_v2015ar|apigee-epic_billing_gs_patient_services_v2015ar|class org.jenkinsci.plugins.workflow.multibranch.WorkflowMultiBranchProject
      1 CTO/CTO-IA/Apigee-Proxy-Automated-New/apigee-epic_billing_gs_patient_services_v2011r|apigee-epic_billing_gs_patient_services_v2011r|class org.jenkinsci.plugins.workflow.multibranch.WorkflowMultiBranchProject
      1 CTO/CTO-IA/Apigee-Proxy-Automated-New/apigee-epic_billing_gs_external_v2019r|apigee-epic_billing_gs_external_v2019r|class org.jenkinsci.plugins.workflow.multibranch.WorkflowMultiBranchProject
      1 CTO/CTO-IA/Apigee-Proxy-Automated-New/apigee-epic_billing_gs_encoder_v2016r|apigee-epic_billing_gs_encoder_v2016r|class org.jenkinsci.plugins.workflow.multibranch.WorkflowMultiBranchProject
      1 CTO/CTO-IA/Apigee-Proxy-Automated-New/apigee-epic_billing_gs_account_services_v2020|apigee-epic_billing_gs_account_services_v2020|class org.jenkinsci.plugins.workflow.multibranch.WorkflowMultiBranchProject
      1 CTO/CTO-IA/Apigee-Proxy-Automated-New/apigee-epic_billing_gs_account_services_v2020r|apigee-epic_billing_gs_account_services_v2020r|class org.jenkinsci.plugins.workflow.multibranch.WorkflowMultiBranchProject
      1 CTO/CTO-IA/Apigee-Proxy-Automated-New/apigee-epic_billing_gs_account_services_v2019|apigee-epic_billing_gs_account_services_v2019|class org.jenkinsci.plugins.workflow.multibranch.WorkflowMultiBranchProject
      1 CTO/CTO-IA/Apigee-Proxy-Automated-New/apigee-epic_billing_gs_account_services_v2019r|apigee-epic_billing_gs_account_services_v2019r|class org.jenkinsci.plugins.workflow.multibranch.WorkflowMultiBranchProject
      1 CTO/CTO-IA/Apigee-Proxy-Automated-New/apigee-epic_billing_gs_account_services_v2012|apigee-epic_billing_gs_account_services_v2012|class org.jenkinsci.plugins.workflow.multibranch.WorkflowMultiBranchProject
      1 CTO/CTO-IA/Apigee-Proxy-Automated-New/apigee-epic_billing_gs_account_services_v2012r|apigee-epic_billing_gs_account_services_v2012r|class org.jenkinsci.plugins.workflow.multibranch.WorkflowMultiBranchProject
      1 CTO/CTO-IA/Apigee-Proxy-Automated-New/apigee-epic_billing_gs_account_services_v2012a|apigee-epic_billing_gs_account_services_v2012a|class org.jenkinsci.plugins.workflow.multibranch.WorkflowMultiBranchProject
      1 CTO/CTO-IA/Apigee-Proxy-Automated-New/apigee-epic_billing_gs_account_legacy_v2012|apigee-epic_billing_gs_account_legacy_v2012|class org.jenkinsci.plugins.workflow.multibranch.WorkflowMultiBranchProject
      1 CTO/CTO-IA/Apigee-Proxy-Automated-New/apigee-epic_billing_gs_account_legacy_v2012
      1 CTO/CTO-IA/Apigee-Proxy-Automated-New/apigee-epic_billing_external_v2017|apigee-epic_billing_external_v2017|class org.jenkinsci.plugins.workflow.multibranch.WorkflowMultiBranchProject
      1 CTO/CTO-IA/Apigee-Proxy-Automated-New/apigee-epic_billing_external_v2017r|apigee-epic_billing_external_v2017r|class org.jenkinsci.plugins.workflow.multibranch.WorkflowMultiBranchProject
      1 CTO/CTO-IA/Apigee-Proxy-Automated-New/apigee-epic_access_gs_referral_services_v2014r|apigee-epic_access_gs_referral_services_v2014r|class org.jenkinsci.plugins.workflow.multibranch.WorkflowMultiBranchProject
      1 CTO/CTO-IA/Apigee-Proxy-Automated-New/apigee-epic_access_gs_referral_services_v2012|apigee-epic_access_gs_referral_services_v2012|class org.jenkinsci.plugins.workflow.multibranch.WorkflowMultiBranchProject
      1 CTO/CTO-IA/Apigee-Proxy-Automated-New/apigee-epic_access_gs_referral_services_v2012r|apigee-epic_access_gs_referral_services_v2012r|class org.jenkinsci.plugins.workflow.multibranch.WorkflowMultiBranchProject
      1 CTO/CTO-IA/Apigee-Proxy-Automated-New/apigee-epic_access_gs_referral_services_api_v2014|apigee-epic_access_gs_referral_services_api_v2014|class org.jenkinsci.plugins.workflow.multibranch.WorkflowMultiBranchProject
      1 CTO/CTO-IA/Apigee-Proxy-Automated-New/apigee-epic_access_gs_referral_external_v2012|apigee-epic_access_gs_referral_external_v2012|class org.jenkinsci.plugins.workflow.multibranch.WorkflowMultiBranchProject
      1 CTO/CTO-IA/Apigee-Proxy-Automated-New/apigee-epic_access_gs_patient_services_v2020r|apigee-epic_access_gs_patient_services_v2020r|class org.jenkinsci.plugins.workflow.multibranch.WorkflowMultiBranchProject
      1 CTO/CTO-IA/Apigee-Proxy-Automated-New/apigee-epic_access_gs_patient_services_v2017|apigee-epic_access_gs_patient_services_v2017|class org.jenkinsci.plugins.workflow.multibranch.WorkflowMultiBranchProject
      1 CTO/CTO-IA/Apigee-Proxy-Automated-New/apigee-epic_access_gs_patient_services_v2017r|apigee-epic_access_gs_patient_services_v2017r|class org.jenkinsci.plugins.workflow.multibranch.WorkflowMultiBranchProject
      1 CTO/CTO-IA/Apigee-Proxy-Automated-New/apigee-epic_access_gs_patient_services_v2016|apigee-epic_access_gs_patient_services_v2016|class org.jenkinsci.plugins.workflow.multibranch.WorkflowMultiBranchProject
      1 CTO/CTO-IA/Apigee-Proxy-Automated-New/apigee-epic_access_gs_patient_services_v2016r|apigee-epic_access_gs_patient_services_v2016r|class org.jenkinsci.plugins.workflow.multibranch.WorkflowMultiBranchProject
      1 CTO/CTO-IA/Apigee-Proxy-Automated-New/apigee-epic_access_gs_patient_services_v2014r|apigee-epic_access_gs_patient_services_v2014r|class org.jenkinsci.plugins.workflow.multibranch.WorkflowMultiBranchProject
      1 CTO/CTO-IA/Apigee-Proxy-Automated-New/apigee-epic_access_gs_patient_services_v2014b|apigee-epic_access_gs_patient_services_v2014b|class org.jenkinsci.plugins.workflow.multibranch.WorkflowMultiBranchProject
      1 CTO/CTO-IA/Apigee-Proxy-Automated-New/apigee-epic_access_gs_patient_services_v2014a|apigee-epic_access_gs_patient_services_v2014a|class org.jenkinsci.plugins.workflow.multibranch.WorkflowMultiBranchProject
      1 CTO/CTO-IA/Apigee-Proxy-Automated-New/apigee-epic_access_gs_patient_services_v2012|apigee-epic_access_gs_patient_services_v2012|class org.jenkinsci.plugins.workflow.multibranch.WorkflowMultiBranchProject
      1 CTO/CTO-IA/Apigee-Proxy-Automated-New/apigee-epic_access_gs_patient_services_v2012r|apigee-epic_access_gs_patient_services_v2012r|class org.jenkinsci.plugins.workflow.multibranch.WorkflowMultiBranchProject
      1 CTO/CTO-IA/Apigee-Proxy-Automated-New/apigee-epic_access_gs_patient_service_v2014|apigee-epic_access_gs_patient_service_v2014|class org.jenkinsci.plugins.workflow.multibranch.WorkflowMultiBranchProject
      1 CTO/CTO-IA/Apigee-Proxy-Automated-New/apigee-epharmacy_placer_order_v1c|apigee-epharmacy_placer_order_v1c|class org.jenkinsci.plugins.workflow.multibranch.WorkflowMultiBranchProject
      1 CTO/CTO-IA/Apigee-Proxy-Automated-New/apigee-enterprise_messaging_affm_care_giver_v1r|apigee-enterprise_messaging_affm_care_giver_v1r|class org.jenkinsci.plugins.workflow.multibranch.WorkflowMultiBranchProject
      1 CTO/CTO-IA/Apigee-Proxy-Automated-New/apigee-enterprise_messaging_affm_care_giver_v1r
      1 CTO/CTO-IA/Apigee-Proxy-Automated-New/apigee-ensodata_v1r|apigee-ensodata_v1r|class org.jenkinsci.plugins.workflow.multibranch.WorkflowMultiBranchProject
      1 CTO/CTO-IA/Apigee-Proxy-Automated-New/apigee-emws_inbound|apigee-emws_inbound|class org.jenkinsci.plugins.workflow.multibranch.WorkflowMultiBranchProject
      1 CTO/CTO-IA/Apigee-Proxy-Automated-New/apigee-emws_inbound_web_service|apigee-emws_inbound_web_service|class org.jenkinsci.plugins.workflow.multibranch.WorkflowMultiBranchProject
      1 CTO/CTO-IA/Apigee-Proxy-Automated-New/apigee-emws_inbound_v1|apigee-emws_inbound_v1|class org.jenkinsci.plugins.workflow.multibranch.WorkflowMultiBranchProject
      1 CTO/CTO-IA/Apigee-Proxy-Automated-New/apigee-emws_inbound_v10|apigee-emws_inbound_v10|class org.jenkinsci.plugins.workflow.multibranch.WorkflowMultiBranchProject
      1 CTO/CTO-IA/Apigee-Proxy-Automated-New/apigee-emws_inbound_v1.1|apigee-emws_inbound_v1.1|class org.jenkinsci.plugins.workflow.multibranch.WorkflowMultiBranchProject
      1 CTO/CTO-IA/Apigee-Proxy-Automated-New/apigee-emws_inbound
      1 CTO/CTO-IA/Apigee-Proxy-Automated-New/apigee-empi_xpath_test_v1s|apigee-empi_xpath_test_v1s|class org.jenkinsci.plugins.workflow.multibranch.WorkflowMultiBranchProject
      1 CTO/CTO-IA/Apigee-Proxy-Automated-New/apigee-empi_service_api|apigee-empi_service_api|class org.jenkinsci.plugins.workflow.multibranch.WorkflowMultiBranchProject
      1 CTO/CTO-IA/Apigee-Proxy-Automated-New/apigee-elentra_services_v1|apigee-elentra_services_v1|class org.jenkinsci.plugins.workflow.multibranch.WorkflowMultiBranchProject
      1 CTO/CTO-IA/Apigee-Proxy-Automated-New/apigee-elentra_services_1|apigee-elentra_services_1|class org.jenkinsci.plugins.workflow.multibranch.WorkflowMultiBranchProject
      1 CTO/CTO-IA/Apigee-Proxy-Automated-New/apigee-elentra_services_1
      1 CTO/CTO-IA/Apigee-Proxy-Automated-New/apigee-econsult_ssb_v1r|apigee-econsult_ssb_v1r|class org.jenkinsci.plugins.workflow.multibranch.WorkflowMultiBranchProject
      1 CTO/CTO-IA/Apigee-Proxy-Automated-New/apigee-eci_case_track_single_audit_v1r|apigee-eci_case_track_single_audit_v1r|class org.jenkinsci.plugins.workflow.multibranch.WorkflowMultiBranchProject
      1 CTO/CTO-IA/Apigee-Proxy-Automated-New/apigee-eci_case_track_single_audit_v1r
      1 CTO/CTO-IA/Apigee-Proxy-Automated-New/apigee-eci_case_track_post_audit_labels_v1r|apigee-eci_case_track_post_audit_labels_v1r|class org.jenkinsci.plugins.workflow.multibranch.WorkflowMultiBranchProject
      1 CTO/CTO-IA/Apigee-Proxy-Automated-New/apigee-eci_case_track_post_audit_labels_v1r
      1 CTO/CTO-IA/Apigee-Proxy-Automated-New/apigee-eci_case_track_audits_list_v1r|apigee-eci_case_track_audits_list_v1r|class org.jenkinsci.plugins.workflow.multibranch.WorkflowMultiBranchProject
      1 CTO/CTO-IA/Apigee-Proxy-Automated-New/apigee-eci_case_track_audit_lookup_list_v1r|apigee-eci_case_track_audit_lookup_list_v1r|class org.jenkinsci.plugins.workflow.multibranch.WorkflowMultiBranchProject
      1 CTO/CTO-IA/Apigee-Proxy-Automated-New/apigee-eci_case_track_audit_lookup_list_v1r
      1 CTO/CTO-IA/Apigee-Proxy-Automated-New/apigee-ecc_store_information_v4|apigee-ecc_store_information_v4|class org.jenkinsci.plugins.workflow.multibranch.WorkflowMultiBranchProject
      1 CTO/CTO-IA/Apigee-Proxy-Automated-New/apigee-ecc_store_information_v40|apigee-ecc_store_information_v40|class org.jenkinsci.plugins.workflow.multibranch.WorkflowMultiBranchProject
      1 CTO/CTO-IA/Apigee-Proxy-Automated-New/apigee-ecc_store_information_v40
      1 CTO/CTO-IA/Apigee-Proxy-Automated-New/apigee-ecc_store_information_v4
      1 CTO/CTO-IA/Apigee-Proxy-Automated-New/apigee-ecc_store_information_api_v40|apigee-ecc_store_information_api_v40|class org.jenkinsci.plugins.workflow.multibranch.WorkflowMultiBranchProject
      1 CTO/CTO-IA/Apigee-Proxy-Automated-New/apigee-ebss_plancoverage_bff_v1r|apigee-ebss_plancoverage_bff_v1r|class org.jenkinsci.plugins.workflow.multibranch.WorkflowMultiBranchProject
      1 CTO/CTO-IA/Apigee-Proxy-Automated-New/apigee-dss_wex_autocomplete_r_v10|apigee-dss_wex_autocomplete_r_v10|class org.jenkinsci.plugins.workflow.multibranch.WorkflowMultiBranchProject
      1 CTO/CTO-IA/Apigee-Proxy-Automated-New/apigee-dss_kp_washington_member_consumer_check_r_v10|apigee-dss_kp_washington_member_consumer_check_r_v10|class org.jenkinsci.plugins.workflow.multibranch.WorkflowMultiBranchProject
      1 CTO/CTO-IA/Apigee-Proxy-Automated-New/apigee-dss_kp_washington_member_consumer_check_r_v10
      1 CTO/CTO-IA/Apigee-Proxy-Automated-New/apigee-dss_kaiser_permanente_messaging_workflow_soap|apigee-dss_kaiser_permanente_messaging_workflow_soap|class org.jenkinsci.plugins.workflow.multibranch.WorkflowMultiBranchProject
      1 CTO/CTO-IA/Apigee-Proxy-Automated-New/apigee-dss_fdb_monographs_xmlr_v10|apigee-dss_fdb_monographs_xmlr_v10|class org.jenkinsci.plugins.workflow.multibranch.WorkflowMultiBranchProject
      1 CTO/CTO-IA/Apigee-Proxy-Automated-New/apigee-drm_unity_v1r|apigee-drm_unity_v1r|class org.jenkinsci.plugins.workflow.multibranch.WorkflowMultiBranchProject
      1 CTO/CTO-IA/Apigee-Proxy-Automated-New/apigee-dpt_user_registration_v101|apigee-dpt_user_registration_v101|class org.jenkinsci.plugins.workflow.multibranch.WorkflowMultiBranchProject
      1 CTO/CTO-IA/Apigee-Proxy-Automated-New/apigee-dpt_notification_platform_event_v1|apigee-dpt_notification_platform_event_v1|class org.jenkinsci.plugins.workflow.multibranch.WorkflowMultiBranchProject
      1 CTO/CTO-IA/Apigee-Proxy-Automated-New/apigee-dpt_mnp_callback_v10|apigee-dpt_mnp_callback_v10|class org.jenkinsci.plugins.workflow.multibranch.WorkflowMultiBranchProject
      1 CTO/CTO-IA/Apigee-Proxy-Automated-New/apigee-dpt_medication_order_v402|apigee-dpt_medication_order_v402|class org.jenkinsci.plugins.workflow.multibranch.WorkflowMultiBranchProject
      1 CTO/CTO-IA/Apigee-Proxy-Automated-New/apigee-docusign_oauth_v2r|apigee-docusign_oauth_v2r|class org.jenkinsci.plugins.workflow.multibranch.WorkflowMultiBranchProject
      1 CTO/CTO-IA/Apigee-Proxy-Automated-New/apigee-docusign_esignature_v2.1r|apigee-docusign_esignature_v2.1r|class org.jenkinsci.plugins.workflow.multibranch.WorkflowMultiBranchProject
      1 CTO/CTO-IA/Apigee-Proxy-Automated-New/apigee-dnp_workforce_notifications_v10r|apigee-dnp_workforce_notifications_v10r|class org.jenkinsci.plugins.workflow.multibranch.WorkflowMultiBranchProject
      1 CTO/CTO-IA/Apigee-Proxy-Automated-New/apigee-dnp_notification_v2c|apigee-dnp_notification_v2c|class org.jenkinsci.plugins.workflow.multibranch.WorkflowMultiBranchProject
      1 CTO/CTO-IA/Apigee-Proxy-Automated-New/apigee-dms_doc_gen_v10|apigee-dms_doc_gen_v10|class org.jenkinsci.plugins.workflow.multibranch.WorkflowMultiBranchProject
      1 CTO/CTO-IA/Apigee-Proxy-Automated-New/apigee-dme_integration_tier_v1rc|apigee-dme_integration_tier_v1rc|class org.jenkinsci.plugins.workflow.multibranch.WorkflowMultiBranchProject
      1 CTO/CTO-IA/Apigee-Proxy-Automated-New/apigee-digital-notification-api-internal_1.2.0v1|apigee-digital-notification-api-internal_1.2.0v1|class org.jenkinsci.plugins.workflow.multibranch.WorkflowMultiBranchProject
      1 CTO/CTO-IA/Apigee-Proxy-Automated-New/apigee-dexcare_emr_fileupload_v1r|apigee-dexcare_emr_fileupload_v1r|class org.jenkinsci.plugins.workflow.multibranch.WorkflowMultiBranchProject
      1 CTO/CTO-IA/Apigee-Proxy-Automated-New/apigee-dexcare_emr_fileupload_v1r
      1 CTO/CTO-IA/Apigee-Proxy-Automated-New/apigee-datahub_microservices_bff_v10r|apigee-datahub_microservices_bff_v10r|class org.jenkinsci.plugins.workflow.multibranch.WorkflowMultiBranchProject
      1 CTO/CTO-IA/Apigee-Proxy-Automated-New/apigee-databricks_model_serving_poc_v1r|apigee-databricks_model_serving_poc_v1r|class org.jenkinsci.plugins.workflow.multibranch.WorkflowMultiBranchProject
      1 CTO/CTO-IA/Apigee-Proxy-Automated-New/apigee-da_producer_manifest_v1r|apigee-da_producer_manifest_v1r|class org.jenkinsci.plugins.workflow.multibranch.WorkflowMultiBranchProject
      1 CTO/CTO-IA/Apigee-Proxy-Automated-New/apigee-da_producer_manifest_v1r
      1 CTO/CTO-IA/Apigee-Proxy-Automated-New/apigee-da_abc_v1r|apigee-da_abc_v1r|class org.jenkinsci.plugins.workflow.multibranch.WorkflowMultiBranchProject
      1 CTO/CTO-IA/Apigee-Proxy-Automated-New/apigee-da_abc_v1r
      1 CTO/CTO-IA/Apigee-Proxy-Automated-New/apigee-cost_model_web_v10|apigee-cost_model_web_v10|class org.jenkinsci.plugins.workflow.multibranch.WorkflowMultiBranchProject
      1 CTO/CTO-IA/Apigee-Proxy-Automated-New/apigee-cost_model_v1|apigee-cost_model_v1|class org.jenkinsci.plugins.workflow.multibranch.WorkflowMultiBranchProject
      1 CTO/CTO-IA/Apigee-Proxy-Automated-New/apigee-cost_model_v10|apigee-cost_model_v10|class org.jenkinsci.plugins.workflow.multibranch.WorkflowMultiBranchProject
      1 CTO/CTO-IA/Apigee-Proxy-Automated-New/apigee-cost_model_v10
      1 CTO/CTO-IA/Apigee-Proxy-Automated-New/apigee-contract_production_distribution_v1r|apigee-contract_production_distribution_v1r|class org.jenkinsci.plugins.workflow.multibranch.WorkflowMultiBranchProject
      1 CTO/CTO-IA/Apigee-Proxy-Automated-New/apigee-contract_production_distribution_r|apigee-contract_production_distribution_r|class org.jenkinsci.plugins.workflow.multibranch.WorkflowMultiBranchProject
      1 CTO/CTO-IA/Apigee-Proxy-Automated-New/apigee-contract_production_distribution_r
      1 CTO/CTO-IA/Apigee-Proxy-Automated-New/apigee-contract_production_decision_v1r|apigee-contract_production_decision_v1r|class org.jenkinsci.plugins.workflow.multibranch.WorkflowMultiBranchProject
      1 CTO/CTO-IA/Apigee-Proxy-Automated-New/apigee-contract_production_decision_odmoc_v1r|apigee-contract_production_decision_odmoc_v1r|class org.jenkinsci.plugins.workflow.multibranch.WorkflowMultiBranchProject
      1 CTO/CTO-IA/Apigee-Proxy-Automated-New/apigee-contract_production_data_mapping_v1r|apigee-contract_production_data_mapping_v1r|class org.jenkinsci.plugins.workflow.multibranch.WorkflowMultiBranchProject
      1 CTO/CTO-IA/Apigee-Proxy-Automated-New/apigee-contract_production_data_mapping_r|apigee-contract_production_data_mapping_r|class org.jenkinsci.plugins.workflow.multibranch.WorkflowMultiBranchProject
      1 CTO/CTO-IA/Apigee-Proxy-Automated-New/apigee-contract_production_data_mapping_r
      1 CTO/CTO-IA/Apigee-Proxy-Automated-New/apigee-contract_production_data_extraction_v1r|apigee-contract_production_data_extraction_v1r|class org.jenkinsci.plugins.workflow.multibranch.WorkflowMultiBranchProject
      1 CTO/CTO-IA/Apigee-Proxy-Automated-New/apigee-contract_production_data_extraction_r|apigee-contract_production_data_extraction_r|class org.jenkinsci.plugins.workflow.multibranch.WorkflowMultiBranchProject
      1 CTO/CTO-IA/Apigee-Proxy-Automated-New/apigee-contract_production_data_extraction_r
      1 CTO/CTO-IA/Apigee-Proxy-Automated-New/apigee-contract_production_composition_v1r|apigee-contract_production_composition_v1r|class org.jenkinsci.plugins.workflow.multibranch.WorkflowMultiBranchProject
      1 CTO/CTO-IA/Apigee-Proxy-Automated-New/apigee-contract_production_composition_r|apigee-contract_production_composition_r|class org.jenkinsci.plugins.workflow.multibranch.WorkflowMultiBranchProject
      1 CTO/CTO-IA/Apigee-Proxy-Automated-New/apigee-contract_production_composition_r
      1 CTO/CTO-IA/Apigee-Proxy-Automated-New/apigee-contract_production_bundle_validation_v1r|apigee-contract_production_bundle_validation_v1r|class org.jenkinsci.plugins.workflow.multibranch.WorkflowMultiBranchProject
      1 CTO/CTO-IA/Apigee-Proxy-Automated-New/apigee-contract_production_bundle_validation_r|apigee-contract_production_bundle_validation_r|class org.jenkinsci.plugins.workflow.multibranch.WorkflowMultiBranchProject
      1 CTO/CTO-IA/Apigee-Proxy-Automated-New/apigee-contract_production_bundle_validation_r
      1 CTO/CTO-IA/Apigee-Proxy-Automated-New/apigee-content_api_v1|apigee-content_api_v1|class org.jenkinsci.plugins.workflow.multibranch.WorkflowMultiBranchProject
      1 CTO/CTO-IA/Apigee-Proxy-Automated-New/apigee-consumer_profile_and_preferences_search_api_v10|apigee-consumer_profile_and_preferences_search_api_v10|class org.jenkinsci.plugins.workflow.multibranch.WorkflowMultiBranchProject
      1 CTO/CTO-IA/Apigee-Proxy-Automated-New/apigee-complianceconnect_navex_allegation_v1r|apigee-complianceconnect_navex_allegation_v1r|class org.jenkinsci.plugins.workflow.multibranch.WorkflowMultiBranchProject
      1 CTO/CTO-IA/Apigee-Proxy-Automated-New/apigee-compliance_connect_membership_lookup_v1r|apigee-compliance_connect_membership_lookup_v1r|class org.jenkinsci.plugins.workflow.multibranch.WorkflowMultiBranchProject
      1 CTO/CTO-IA/Apigee-Proxy-Automated-New/apigee-complaint_inquiry_v2|apigee-complaint_inquiry_v2|class org.jenkinsci.plugins.workflow.multibranch.WorkflowMultiBranchProject
      1 CTO/CTO-IA/Apigee-Proxy-Automated-New/apigee-common_provider_master_data_v2r|apigee-common_provider_master_data_v2r|class org.jenkinsci.plugins.workflow.multibranch.WorkflowMultiBranchProject
      1 CTO/CTO-IA/Apigee-Proxy-Automated-New/apigee-common_provider_master_data_v10r|apigee-common_provider_master_data_v10r|class org.jenkinsci.plugins.workflow.multibranch.WorkflowMultiBranchProject
      1 CTO/CTO-IA/Apigee-Proxy-Automated-New/apigee-colorado_iis_v2011|apigee-colorado_iis_v2011|class org.jenkinsci.plugins.workflow.multibranch.WorkflowMultiBranchProject
      1 CTO/CTO-IA/Apigee-Proxy-Automated-New/apigee-colonoscopy_pathology_integration_v1rc|apigee-colonoscopy_pathology_integration_v1rc|class org.jenkinsci.plugins.workflow.multibranch.WorkflowMultiBranchProject
      1 CTO/CTO-IA/Apigee-Proxy-Automated-New/apigee-cms_pecos_v2r|apigee-cms_pecos_v2r|class org.jenkinsci.plugins.workflow.multibranch.WorkflowMultiBranchProject
      1 CTO/CTO-IA/Apigee-Proxy-Automated-New/apigee-cms_pecos_v1r|apigee-cms_pecos_v1r|class org.jenkinsci.plugins.workflow.multibranch.WorkflowMultiBranchProject
      1 CTO/CTO-IA/Apigee-Proxy-Automated-New/apigee-cms_pecos_file_v2r|apigee-cms_pecos_file_v2r|class org.jenkinsci.plugins.workflow.multibranch.WorkflowMultiBranchProject
      1 CTO/CTO-IA/Apigee-Proxy-Automated-New/apigee-cms_pecos_file_v2r
      1 CTO/CTO-IA/Apigee-Proxy-Automated-New/apigee-cm_member_change_publish_v1|apigee-cm_member_change_publish_v1|class org.jenkinsci.plugins.workflow.multibranch.WorkflowMultiBranchProject
      1 CTO/CTO-IA/Apigee-Proxy-Automated-New/apigee-cm_group_inquiry_v1|apigee-cm_group_inquiry_v1|class org.jenkinsci.plugins.workflow.multibranch.WorkflowMultiBranchProject
      1 CTO/CTO-IA/Apigee-Proxy-Automated-New/apigee-cm_group_inquiry_api_v20|apigee-cm_group_inquiry_api_v20|class org.jenkinsci.plugins.workflow.multibranch.WorkflowMultiBranchProject
      1 CTO/CTO-IA/Apigee-Proxy-Automated-New/apigee-cm_group_change_publish_v1|apigee-cm_group_change_publish_v1|class org.jenkinsci.plugins.workflow.multibranch.WorkflowMultiBranchProject
      1 CTO/CTO-IA/Apigee-Proxy-Automated-New/apigee-clinician_connect_realm_v1r|apigee-clinician_connect_realm_v1r|class org.jenkinsci.plugins.workflow.multibranch.WorkflowMultiBranchProject
      1 CTO/CTO-IA/Apigee-Proxy-Automated-New/apigee-clinician_connect_api_v2r|apigee-clinician_connect_api_v2r|class org.jenkinsci.plugins.workflow.multibranch.WorkflowMultiBranchProject
      1 CTO/CTO-IA/Apigee-Proxy-Automated-New/apigee-clinician_connect_api_v1r|apigee-clinician_connect_api_v1r|class org.jenkinsci.plugins.workflow.multibranch.WorkflowMultiBranchProject
      1 CTO/CTO-IA/Apigee-Proxy-Automated-New/apigee-choose_your_doctor_v1|apigee-choose_your_doctor_v1|class org.jenkinsci.plugins.workflow.multibranch.WorkflowMultiBranchProject
      1 CTO/CTO-IA/Apigee-Proxy-Automated-New/apigee-chess_health_enrollment_r_v1r|apigee-chess_health_enrollment_r_v1r|class org.jenkinsci.plugins.workflow.multibranch.WorkflowMultiBranchProject
      1 CTO/CTO-IA/Apigee-Proxy-Automated-New/apigee-chess_health_enrollment_r_v1r
      1 CTO/CTO-IA/Apigee-Proxy-Automated-New/apigee-check_prescription_v1r|apigee-check_prescription_v1r|class org.jenkinsci.plugins.workflow.multibranch.WorkflowMultiBranchProject
      1 CTO/CTO-IA/Apigee-Proxy-Automated-New/apigee-chart_of_accounts_microservice_v1r|apigee-chart_of_accounts_microservice_v1r|class org.jenkinsci.plugins.workflow.multibranch.WorkflowMultiBranchProject
      1 CTO/CTO-IA/Apigee-Proxy-Automated-New/apigee-cdtssp_video_management_v1|apigee-cdtssp_video_management_v1|class org.jenkinsci.plugins.workflow.multibranch.WorkflowMultiBranchProject
      1 CTO/CTO-IA/Apigee-Proxy-Automated-New/apigee-cdtssp_video_management_v10_c|apigee-cdtssp_video_management_v10_c|class org.jenkinsci.plugins.workflow.multibranch.WorkflowMultiBranchProject
      1 CTO/CTO-IA/Apigee-Proxy-Automated-New/apigee-cdtssp_video_management_rest_v1|apigee-cdtssp_video_management_rest_v1|class org.jenkinsci.plugins.workflow.multibranch.WorkflowMultiBranchProject
      1 CTO/CTO-IA/Apigee-Proxy-Automated-New/apigee-cdtssp_video_management_rest_v10_c|apigee-cdtssp_video_management_rest_v10_c|class org.jenkinsci.plugins.workflow.multibranch.WorkflowMultiBranchProject
      1 CTO/CTO-IA/Apigee-Proxy-Automated-New/apigee-cdtssp_kp_ambassador_v1r|apigee-cdtssp_kp_ambassador_v1r|class org.jenkinsci.plugins.workflow.multibranch.WorkflowMultiBranchProject
      1 CTO/CTO-IA/Apigee-Proxy-Automated-New/apigee-cdis_telephone_treatment_v1r|apigee-cdis_telephone_treatment_v1r|class org.jenkinsci.plugins.workflow.multibranch.WorkflowMultiBranchProject
      1 CTO/CTO-IA/Apigee-Proxy-Automated-New/apigee-cdis_snp_v1r|apigee-cdis_snp_v1r|class org.jenkinsci.plugins.workflow.multibranch.WorkflowMultiBranchProject
      1 CTO/CTO-IA/Apigee-Proxy-Automated-New/apigee-cdis_messaging_v1r|apigee-cdis_messaging_v1r|class org.jenkinsci.plugins.workflow.multibranch.WorkflowMultiBranchProject
      1 CTO/CTO-IA/Apigee-Proxy-Automated-New/apigee-cdis_facinfo_v1r|apigee-cdis_facinfo_v1r|class org.jenkinsci.plugins.workflow.multibranch.WorkflowMultiBranchProject
      1 CTO/CTO-IA/Apigee-Proxy-Automated-New/apigee-cdis_cti_v1r|apigee-cdis_cti_v1r|class org.jenkinsci.plugins.workflow.multibranch.WorkflowMultiBranchProject
      1 CTO/CTO-IA/Apigee-Proxy-Automated-New/apigee-cdis_booking_v1r|apigee-cdis_booking_v1r|class org.jenkinsci.plugins.workflow.multibranch.WorkflowMultiBranchProject
      1 CTO/CTO-IA/Apigee-Proxy-Automated-New/apigee-cdis_adminuser_v1r|apigee-cdis_adminuser_v1r|class org.jenkinsci.plugins.workflow.multibranch.WorkflowMultiBranchProject
      1 CTO/CTO-IA/Apigee-Proxy-Automated-New/apigee-cdads_owl_bff_api_v1r|apigee-cdads_owl_bff_api_v1r|class org.jenkinsci.plugins.workflow.multibranch.WorkflowMultiBranchProject
      1 CTO/CTO-IA/Apigee-Proxy-Automated-New/apigee-cdads_owl_bff_api_v10r|apigee-cdads_owl_bff_api_v10r|class org.jenkinsci.plugins.workflow.multibranch.WorkflowMultiBranchProject
      1 CTO/CTO-IA/Apigee-Proxy-Automated-New/apigee-cdads_member_preference_notification_v1r|apigee-cdads_member_preference_notification_v1r|class org.jenkinsci.plugins.workflow.multibranch.WorkflowMultiBranchProject
      1 CTO/CTO-IA/Apigee-Proxy-Automated-New/apigee-cdads_member_preference_notification_v10r|apigee-cdads_member_preference_notification_v10r|class org.jenkinsci.plugins.workflow.multibranch.WorkflowMultiBranchProject
      1 CTO/CTO-IA/Apigee-Proxy-Automated-New/apigee-cdads_cyclecount_v10r|apigee-cdads_cyclecount_v10r|class org.jenkinsci.plugins.workflow.multibranch.WorkflowMultiBranchProject
      1 CTO/CTO-IA/Apigee-Proxy-Automated-New/apigee-cdads_cycle_count_v1r|apigee-cdads_cycle_count_v1r|class org.jenkinsci.plugins.workflow.multibranch.WorkflowMultiBranchProject
      1 CTO/CTO-IA/Apigee-Proxy-Automated-New/apigee-cdads_clinical_library_federated_search_v1r|apigee-cdads_clinical_library_federated_search_v1r|class org.jenkinsci.plugins.workflow.multibranch.WorkflowMultiBranchProject
      1 CTO/CTO-IA/Apigee-Proxy-Automated-New/apigee-cdads_clinical_library_federated_search_v10r|apigee-cdads_clinical_library_federated_search_v10r|class org.jenkinsci.plugins.workflow.multibranch.WorkflowMultiBranchProject
      1 CTO/CTO-IA/Apigee-Proxy-Automated-New/apigee-cd_wsdl_checker1|apigee-cd_wsdl_checker1|class org.jenkinsci.plugins.workflow.multibranch.WorkflowMultiBranchProject
      1 CTO/CTO-IA/Apigee-Proxy-Automated-New/apigee-cc_benefit_v2rc|apigee-cc_benefit_v2rc|class org.jenkinsci.plugins.workflow.multibranch.WorkflowMultiBranchProject
      1 CTO/CTO-IA/Apigee-Proxy-Automated-New/apigee-cc_accumulation_summary_v20|apigee-cc_accumulation_summary_v20|class org.jenkinsci.plugins.workflow.multibranch.WorkflowMultiBranchProject
      1 CTO/CTO-IA/Apigee-Proxy-Automated-New/apigee-cas_testing_apic_apigee_api_v1_5_1|apigee-cas_testing_apic_apigee_api_v1_5_1|class org.jenkinsci.plugins.workflow.multibranch.WorkflowMultiBranchProject
      1 CTO/CTO-IA/Apigee-Proxy-Automated-New/apigee-cas_test_v1|apigee-cas_test_v1|class org.jenkinsci.plugins.workflow.multibranch.WorkflowMultiBranchProject
      1 CTO/CTO-IA/Apigee-Proxy-Automated-New/apigee-cas_test_new_test_v2|apigee-cas_test_new_test_v2|class org.jenkinsci.plugins.workflow.multibranch.WorkflowMultiBranchProject
      1 CTO/CTO-IA/Apigee-Proxy-Automated-New/apigee-cas_test_new_test_v2
      1 CTO/CTO-IA/Apigee-Proxy-Automated-New/apigee-cas_test_new_test_v1|apigee-cas_test_new_test_v1|class org.jenkinsci.plugins.workflow.multibranch.WorkflowMultiBranchProject
      1 CTO/CTO-IA/Apigee-Proxy-Automated-New/apigee-cas_test_new_test_v1_0_7r|apigee-cas_test_new_test_v1_0_7r|class org.jenkinsci.plugins.workflow.multibranch.WorkflowMultiBranchProject
      1 CTO/CTO-IA/Apigee-Proxy-Automated-New/apigee-cas_test_branch_indexing_v1_0_7|apigee-cas_test_branch_indexing_v1_0_7|class org.jenkinsci.plugins.workflow.multibranch.WorkflowMultiBranchProject
      1 CTO/CTO-IA/Apigee-Proxy-Automated-New/apigee-cas_test_branch_indexing_v1_0_7
      1 CTO/CTO-IA/Apigee-Proxy-Automated-New/apigee-cas_test5_branch_indexing_clone_clone_clone_clone_v1_0_9|apigee-cas_test5_branch_indexing_clone_clone_clone_clone_v1_0_9|class org.jenkinsci.plugins.workflow.multibranch.WorkflowMultiBranchProject
      1 CTO/CTO-IA/Apigee-Proxy-Automated-New/apigee-cas_test5_branch_indexing_clone_clone_clone_clone_v1_0_9
      1 CTO/CTO-IA/Apigee-Proxy-Automated-New/apigee-cas_test3_branch_indexing_clone_clone_v1_0_9|apigee-cas_test3_branch_indexing_clone_clone_v1_0_9|class org.jenkinsci.plugins.workflow.multibranch.WorkflowMultiBranchProject
      1 CTO/CTO-IA/Apigee-Proxy-Automated-New/apigee-cas_test3_branch_indexing_clone_clone_v1_0_9
      1 CTO/CTO-IA/Apigee-Proxy-Automated-New/apigee-cas_test2_branch_indexing_clone_v1_0_8|apigee-cas_test2_branch_indexing_clone_v1_0_8|class org.jenkinsci.plugins.workflow.multibranch.WorkflowMultiBranchProject
      1 CTO/CTO-IA/Apigee-Proxy-Automated-New/apigee-cas_test2_branch_indexing_clone_v1_0_8
      1 CTO/CTO-IA/Apigee-Proxy-Automated-New/apigee-cas_soap_test_v1|apigee-cas_soap_test_v1|class org.jenkinsci.plugins.workflow.multibranch.WorkflowMultiBranchProject
      1 CTO/CTO-IA/Apigee-Proxy-Automated-New/apigee-cas_amp_validation_v5r|apigee-cas_amp_validation_v5r|class org.jenkinsci.plugins.workflow.multibranch.WorkflowMultiBranchProject
      1 CTO/CTO-IA/Apigee-Proxy-Automated-New/apigee-cas_amp_validation_v5r
      1 CTO/CTO-IA/Apigee-Proxy-Automated-New/apigee-cas_amp_validation_v2r|apigee-cas_amp_validation_v2r|class org.jenkinsci.plugins.workflow.multibranch.WorkflowMultiBranchProject
      1 CTO/CTO-IA/Apigee-Proxy-Automated-New/apigee-cas_amp_validation_v1s|apigee-cas_amp_validation_v1s|class org.jenkinsci.plugins.workflow.multibranch.WorkflowMultiBranchProject
      1 CTO/CTO-IA/Apigee-Proxy-Automated-New/apigee-cas_amp_validation_v1r|apigee-cas_amp_validation_v1r|class org.jenkinsci.plugins.workflow.multibranch.WorkflowMultiBranchProject
      1 CTO/CTO-IA/Apigee-Proxy-Automated-New/apigee-cas_amp_validation_deployment_v1r|apigee-cas_amp_validation_deployment_v1r|class org.jenkinsci.plugins.workflow.multibranch.WorkflowMultiBranchProject
      1 CTO/CTO-IA/Apigee-Proxy-Automated-New/apigee-cas_amp_validation_custom_v1rh|apigee-cas_amp_validation_custom_v1rh|class org.jenkinsci.plugins.workflow.multibranch.WorkflowMultiBranchProject
      1 CTO/CTO-IA/Apigee-Proxy-Automated-New/apigee-cas_amp_validation_custom_v1rh
      1 CTO/CTO-IA/Apigee-Proxy-Automated-New/apigee-cas_amp_testmv_soap_v1s|apigee-cas_amp_testmv_soap_v1s|class org.jenkinsci.plugins.workflow.multibranch.WorkflowMultiBranchProject
      1 CTO/CTO-IA/Apigee-Proxy-Automated-New/apigee-cas_amp_pt_v2r|apigee-cas_amp_pt_v2r|class org.jenkinsci.plugins.workflow.multibranch.WorkflowMultiBranchProject
      1 CTO/CTO-IA/Apigee-Proxy-Automated-New/apigee-cas_amp_npt_v2r|apigee-cas_amp_npt_v2r|class org.jenkinsci.plugins.workflow.multibranch.WorkflowMultiBranchProject
      1 CTO/CTO-IA/Apigee-Proxy-Automated-New/apigee-carsws_docs|apigee-carsws_docs|class org.jenkinsci.plugins.workflow.multibranch.WorkflowMultiBranchProject
      1 CTO/CTO-IA/Apigee-Proxy-Automated-New/apigee-carsws_docs_service|apigee-carsws_docs_service|class org.jenkinsci.plugins.workflow.multibranch.WorkflowMultiBranchProject
      1 CTO/CTO-IA/Apigee-Proxy-Automated-New/apigee-cars_repository_v30|apigee-cars_repository_v30|class org.jenkinsci.plugins.workflow.multibranch.WorkflowMultiBranchProject
      1 CTO/CTO-IA/Apigee-Proxy-Automated-New/apigee-cars_get_doc_rl_service|apigee-cars_get_doc_rl_service|class org.jenkinsci.plugins.workflow.multibranch.WorkflowMultiBranchProject
      1 CTO/CTO-IA/Apigee-Proxy-Automated-New/apigee-cars_docv10|apigee-cars_docv10|class org.jenkinsci.plugins.workflow.multibranch.WorkflowMultiBranchProject
      1 CTO/CTO-IA/Apigee-Proxy-Automated-New/apigee-cair_iz_portal_v10|apigee-cair_iz_portal_v10|class org.jenkinsci.plugins.workflow.multibranch.WorkflowMultiBranchProject
      1 CTO/CTO-IA/Apigee-Proxy-Automated-New/apigee-cafm_building_information_v1|apigee-cafm_building_information_v1|class org.jenkinsci.plugins.workflow.multibranch.WorkflowMultiBranchProject
      1 CTO/CTO-IA/Apigee-Proxy-Automated-New/apigee-cafm_building_information_v10|apigee-cafm_building_information_v10|class org.jenkinsci.plugins.workflow.multibranch.WorkflowMultiBranchProject
      1 CTO/CTO-IA/Apigee-Proxy-Automated-New/apigee-cafm_building_information_api_v10|apigee-cafm_building_information_api_v10|class org.jenkinsci.plugins.workflow.multibranch.WorkflowMultiBranchProject
      1 CTO/CTO-IA/Apigee-Proxy-Automated-New/apigee-cafm_building_information_api_v10
      1 CTO/CTO-IA/Apigee-Proxy-Automated-New/apigee-c2c_hours_of_operation_v1r|apigee-c2c_hours_of_operation_v1r|class org.jenkinsci.plugins.workflow.multibranch.WorkflowMultiBranchProject
      1 CTO/CTO-IA/Apigee-Proxy-Automated-New/apigee-bsor_broker_net_v30|apigee-bsor_broker_net_v30|class org.jenkinsci.plugins.workflow.multibranch.WorkflowMultiBranchProject
      1 CTO/CTO-IA/Apigee-Proxy-Automated-New/apigee-broker_membership_selfservice_v1r|apigee-broker_membership_selfservice_v1r|class org.jenkinsci.plugins.workflow.multibranch.WorkflowMultiBranchProject
      1 CTO/CTO-IA/Apigee-Proxy-Automated-New/apigee-bpm_task_apir_v10|apigee-bpm_task_apir_v10|class org.jenkinsci.plugins.workflow.multibranch.WorkflowMultiBranchProject
      1 CTO/CTO-IA/Apigee-Proxy-Automated-New/apigee-bpm_start_process_r_v10|apigee-bpm_start_process_r_v10|class org.jenkinsci.plugins.workflow.multibranch.WorkflowMultiBranchProject
      1 CTO/CTO-IA/Apigee-Proxy-Automated-New/apigee-bpm_get_list_of_tasks_r_v10|apigee-bpm_get_list_of_tasks_r_v10|class org.jenkinsci.plugins.workflow.multibranch.WorkflowMultiBranchProject
      1 CTO/CTO-IA/Apigee-Proxy-Automated-New/apigee-bpa_service_v1r|apigee-bpa_service_v1r|class org.jenkinsci.plugins.workflow.multibranch.WorkflowMultiBranchProject
      1 CTO/CTO-IA/Apigee-Proxy-Automated-New/apigee-bpa_service_v10r|apigee-bpa_service_v10r|class org.jenkinsci.plugins.workflow.multibranch.WorkflowMultiBranchProject
      1 CTO/CTO-IA/Apigee-Proxy-Automated-New/apigee-bpa_service_v10r
      1 CTO/CTO-IA/Apigee-Proxy-Automated-New/apigee-bpa_api_v10r|apigee-bpa_api_v10r|class org.jenkinsci.plugins.workflow.multibranch.WorkflowMultiBranchProject
      1 CTO/CTO-IA/Apigee-Proxy-Automated-New/apigee-bigpanda_transfer_agent_v1r|apigee-bigpanda_transfer_agent_v1r|class org.jenkinsci.plugins.workflow.multibranch.WorkflowMultiBranchProject
      1 CTO/CTO-IA/Apigee-Proxy-Automated-New/apigee-bigpanda_alert_ingestion_v1r|apigee-bigpanda_alert_ingestion_v1r|class org.jenkinsci.plugins.workflow.multibranch.WorkflowMultiBranchProject
      1 CTO/CTO-IA/Apigee-Proxy-Automated-New/apigee-bigpanda_alert_ingestion_v1r
      1 CTO/CTO-IA/Apigee-Proxy-Automated-New/apigee-bets_benefit_v50|apigee-bets_benefit_v50|class org.jenkinsci.plugins.workflow.multibranch.WorkflowMultiBranchProject
      1 CTO/CTO-IA/Apigee-Proxy-Automated-New/apigee-benefits_validation_v11|apigee-benefits_validation_v11|class org.jenkinsci.plugins.workflow.multibranch.WorkflowMultiBranchProject
      1 CTO/CTO-IA/Apigee-Proxy-Automated-New/apigee-bcssp_usermanagement_bff_v1r|apigee-bcssp_usermanagement_bff_v1r|class org.jenkinsci.plugins.workflow.multibranch.WorkflowMultiBranchProject
      1 CTO/CTO-IA/Apigee-Proxy-Automated-New/apigee-batch_member_mrn_search_v2v10r|apigee-batch_member_mrn_search_v2v10r|class org.jenkinsci.plugins.workflow.multibranch.WorkflowMultiBranchProject
      1 CTO/CTO-IA/Apigee-Proxy-Automated-New/apigee-automation-testsuite-nonprod|apigee-automation-testsuite-nonprod|class org.jenkinsci.plugins.workflow.multibranch.WorkflowMultiBranchProject
      1 CTO/CTO-IA/Apigee-Proxy-Automated-New/apigee-autocal_insulin_infusion_calculator_v3|apigee-autocal_insulin_infusion_calculator_v3|class org.jenkinsci.plugins.workflow.multibranch.WorkflowMultiBranchProject
      1 CTO/CTO-IA/Apigee-Proxy-Automated-New/apigee-autocal_insulin_infusion_calculator_v2|apigee-autocal_insulin_infusion_calculator_v2|class org.jenkinsci.plugins.workflow.multibranch.WorkflowMultiBranchProject
      1 CTO/CTO-IA/Apigee-Proxy-Automated-New/apigee-autocal_insulin_infusion_calculator_v20|apigee-autocal_insulin_infusion_calculator_v20|class org.jenkinsci.plugins.workflow.multibranch.WorkflowMultiBranchProject
      1 CTO/CTO-IA/Apigee-Proxy-Automated-New/apigee-atlas_update_v20r|apigee-atlas_update_v20r|class org.jenkinsci.plugins.workflow.multibranch.WorkflowMultiBranchProject
      1 CTO/CTO-IA/Apigee-Proxy-Automated-New/apigee-atlas_get_token_v20r|apigee-atlas_get_token_v20r|class org.jenkinsci.plugins.workflow.multibranch.WorkflowMultiBranchProject
      1 CTO/CTO-IA/Apigee-Proxy-Automated-New/apigee-atlas_application_full_report_v2r|apigee-atlas_application_full_report_v2r|class org.jenkinsci.plugins.workflow.multibranch.WorkflowMultiBranchProject
      1 CTO/CTO-IA/Apigee-Proxy-Automated-New/apigee-ars_idw_integration|apigee-ars_idw_integration|class org.jenkinsci.plugins.workflow.multibranch.WorkflowMultiBranchProject
      1 CTO/CTO-IA/Apigee-Proxy-Automated-New/apigee-armis_access_token_pre_prod_v1r|apigee-armis_access_token_pre_prod_v1r|class org.jenkinsci.plugins.workflow.multibranch.WorkflowMultiBranchProject
      1 CTO/CTO-IA/Apigee-Proxy-Automated-New/apigee-armis_access_token_pre_prod_v1r
      1 CTO/CTO-IA/Apigee-Proxy-Automated-New/apigee-appointment_scheduling_service_v6|apigee-appointment_scheduling_service_v6|class org.jenkinsci.plugins.workflow.multibranch.WorkflowMultiBranchProject
      1 CTO/CTO-IA/Apigee-Proxy-Automated-New/apigee-application_mediator_r_v1r|apigee-application_mediator_r_v1r|class org.jenkinsci.plugins.workflow.multibranch.WorkflowMultiBranchProject
      1 CTO/CTO-IA/Apigee-Proxy-Automated-New/apigee-amp_test_wsdl_v1s|apigee-amp_test_wsdl_v1s|class org.jenkinsci.plugins.workflow.multibranch.WorkflowMultiBranchProject
      1 CTO/CTO-IA/Apigee-Proxy-Automated-New/apigee-amp_dev_team_test_v2r|apigee-amp_dev_team_test_v2r|class org.jenkinsci.plugins.workflow.multibranch.WorkflowMultiBranchProject
      1 CTO/CTO-IA/Apigee-Proxy-Automated-New/apigee-amp_dev_team_test_v2r
      1 CTO/CTO-IA/Apigee-Proxy-Automated-New/apigee-amcas_data_exchange_v2|apigee-amcas_data_exchange_v2|class org.jenkinsci.plugins.workflow.multibranch.WorkflowMultiBranchProject
      1 CTO/CTO-IA/Apigee-Proxy-Automated-New/apigee-am_dev_validation_v1r|apigee-am_dev_validation_v1r|class org.jenkinsci.plugins.workflow.multibranch.WorkflowMultiBranchProject
      1 CTO/CTO-IA/Apigee-Proxy-Automated-New/apigee-adobe_sign_api_v6r|apigee-adobe_sign_api_v6r|class org.jenkinsci.plugins.workflow.multibranch.WorkflowMultiBranchProject
      1 CTO/CTO-IA/Apigee-Proxy-Automated-New/apigee-address_validation_v3|apigee-address_validation_v3|class org.jenkinsci.plugins.workflow.multibranch.WorkflowMultiBranchProject
      1 CTO/CTO-IA/Apigee-Proxy-Automated-New/apigee-address_validation_v20|apigee-address_validation_v20|class org.jenkinsci.plugins.workflow.multibranch.WorkflowMultiBranchProject
      1 CTO/CTO-IA/Apigee-Proxy-Automated-New/apigee-address_validation_v1|apigee-address_validation_v1|class org.jenkinsci.plugins.workflow.multibranch.WorkflowMultiBranchProject
      1 CTO/CTO-IA/Apigee-Proxy-Automated-New/apigee-address_validation_v10|apigee-address_validation_v10|class org.jenkinsci.plugins.workflow.multibranch.WorkflowMultiBranchProject
      1 CTO/CTO-IA/Apigee-Proxy-Automated-New/apigee-ada_posthog_v1r|apigee-ada_posthog_v1r|class org.jenkinsci.plugins.workflow.multibranch.WorkflowMultiBranchProject
      1 CTO/CTO-IA/Apigee-Proxy-Automated-New/apigee-ada_health_session_id_v1r|apigee-ada_health_session_id_v1r|class org.jenkinsci.plugins.workflow.multibranch.WorkflowMultiBranchProject
      1 CTO/CTO-IA/Apigee-Proxy-Automated-New/apigee-acr_grid_transactions_v1r|apigee-acr_grid_transactions_v1r|class org.jenkinsci.plugins.workflow.multibranch.WorkflowMultiBranchProject
      1 CTO/CTO-IA/Apigee-Proxy-Automated-New/apigee-acr_connect_v1r|apigee-acr_connect_v1r|class org.jenkinsci.plugins.workflow.multibranch.WorkflowMultiBranchProject
      1 CTO/CTO-IA/Apigee-Proxy-Automated-New/apigee-account_financial_inquiry_v10|apigee-account_financial_inquiry_v10|class org.jenkinsci.plugins.workflow.multibranch.WorkflowMultiBranchProject
      1 CTO/CTO-IA/Apigee-Proxy-Automated-New/apigee-accessnow_generic_v1r|apigee-accessnow_generic_v1r|class org.jenkinsci.plugins.workflow.multibranch.WorkflowMultiBranchProject
      1 CTO/CTO-IA/Apigee-Proxy-Automated-New/apigee-aca_pingid_v1r|apigee-aca_pingid_v1r|class org.jenkinsci.plugins.workflow.multibranch.WorkflowMultiBranchProject
      1 CTO/CTO-IA/Apigee-Proxy-Automated-New/apigee-aca_access_enforcement_v1r|apigee-aca_access_enforcement_v1r|class org.jenkinsci.plugins.workflow.multibranch.WorkflowMultiBranchProject
      1 CTO/CTO-IA/Apigee-Proxy-Automated-New/apigee-aca_access_enforcement_v1r
      1 CTO/CTO-IA/Apigee-Proxy-Automated-New/apigee-MPG_EPIC_Haiku-Canto_OAuth2_v3|apigee-MPG_EPIC_Haiku-Canto_OAuth2_v3|class org.jenkinsci.plugins.workflow.multibranch.WorkflowMultiBranchProject
      1 CTO/CTO-IA/Apigee-Proxy-Automated-New/apigee-MPG_EPIC_Haiku-Canto_Mobile_v3|apigee-MPG_EPIC_Haiku-Canto_Mobile_v3|class org.jenkinsci.plugins.workflow.multibranch.WorkflowMultiBranchProject
      1 CTO/CTO-IA/Apigee-Proxy-Automated-New/apigee-MPG_EPIC_Haiku-Canto_Listener_v3|apigee-MPG_EPIC_Haiku-Canto_Listener_v3|class org.jenkinsci.plugins.workflow.multibranch.WorkflowMultiBranchProject
      1 CTO/CTO-IA/Apigee-Proxy-Automated-New/apigee-KP_sharedflows_api_v1|apigee-KP_sharedflows_api_v1|class org.jenkinsci.plugins.workflow.multibranch.WorkflowMultiBranchProject
      1 CTO/CTO-IA/Apigee-Proxy-Automated-New/apigee-KP_empi_service_api_v10|apigee-KP_empi_service_api_v10|class org.jenkinsci.plugins.workflow.multibranch.WorkflowMultiBranchProject
      1 CTO/CTO-IA/Apigee-Proxy-Automated-New/apigee-KP_RoutingService_v1|apigee-KP_RoutingService_v1|class org.jenkinsci.plugins.workflow.multibranch.WorkflowMultiBranchProject
      1 CTO/CTO-IA/Apigee-Proxy-Automated-New/apigee-KP_LoggingService_v1|apigee-KP_LoggingService_v1|class org.jenkinsci.plugins.workflow.multibranch.WorkflowMultiBranchProject
      1 CTO/CTO-IA/Apigee-Proxy-Automated-New/apigee-KP_LdapService_v1|apigee-KP_LdapService_v1|class org.jenkinsci.plugins.workflow.multibranch.WorkflowMultiBranchProject
      1 CTO/CTO-IA/Apigee-Proxy-Automated-New/apigee-KP_KVM_UpdateService_v1|apigee-KP_KVM_UpdateService_v1|class org.jenkinsci.plugins.workflow.multibranch.WorkflowMultiBranchProject
      1 CTO/CTO-IA/Apigee-Proxy-Automated-New/apigee-KP_KPHC_RoutingService_v1|apigee-KP_KPHC_RoutingService_v1|class org.jenkinsci.plugins.workflow.multibranch.WorkflowMultiBranchProject
      1 CTO/CTO-IA/Apigee-Proxy-Automated-New/apigee-KP_EMPI_RoutingService_v1|apigee-KP_EMPI_RoutingService_v1|class org.jenkinsci.plugins.workflow.multibranch.WorkflowMultiBranchProject
      1 CTO/CTO-IA/Apigee-Proxy-Automated-New/apigee-KP_CoatsService_v1|apigee-KP_CoatsService_v1|class org.jenkinsci.plugins.workflow.multibranch.WorkflowMultiBranchProject
      1 CTO/CTO-IA/Apigee-Proxy-Automated-New/apigee-AMP_KP_TRO_FAM_Oauth_v1|apigee-AMP_KP_TRO_FAM_Oauth_v1|class org.jenkinsci.plugins.workflow.multibranch.WorkflowMultiBranchProject
      1 CTO/CTO-IA/Apigee-Proxy-Automated-New/apigee-AMP_KP_Public-FAM-Consent_v1|apigee-AMP_KP_Public-FAM-Consent_v1|class org.jenkinsci.plugins.workflow.multibranch.WorkflowMultiBranchProject
      1 CTO/CTO-IA/Apigee-Proxy-Automated-New/apigee-AMP_KP_PINGAccess_Service_v1|apigee-AMP_KP_PINGAccess_Service_v1|class org.jenkinsci.plugins.workflow.multibranch.WorkflowMultiBranchProject
      1 CTO/CTO-IA/Apigee-Proxy-Automated-New/apigee-AMP_KP_Consumer_FAM_Service_v1|apigee-AMP_KP_Consumer_FAM_Service_v1|class org.jenkinsci.plugins.workflow.multibranch.WorkflowMultiBranchProject
      1 CTO/CTO-IA/Apigee-Proxy-Automated-New/apigee-AMP_KPMigration_Router_v1|apigee-AMP_KPMigration_Router_v1|class org.jenkinsci.plugins.workflow.multibranch.WorkflowMultiBranchProject
      1 CTO/CTO-IA/Apigee-Proxy-Automated-New/apigee-AMP-Splunk-Proxy|apigee-AMP-Splunk-Proxy|class org.jenkinsci.plugins.workflow.multibranch.WorkflowMultiBranchProject
      1 CTO/CTO-IA/Apigee-Proxy-Automated-New/apigee-AMP-KP-TEST-Threat-Detection-v1|apigee-AMP-KP-TEST-Threat-Detection-v1|class org.jenkinsci.plugins.workflow.multibranch.WorkflowMultiBranchProject
      1 CTO/CTO-IA/Apigee-Proxy-Automated-New/apigee-AMP-KP-TEST-TRO-FAM-OAuth-v1|apigee-AMP-KP-TEST-TRO-FAM-OAuth-v1|class org.jenkinsci.plugins.workflow.multibranch.WorkflowMultiBranchProject
      1 CTO/CTO-IA/Apigee-Proxy-Automated-New/apigee-AMP-KP-TEST-TRO-FAM-OAuth-v1
      1 CTO/CTO-IA/Apigee-Proxy-Automated-New/apigee-AMP-KP-TEST-SoapCustom-Headers-v1|apigee-AMP-KP-TEST-SoapCustom-Headers-v1|class org.jenkinsci.plugins.workflow.multibranch.WorkflowMultiBranchProject
      1 CTO/CTO-IA/Apigee-Proxy-Automated-New/apigee-AMP-KP-TEST-SetReq-X-CorrelationId-v1|apigee-AMP-KP-TEST-SetReq-X-CorrelationId-v1|class org.jenkinsci.plugins.workflow.multibranch.WorkflowMultiBranchProject
      1 CTO/CTO-IA/Apigee-Proxy-Automated-New/apigee-AMP-KP-TEST-NON-KPHC-Endpoint-Lookup-v1|apigee-AMP-KP-TEST-NON-KPHC-Endpoint-Lookup-v1|class org.jenkinsci.plugins.workflow.multibranch.WorkflowMultiBranchProject
      1 CTO/CTO-IA/Apigee-Proxy-Automated-New/apigee-AMP-KP-TEST-LDAP-Authentication-v1|apigee-AMP-KP-TEST-LDAP-Authentication-v1|class org.jenkinsci.plugins.workflow.multibranch.WorkflowMultiBranchProject
      1 CTO/CTO-IA/Apigee-Proxy-Automated-New/apigee-AMP-KP-TEST-KPHC-XPath-Lookup-v1|apigee-AMP-KP-TEST-KPHC-XPath-Lookup-v1|class org.jenkinsci.plugins.workflow.multibranch.WorkflowMultiBranchProject
      1 CTO/CTO-IA/Apigee-Proxy-Automated-New/apigee-AMP-KP-TEST-KPHC-Endpoint-Lookup-v1|apigee-AMP-KP-TEST-KPHC-Endpoint-Lookup-v1|class org.jenkinsci.plugins.workflow.multibranch.WorkflowMultiBranchProject
      1 CTO/CTO-IA/Apigee-Proxy-Automated-New/apigee-AMP-KP-TEST-GWRoutingParams-v1|apigee-AMP-KP-TEST-GWRoutingParams-v1|class org.jenkinsci.plugins.workflow.multibranch.WorkflowMultiBranchProject
      1 CTO/CTO-IA/Apigee-Proxy-Automated-New/apigee-AMP-KP-TEST-DMZ-Connectivity-v1|apigee-AMP-KP-TEST-DMZ-Connectivity-v1|class org.jenkinsci.plugins.workflow.multibranch.WorkflowMultiBranchProject
      1 CTO/CTO-IA/Apigee-Proxy-Automated-New/apigee-AMP-KP-TEST-DMZ-Connectivity-v1
      1 CTO/CTO-IA/Apigee-Proxy-Automated-New/apigee-AMP-KP-TEST-CustomerCoatsPing-v1|apigee-AMP-KP-TEST-CustomerCoatsPing-v1|class org.jenkinsci.plugins.workflow.multibranch.WorkflowMultiBranchProject
      1 CTO/CTO-IA/Apigee-Proxy-Automated-New/apigee-AMP-KP-TEST-CorrelationId-v1|apigee-AMP-KP-TEST-CorrelationId-v1|class org.jenkinsci.plugins.workflow.multibranch.WorkflowMultiBranchProject
      1 CTO/CTO-IA/Apigee-Proxy-Automated-New/apigee-AMP-KP-TEST-ContentType-v1|apigee-AMP-KP-TEST-ContentType-v1|class org.jenkinsci.plugins.workflow.multibranch.WorkflowMultiBranchProject
      1 CTO/CTO-IA/Apigee-Proxy-Automated-New/apigee-AMP-KP-TEST-CleanContent-v1|apigee-AMP-KP-TEST-CleanContent-v1|class org.jenkinsci.plugins.workflow.multibranch.WorkflowMultiBranchProject
      1 CTO/CTO-IA/Apigee-Proxy-Automated-New/apigee-AMP-KP-TEST-Base64Decode-FHIRId-v1|apigee-AMP-KP-TEST-Base64Decode-FHIRId-v1|class org.jenkinsci.plugins.workflow.multibranch.WorkflowMultiBranchProject
      1 CTO/CTO-IA/Apigee-Proxy-Automated-New/apigee-AMP-KP-TEST-AppointmentHome-v1|apigee-AMP-KP-TEST-AppointmentHome-v1|class org.jenkinsci.plugins.workflow.multibranch.WorkflowMultiBranchProject
      1 CTO/CTO-IA/Apigee-Proxy-Automated-New/apigee-AMP-KP-LDAP-Service-v2|apigee-AMP-KP-LDAP-Service-v2|class org.jenkinsci.plugins.workflow.multibranch.WorkflowMultiBranchProject
      1 CTO/CTO-IA/Apigee-Proxy-Automated-New/apigee-AMP-KP-LDAP-Service-v2
      1 CTO/CTO-IA/Apigee-Proxy-Automated-New/apigee-AMP-KP-LDAP-Service-v1|apigee-AMP-KP-LDAP-Service-v1|class org.jenkinsci.plugins.workflow.multibranch.WorkflowMultiBranchProject
      1 CTO/CTO-IA/Apigee-Proxy-Automated-New/apigee-AMP-KP-EndpointKVM-CacheClear-Service-v1|apigee-AMP-KP-EndpointKVM-CacheClear-Service-v1|class org.jenkinsci.plugins.workflow.multibranch.WorkflowMultiBranchProject
      1 CTO/CTO-IA/Apigee-Proxy-Automated-New/apigee-AMP-Encrypted-KVM-Lookup-V1|apigee-AMP-Encrypted-KVM-Lookup-V1|class org.jenkinsci.plugins.workflow.multibranch.WorkflowMultiBranchProject
